Price,Adj Close,Close,High,Low,Open,Volume
Ticker,SPXL,SPXL,SPXL,SPXL,SPXL,SPXL
Date,,,,,,
2008-11-05,3.272099494934082,4.25,4.899167060852051,4.176667213439941,4.811666965484619,229200
2008-11-06,2.771660566329956,3.5999999046325684,4.197500228881836,3.552500009536743,4.150000095367432,4332000
2008-11-07,2.9673454761505127,3.8541669845581055,3.887500047683716,3.6116669178009033,3.7074999809265137,6978000
2008-11-10,2.8518593311309814,3.704166889190674,4.1616668701171875,3.584167003631592,4.150000095367432,5785200
2008-11-11,2.6632328033447266,3.459167003631592,3.6875,3.2916669845581055,3.5416669845581055,11479200
2008-11-12,2.366818904876709,3.074167013168335,3.327500104904175,3.0174999237060547,3.327500104904175,13312800
2008-11-13,2.708784341812134,3.5183329582214355,3.5333330631256104,2.564167022705078,3.0516669750213623,32067600
2008-11-14,2.3616857528686523,3.067500114440918,3.5833330154418945,3.0416669845581055,3.2708330154418945,34303200
2008-11-17,2.1948728561401367,2.850832939147949,3.170833110809326,2.8333330154418945,2.956666946411133,44524800
2008-11-18,2.2147626876831055,2.876667022705078,2.994999885559082,2.5958330631256104,2.836667060852051,61130400
2008-11-19,1.858039140701294,2.413332939147949,2.9708330631256104,2.3666670322418213,2.875,75193200
2008-11-20,1.5372459888458252,1.9966670274734497,2.497499942779541,1.8466670513153076,2.324167013168335,137044800
2008-11-21,1.7111152410507202,2.2225000858306885,2.2699999809265137,1.8058329820632935,2.266666889190674,124576800
2008-11-24,1.9998301267623901,2.5975000858306885,2.797499895095825,2.316667079925537,2.37166690826416,98185200
2008-11-25,2.111466884613037,2.742500066757202,2.8458330631256104,2.5250000953674316,2.834167003631592,80054400
2008-11-26,2.331531047821045,3.0283329486846924,3.0450000762939453,2.5758330821990967,2.5875000953674316,61237200
2008-11-28,2.400822401046753,3.118333101272583,3.125,2.9791669845581055,2.9916670322418213,21645600
2008-12-01,1.7771987915039062,2.308332920074463,2.881666898727417,2.2816669940948486,2.872499942779541,101854800
2008-12-02,1.9651843309402466,2.552500009536743,2.5733330249786377,2.309999942779541,2.423332929611206,109262400
2008-12-03,2.112750768661499,2.7441670894622803,2.7866671085357666,2.3666670322418213,2.3883330821990967,136166400
2008-12-04,1.9440122842788696,2.5250000953674316,2.8258330821990967,2.4033329486846924,2.6458330154418945,109459200
2008-12-05,2.1416208744049072,2.7816669940948486,2.816667079925537,2.2833330631256104,2.4149999618530273,167187600
2008-12-08,2.3802924156188965,3.0916669368743896,3.206666946411133,2.9741671085357666,3.0333330631256104,142784400
2008-12-09,2.2462005615234375,2.9175000190734863,3.204166889190674,2.879167079925537,3.012500047683716,126266400
2008-12-10,2.316774845123291,3.009166955947876,3.1191670894622803,2.8958330154418945,3.0183329582214355,125726400
2008-12-11,2.1454710960388184,2.7866671085357666,3.0975000858306885,2.7216670513153076,2.954166889190674,113610000
2008-12-12,2.2025718688964844,2.860832929611206,2.884999990463257,2.516666889190674,2.543333053588867,142026000
2008-12-15,2.108258008956909,2.738332986831665,2.9166669845581055,2.6308329105377197,2.9033329486846924,91215600
2008-12-16,2.4296936988830566,3.1558330059051514,3.1575000286102295,2.810832977294922,2.819166898727417,121978800
2008-12-17,2.371593713760376,3.075000047683716,3.2291669845581055,2.9841670989990234,3.050832986831665,118600800
2008-12-18,2.240480422973633,2.9049999713897705,3.1408329010009766,2.7966670989990234,3.1191670894622803,94359600
2008-12-19,2.2359819412231445,2.899167060852051,3.0758330821990967,2.858333110809326,2.942500114440918,97183200
2008-12-22,2.13379168510437,2.766666889190674,2.9166669845581055,2.603332996368408,2.9100000858306885,76341600
2008-12-23,2.0663068294525146,2.6791670322418213,2.8358330726623535,2.6483330726623535,2.798332929611206,68952000
2008-12-24,2.0907294750213623,2.7108330726623535,2.7366669178009033,2.6566669940948486,2.7133328914642334,17952000
2008-12-26,2.1344335079193115,2.7674999237060547,2.7783329486846924,2.7049999237060547,2.7725000381469727,19194000
2008-12-29,2.1209371089935303,2.75,2.7874999046325684,2.619999885559082,2.7874999046325684,46562400
2008-12-30,2.2616899013519287,2.932499885559082,2.935832977294922,2.754167079925537,2.795833110809326,57126000
2008-12-31,2.338815212249756,3.0325000286102295,3.12833309173584,2.9266669750213623,2.944166898727417,65361600
2009-01-02,2.567619562149048,3.329166889190674,3.384999990463257,3.0250000953674316,3.0899999141693115,87174000
2009-01-05,2.567619562149048,3.329166889190674,3.428333044052124,3.2241671085357666,3.2916669845581055,111709200
2009-01-06,2.6299617290496826,3.4100000858306885,3.5083329677581787,3.322499990463257,3.4191670417785645,119607600
2009-01-07,2.408870220184326,3.123332977294922,3.2808330059051514,3.045833110809326,3.230833053588867,116395200
2009-01-08,2.433293104171753,3.1549999713897705,3.1549999713897705,3.009166955947876,3.0516669750213623,104341200
2009-01-09,2.273259162902832,2.947499990463257,3.185832977294922,2.924999952316284,3.175832986831665,114417600
2009-01-12,2.1080825328826904,2.733333110809326,2.928333044052124,2.6791670322418213,2.9191670417785645,85770000
2009-01-13,2.116438627243042,2.7441670894622803,2.808332920074463,2.6616671085357666,2.7033329010009766,123522000
2009-01-14,1.9094858169555664,2.475832939147949,2.622499942779541,2.430000066757202,2.6075000762939453,158102400
2009-01-15,1.9345510005950928,2.5083329677581787,2.576667070388794,2.256666898727417,2.4600000381469727,200223600
2009-01-16,1.9731144905090332,2.558332920074463,2.641666889190674,2.384999990463257,2.631666898727417,209690400
2009-01-20,1.6678277254104614,2.1624999046325684,2.505000114440918,2.144166946411133,2.4841670989990234,207566400
2009-01-21,1.8696385622024536,2.4241669178009033,2.434999942779541,2.141666889190674,2.2633330821990967,180774000
2009-01-22,1.7758026123046875,2.302500009536743,2.4216670989990234,2.175832986831665,2.2850000858306885,200959200
2009-01-23,1.8085811138153076,2.3450000286102295,2.4149999618530273,2.125,2.1449999809265137,213451200
2009-01-26,1.8285045623779297,2.370832920074463,2.5366671085357666,2.31583309173584,2.387500047683716,203494800
2009-01-27,1.8979177474975586,2.4608330726623535,2.507499933242798,2.375,2.4200000762939453,165728400
2009-01-28,2.0669493675231934,2.680000066757202,2.752500057220459,2.5941669940948486,2.625833034515381,189104400
2009-01-29,1.886991262435913,2.446666955947876,2.6041669845581055,2.43416690826416,2.579166889190674,157486800
2009-01-30,1.7687329053878784,2.293333053588867,2.509999990463257,2.2441670894622803,2.478332996368408,200570400
2009-02-02,1.755236029624939,2.2758328914642334,2.3183329105377197,2.1666669845581055,2.1875,156507600
2009-02-03,1.8207919597625732,2.360832929611206,2.413332939147949,2.2416670322418213,2.3208329677581787,160300800
2009-02-04,1.7950843572616577,2.327500104904175,2.5,2.3125,2.4083330631256104,184461600
2009-02-05,1.8908472061157227,2.451667070388794,2.500833034515381,2.235832929611206,2.2791669368743896,242638800
2009-02-06,2.045098304748535,2.6516671180725098,2.6875,2.4666669368743896,2.480833053588867,174416400
2009-02-09,2.0585951805114746,2.6691670417785645,2.7300000190734863,2.6016669273376465,2.649167060852051,123003600
2009-02-10,1.771946668624878,2.297499895095825,2.6675000190734863,2.247499942779541,2.5958330631256104,261804000
2009-02-11,1.8027968406677246,2.3375000953674316,2.375,2.240833044052124,2.3333330154418945,170080800
2009-02-12,1.8137227296829224,2.3516669273376465,2.358333110809326,2.1358330249786377,2.225832939147949,226532400
2009-02-13,1.758449912071228,2.2799999713897705,2.394166946411133,2.2708330154418945,2.334167003631592,137535600
2009-02-17,1.5180766582489014,1.9683330059051514,2.0933330059051514,1.9583330154418945,2.0733330249786377,262568400
2009-02-18,1.513577938079834,1.962499976158142,2.0299999713897705,1.9066669940948486,2.0266671180725098,197564400
2009-02-19,1.464089035987854,1.898332953453064,2.047499895095825,1.8858330249786377,2.0233330726623535,187294800
2009-02-20,1.4158861637115479,1.835832953453064,1.9375,1.725000023841858,1.7908329963684082,292909200
2009-02-23,1.2770609855651855,1.6558330059051514,1.9233330488204956,1.6358330249786377,1.9058330059051514,267398400
2009-02-24,1.4146010875701904,1.8341670036315918,1.8574999570846558,1.6575000286102295,1.684999942779541,277934400
2009-02-25,1.370254397392273,1.7766669988632202,1.8941669464111328,1.699167013168335,1.8025000095367432,343731600
2009-02-26,1.3079110383987427,1.6958329677581787,1.8858330249786377,1.6883330345153809,1.8458329439163208,297150000
2009-02-27,1.2237168550491333,1.5866669416427612,1.7000000476837158,1.574167013168335,1.590000033378601,333808800
2009-03-02,1.057897925376892,1.3716670274734497,1.5199999809265137,1.3583329916000366,1.4924999475479126,332221200
2009-03-03,1.0334746837615967,1.340000033378601,1.4299999475479126,1.3058329820632935,1.4299999475479126,329433600
2009-03-04,1.0990312099456787,1.4249999523162842,1.4983329772949219,1.3624999523162842,1.4075000286102295,362257200
2009-03-05,0.9704891443252563,1.2583329677581787,1.3875000476837158,1.224166989326477,1.340000033378601,382197600
2009-03-06,0.9711319208145142,1.259166955947876,1.3483330011367798,1.1666669845581055,1.2925000190734863,396495600
2009-03-09,0.9383541941642761,1.2166670560836792,1.3258329629898071,1.2024999856948853,1.2091670036315918,351142800
2009-03-10,1.1048153638839722,1.4325000047683716,1.4408329725265503,1.2899999618530273,1.2999999523162842,385700400
2009-03-11,1.1247389316558838,1.4583330154418945,1.5333329439163208,1.4199999570846558,1.4924999475479126,447939600
2009-03-12,1.2616357803344727,1.6358330249786377,1.6491669416427612,1.4225000143051147,1.4583330154418945,341392800
2009-03-13,1.2905579805374146,1.6733330488204956,1.6950000524520874,1.5850000381469727,1.6733330488204956,373284000
2009-03-16,1.2744901180267334,1.652500033378601,1.7916669845581055,1.6449999809265137,1.7316670417785645,317324400
2009-03-17,1.3901780843734741,1.8025000095367432,1.8083330392837524,1.622499942779541,1.659999966621399,275514000
2009-03-18,1.4878698587417603,1.9291670322418213,1.9958330392837524,1.7300000190734863,1.777500033378601,387838800
2009-03-19,1.4377384185791016,1.8641669750213623,2.004167079925537,1.8458329439163208,2.002500057220459,294087600
2009-03-20,1.3400466442108154,1.7374999523162842,1.898332953453064,1.7291669845581055,1.8899999856948853,223050000
2009-03-23,1.6331214904785156,2.117500066757202,2.120832920074463,1.8608330488204956,1.8825000524520874,296656800
2009-03-24,1.530790090560913,1.9783329963684082,2.122499942779541,1.976667046546936,2.0250000953674316,272170800
2009-03-25,1.573347568511963,2.0333330631256104,2.1449999809265137,1.8650000095367432,2.0374999046325684,372982800
2009-03-26,1.6816760301589966,2.173332929611206,2.184999942779541,2.0491669178009033,2.109999895095825,333250800
2009-03-27,1.5817302465438843,2.0441670417785645,2.124166965484619,2.0291669368743896,2.0858330726623535,249626400
2009-03-30,1.425685167312622,1.8424999713897705,1.9091670513153076,1.7816669940948486,1.9083329439163208,216735600
2009-03-31,1.4585704803466797,1.8849999904632568,2.000833034515381,1.8624999523162842,1.902500033378601,222627600
2009-04-01,1.546264886856079,1.9983329772949219,2.0291669368743896,1.8041670322418213,1.8208329677581787,260770800
2009-04-02,1.6842560768127441,2.1766669750213623,2.2683329582214355,2.134999990463257,2.170833110809326,334137600
2009-04-03,1.7390648126602173,2.247499942779541,2.25,2.125833034515381,2.178333044052124,205558800
2009-04-06,1.7016655206680298,2.199167013168335,2.211667060852051,2.0999999046325684,2.1766669750213623,206715600
2009-04-07,1.573347568511963,2.0333330631256104,2.122499942779541,2.0299999713897705,2.0858330726623535,215980800
2009-04-08,1.6275115013122559,2.103332996368408,2.1333329677581787,2.0366671085357666,2.0708329677581787,220068000
2009-04-09,1.818377137184143,2.3499999046325684,2.355833053588867,2.247499942779541,2.274167060852051,244622400
2009-04-13,1.8312735557556152,2.3666670322418213,2.4175000190734863,2.2583329677581787,2.2825000286102295,182120400
2009-04-14,1.7351962327957153,2.242500066757202,2.362499952316284,2.2216670513153076,2.2916669845581055,226063200
2009-04-15,1.7893601655960083,2.3125,2.3183329105377197,2.1766669750213623,2.1958329677581787,229102800
2009-04-16,1.8686726093292236,2.4149999618530273,2.4700000286102295,2.2783329486846924,2.3616669178009033,259408800
2009-04-17,1.9112306833267212,2.4700000286102295,2.5108330249786377,2.3858330249786377,2.440000057220459,211032000
2009-04-20,1.665555715560913,2.1524999141693115,2.3424999713897705,2.1458330154418945,2.3308329582214355,214047600
2009-04-21,1.7629221677780151,2.2783329486846924,2.2833330631256104,2.0958330631256104,2.1024999618530273,271872000
2009-04-22,1.7313268184661865,2.237499952316284,2.389167070388794,2.199167013168335,2.209167003631592,284221200
2009-04-23,1.7809784412384033,2.3016669750213623,2.308332920074463,2.1700000762939453,2.264167070388794,259046400
2009-04-24,1.8660941123962402,2.4116671085357666,2.4625000953674316,2.327500104904175,2.3541669845581055,262822800
2009-04-27,1.818377137184143,2.3499999046325684,2.444166898727417,2.314167022705078,2.329166889190674,235772400
2009-04-28,1.8061259984970093,2.334167003631592,2.4066669940948486,2.2583329677581787,2.2750000953674316,191420400
2009-04-29,1.910585880279541,2.4691669940948486,2.553333044052124,2.3833329677581787,2.3958330154418945,213756000
2009-04-30,1.913809061050415,2.4733328819274902,2.620832920074463,2.441667079925537,2.571666955947876,235899600
2009-05-01,1.9518532752990723,2.5225000381469727,2.5491669178009033,2.4241669178009033,2.4866669178009033,139549200
2009-05-04,2.1465871334075928,2.774167060852051,2.7758328914642334,2.564167022705078,2.572499990463257,203774400
2009-05-05,2.1233742237091064,2.7441670894622803,2.7891669273376465,2.686666965484619,2.745832920074463,181232400
2009-05-06,2.223966121673584,2.874166965484619,2.8908329010009766,2.7441670894622803,2.8550000190734863,247142400
2009-05-07,2.133047103881836,2.756666898727417,2.9800000190734863,2.7008330821990967,2.9674999713897705,247902000
2009-05-08,2.284578323364258,2.952500104904175,2.9733328819274902,2.807499885559082,2.8691670894622803,249042000
2009-05-11,2.156259536743164,2.7866671085357666,2.868333101272583,2.759999990463257,2.8258330821990967,160106400
2009-05-12,2.138205051422119,2.7633330821990967,2.8416669368743896,2.6516671180725098,2.8208329677581787,210037200
2009-05-13,1.9737765789031982,2.550832986831665,2.6616671085357666,2.5250000953674316,2.634166955947876,234828000
2009-05-14,2.0118205547332764,2.5999999046325684,2.6624999046325684,2.5233330726623535,2.5450000762939453,199932000
2009-05-15,1.9628159999847412,2.5366671085357666,2.6558330059051514,2.4916670322418213,2.5999999046325684,178242000
2009-05-18,2.134981393814087,2.759166955947876,2.7683329582214355,2.5991671085357666,2.615000009536743,193011600
2009-05-19,2.133047103881836,2.756666898727417,2.8324999809265137,2.7216670513153076,2.750833034515381,162718800
2009-05-20,2.096292018890381,2.709167003631592,2.9141669273376465,2.692500114440918,2.826667070388794,232425600
2009-05-21,1.9989254474639893,2.5833330154418945,2.641666889190674,2.501667022705078,2.6075000762939453,203521200
2009-05-22,1.9834500551223755,2.563333034515381,2.6533329486846924,2.540832996368408,2.6091670989990234,161150400
2009-05-26,2.1485228538513184,2.7766671180725098,2.7891669273376465,2.511667013168335,2.5158329010009766,206808000
2009-05-27,2.0247178077697754,2.6166670322418213,2.810832977294922,2.609999895095825,2.7766671180725098,203434800
2009-05-28,2.1059646606445312,2.7216670513153076,2.759166955947876,2.569166898727417,2.6933329105377197,230176800
2009-05-29,2.213648557662964,2.860832929611206,2.875,2.7083330154418945,2.7708330154418945,156828000
2009-06-01,2.38258957862854,3.079166889190674,3.125,2.956666946411133,2.9800000190734863,167692800
2009-06-02,2.403869152069092,3.1066670417785645,3.1508328914642334,3.0308330059051514,3.0541670322418213,155802000
2009-06-03,2.30521297454834,2.9791669845581055,3.0299999713897705,2.889167070388794,3.0183329582214355,157880400
2009-06-04,2.3593764305114746,3.0491669178009033,3.067500114440918,2.942500114440918,3.007499933242798,175689600
2009-06-05,2.3658246994018555,3.057499885559082,3.1700000762939453,2.9841670989990234,3.1575000286102295,223023600
2009-06-08,2.3419668674468994,3.0266671180725098,3.1050000190734863,2.9108328819274902,2.987499952316284,159536400
2009-06-09,2.378720998764038,3.074167013168335,3.119999885559082,3.011667013168335,3.067500114440918,155650800
2009-06-10,2.3593764305114746,3.0491669178009033,3.1541669368743896,2.933332920074463,3.1508328914642334,175136400
2009-06-11,2.3922626972198486,3.0916669368743896,3.209167003631592,3.0625,3.06583309173584,204170400
2009-06-12,2.4064478874206543,3.109999895095825,3.112499952316284,3.001667022705078,3.047499895095825,126085200
2009-06-15,2.23299241065979,2.8858330249786377,3.002500057220459,2.8458330631256104,3.000833034515381,174684000
2009-06-16,2.1472325325012207,2.7750000953674316,2.933332920074463,2.7658329010009766,2.9216670989990234,182605200
2009-06-17,2.1414289474487305,2.7674999237060547,2.831666946411133,2.694166898727417,2.761667013168335,208708800
2009-06-18,2.176893711090088,2.813333034515381,2.8575000762939453,2.730833053588867,2.7783329486846924,159696000
2009-06-19,2.199462652206421,2.8424999713897705,2.9091670513153076,2.803333044052124,2.894166946411133,144078000
2009-06-22,2.009242296218872,2.5966670513153076,2.765000104904175,2.5916669368743896,2.752500057220459,168792000
2009-06-23,2.012606620788574,2.5916669368743896,2.634166955947876,2.543333053588867,2.6041669845581055,173306400
2009-06-24,2.059847593307495,2.6524999141693115,2.737499952316284,2.612499952316284,2.6516671180725098,191844000
2009-06-25,2.1951005458831787,2.826667070388794,2.836667060852051,2.605833053588867,2.615000009536743,219787200
2009-06-26,2.180215835571289,2.807499885559082,2.8491671085357666,2.762500047683716,2.7950000762939453,133370400
2009-06-29,2.242342472076416,2.887500047683716,2.9008328914642334,2.7916669845581055,2.8416669368743896,113755200
2009-06-30,2.1976888179779053,2.8299999237060547,2.923332929611206,2.7633330821990967,2.887500047683716,179834400
2009-07-01,2.2229275703430176,2.862499952316284,2.941667079925537,2.8499999046325684,2.8641669750213623,120717600
2009-07-02,2.0397872924804688,2.626667022705078,2.749166965484619,2.625,2.748332977294922,146991600
2009-07-06,2.0333151817321777,2.618333101272583,2.626667022705078,2.519166946411133,2.540832996368408,133627200
2009-07-07,1.9129470586776733,2.4633328914642334,2.618333101272583,2.459167003631592,2.6066670417785645,159948000
2009-07-08,1.9129470586776733,2.4633328914642334,2.524167060852051,2.369999885559082,2.505000114440918,206892000
2009-07-09,1.9187709093093872,2.4708330631256104,2.5333330631256104,2.4508330821990967,2.5058329105377197,171753600
2009-07-10,1.9064762592315674,2.4549999237060547,2.500833034515381,2.4041669368743896,2.432499885559082,135909600
2009-07-13,2.041081190109253,2.62833309173584,2.6333329677581787,2.418333053588867,2.483333110809326,146958000
2009-07-14,2.08185076713562,2.680833101272583,2.68416690826416,2.5991671085357666,2.6524999141693115,132357600
2009-07-15,2.2630503177642822,2.9141669273376465,2.932499885559082,2.7758328914642334,2.788332939147949,139839600
2009-07-16,2.3271172046661377,2.99666690826416,3.0333330631256104,2.872499942779541,2.8883330821990967,118136400
2009-07-17,2.3258230686187744,2.994999885559082,3.015000104904175,2.941667079925537,2.9916670322418213,111025200
2009-07-20,2.4008917808532715,3.0916669368743896,3.108333110809326,3.004167079925537,3.05916690826416,138030000
2009-07-21,2.432600975036621,3.132499933242798,3.172499895095825,3.0199999809265137,3.1649999618530273,119028000
2009-07-22,2.437779188156128,3.139167070388794,3.1933329105377197,3.0683329105377197,3.069166898727417,140370000
2009-07-23,2.602799415588379,3.3516669273376465,3.391666889190674,3.1408329010009766,3.149167060852051,175532400
2009-07-24,2.6351559162139893,3.3933329582214355,3.4000000953674316,3.25333309173584,3.295833110809326,111655200
2009-07-27,2.6591007709503174,3.4241669178009033,3.439167022705078,3.322499990463257,3.384999990463257,121465200
2009-07-28,2.643569231033325,3.4041669368743896,3.4291670322418213,3.290832996368408,3.3550000190734863,139650000
2009-07-29,2.5976219177246094,3.3450000286102295,3.377500057220459,3.2833330631256104,3.3283329010009766,126027600
2009-07-30,2.6817495822906494,3.4533329010009766,3.569999933242798,3.4458329677581787,3.4683330059051514,166808400
2009-07-31,2.6895158290863037,3.4633328914642334,3.5333330631256104,3.4216670989990234,3.4574999809265137,151978800
2009-08-03,2.823474168777466,3.6358330249786377,3.6483330726623535,3.5183329582214355,3.575000047683716,131858400
2009-08-04,2.8513007164001465,3.6716670989990234,3.694166898727417,3.5708329677581787,3.5933330059051514,162132000
2009-08-05,2.823474168777466,3.6358330249786377,3.691667079925537,3.550832986831665,3.6816670894622803,166682400
2009-08-06,2.7833521366119385,3.584167003631592,3.7100000381469727,3.5333330631256104,3.6875,142646400
2009-08-07,2.89530611038208,3.728332996368408,3.814167022705078,3.632499933242798,3.688333034515381,153865200
2009-08-10,2.8713626861572266,3.697499990463257,3.7325000762939453,3.627500057220459,3.689167022705078,101360400
2009-08-11,2.7684671878814697,3.565000057220459,3.6666669845581055,3.5374999046325684,3.6558330059051514,127894800
2009-08-12,2.8629493713378906,3.686666965484619,3.764167070388794,3.5466670989990234,3.5491669178009033,125985600
2009-08-13,2.9205451011657715,3.7608330249786377,3.771667003631592,3.625,3.737499952316284,115600800
2009-08-14,2.8474178314208984,3.6666669845581055,3.771667003631592,3.558332920074463,3.765000104904175,104617200
2009-08-17,2.6370975971221924,3.3958330154418945,3.4683330059051514,3.379167079925537,3.449167013168335,97530000
2009-08-18,2.708282709121704,3.487499952316284,3.5158329010009766,3.4033329486846924,3.420833110809326,78616800
2009-08-19,2.779468297958374,3.579166889190674,3.6066670417785645,3.386667013168335,3.3933329582214355,100122000
2009-08-20,2.8597140312194824,3.682499885559082,3.7058329582214355,3.564167022705078,3.5891671180725098,92176800
2009-08-21,3.020205497741699,3.889167070388794,3.9124999046325684,3.75,3.7683329582214355,92438400
2009-08-24,3.0150272846221924,3.882499933242798,4.004167079925537,3.8475000858306885,3.946666955947876,94820400
2009-08-25,3.0337953567504883,3.9066669940948486,4.019166946411133,3.8858330249786377,3.934999942779541,126572400
2009-08-26,3.0376782417297363,3.9116671085357666,3.9633328914642334,3.8350000381469727,3.875833034515381,104142000
2009-08-27,3.060974359512329,3.941667079925537,3.9708330631256104,3.7674999237060547,3.899167060852051,116272800
2009-08-28,3.0545032024383545,3.933332920074463,4.049167156219482,3.8566670417785645,4.0283331871032715,100240800
2009-08-31,2.9729628562927246,3.8283329010009766,3.8416669368743896,3.756666898727417,3.814167022705078,81829200
2009-09-01,2.777527332305908,3.576667070388794,3.9200000762939453,3.5541670322418213,3.7708330154418945,173712000
2009-09-02,2.7451698780059814,3.5350000858306885,3.600832939147949,3.509999990463257,3.5258328914642334,89448000
2009-09-03,2.8163564205169678,3.626667022705078,3.639167070388794,3.512500047683716,3.5983328819274902,75825600
2009-09-04,2.9380180835723877,3.7833330631256104,3.7833330631256104,3.6116669178009033,3.644166946411133,68756400
2009-09-08,3.021498441696167,3.8908329010009766,3.8949999809265137,3.822499990463257,3.889167070388794,70411200
2009-09-09,3.091390609741211,3.980833053588867,4.022500038146973,3.868333101272583,3.9033329486846924,86215200
2009-09-10,3.187167167663574,4.1041669845581055,4.114167213439941,3.924999952316284,3.9891669750213623,78838800
2009-09-11,3.187167167663574,4.1041669845581055,4.175833225250244,4.049167156219482,4.132500171661377,86341200
2009-09-14,3.2447619438171387,4.178332805633545,4.191667079925537,4.004167079925537,4.008333206176758,81573600
2009-09-15,3.29071044921875,4.237500190734863,4.2841668128967285,4.123332977294922,4.198332786560059,108459600
2009-09-16,3.443434238433838,4.43416690826416,4.4375,4.24666690826416,4.289999961853027,79426800
2009-09-17,3.4220802783966064,4.406667232513428,4.575832843780518,4.337500095367432,4.417500019073486,133173600
2009-09-18,3.4291982650756836,4.415832996368408,4.46999979019165,4.37166690826416,4.4608330726623535,81897600
2009-09-21,3.4046080112457275,4.384167194366455,4.4166669845581055,4.18416690826416,4.320833206176758,54210000
2009-09-22,3.46913743019104,4.457499980926514,4.490832805633545,4.3958330154418945,4.4583330154418945,74361600
2009-09-23,3.367314100265503,4.326666831970215,4.565000057220459,4.314167022705078,4.488333225250244,111838800
2009-09-24,3.2531676292419434,4.179999828338623,4.387499809265137,4.126667022705078,4.365832805633545,88407600
2009-09-25,3.207119941711426,4.120832920074463,4.218332767486572,4.072500228881836,4.149167060852051,78145200
2009-09-28,3.371854066848755,4.332499980926514,4.362500190734863,4.15749979019165,4.163332939147949,48109200
2009-09-29,3.3543431758880615,4.309999942779541,4.423333168029785,4.2783331871032715,4.358333110809326,73011600
2009-09-30,3.31088924407959,4.254167079925537,4.360000133514404,4.135832786560059,4.349999904632568,98480400
2009-10-01,3.05924916267395,3.930833101272583,4.230000019073486,3.925832986831665,4.220832824707031,106536000
2009-10-02,3.0203349590301514,3.8808329105377197,3.946666955947876,3.810832977294922,3.819999933242798,89538000
2009-10-05,3.1506950855255127,4.048333168029785,4.081666946411133,3.886667013168335,3.9316670894622803,69171600
2009-10-06,3.2888383865356445,4.225832939147949,4.295833110809326,4.130000114440918,4.139166831970215,76896000
2009-10-07,3.313483476638794,4.257500171661377,4.269166946411133,4.172500133514404,4.195833206176758,79050000
2009-10-08,3.396498918533325,4.364167213439941,4.431666851043701,4.304999828338623,4.369166851043701,78579600
2009-10-09,3.4542205333709717,4.438333034515381,4.44083309173584,4.3333330154418945,4.364167213439941,46399200
2009-10-12,3.5002684593200684,4.497499942779541,4.553332805633545,4.443333148956299,4.511666774749756,42571200
2009-10-13,3.4749748706817627,4.465000152587891,4.489999771118164,4.379167079925537,4.457499980926514,60387600
2009-10-14,3.6513819694519043,4.691667079925537,4.707499980926514,4.5625,4.627500057220459,76630800
2009-10-15,3.685107469558716,4.735000133514404,4.739167213439941,4.616666793823242,4.627500057220459,60434400
2009-10-16,3.6059834957122803,4.633333206176758,4.683332920074463,4.548333168029785,4.624166965484619,73185600
2009-10-19,3.697429895401001,4.750833034515381,4.7941670417785645,4.611667156219482,4.658332824707031,73150800
2009-10-20,3.6345200538635254,4.670000076293945,4.78249979019165,4.5966668128967285,4.78249979019165,91654800
2009-10-21,3.5359387397766113,4.543333053588867,4.808332920074463,4.53249979019165,4.647500038146973,93099600
2009-10-22,3.635817289352417,4.671667098999023,4.716667175292969,4.443333148956299,4.527500152587891,94479600
2009-10-23,3.5080513954162598,4.507500171661377,4.727499961853027,4.4558329582214355,4.722499847412109,127652400
2009-10-26,3.3926074504852295,4.359167098999023,4.668333053588867,4.325832843780518,4.521667003631592,122566800
2009-10-27,3.3413712978363037,4.293333053588867,4.4166669845581055,4.262499809265137,4.375833034515381,122426400
2009-10-28,3.1390202045440674,4.033332824707031,4.296667098999023,4.0233330726623535,4.254167079925537,130334400
2009-10-29,3.33683180809021,4.287499904632568,4.3125,4.099999904632568,4.123332977294922,79713600
2009-10-30,3.054060935974121,3.9241669178009033,4.28249979019165,3.9008328914642334,4.254167079925537,163779600
2009-11-02,3.1169703006744385,4.005000114440918,4.125,3.8550000190734863,3.9791669845581055,164173200
2009-11-03,3.1526412963867188,4.050833225250244,4.066667079925537,3.9083330631256104,3.930833101272583,125739600
2009-11-04,3.1643149852752686,4.06583309173584,4.243332862854004,4.047500133514404,4.150000095367432,130326000
2009-11-05,3.349802255630493,4.304166793823242,4.310832977294922,4.139999866485596,4.162499904632568,78327600
2009-11-06,3.376394033432007,4.3383331298828125,4.374166965484619,4.210000038146973,4.230000019073486,79237200
2009-11-09,3.6079280376434326,4.635832786560059,4.635832786560059,4.435832977294922,4.442500114440918,62114400
2009-11-10,3.6072804927825928,4.635000228881836,4.681666851043701,4.559999942779541,4.605000019073486,82910400
2009-11-11,3.6630566120147705,4.706666946411133,4.799167156219482,4.642499923706055,4.734167098999023,89554800
2009-11-12,3.5521535873413086,4.564167022705078,4.765832901000977,4.5258331298828125,4.681666851043701,97922400
2009-11-13,3.6105237007141113,4.639166831970215,4.695833206176758,4.52666711807251,4.595832824707031,81452400
2009-11-16,3.7739603519439697,4.8491668701171875,4.90500020980835,4.7291669845581055,4.736667156219482,70759200
2009-11-17,3.784336566925049,4.862500190734863,4.867499828338623,4.750833034515381,4.810832977294922,60363600
2009-11-18,3.77136492729187,4.845832824707031,4.873332977294922,4.761666774749756,4.8516669273376465,56280000
2009-11-19,3.6131174564361572,4.642499923706055,4.752500057220459,4.560832977294922,4.741666793823242,98540400
2009-11-20,3.5827102661132812,4.065000057220459,4.095832824707031,4.008333206176758,4.039999961853027,73640400
2009-11-23,3.704632043838501,4.203332901000977,4.300000190734863,4.179999828338623,4.206666946411133,71452800
2009-11-24,3.714914321899414,4.215000152587891,4.235833168029785,4.117499828338623,4.22333288192749,59002800
2009-11-25,3.762655258178711,4.269166946411133,4.284999847412109,4.2058329582214355,4.248332977294922,46106400
2009-11-27,3.5812413692474365,4.063333034515381,4.150000095367432,3.9091670513153076,3.9291670322418213,65482800
2009-11-30,3.614292860031128,4.100832939147949,4.119166851043701,3.994999885559082,4.052499771118164,82401600
2009-12-01,3.743557929992676,4.247499942779541,4.296667098999023,4.192500114440918,4.21999979019165,67971600
2009-12-02,3.7597172260284424,4.265832901000977,4.34833288192749,4.2241668701171875,4.254167079925537,58404000
2009-12-03,3.667908191680908,4.1616668701171875,4.369166851043701,4.1508331298828125,4.300833225250244,80853600
2009-12-04,3.7318074703216553,4.234167098999023,4.389999866485596,4.016666889190674,4.3333330154418945,122559600
2009-12-07,3.7134451866149902,4.2133331298828125,4.2941670417785645,4.179166793823242,4.2291669845581055,49426800
2009-12-08,3.595931053161621,4.079999923706055,4.154167175292969,4.0391669273376465,4.131667137145996,66080400
2009-12-09,3.6333882808685303,4.122499942779541,4.144166946411133,4.014166831970215,4.082499980926514,60139200
2009-12-10,3.6994903087615967,4.197500228881836,4.247499942779541,4.175000190734863,4.199999809265137,47019600
2009-12-11,3.753105878829956,4.258333206176758,4.277500152587891,4.193333148956299,4.248332977294922,53821200
2009-12-14,3.8324286937713623,4.34833288192749,4.360000133514404,4.283332824707031,4.33916711807251,41520000
2009-12-15,3.7846882343292236,4.2941670417785645,4.358333110809326,4.259167194366455,4.303332805633545,38721600
2009-12-16,3.8103930950164795,4.323332786560059,4.389166831970215,4.2941670417785645,4.3516669273376465,43034400
2009-12-17,3.6774563789367676,4.172500133514404,4.256667137145996,4.158332824707031,4.2316670417785645,53840400
2009-12-18,3.734011173248291,4.236667156219482,4.247499942779541,4.133333206176758,4.242499828338623,48298800
2009-12-21,3.8471169471740723,4.364999771118164,4.408332824707031,4.300000190734863,4.305832862854004,35182800
2009-12-22,3.899343967437744,4.417500019073486,4.44083309173584,4.379167079925537,4.399167060852051,31441200
2009-12-23,3.93391752243042,4.456666946411133,4.469167232513428,4.3958330154418945,4.4583330154418945,28054800
2009-12-24,3.99570631980896,4.52666711807251,4.531667232513428,4.480833053588867,4.480833053588867,14533200
2009-12-28,4.008211135864258,4.540832996368408,4.578332901000977,4.494999885559082,4.570833206176758,18194400
2009-12-29,3.9912924766540527,4.521667003631592,4.5808329582214355,4.516666889190674,4.5808329582214355,21056400
2009-12-30,3.9787888526916504,4.507500171661377,4.527500152587891,4.469167232513428,4.47333288192749,17800800
2009-12-31,3.862565040588379,4.375833034515381,4.5391669273376465,4.375833034515381,4.53583288192749,18962400
2010-01-04,4.060436725616455,4.599999904632568,4.607500076293945,4.489999771118164,4.490832805633545,28238400
2010-01-05,4.098687648773193,4.6433329582214355,4.6458330154418945,4.5416669845581055,4.59499979019165,33206400
2010-01-06,4.109722137451172,4.655832767486572,4.685832977294922,4.619166851043701,4.630000114440918,44194800
2010-01-07,4.158270359039307,4.7108330726623535,4.725832939147949,4.586667060852051,4.631667137145996,43773600
2010-01-08,4.2024054527282715,4.760832786560059,4.766666889190674,4.6433329582214355,4.670000076293945,39685200
2010-01-11,4.218589782714844,4.779167175292969,4.834167003631592,4.718332767486572,4.823332786560059,39402000
2010-01-12,4.095011234283447,4.639166831970215,4.706666946411133,4.5833330154418945,4.679999828338623,70981200
2010-01-13,4.200199604034424,4.758333206176758,4.795833110809326,4.6016669273376465,4.675000190734863,58323600
2010-01-14,4.234035491943359,4.796667098999023,4.820000171661377,4.736667156219482,4.744999885559082,39696000
2010-01-15,4.09133243560791,4.635000228881836,4.789999961853027,4.581666946411133,4.7733330726623535,65668800
2010-01-19,4.238450527191162,4.801667213439941,4.808332920074463,4.622499942779541,4.629167079925537,42022800
2010-01-20,4.113399028778076,4.659999847412109,4.710000038146973,4.547500133514404,4.704166889190674,70280400
2010-01-21,3.8912513256073,4.408332824707031,4.7108330726623535,4.389166831970215,4.663332939147949,137617200
2010-01-22,3.6330621242523193,4.115832805633545,4.3958330154418945,4.097499847412109,4.3516669273376465,138201600
2010-01-25,3.6867599487304688,4.176667213439941,4.242499828338623,4.133333206176758,4.225832939147949,71208000
2010-01-26,3.638211488723755,4.12166690826416,4.250833034515381,4.093332767486572,4.123332977294922,68493600
2010-01-27,3.6904382705688477,4.180832862854004,4.201666831970215,4.011666774749756,4.112500190734863,97148400
2010-01-28,3.5595033168792725,4.03249979019165,4.224999904632568,3.9558329582214355,4.224999904632568,97756800
2010-01-29,3.429304838180542,3.884999990463257,4.165832996368408,3.873332977294922,4.0808329582214355,99787200
2010-02-01,3.5918691158294678,4.069167137145996,4.074166774749756,3.9649999141693115,3.9749999046325684,67242000
2010-02-02,3.7294235229492188,4.224999904632568,4.24666690826416,4.052499771118164,4.100832939147949,66903600
2010-02-03,3.6735188961029053,4.1616668701171875,4.227499961853027,4.122499942779541,4.168333053588867,62972400
2010-02-04,3.332206964492798,3.7750000953674316,4.064167022705078,3.7683329582214355,4.057499885559082,109621200
2010-02-05,3.3483896255493164,3.793333053588867,3.816667079925537,3.565000057220459,3.7799999713897705,148866000
2010-02-08,3.2726242542266846,3.7074999809265137,3.8641669750213623,3.7033329010009766,3.793333053588867,94868400
2010-02-09,3.396937847137451,3.8483328819274902,3.944999933242798,3.75,3.8408329486846924,140008800
2010-02-10,3.3756070137023926,3.824167013168335,3.8924999237060547,3.7291669845581055,3.8333330154418945,90757200
2010-02-11,3.488152027130127,3.951667070388794,3.9658329486846924,3.748332977294922,3.8233330249786377,85040400
2010-02-12,3.488887310028076,3.952500104904175,3.952500104904175,3.7825000286102295,3.8308329582214355,89464800
2010-02-16,3.6551296710968018,4.140832901000977,4.154167175292969,4.000833034515381,4.045000076293945,54260400
2010-02-17,3.709562063217163,4.202499866485596,4.220832824707031,4.1483330726623535,4.196667194366455,67672800
2010-02-18,3.7765016555786133,4.2783331871032715,4.302499771118164,4.179166793823242,4.180832862854004,51837600
2010-02-19,3.8059258460998535,4.311666965484619,4.3541669845581055,4.216667175292969,4.244166851043701,51297600
2010-02-22,3.7993040084838867,4.304166793823242,4.360000133514404,4.274167060852051,4.357500076293945,44547600
2010-02-23,3.661749839782715,4.1483330726623535,4.305832862854004,4.112500190734863,4.2708330154418945,72362400
2010-02-24,3.7522268295288086,4.250833034515381,4.2733330726623535,4.149167060852051,4.179999828338623,52680000
2010-02-25,3.747077465057373,4.244999885559082,4.250833034515381,4.0391669273376465,4.074999809265137,78308400
2010-02-26,3.7514917850494385,4.25,4.289999961853027,4.175000190734863,4.257500171661377,48735600
2010-03-01,3.8713912963867188,4.385832786560059,4.4033331871032715,4.305832862854004,4.3125,42188400
2010-03-02,3.910377025604248,4.429999828338623,4.493332862854004,4.4091668128967285,4.447500228881836,44275200
2010-03-03,3.9206769466400146,4.441667079925537,4.525000095367432,4.4141669273376465,4.4716668128967285,53859600
2010-03-04,3.9530415534973145,4.478332996368408,4.49666690826416,4.40749979019165,4.4633331298828125,36088800
2010-03-05,4.120021343231201,4.667500019073486,4.680832862854004,4.531667232513428,4.570833206176758,40521600
2010-03-08,4.125168800354004,4.673333168029785,4.7058329582214355,4.65166711807251,4.678332805633545,27522000
2010-03-09,4.147972106933594,4.699166774749756,4.765832901000977,4.626667022705078,4.627500057220459,43633200
2010-03-10,4.206085205078125,4.764999866485596,4.801667213439941,4.697500228881836,4.711667060852051,48385200
2010-03-11,4.253161907196045,4.818333148956299,4.827499866485596,4.690000057220459,4.739999771118164,38838000
2010-03-12,4.264194011688232,4.8308329582214355,4.894999980926514,4.788332939147949,4.889166831970215,48924000
2010-03-15,4.256103038787842,4.821667194366455,4.840000152587891,4.7216668128967285,4.804166793823242,45910800
2010-03-16,4.370118618011475,4.950832843780518,4.961667060852051,4.832499980926514,4.870832920074463,46935600
2010-03-17,4.451769828796387,5.043333053588867,5.090000152587891,4.989999771118164,4.999166965484619,37910400
2010-03-18,4.426024913787842,5.014166831970215,5.065000057220459,4.972499847412109,5.045833110809326,39668400
2010-03-19,4.3524651527404785,4.930832862854004,5.070833206176758,4.886666774749756,4.930832862854004,44769600
2010-03-22,4.435585975646973,5.025000095367432,5.055832862854004,4.845832824707031,4.853332996368408,43524000
2010-03-23,4.5358052253723145,5.019999980926514,5.029167175292969,4.887499809265137,4.9375,47023200
2010-03-24,4.464273929595947,4.94083309173584,5.008333206176758,4.918333053588867,4.959167003631592,52588800
2010-03-25,4.43641471862793,4.909999847412109,5.09833288192749,4.8958330154418945,5.042500019073486,56316000
2010-03-26,4.440934181213379,4.914999961853027,5.007500171661377,4.841667175292969,4.9375,63303600
2010-03-29,4.516227722167969,4.998332977294922,5.025000095367432,4.954166889190674,4.980833053588867,34329600
2010-03-30,4.527523040771484,5.010832786560059,5.066667079925537,4.947500228881836,5.017499923706055,38167200
2010-03-31,4.481593132019043,4.960000038146973,5.03249979019165,4.9141669273376465,4.951666831970215,41473200
2010-04-01,4.579477310180664,5.068333148956299,5.117499828338623,4.975832939147949,5.055832862854004,49788000
2010-04-05,4.70296049118042,5.204999923706055,5.2108330726623535,5.0858330726623535,5.12833309173584,27745200
2010-04-06,4.739104270935059,5.244999885559082,5.272500038146973,5.142499923706055,5.1616668701171875,35377200
2010-04-07,4.6570329666137695,5.154167175292969,5.247499942779541,5.0833330154418945,5.2158331871032715,63921600
2010-04-08,4.700703144073486,5.202499866485596,5.225832939147949,5.049167156219482,5.097499847412109,44210400
2010-04-09,4.788797855377197,5.300000190734863,5.309999942779541,5.204166889190674,5.237500190734863,35521200
2010-04-12,4.821929454803467,5.336667060852051,5.370832920074463,5.305832862854004,5.324166774749756,32072400
2010-04-13,4.829458236694336,5.34499979019165,5.370832920074463,5.235000133514404,5.320833206176758,31603200
2010-04-14,4.992097854614258,5.525000095367432,5.5283331871032715,5.380833148956299,5.406667232513428,30331200
2010-04-15,5.01092004776001,5.545833110809326,5.577499866485596,5.494166851043701,5.5,29269200
2010-04-16,4.776750564575195,5.2866668701171875,5.515832901000977,5.200832843780518,5.491666793823242,90853200
2010-04-19,4.815906524658203,5.329999923706055,5.34250020980835,5.15500020980835,5.238333225250244,56596800
2010-04-20,4.9476728439331055,5.475832939147949,5.487500190734863,5.377500057220459,5.431666851043701,36062400
2010-04-21,4.934118747711182,5.4608330726623535,5.525000095367432,5.368332862854004,5.486667156219482,44731200
2010-04-22,4.980801582336426,5.512499809265137,5.53583288192749,5.25,5.340000152587891,59278800
2010-04-23,5.080945014953613,5.623332977294922,5.636666774749756,5.4658331871032715,5.508333206176758,49657200
2010-04-26,5.03049898147583,5.567500114440918,5.675000190734863,5.550833225250244,5.639999866485596,42423600
2010-04-27,4.6728434562683105,5.171667098999023,5.5625,5.144999980926514,5.474999904632568,90979200
2010-04-28,4.771480083465576,5.280832767486572,5.323332786560059,5.1458330154418945,5.258333206176758,89214000
2010-04-29,4.951437950134277,5.480000019073486,5.516666889190674,5.375,5.383333206176758,42943200
2010-04-30,4.707480430603027,5.210000038146973,5.504167079925537,5.201666831970215,5.487500190734863,66883200
2010-05-03,4.885179042816162,5.406667232513428,5.445833206176758,5.255000114440918,5.2758331298828125,40921200
2010-05-04,4.5373125076293945,5.021667003631592,5.225832939147949,4.94083309173584,5.220832824707031,67262400
2010-05-05,4.441685676574707,4.915832996368408,5.051667213439941,4.808332920074463,4.880833148956299,65911200
2010-05-06,3.9951834678649902,4.421667098999023,4.942500114440918,3.4666669368743896,4.845832824707031,129265200
2010-05-07,3.7971551418304443,4.202499866485596,4.522500038146973,4.022500038146973,4.375,100494000
2010-05-10,4.308412551879883,4.7683329582214355,4.822500228881836,4.631667137145996,4.737500190734863,79014000
2010-05-11,4.282060623168945,4.739167213439941,4.921667098999023,4.610833168029785,4.638332843780518,72963600
2010-05-12,4.4687933921813965,4.945833206176758,4.9658331871032715,4.775000095367432,4.801667213439941,45466800
2010-05-13,4.312177658081055,4.772500038146973,4.985000133514404,4.752500057220459,4.914999961853027,50678400
2010-05-14,4.071984767913818,4.506667137145996,4.6875,4.379167079925537,4.658332824707031,85371600
2010-05-17,4.079514026641846,4.514999866485596,4.586667060852051,4.25,4.542500019073486,70009200
2010-05-18,3.913865327835083,4.331666946411133,4.6666669845581055,4.280832767486572,4.625833034515381,87229200
2010-05-19,3.837815046310425,4.247499942779541,4.372499942779541,4.0833330154418945,4.255000114440918,104214000
2010-05-20,3.398089647293091,3.7608330249786377,4.0283331871032715,3.75333309173584,3.9841670989990234,162824400
2010-05-21,3.534374713897705,3.9116671085357666,3.9558329582214355,3.559999942779541,3.586667060852051,135914400
2010-05-24,3.410889148712158,3.7750000953674316,3.9574999809265137,3.7658329010009766,3.869999885559082,76162800
2010-05-25,3.4169137477874756,3.7816669940948486,3.7891669273376465,3.422499895095825,3.5,80966400
2010-05-26,3.367218017578125,3.7266669273376465,3.9700000286102295,3.692500114440918,3.865000009536743,85789200
2010-05-27,3.704542398452759,4.099999904632568,4.113333225250244,3.8983330726623535,3.942500114440918,58806000
2010-05-28,3.5825634002685547,3.9649999141693115,4.09499979019165,3.8933329582214355,4.0883331298828125,73153200
2010-06-01,3.3777589797973633,3.738332986831665,4.013332843780518,3.7274999618530273,3.8391671180725098,72601200
2010-06-02,3.6428000926971436,4.031667232513428,4.034999847412109,3.75,3.803333044052124,53204400
2010-06-03,3.6917426586151123,4.0858330726623535,4.119999885559082,3.9641671180725098,4.082499980926514,49161600
2010-06-04,3.3152647018432617,3.6691670417785645,3.9375,3.6166670322418213,3.8541669845581055,79070400
2010-06-07,3.1706972122192383,3.509166955947876,3.735832929611206,3.501667022705078,3.694999933242798,57530400
2010-06-08,3.260298490524292,3.608333110809326,3.627500057220459,3.4166669845581055,3.5183329582214355,94893600
2010-06-09,3.213615894317627,3.5566670894622803,3.788332939147949,3.5183329582214355,3.675832986831665,72370800
2010-06-10,3.5019967555999756,3.875833034515381,3.8833329677581787,3.7249999046325684,3.7416670322418213,56421600
2010-06-11,3.5509397983551025,3.930000066757202,3.9433329105377197,3.759166955947876,3.7708330154418945,41620800
2010-06-14,3.543410301208496,3.9216670989990234,4.09833288192749,3.9116671085357666,4.03249979019165,47994000
2010-06-15,3.782097101211548,4.185832977294922,4.202499866485596,3.9866669178009033,4.005833148956299,42567600
2010-06-16,3.7760729789733887,4.179166793823242,4.235833168029785,4.097499847412109,4.12833309173584,50440800
2010-06-17,3.7866151332855225,4.19083309173584,4.224999904632568,4.072500228881836,4.22333288192749,63685200
2010-06-18,3.7971551418304443,4.202499866485596,4.247499942779541,4.162499904632568,4.2133331298828125,36188400
2010-06-21,3.7527315616607666,4.1533331871032715,4.369999885559082,4.091667175292969,4.359167098999023,56272800
2010-06-22,3.5678207874298096,3.944166898727417,4.212500095367432,3.928333044052124,4.155832767486572,62646000
2010-06-23,3.5323898792266846,3.9049999713897705,3.995832920074463,3.8233330249786377,3.954166889190674,60920400
2010-06-24,3.355243682861328,3.709167003631592,3.8666670322418213,3.68416690826416,3.8541669845581055,64449600
2010-06-25,3.4012269973754883,3.759999990463257,3.814167022705078,3.644166946411133,3.7366669178009033,73022400
2010-06-28,3.359767198562622,3.7141671180725098,3.8041670322418213,3.6791670322418213,3.774167060852051,38508000
2010-06-29,3.046931743621826,3.368333101272583,3.5683329105377197,3.3016669750213623,3.565000057220459,91196400
2010-06-30,2.9474270343780518,3.2583329677581787,3.44083309173584,3.243333101272583,3.3424999713897705,69840000
2010-07-01,2.921044111251831,3.2291669845581055,3.2991669178009033,3.069166898727417,3.269166946411133,100200000
2010-07-02,2.873553991317749,3.1766669750213623,3.2899999618530273,3.119999885559082,3.259166955947876,71796000
2010-07-06,2.9157674312591553,3.2233328819274902,3.37833309173584,3.1358330249786377,3.309999942779541,65976000
2010-07-07,3.196187973022461,3.5333330631256104,3.543333053588867,3.240000009536743,3.24666690826416,54277200
2010-07-08,3.287400007247925,3.634166955947876,3.6666669845581055,3.5174999237060547,3.625,55112400
2010-07-09,3.3657963275909424,3.7208330631256104,3.7249999046325684,3.6166670322418213,3.636667013168335,47355600
2010-07-12,3.368058204650879,3.7233328819274902,3.759166955947876,3.636667013168335,3.689167022705078,40822800
2010-07-13,3.5293760299682617,3.9016671180725098,3.946666955947876,3.8233330249786377,3.8416669368743896,53217600
2010-07-14,3.524852991104126,3.896667003631592,3.944999933242798,3.8183329105377197,3.8691670894622803,37082400
2010-07-15,3.5323898792266846,3.9049999713897705,3.938333034515381,3.738332986831665,3.894166946411133,60340800
2010-07-16,3.2338788509368896,3.575000047683716,3.8458330631256104,3.5541670322418213,3.8383328914642334,60516000
2010-07-19,3.2941842079162598,3.641666889190674,3.670833110809326,3.5266671180725098,3.615000009536743,38925600
2010-07-20,3.4072563648223877,3.766666889190674,3.7766671180725098,3.483333110809326,3.4916670322418213,49574400
2010-07-21,3.2730772495269775,3.618333101272583,3.8308329582214355,3.574167013168335,3.826667070388794,62870400
2010-07-22,3.4916832447052,3.859999895095825,3.9058330059051514,3.747499942779541,3.749166965484619,40190400
2010-07-23,3.591188430786133,3.9700000286102295,3.9816670417785645,3.8041670322418213,3.8350000381469727,42493200
2010-07-26,3.709537982940674,4.100832939147949,4.110833168029785,3.9549999237060547,3.987499952316284,37852800
2010-07-27,3.6944620609283447,4.084167003631592,4.179166793823242,4.039999961853027,4.1666669845581055,39218400
2010-07-28,3.62058687210083,4.002500057220459,4.097499847412109,3.959167003631592,4.059999942779541,37102800
2010-07-29,3.565558910369873,3.941667079925537,4.1041669845581055,3.8424999713897705,4.078332901000977,51758400
2010-07-30,3.573096513748169,3.950000047683716,4.004167079925537,3.797499895095825,3.817500114440918,37359600
2010-08-02,3.8015027046203613,4.202499866485596,4.244166851043701,4.0833330154418945,4.134167194366455,36231600
2010-08-03,3.747981309890747,4.1433329582214355,4.209167003631592,4.1016669273376465,4.175833225250244,31233600
2010-08-04,3.828641176223755,4.232500076293945,4.248332977294922,4.141666889190674,4.179999828338623,31260000
2010-08-05,3.818086862564087,4.220832824707031,4.225832939147949,4.134167194366455,4.15500020980835,25328400
2010-08-06,3.770596504211426,4.168333053588867,4.194167137145996,4.008333206176758,4.093332767486572,38065200
2010-08-09,3.834672451019287,4.239167213439941,4.259167194366455,4.163332939147949,4.234167098999023,20134800
2010-08-10,3.7592899799346924,4.155832767486572,4.227499961853027,4.052499771118164,4.132500171661377,42063600
2010-08-11,3.4464547634124756,3.809999942779541,3.9633328914642334,3.7941670417785645,3.9633328914642334,47680800
2010-08-12,3.388411045074463,3.745832920074463,3.7841670513153076,3.6333329677581787,3.6383330821990967,37207200
2010-08-13,3.350719928741455,3.704166889190674,3.7766671180725098,3.6983330249786377,3.7049999237060547,34147200
2010-08-16,3.3522281646728516,3.7058329582214355,3.742500066757202,3.5958330631256104,3.6333329677581787,35426400
2010-08-17,3.4788684844970703,3.8458330631256104,3.928333044052124,3.7725000381469727,3.8041670322418213,44095200
2010-08-18,3.5037448406219482,3.873332977294922,3.93416690826416,3.7766671180725098,3.8433330059051514,41824800
2010-08-19,3.323582887649536,3.6741669178009033,3.8433330059051514,3.627500057220459,3.811666965484619,55251600
2010-08-20,3.2919230461120605,3.639167070388794,3.6558330059051514,3.5566670894622803,3.6383330821990967,42684000
2010-08-23,3.2512168884277344,3.5941669940948486,3.745832920074463,3.5891671180725098,3.691667079925537,46245600
2010-08-24,3.1079912185668945,3.435832977294922,3.5183329582214355,3.372499942779541,3.4700000286102295,53014800
2010-08-25,3.1404054164886475,3.4716670513153076,3.5108330249786377,3.3041670322418213,3.370832920074463,51841200
2010-08-26,3.079345941543579,3.4041669368743896,3.538332939147949,3.370832920074463,3.5250000953674316,48879600
2010-08-27,3.2248330116271973,3.565000057220459,3.576667070388794,3.314167022705078,3.4649999141693115,61564800
2010-08-30,3.085376262664795,3.4108328819274902,3.5733330249786377,3.4100000858306885,3.5366671085357666,47550000
2010-08-31,3.1004536151885986,3.427500009536743,3.4749999046325684,3.329166889190674,3.3691670894622803,49580400
2010-09-01,3.359767198562622,3.7141671180725098,3.728332996368408,3.543333053588867,3.550832986831665,45638400
2010-09-02,3.457763195037842,3.822499990463257,3.826667070388794,3.7183330059051514,3.738332986831665,31700400
2010-09-03,3.59269642829895,3.9716670513153076,3.9891669750213623,3.87833309173584,3.94083309173584,37790400
2010-09-07,3.475100517272949,3.8416669368743896,3.932499885559082,3.8283329010009766,3.9141669273376465,33942000
2010-09-08,3.5414369106292725,3.9149999618530273,3.9625000953674316,3.8550000190734863,3.8591670989990234,32110800
2010-09-09,3.587419271469116,3.9658329486846924,4.054166793823242,3.934999942779541,4.048333168029785,25590000
2010-09-10,3.6424484252929688,4.02666711807251,4.039999961853027,3.9641671180725098,3.987499952316284,25532400
2010-09-13,3.7683351039886475,4.165832996368408,4.186666965484619,4.1041669845581055,4.1433329582214355,37706400
2010-09-14,3.763058662414551,4.159999847412109,4.230000019073486,4.094167232513428,4.139999866485596,37848000
2010-09-15,3.8052730560302734,4.206666946411133,4.2216668128967285,4.0858330726623535,4.123332977294922,28318800
2010-09-16,3.802257776260376,4.203332901000977,4.211667060852051,4.131667137145996,4.164999961853027,27724800
2010-09-17,3.8067800998687744,4.2083330154418945,4.277500152587891,4.172500133514404,4.267499923706055,29958000
2010-09-20,3.9816668033599854,4.40166711807251,4.429166793823242,4.2241668701171875,4.255000114440918,24872400
2010-09-21,3.9582982063293457,4.375833034515381,4.472499847412109,4.324166774749756,4.418333053588867,50521200
2010-09-22,3.8965165615081787,4.299167156219482,4.4166669845581055,4.261666774749756,4.345832824707031,29373600
2010-09-23,3.8028597831726074,4.195833206176758,4.329999923706055,4.162499904632568,4.186666965484619,34352400
2010-09-24,4.0302019119262695,4.446667194366455,4.4633331298828125,4.326666831970215,4.336667060852051,25610400
2010-09-27,3.987905740737915,4.400000095367432,4.477499961853027,4.385832786560059,4.465000152587891,22155600
2010-09-28,4.037754058837891,4.454999923706055,4.486667156219482,4.272500038146973,4.4191670417785645,49814400
2010-09-29,4.010563850402832,4.425000190734863,4.4791669845581055,4.375833034515381,4.415832996368408,36463200
2010-09-30,3.9841291904449463,4.3958330154418945,4.5808329582214355,4.331666946411133,4.501667022705078,49293600
2010-10-01,4.029446601867676,4.445833206176758,4.505833148956299,4.369999885559082,4.487500190734863,38605200
2010-10-04,3.9388105869293213,4.345832824707031,4.472499847412109,4.279167175292969,4.429166793823242,28527600
2010-10-05,4.173705577850342,4.605000019073486,4.635832786560059,4.447500228881836,4.466667175292969,31062000
2010-10-06,4.165396213531494,4.595832824707031,4.636666774749756,4.540832996368408,4.6041669845581055,23876400
2010-10-07,4.151801109313965,4.5808329582214355,4.6591668128967285,4.497499942779541,4.656667232513428,26488800
2010-10-08,4.225064754486084,4.6616668701171875,4.699999809265137,4.549167156219482,4.594167232513428,27525600
2010-10-11,4.24168062210083,4.679999828338623,4.715000152587891,4.634167194366455,4.685832977294922,16532400
2010-10-12,4.2839765548706055,4.7266669273376465,4.762499809265137,4.553332805633545,4.634167194366455,29330400
2010-10-13,4.376121520996094,4.828332901000977,4.90749979019165,4.769999980926514,4.808332920074463,19452000
2010-10-14,4.335335731506348,4.783332824707031,4.844167232513428,4.688333034515381,4.821667194366455,29485200
2010-10-15,4.354218482971191,4.804166793823242,4.882500171661377,4.695000171661377,4.876667022705078,27841200
2010-10-18,4.381408214569092,4.834167003631592,4.9116668701171875,4.781667232513428,4.80916690826416,15804000
2010-10-19,4.233372688293457,4.670833110809326,4.8125,4.5858330726623535,4.730833053588867,37636800
2010-10-20,4.358750343322754,4.80916690826416,4.876667022705078,4.6875,4.704999923706055,25963200
2010-10-21,4.387451171875,4.8408331871032715,4.957499980926514,4.7266669273376465,4.876667022705078,37836000
2010-10-22,4.419172763824463,4.875833034515381,4.890832901000977,4.825832843780518,4.859167098999023,15234000
2010-10-25,4.462979316711426,4.924167156219482,5.049167156219482,4.912499904632568,4.9658331871032715,22051200
2010-10-26,4.4614691734313965,4.922500133514404,4.945000171661377,4.815000057220459,4.8491668701171875,16182000
2010-10-27,4.432013988494873,4.889999866485596,4.9033331871032715,4.752500057220459,4.818333148956299,23532000
2010-10-28,4.436544418334961,4.894999980926514,4.9816670417785645,4.823332786560059,4.97333288192749,20245200
2010-10-29,4.453160762786865,4.913332939147949,4.93416690826416,4.857500076293945,4.872499942779541,17666400
2010-11-01,4.453160762786865,4.913332939147949,5.065000057220459,4.8308329582214355,4.980833053588867,21316800
2010-11-02,4.558900356292725,5.03000020980835,5.065000057220459,4.9791669845581055,5.0233330726623535,15842400
2010-11-03,4.617058277130127,5.094167232513428,5.097499847412109,4.902500152587891,5.05916690826416,25878000
2010-11-04,4.864790439605713,5.367499828338623,5.385832786560059,5.239999771118164,5.244999885559082,22269600
2010-11-05,4.933521270751953,5.443333148956299,5.468332767486572,5.370832920074463,5.392499923706055,23643600
2010-11-08,4.911619186401367,5.4191670417785645,5.436666965484619,5.33916711807251,5.3933329582214355,12212400
2010-11-09,4.796814441680908,5.292500019073486,5.480000019073486,5.2316670417785645,5.462500095367432,22017600
2010-11-10,4.861012935638428,5.363333225250244,5.369999885559082,5.175000190734863,5.2841668128967285,14200800
2010-11-11,4.821739673614502,5.320000171661377,5.3383331298828125,5.18416690826416,5.2291669845581055,15766800
2010-11-12,4.634428977966309,5.113333225250244,5.274167060852051,5.046667098999023,5.210000038146973,22506000
2010-11-15,4.616301536560059,5.093332767486572,5.2291669845581055,5.093332767486572,5.162499904632568,20818800
2010-11-16,4.399536609649658,4.8541669845581055,5.0283331871032715,4.7841668128967285,5.004167079925537,36133200
2010-11-17,4.418416976928711,4.875,4.931666851043701,4.824999809265137,4.869999885559082,19288800
2010-11-18,4.613280773162842,5.090000152587891,5.138332843780518,5.013332843780518,5.013332843780518,24543600
2010-11-19,4.652554512023926,5.133333206176758,5.139999866485596,5.0,5.079166889190674,13808400
2010-11-22,4.652554512023926,5.133333206176758,5.137499809265137,4.954999923706055,5.066667079925537,21766800
2010-11-23,4.447873592376709,4.90749979019165,4.982500076293945,4.855833053588867,4.957499980926514,29283600
2010-11-24,4.657843112945557,5.139166831970215,5.142499923706055,5.00333309173584,5.006667137145996,14347200
2010-11-26,4.512828826904297,4.9791669845581055,5.091667175292969,4.9791669845581055,5.014166831970215,6696000
2010-11-29,4.537752151489258,5.006667137145996,5.0441670417785645,4.829166889190674,4.929999828338623,23293200
2010-11-30,4.452404022216797,4.912499904632568,5.002500057220459,4.8358330726623535,4.860833168029785,19250400
2010-12-01,4.734881401062012,5.2241668701171875,5.255833148956299,5.122499942779541,5.122499942779541,22958400
2010-12-02,4.919925689697266,5.428332805633545,5.4375,5.244999885559082,5.24666690826416,21811200
2010-12-03,4.965244293212891,5.478332996368408,5.497499942779541,5.364999771118164,5.375,15642000
2010-12-06,4.951648235321045,5.4633331298828125,5.5,5.426667213439941,5.451666831970215,10306800
2010-12-07,4.958446502685547,5.470832824707031,5.634167194366455,5.461667060852051,5.627500057220459,17996400
2010-12-08,4.999231815338135,5.515832901000977,5.545000076293945,5.4116668701171875,5.491666793823242,14798400
2010-12-09,5.0536112785339355,5.575832843780518,5.615832805633545,5.5,5.605833053588867,9627600
2010-12-10,5.143491268157959,5.675000190734863,5.691667079925537,5.573332786560059,5.625,9651600
2010-12-13,5.149534225463867,5.681666851043701,5.766666889190674,5.675833225250244,5.759167194366455,9380400
2010-12-14,5.16237211227417,5.695833206176758,5.7708330154418945,5.650000095367432,5.700832843780518,10982400
2010-12-15,5.0921311378479,5.618332862854004,5.740832805633545,5.593332767486572,5.6666669845581055,14084400
2010-12-16,5.178988933563232,5.71416711807251,5.728332996368408,5.565000057220459,5.626667022705078,14613600
2010-12-17,5.212977886199951,5.751667022705078,5.7683329582214355,5.681666851043701,5.71416711807251,8481600
2010-12-20,5.24016809463501,5.781667232513428,5.826666831970215,5.703332901000977,5.790832996368408,9219600
2010-12-21,5.345152378082275,5.897500038146973,5.909999847412109,5.823332786560059,5.8333330154418945,10626000
2010-12-22,5.392734527587891,5.949999809265137,5.961667060852051,5.902500152587891,5.9141669273376465,8198400
2010-12-23,5.370077610015869,5.925000190734863,5.954166889190674,5.885832786560059,5.931666851043701,8319600
2010-12-27,5.374608516693115,5.929999828338623,5.945000171661377,5.8466668128967285,5.863333225250244,5630400
2010-12-28,5.388205051422119,5.945000171661377,5.97333288192749,5.905832767486572,5.9716668128967285,5232000
2010-12-29,5.413127422332764,5.972499847412109,6.008333206176758,5.9633331298828125,5.977499961853027,5784000
2010-12-30,5.393489360809326,5.950832843780518,5.99666690826416,5.925000190734863,5.9608330726623535,7772400
2010-12-31,5.400287628173828,5.9583330154418945,5.966667175292969,5.8933329582214355,5.923333168029785,5966400
2011-01-03,5.553610324859619,6.127500057220459,6.206666946411133,6.074999809265137,6.082499980926514,15336000
2011-01-04,5.526419162750244,6.097499847412109,6.179166793823242,5.986667156219482,6.176667213439941,13239600
2011-01-05,5.6117682456970215,6.191667079925537,6.2083330154418945,6.030832767486572,6.050000190734863,14179200
2011-01-06,5.583066940307617,6.159999847412109,6.2291669845581055,6.112500190734863,6.2083330154418945,11323200
2011-01-07,5.555877685546875,6.130000114440918,6.2241668701171875,5.985000133514404,6.191667079925537,16960800
2011-01-10,5.542282581329346,6.114999771118164,6.1458330154418945,5.991666793823242,6.043333053588867,9441600
2011-01-11,5.604213714599609,6.183332920074463,6.2266669273376465,6.114999771118164,6.1875,12766800
2011-01-12,5.759802341461182,6.355000019073486,6.364167213439941,6.262499809265137,6.301667213439941,9703200
2011-01-13,5.734879970550537,6.327499866485596,6.369999885559082,6.275000095367432,6.34250020980835,8310000
2011-01-14,5.840620517730713,6.444167137145996,6.4583330154418945,6.28249979019165,6.2941670417785645,11208000
2011-01-18,5.89348840713501,6.502500057220459,6.510000228881836,6.417500019073486,6.445000171661377,11287200
2011-01-19,5.703911781311035,6.293333053588867,6.49666690826416,6.24666690826416,6.488333225250244,13868400
2011-01-20,5.667660236358643,6.25333309173584,6.297500133514404,6.118332862854004,6.25,11586000
2011-01-21,5.70466947555542,6.2941670417785645,6.405832767486572,6.264166831970215,6.355000019073486,7990800
2011-01-24,5.801344394683838,6.4008331298828125,6.421667098999023,6.2708330154418945,6.2758331298828125,7172400
2011-01-25,5.805120944976807,6.40500020980835,6.4116668701171875,6.255000114440918,6.355833053588867,15638400
2011-01-26,5.888957977294922,6.497499942779541,6.547500133514404,6.420833110809326,6.459167003631592,11451600
2011-01-27,5.938052177429199,6.551667213439941,6.5833330154418945,6.46999979019165,6.506667137145996,10396800
2011-01-28,5.629894733428955,6.211667060852051,6.602499961853027,6.181666851043701,6.575832843780518,21056400
2011-01-31,5.753761291503906,6.34833288192749,6.369999885559082,6.21750020980835,6.264999866485596,15157200
2011-02-01,6.023396968841553,6.6458330154418945,6.681666851043701,6.459167003631592,6.466667175292969,17382000
2011-02-02,5.991676330566406,6.610833168029785,6.671667098999023,6.585000038146973,6.603332996368408,8742000
2011-02-03,6.035483360290527,6.6591668128967285,6.6875,6.4741668701171875,6.5833330154418945,11728800
2011-02-04,6.082311153411865,6.7108330726623535,6.722499847412109,6.579999923706055,6.670833110809326,10027200
2011-02-07,6.206176280975342,6.847499847412109,6.91083288192749,6.762499809265137,6.764999866485596,9831600
2011-02-08,6.286993503570557,6.936666965484619,6.946667194366455,6.807499885559082,6.869166851043701,7790400
2011-02-09,6.2507405281066895,6.896667003631592,6.946667194366455,6.792500019073486,6.891666889190674,10884000
2011-02-10,6.261312484741211,6.908332824707031,6.926667213439941,6.743332862854004,6.7866668701171875,9261600
2011-02-11,6.379893779754639,7.0391669273376465,7.059999942779541,6.824999809265137,6.829999923706055,15388800
2011-02-14,6.428231239318848,7.09250020980835,7.107500076293945,7.010000228881836,7.0258331298828125,10832400
2011-02-15,6.366297721862793,7.024167060852051,7.058332920074463,6.970832824707031,7.030832767486572,7975200
2011-02-16,6.485632419586182,7.155832767486572,7.18416690826416,7.058332920074463,7.09499979019165,11973600
2011-02-17,6.549831867218018,7.2266669273376465,7.25,7.085000038146973,7.1041669845581055,9907200
2011-02-18,6.576266765594482,7.255833148956299,7.288332939147949,7.180832862854004,7.237500190734863,7836000
2011-02-22,6.169168949127197,6.806666851043701,7.1458330154418945,6.75333309173584,7.031667232513428,21571200
2011-02-23,6.050589084625244,6.675833225250244,6.84833288192749,6.529167175292969,6.800833225250244,15822000
2011-02-24,6.036237716674805,6.659999847412109,6.736667156219482,6.4658331871032715,6.6483330726623535,21230400
2011-02-25,6.235634803771973,6.880000114440918,6.892499923706055,6.728332996368408,6.739999771118164,13113600
2011-02-28,6.3557233810424805,7.012499809265137,7.0391669273376465,6.887499809265137,6.966667175292969,15357600
2011-03-01,6.035483360290527,6.6591668128967285,7.095832824707031,6.652500152587891,7.0833330154418945,23127600
2011-03-02,6.0664496421813965,6.693333148956299,6.795833110809326,6.611667156219482,6.624166965484619,15442800
2011-03-03,6.379893779754639,7.0391669273376465,7.071667194366455,6.882500171661377,6.887499809265137,19180800
2011-03-04,6.249983787536621,6.8958330154418945,7.056666851043701,6.763332843780518,7.040832996368408,28984800
2011-03-07,6.089864253997803,6.719167232513428,7.0,6.611667156219482,6.9583330154418945,16789200
2011-03-08,6.2492289543151855,6.894999980926514,6.9583330154418945,6.663332939147949,6.761666774749756,17228400
2011-03-09,6.222038269042969,6.864999771118164,6.926667213439941,6.743332862854004,6.847499847412109,19587600
2011-03-10,5.881405830383301,6.489167213439941,6.649167060852051,6.46416711807251,6.646667003631592,25024800
2011-03-11,5.991676330566406,6.610833168029785,6.681666851043701,6.412499904632568,6.413332939147949,15356400
2011-03-14,5.888957977294922,6.497499942779541,6.564167022705078,6.34833288192749,6.485000133514404,21320400
2011-03-15,5.70466947555542,6.2941670417785645,6.396667003631592,5.960000038146973,5.991666793823242,28333200
2011-03-16,5.3980231285095215,5.9558329582214355,6.295833110809326,5.820000171661377,6.230000019073486,41353200
2011-03-17,5.57627010345459,6.152500152587891,6.247499942779541,6.06583309173584,6.199999809265137,22156800
2011-03-18,5.652553558349609,6.236667156219482,6.394999980926514,6.195833206176758,6.385000228881836,23245200
2011-03-21,5.912371635437012,6.5233330726623535,6.5625,6.440000057220459,6.453332901000977,16153200
2011-03-22,5.848927021026611,6.453332901000977,6.550833225250244,6.4375,6.521667003631592,16443600
2011-03-23,5.898777008056641,6.508333206176758,6.55916690826416,6.307499885559082,6.3958330154418945,12088800
2011-03-24,6.073248863220215,6.700832843780518,6.7266669273376465,6.505000114440918,6.613333225250244,16778400
2011-03-25,6.1329145431518555,6.766666889190674,6.859167098999023,6.7083330154418945,6.758333206176758,16087200
2011-03-28,6.088351726531982,6.71750020980835,6.863333225250244,6.7108330726623535,6.813333034515381,9057600
2011-03-29,6.212219715118408,6.8541669845581055,6.855000019073486,6.631667137145996,6.698332786560059,12357600
2011-03-30,6.351192951202393,7.007500171661377,7.058332920074463,6.932499885559082,6.957499980926514,12403200
2011-03-31,6.333064079284668,6.987500190734863,7.0391669273376465,6.9583330154418945,6.983333110809326,9019200
2011-04-01,6.412370681762695,7.074999809265137,7.1666669845581055,7.02666711807251,7.111667156219482,12213600
2011-04-04,6.431251049041748,7.095832824707031,7.1591668128967285,7.037499904632568,7.127500057220459,9080400
2011-04-05,6.431251049041748,7.095832824707031,7.195833206176758,7.050000190734863,7.054166793823242,9904800
2011-04-06,6.4818572998046875,7.15166711807251,7.2216668128967285,7.073332786560059,7.195000171661377,9038400
2011-04-07,6.430497169494629,7.09499979019165,7.199166774749756,6.993332862854004,7.117499828338623,11648400
2011-04-08,6.354212760925293,7.010832786560059,7.198332786560059,6.926667213439941,7.174167156219482,9889200
2011-04-11,6.296812057495117,6.947500228881836,7.105833053588867,6.889999866485596,7.045833110809326,10888800
2011-04-12,6.148775577545166,6.7841668128967285,6.868332862854004,6.7108330726623535,6.8308329582214355,19225200
2011-04-13,6.155573844909668,6.7916669845581055,6.900000095367432,6.712500095367432,6.883333206176758,13984800
2011-04-14,6.17143440246582,6.80916690826416,6.835000038146973,6.612500190734863,6.674167156219482,10696800
2011-04-15,6.240920066833496,6.885832786560059,6.935832977294922,6.78249979019165,6.84250020980835,14944800
2011-04-18,6.024909496307373,6.647500038146973,6.691667079925537,6.489999771118164,6.652500152587891,21690000
2011-04-19,6.11931848526001,6.751667022705078,6.769999980926514,6.632500171661377,6.686666965484619,17607600
2011-04-20,6.394998550415039,7.055832862854004,7.09250020980835,6.998332977294922,6.998332977294922,16110000
2011-04-21,6.487143516540527,7.15749979019165,7.1666669845581055,7.0833330154418945,7.144999980926514,9032400
2011-04-25,6.47354793548584,7.142499923706055,7.174167156219482,7.070833206176758,7.15166711807251,8326800
2011-04-26,6.637444496154785,7.323332786560059,7.369166851043701,7.186666965484619,7.211667060852051,9565200
2011-04-27,6.764333248138428,7.4633331298828125,7.494999885559082,7.274167060852051,7.37166690826416,9602400
2011-04-28,6.830041885375977,7.53583288192749,7.569167137145996,7.425833225250244,7.43416690826416,12918000
2011-04-29,6.888955593109131,7.600832939147949,7.616666793823242,7.517499923706055,7.546667098999023,8976000
2011-05-02,6.846659183502197,7.554166793823242,7.720832824707031,7.510832786560059,7.7058329582214355,10220400
2011-05-03,6.749228000640869,7.446667194366455,7.545000076293945,7.334167003631592,7.502500057220459,12174000
2011-05-04,6.610256671905518,7.293333053588867,7.454166889190674,7.197500228881836,7.454166889190674,13485600
2011-05-05,6.4516448974609375,7.118332862854004,7.326666831970215,7.019999980926514,7.178332805633545,18632400
2011-05-06,6.528684139251709,7.203332901000977,7.435832977294922,7.126667022705078,7.324166774749756,17847600
2011-05-09,6.623095989227295,7.307499885559082,7.366666793823242,7.183332920074463,7.2133331298828125,8986800
2011-05-10,6.799075603485107,7.501667022705078,7.537499904632568,7.355000019073486,7.37833309173584,11820000
2011-05-11,6.582309246063232,7.262499809265137,7.474999904632568,7.1591668128967285,7.470832824707031,19417200
2011-05-12,6.674454689025879,7.364167213439941,7.404167175292969,7.086667060852051,7.212500095367432,14400000
2011-05-13,6.506024360656738,7.178332805633545,7.394999980926514,7.111667156219482,7.372499942779541,13810800
2011-05-16,6.384425163269043,7.0441670417785645,7.27666711807251,7.007500171661377,7.109167098999023,12715200
2011-05-17,6.366297721862793,7.024167060852051,7.055832862854004,6.858333110809326,6.961667060852051,17752800
2011-05-18,6.551342964172363,7.228332996368408,7.245832920074463,6.992499828338623,7.0391669273376465,11592000
2011-05-19,6.585329055786133,7.265832901000977,7.335000038146973,7.154167175292969,7.296667098999023,13902000
2011-05-20,6.444091320037842,7.110000133514404,7.249166965484619,7.058332920074463,7.22333288192749,12919200
2011-05-23,6.204667091369629,6.845832824707031,6.917500019073486,6.780832767486572,6.841667175292969,18416400
2011-05-24,6.192581653594971,6.832499980926514,6.956666946411133,6.789999961853027,6.9091668128967285,12444000
2011-05-25,6.25980281829834,6.906667232513428,6.989167213439941,6.747499942779541,6.75,16561200
2011-05-26,6.353458404541016,7.010000228881836,7.045833110809326,6.818333148956299,6.8491668701171875,13185600
2011-05-27,6.43276309967041,7.097499847412109,7.154167175292969,7.050833225250244,7.070833206176758,11781600
2011-05-31,6.631402969360352,7.316667079925537,7.316667079925537,7.1458330154418945,7.289999961853027,13755600
2011-06-01,6.188049793243408,6.827499866485596,7.269166946411133,6.80916690826416,7.258333206176758,26522400
2011-06-02,6.167656898498535,6.804999828338623,6.891666889190674,6.689167022705078,6.8383331298828125,12970800
2011-06-03,5.981102466583252,6.5991668701171875,6.751667022705078,6.549167156219482,6.566667079925537,14660400
2011-06-06,5.777929306030273,6.375,6.5858330726623535,6.355000019073486,6.55916690826416,17934000
2011-06-07,5.771886825561523,6.368332862854004,6.529167175292969,6.361667156219482,6.468332767486572,12573600
2011-06-08,5.692582607269287,6.280832767486572,6.3983330726623535,6.25,6.3491668701171875,21044400
2011-06-09,5.811163425445557,6.4116668701171875,6.491666793823242,6.284999847412109,6.331666946411133,12996000
2011-06-10,5.5656962394714355,6.140832901000977,6.345832824707031,6.09833288192749,6.332499980926514,19465200
2011-06-13,5.570982933044434,6.146667003631592,6.233333110809326,6.054166793823242,6.180832862854004,11220000
2011-06-14,5.7832183837890625,6.380833148956299,6.445833206176758,6.306666851043701,6.314167022705078,12528000
2011-06-15,5.484124183654785,6.050833225250244,6.2866668701171875,6.000833034515381,6.22333288192749,18382800
2011-06-16,5.5067830085754395,6.075832843780518,6.175833225250244,5.935832977294922,6.0625,15596400
2011-06-17,5.552099704742432,6.125833034515381,6.257500171661377,6.068333148956299,6.255833148956299,12894000
2011-06-20,5.641979217529297,6.224999904632568,6.257500171661377,6.067500114440918,6.074999809265137,10174800
2011-06-21,5.879138946533203,6.486667156219482,6.525000095367432,6.298333168029785,6.323332786560059,16641600
2011-06-22,5.777175426483154,6.374166965484619,6.5441670417785645,6.364999771118164,6.428332805633545,11616000
2011-06-23,5.7326130867004395,6.324999809265137,6.337500095367432,6.015832901000977,6.15166711807251,20224800
2011-06-24,5.543036460876465,6.115832805633545,6.34250020980835,6.085000038146973,6.331666946411133,14014800
2011-06-27,5.673701763153076,6.260000228881836,6.331666946411133,6.081666946411133,6.126667022705078,9319200
2011-06-28,5.901797771453857,6.511666774749756,6.514999866485596,6.314167022705078,6.336667060852051,12219600
2011-06-29,6.059651851654053,6.685832977294922,6.71750020980835,6.527500152587891,6.595832824707031,17418000
2011-06-30,6.230345726013184,6.874166965484619,6.90166711807251,6.724999904632568,6.747499942779541,14382000
2011-07-01,6.497717380523682,7.1691670417785645,7.199999809265137,6.8408331871032715,6.885000228881836,15760800
2011-07-05,6.48940896987915,7.159999847412109,7.210000038146973,7.095832824707031,7.155832767486572,11524800
2011-07-06,6.521886348724365,7.195833206176758,7.2241668701171875,7.053332805633545,7.109167098999023,13176000
2011-07-07,6.7318549156188965,7.427499771118164,7.474999904632568,7.347499847412109,7.389166831970215,11244000
2011-07-08,6.589106559753418,7.269999980926514,7.271667003631592,7.095832824707031,7.168333053588867,15460800
2011-07-11,6.222793102264404,6.865832805633545,7.068333148956299,6.80916690826416,7.00333309173584,21625200
2011-07-12,6.133669853210449,6.767499923706055,6.9716668128967285,6.759167194366455,6.80916690826416,20124000
2011-07-13,6.193337917327881,6.8333330154418945,7.050000190734863,6.7916669845581055,6.87166690826416,17727600
2011-07-14,6.063427448272705,6.690000057220459,6.985000133514404,6.644166946411133,6.888332843780518,25340400
2011-07-15,6.170677661895752,6.808332920074463,6.831666946411133,6.662499904632568,6.795833110809326,19026000
2011-07-18,5.998472690582275,6.618332862854004,6.739167213439941,6.477499961853027,6.71750020980835,24120000
2011-07-19,6.299076557159424,6.949999809265137,6.96999979019165,6.7291669845581055,6.733333110809326,16382400
2011-07-20,6.283972263336182,6.933332920074463,7.02666711807251,6.8933329582214355,7.004167079925537,13586400
2011-07-21,6.536991119384766,7.212500095367432,7.261666774749756,7.005833148956299,7.054166793823242,22999200
2011-07-22,6.56040620803833,7.238333225250244,7.260832786560059,7.1041669845581055,7.2108330726623535,14442000
2011-07-25,6.444091320037842,7.110000133514404,7.21750020980835,7.004167079925537,7.027500152587891,12319200
2011-07-26,6.36931848526001,7.027500152587891,7.123332977294922,6.977499961853027,7.100832939147949,15853200
2011-07-27,5.965997219085693,6.582499980926514,6.914999961853027,6.550833225250244,6.9141669273376465,25171200
2011-07-28,5.8980207443237305,6.507500171661377,6.752500057220459,6.483333110809326,6.587500095367432,24495600
2011-07-29,5.7937912940979,6.392499923706055,6.5625,6.2216668128967285,6.315000057220459,34669200
2011-08-01,5.712975978851318,6.303332805633545,6.825832843780518,6.125,6.62166690826416,39793200
2011-08-02,5.264336109161377,5.808332920074463,6.2758331298828125,5.805832862854004,6.165832996368408,43264800
2011-08-03,5.351193904876709,5.904167175292969,5.918333053588867,5.5183329582214355,5.836667060852051,47070000
2011-08-04,4.561922073364258,5.033332824707031,5.674167156219482,5.015832901000977,5.659999847412109,56443200
2011-08-05,4.498477458953857,4.9633331298828125,5.260832786560059,4.579999923706055,5.2216668128967285,72712800
2011-08-08,3.6117732524871826,3.984999895095825,4.734167098999023,3.9483330249786377,4.5883331298828125,88406400
2011-08-09,4.1291422843933105,4.555832862854004,4.555832862854004,3.7816669940948486,4.176667213439941,83222400
2011-08-10,3.5747649669647217,3.944166898727417,4.40749979019165,3.9200000762939453,4.264166831970215,81435600
2011-08-11,4.077029705047607,4.498332977294922,4.6666669845581055,4.013332843780518,4.060832977294922,76117200
2011-08-12,4.1631317138671875,4.593332767486572,4.709167003631592,4.487500190734863,4.626667022705078,61723200
2011-08-15,4.43276834487915,4.890832901000977,4.90500020980835,4.699999809265137,4.715000152587891,36991200
2011-08-16,4.307390213012695,4.752500057220459,4.894166946411133,4.602499961853027,4.75,54420000
2011-08-17,4.305880546569824,4.750833034515381,4.942500114440918,4.639166831970215,4.832499980926514,41816400
2011-08-18,3.7379062175750732,4.124166965484619,4.389999866485596,3.9866669178009033,4.385000228881836,53354400
2011-08-19,3.547574758529663,3.9141669273376465,4.265832901000977,3.8958330154418945,3.959167003631592,44486400
2011-08-22,3.5468180179595947,3.913332939147949,4.175000190734863,3.87833309173584,4.170000076293945,46683600
2011-08-23,3.9010467529296875,4.304166793823242,4.3125,3.8924999237060547,3.9558329582214355,47911200
2011-08-24,4.063433647155762,4.483333110809326,4.502500057220459,4.242499828338623,4.275000095367432,46254000
2011-08-25,3.869325876235962,4.269166946411133,4.636666774749756,4.224999904632568,4.560832977294922,51700800
2011-08-26,4.059656620025635,4.4791669845581055,4.5283331871032715,4.00333309173584,4.198332786560059,50733600
2011-08-29,4.413886070251465,4.869999885559082,4.883333206176758,4.641666889190674,4.6483330726623535,29001600
2011-08-30,4.446362495422363,4.905832767486572,5.009167194366455,4.706666946411133,4.811666965484619,41655600
2011-08-31,4.52642297744751,4.994166851043701,5.146667003631592,4.870832920074463,5.016666889190674,48398400
2011-09-01,4.371588706970215,4.823332786560059,5.129167079925537,4.800000190734863,4.990832805633545,44793600
2011-09-02,4.0271806716918945,4.443333148956299,4.59499979019165,4.390832901000977,4.516666889190674,38329200
2011-09-06,3.940321922302246,4.347499847412109,4.362500190734863,4.050000190734863,4.056666851043701,50906400
2011-09-07,4.267360687255859,4.7083330154418945,4.7291669845581055,4.50333309173584,4.545833110809326,31575600
2011-09-08,4.144248008728027,4.572500228881836,4.800833225250244,4.539999961853027,4.639999866485596,40579200
2011-09-09,3.815700054168701,4.210000038146973,4.4716668128967285,4.135000228881836,4.418333053588867,46026000
2011-09-12,3.8882064819335938,4.289999961853027,4.296667098999023,4.004167079925537,4.045833110809326,52429200
2011-09-13,4.001499652862549,4.414999961853027,4.46416711807251,4.240832805633545,4.327499866485596,49196400
2011-09-14,4.172948360443115,4.6041669845581055,4.762499809265137,4.301667213439941,4.489999771118164,51801600
2011-09-15,4.38669490814209,4.840000152587891,4.8408331871032715,4.623332977294922,4.751667022705078,39694800
2011-09-16,4.449385166168213,4.9091668128967285,4.968332767486572,4.7708330154418945,4.891666889190674,33806400
2011-09-19,4.318719863891602,4.764999866485596,4.83916711807251,4.56583309173584,4.664999961853027,39620400
2011-09-20,4.288509368896484,4.7316670417785645,4.960000038146973,4.722499847412109,4.827499866485596,37627200
2011-09-21,3.892739772796631,4.295000076293945,4.7758331298828125,4.2916669845581055,4.7291669845581055,64922400
2011-09-22,3.515852689743042,3.879167079925537,4.037499904632568,3.7133328914642334,3.928333044052124,70525200
2011-09-23,3.5838286876678467,3.954166889190674,4.014999866485596,3.7991669178009033,3.810832977294922,44407200
2011-09-26,3.8277840614318848,4.22333288192749,4.240832805633545,3.879167079925537,4.071667194366455,57792000
2011-09-27,3.9644906520843506,4.374166965484619,4.59833288192749,4.298333168029785,4.466667175292969,58254000
2011-09-28,3.7008957862854004,4.0833330154418945,4.47333288192749,4.070833206176758,4.4033331871032715,33201600
2011-09-29,3.785489082336426,4.176667213439941,4.352499961853027,3.952500104904175,4.302499771118164,62367600
2011-09-30,3.5022566318511963,3.8641669750213623,4.110833168029785,3.8566670417785645,4.001667022705078,49004400
2011-10-03,3.1820156574249268,3.5108330249786377,3.9458329677581787,3.50333309173584,3.7925000190734863,61560000
2011-10-04,3.4002938270568848,3.751667022705078,3.771667003631592,3.2699999809265137,3.370832920074463,105518400
2011-10-05,3.5951571464538574,3.9666669368743896,3.998332977294922,3.675832986831665,3.7783329486846924,71014800
2011-10-06,3.8028597831726074,4.195833206176758,4.2083330154418945,3.874166965484619,3.9583330154418945,56544000
2011-10-07,3.7046735286712646,4.087500095367432,4.272500038146973,4.0283331871032715,4.260000228881836,47214000
2011-10-10,4.083070278167725,4.505000114440918,4.510832786560059,4.283332824707031,4.309999942779541,27985200
2011-10-11,4.096665859222412,4.519999980926514,4.56583309173584,4.409999847412109,4.434999942779541,21837600
2011-10-12,4.210714340209961,4.6458330154418945,4.801667213439941,4.597499847412109,4.619999885559082,31983600
2011-10-13,4.190321445465088,4.623332977294922,4.6666669845581055,4.454166889190674,4.572500228881836,28080000
2011-10-14,4.405577659606934,4.860833168029785,4.866666793823242,4.704166889190674,4.792500019073486,23740800
2011-10-17,4.138963222503662,4.566667079925537,4.817500114440918,4.543333053588867,4.804166793823242,23984400
2011-10-18,4.39651346206665,4.850832939147949,4.949999809265137,4.454166889190674,4.568333148956299,32799600
2011-10-19,4.221287250518799,4.65749979019165,4.908332824707031,4.624166965484619,4.831666946411133,26361600
2011-10-20,4.290018558502197,4.733333110809326,4.77666711807251,4.510000228881836,4.699166774749756,24826800
2011-10-21,4.524157524108887,4.991666793823242,5.0183329582214355,4.8541669845581055,4.9091668128967285,26978400
2011-10-24,4.731861114501953,5.220832824707031,5.247499942779541,5.014166831970215,5.0258331298828125,25074000
2011-10-25,4.450138568878174,4.909999847412109,5.144166946411133,4.873332977294922,5.136666774749756,24036000
2011-10-26,4.5792927742004395,5.052499771118164,5.110000133514404,4.798333168029785,5.079999923706055,24990000
2011-10-27,5.056633472442627,5.579166889190674,5.686666965484619,5.337500095367432,5.4658331871032715,36159600
2011-10-28,5.054368495941162,5.576666831970215,5.612500190734863,5.477499961853027,5.497499942779541,16480800
2011-10-31,4.6842780113220215,5.168333053588867,5.41083288192749,5.168333053588867,5.389999866485596,17040000
2011-11-01,4.3043694496154785,4.749166965484619,4.928332805633545,4.681666851043701,4.744999885559082,33924000
2011-11-02,4.506783962249756,4.972499847412109,5.0283331871032715,4.8333330154418945,4.947500228881836,25490400
2011-11-03,4.75602912902832,5.247499942779541,5.28000020980835,4.925000190734863,5.158332824707031,27016800
2011-11-04,4.688053607940674,5.172500133514404,5.197500228881836,4.9741668701171875,5.122499942779541,19509600
2011-11-07,4.758295059204102,5.25,5.262499809265137,5.001667022705078,5.165832996368408,14806800
2011-11-08,4.938809394836426,5.449166774749756,5.46416711807251,5.174167156219482,5.332499980926514,22998000
2011-11-09,4.38669490814209,4.840000152587891,5.135832786560059,4.810832977294922,5.0625,43312800
2011-11-10,4.489415168762207,4.953332901000977,5.047500133514404,4.813333034515381,5.0341668128967285,23128800
2011-11-11,4.749987602233887,5.240832805633545,5.28583288192749,5.134167194366455,5.149167060852051,23091600
2011-11-14,4.630653381347656,5.109167098999023,5.21750020980835,5.037499904632568,5.1875,19956000
2011-11-15,4.697118282318115,5.182499885559082,5.262499809265137,5.009167194366455,5.066667079925537,19945200
2011-11-16,4.476573467254639,4.939167022705078,5.2158331871032715,4.917500019073486,5.024167060852051,30177600
2011-11-17,4.25376558303833,4.693333148956299,4.946667194366455,4.59833288192749,4.904167175292969,40179600
2011-11-18,4.234882354736328,4.672500133514404,4.769999980926514,4.619166851043701,4.738333225250244,28208400
2011-11-21,4.00376558303833,4.417500019073486,4.490832805633545,4.300000190734863,4.46750020980835,39374400
2011-11-22,3.952406167984009,4.360833168029785,4.462500095367432,4.288332939147949,4.388332843780518,31190400
2011-11-23,3.685035228729248,4.06583309173584,4.251667022705078,4.06583309173584,4.240832805633545,37113600
2011-11-25,3.6638875007629395,4.042500019073486,4.183332920074463,4.034999847412109,4.034999847412109,15164400
2011-11-28,3.981863021850586,4.3933329582214355,4.447500228881836,4.306666851043701,4.384167194366455,26708400
2011-11-29,4.011319160461426,4.425833225250244,4.5183329582214355,4.383333206176758,4.436666965484619,31952400
2011-11-30,4.5120720863342285,4.978332996368408,5.001667022705078,4.7866668701171875,4.813333034515381,45720000
2011-12-01,4.511317729949951,4.977499961853027,5.060832977294922,4.915832996368408,4.954999923706055,23124000
2011-12-02,4.509051322937012,4.974999904632568,5.1666669845581055,4.956666946411133,5.114167213439941,26841600
2011-12-05,4.645758628845215,5.125833034515381,5.248332977294922,5.0416669845581055,5.198332786560059,25603200
2011-12-06,4.650290012359619,5.130833148956299,5.228332996368408,5.069167137145996,5.12166690826416,22510800
2011-12-07,4.686543941497803,5.170833110809326,5.237500190734863,4.962500095367432,5.065000057220459,38666400
2011-12-08,4.382164478302002,4.835000038146973,5.107500076293945,4.7916669845581055,5.072500228881836,38332800
2011-12-09,4.602707862854004,5.078332901000977,5.114999771118164,4.881667137145996,4.897500038146973,27199200
2011-12-12,4.397270202636719,4.8516669273376465,4.941667079925537,4.728332996368408,4.941667079925537,30230400
2011-12-13,4.25905179977417,4.699166774749756,5.009167194366455,4.630833148956299,4.932499885559082,32126400
2011-12-14,4.113282203674316,4.538332939147949,4.690000057220459,4.513332843780518,4.632500171661377,30356400
2011-12-15,4.167661666870117,4.59833288192749,4.7058329582214355,4.568333148956299,4.693333148956299,25378800
2011-12-16,4.189566135406494,4.622499942779541,4.7758331298828125,4.591667175292969,4.695833206176758,25257600
2011-12-19,4.052103519439697,4.470832824707031,4.715000152587891,4.44083309173584,4.6666669845581055,20001600
2011-12-20,4.415396690368652,4.87166690826416,4.899167060852051,4.676667213439941,4.6875,30589200
2011-12-21,4.449385166168213,4.9091668128967285,4.929999828338623,4.732500076293945,4.868332862854004,24160800
2011-12-22,4.577028751373291,5.050000190734863,5.061666965484619,4.934999942779541,4.965000152587891,25196400
2011-12-23,4.682011604309082,5.165832996368408,5.172500133514404,5.054999828338623,5.1041669845581055,14340000
2011-12-27,4.691074848175049,5.175833225250244,5.225832939147949,5.125,5.132500171661377,10466400
2011-12-28,4.520381450653076,4.987500190734863,5.1875,4.962500095367432,5.183332920074463,16612800
2011-12-29,4.645758628845215,5.125833034515381,5.142499923706055,5.005000114440918,5.025000095367432,19434000
2011-12-30,4.595154285430908,5.070000171661377,5.155832767486572,5.065000057220459,5.105833053588867,11559600
2012-01-03,4.799080848693848,5.295000076293945,5.4008331298828125,5.277500152587891,5.3333330154418945,23260800
2012-01-04,4.808144569396973,5.304999828338623,5.324999809265137,5.1875,5.260832786560059,19708800
2012-01-05,4.864035606384277,5.366666793823242,5.383333206176758,5.147500038146973,5.228332996368408,24488400
2012-01-06,4.830804824829102,5.329999923706055,5.392499923706055,5.2708330154418945,5.380000114440918,20624400
2012-01-09,4.857238292694092,5.359167098999023,5.389166831970215,5.287499904632568,5.362500190734863,10701600
2012-01-10,4.998476982116699,5.514999866485596,5.573332786560059,5.489167213439941,5.539999961853027,11743200
2012-01-11,5.019625186920166,5.538332939147949,5.550833225250244,5.438333034515381,5.4583330154418945,10377600
2012-01-12,5.0483245849609375,5.570000171661377,5.59499979019165,5.441667079925537,5.578332901000977,20396400
2012-01-13,4.984125137329102,5.499166965484619,5.499166965484619,5.3408331871032715,5.453332901000977,27244800
2012-01-17,5.020380020141602,5.5391669273376465,5.6666669845581055,5.508333206176758,5.641666889190674,13574400
2012-01-18,5.1956071853637695,5.732500076293945,5.745832920074463,5.509167194366455,5.538332939147949,13240800
2012-01-19,5.2824625968933105,5.828332901000977,5.8516669273376465,5.747499942779541,5.7941670417785645,12278400
2012-01-20,5.286994457244873,5.8333330154418945,5.8358330726623535,5.760832786560059,5.797500133514404,9370800
2012-01-23,5.296814441680908,5.844167232513428,5.935832977294922,5.760000228881836,5.831666946411133,19124400
2012-01-24,5.292283058166504,5.83916711807251,5.840000152587891,5.7083330154418945,5.733333110809326,7798800
2012-01-25,5.435031414031982,5.99666690826416,6.033332824707031,5.752500057220459,5.808332920074463,17991600
2012-01-26,5.342886447906494,5.894999980926514,6.114167213439941,5.829999923706055,6.076666831970215,19418400
2012-01-27,5.3459062576293945,5.8983330726623535,5.934999942779541,5.798333168029785,5.802499771118164,8565600
2012-01-30,5.293792724609375,5.8408331871032715,5.855833053588867,5.667500019073486,5.739167213439941,10156800
2012-01-31,5.2779316902160645,5.823332786560059,5.953332901000977,5.75,5.921667098999023,15530400
2012-02-01,5.435031414031982,5.99666690826416,6.0833330154418945,5.941667079925537,5.954166889190674,16501200
2012-02-02,5.469018936157227,6.0341668128967285,6.082499980926514,5.969167232513428,6.039999961853027,11760000
2012-02-03,5.702402114868164,6.2916669845581055,6.302499771118164,6.186666965484619,6.22333288192749,17925600
2012-02-06,5.6933393478393555,6.281667232513428,6.2891669273376465,6.191667079925537,6.2058329582214355,9988800
2012-02-07,5.737144470214844,6.329999923706055,6.3566670417785645,6.168333053588867,6.247499942779541,12403200
2012-02-08,5.776419639587402,6.373332977294922,6.392499923706055,6.254167079925537,6.340000152587891,12632400
2012-02-09,5.8043670654296875,6.404167175292969,6.434999942779541,6.288332939147949,6.413332939147949,16430400
2012-02-10,5.67672061920166,6.263332843780518,6.2783331871032715,6.18416690826416,6.230833053588867,15049200
2012-02-13,5.7937912940979,6.392499923706055,6.418333053588867,6.311666965484619,6.394999980926514,11510400
2012-02-14,5.780951499938965,6.37833309173584,6.387499809265137,6.248332977294922,6.344167232513428,15753600
2012-02-15,5.698624610900879,6.287499904632568,6.470832824707031,6.255833148956299,6.445833206176758,19021200
2012-02-16,5.895000457763672,6.504167079925537,6.5258331298828125,6.275000095367432,6.292500019073486,11224800
2012-02-17,5.927476406097412,6.539999961853027,6.5833330154418945,6.491666793823242,6.579166889190674,8208000
2012-02-21,5.932765007019043,6.545833110809326,6.636666774749756,6.489999771118164,6.5883331298828125,9343200
2012-02-22,5.87083101272583,6.477499961853027,6.560832977294922,6.449999809265137,6.512499809265137,8635200
2012-02-23,5.962219715118408,6.578332901000977,6.5883331298828125,6.40749979019165,6.480000019073486,12114000
2012-02-24,5.9954514503479,6.614999771118164,6.66083288192749,6.579999923706055,6.622499942779541,7984800
2012-02-27,6.021888732910156,6.644166946411133,6.699999809265137,6.445000171661377,6.5,10944000
2012-02-28,6.070226669311523,6.697500228881836,6.716667175292969,6.610000133514404,6.65500020980835,9765600
2012-02-29,5.9644856452941895,6.5808329582214355,6.7866668701171875,6.571667194366455,6.7241668701171875,10321200
2012-03-01,6.08759880065918,6.716667175292969,6.760000228881836,6.630833148956299,6.6591668128967285,11517600
2012-03-02,6.030951023101807,6.654167175292969,6.737500190734863,6.605000019073486,6.7108330726623535,10132800
2012-03-05,5.950136661529541,6.565000057220459,6.629167079925537,6.491666793823242,6.608333110809326,7558800
2012-03-06,5.66841459274292,6.254167079925537,6.363333225250244,6.2083330154418945,6.355833053588867,15643200
2012-03-07,5.7975664138793945,6.396667003631592,6.430832862854004,6.2916669845581055,6.310832977294922,7814400
2012-03-08,5.975058555603027,6.59250020980835,6.634167194366455,6.4766669273376465,6.521667003631592,7905600
2012-03-09,6.053610801696777,6.679166793823242,6.732500076293945,6.607500076293945,6.639166831970215,6812400
2012-03-12,6.038503170013428,6.662499904632568,6.7083330154418945,6.6041669845581055,6.685832977294922,4150800
2012-03-13,6.376115798950195,7.034999847412109,7.039999961853027,6.747499942779541,6.780832767486572,13549200
2012-03-14,6.347414970397949,7.00333309173584,7.0883331298828125,6.940000057220459,7.045000076293945,6802800
2012-03-15,6.448623180389404,7.114999771118164,7.136666774749756,6.9791669845581055,7.040832996368408,9010800
2012-03-16,6.4901652336120605,7.16083288192749,7.178332805633545,7.108333110809326,7.171667098999023,8433600
2012-03-19,6.556630611419678,7.234167098999023,7.301667213439941,7.120832920074463,7.134167194366455,9237600
2012-03-20,6.487143516540527,7.15749979019165,7.18416690826416,7.037499904632568,7.105000019073486,10712400
2012-03-21,6.463730335235596,7.131667137145996,7.194167137145996,7.084167003631592,7.177499771118164,8652000
2012-03-22,6.314939975738525,6.96750020980835,7.025000095367432,6.897500038146973,6.978332996368408,13342800
2012-03-23,6.3806471824646,7.039999961853027,7.065000057220459,6.866666793823242,6.985833168029785,11572800
2012-03-26,6.639709949493408,7.325832843780518,7.328332901000977,7.184999942779541,7.184999942779541,10947600
2012-03-27,6.5815534591674805,7.261666774749756,7.366666793823242,7.248332977294922,7.352499961853027,9888000
2012-03-28,6.479589939117432,7.149167060852051,7.281667232513428,7.022500038146973,7.25,11620800
2012-03-29,6.453909873962402,7.120832920074463,7.1458330154418945,6.936666965484619,7.022500038146973,13125600
2012-03-30,6.509047508239746,7.181666851043701,7.241666793823242,7.0883331298828125,7.234167098999023,7884000
2012-04-02,6.6631245613098145,7.3516669273376465,7.4141669273376465,7.134167194366455,7.181666851043701,11688000
2012-04-03,6.603455543518066,7.28583288192749,7.369166851043701,7.147500038146973,7.323332786560059,14676000
2012-04-04,6.396508693695068,7.057499885559082,7.125833034515381,6.974999904632568,7.108333110809326,15806400
2012-04-05,6.372339248657227,7.030832767486572,7.099999904632568,6.961667060852051,6.985833168029785,9534000
2012-04-09,6.158594131469727,6.795000076293945,6.876667022705078,6.735833168029785,6.767499923706055,10657200
2012-04-10,5.835330963134766,6.438333034515381,6.813333034515381,6.4191670417785645,6.759167194366455,21163200
2012-04-11,5.969773292541504,6.586667060852051,6.675000190734863,6.566667079925537,6.642499923706055,14298000
2012-04-12,6.22506046295166,6.868332862854004,6.885000228881836,6.605833053588867,6.62166690826416,14290800
2012-04-13,6.0082926750183105,6.629167079925537,6.822500228881836,6.614999771118164,6.818333148956299,15357600
2012-04-16,5.983367919921875,6.6016669273376465,6.758333206176758,6.538332939147949,6.727499961853027,12098400
2012-04-17,6.251494407653809,6.897500038146973,6.944167137145996,6.711667060852051,6.737500190734863,9441600
2012-04-18,6.192581653594971,6.832499980926514,6.902500152587891,6.800000190734863,6.821667194366455,9956400
2012-04-19,6.088351726531982,6.71750020980835,6.929999828338623,6.622499942779541,6.83916711807251,15042000
2012-04-20,6.106478691101074,6.737500190734863,6.872499942779541,6.736667156219482,6.810832977294922,8282400
2012-04-23,5.949380874633789,6.564167022705078,6.582499980926514,6.43416690826416,6.5341668128967285,13197600
2012-04-24,6.013579368591309,6.635000228881836,6.689167022705078,6.565000057220459,6.59250020980835,10956000
2012-04-25,6.271886348724365,6.920000076293945,6.922500133514404,6.816667079925537,6.816667079925537,10164000
2012-04-26,6.39726448059082,7.058332920074463,7.090000152587891,6.8566670417785645,6.87166690826416,11768400
2012-04-27,6.435784339904785,7.100832939147949,7.162499904632568,7.010000228881836,7.124166965484619,10170000
2012-04-30,6.350435733795166,7.006667137145996,7.074166774749756,6.965000152587891,7.057499885559082,6356400
2012-05-01,6.4712815284729,7.139999866485596,7.2891669273376465,6.989167213439941,7.019166946411133,6487200
2012-05-02,6.427476406097412,7.091667175292969,7.112500190734863,6.951666831970215,7.019166946411133,7030800
2012-05-03,6.266601085662842,6.9141669273376465,7.105000019073486,6.872499942779541,7.099999904632568,9312000
2012-05-04,5.961464881896973,6.577499866485596,6.80916690826416,6.55916690826416,6.802499771118164,12248400
2012-05-07,5.975815296173096,6.593332767486572,6.6508331298828125,6.494166851043701,6.497499942779541,8424000
2012-05-08,5.899532318115234,6.509167194366455,6.5391669273376465,6.264166831970215,6.4716668128967285,11107200
2012-05-09,5.7975664138793945,6.396667003631592,6.517499923706055,6.2083330154418945,6.296667098999023,13142400
2012-05-10,5.833065986633301,6.435832977294922,6.550833225250244,6.394166946411133,6.5391669273376465,8890800
2012-05-11,5.777175426483154,6.374166965484619,6.558332920074463,6.303332805633545,6.30916690826416,7975200
2012-05-14,5.597416400909424,6.175833225250244,6.300000190734863,6.138332843780518,6.2058329582214355,12610800
2012-05-15,5.496210098266602,6.064167022705078,6.263332843780518,6.027500152587891,6.15166711807251,16068000
2012-05-16,5.431253910064697,5.992499828338623,6.2216668128967285,5.983333110809326,6.144166946411133,15049200
2012-05-17,5.16237211227417,5.695833206176758,6.006667137145996,5.683332920074463,5.995832920074463,18037200
2012-05-18,5.017357349395752,5.53583288192749,5.788332939147949,5.511666774749756,5.767499923706055,13870800
2012-05-21,5.289261817932129,5.8358330726623535,5.84250020980835,5.55916690826416,5.5908331871032715,10126800
2012-05-22,5.313430309295654,5.862500190734863,6.005000114440918,5.758333206176758,5.877500057220459,12411600
2012-05-23,5.333823204040527,5.885000228881836,5.9091668128967285,5.572500228881836,5.743332862854004,16800000
2012-05-24,5.362524509429932,5.9166669845581055,5.9608330726623535,5.765832901000977,5.935832977294922,14038800
2012-05-25,5.308899879455566,5.857500076293945,5.954166889190674,5.823332786560059,5.90749979019165,8892000
2012-05-29,5.502251625061035,6.070833206176758,6.1066670417785645,5.949999809265137,6.000833034515381,13465200
2012-05-30,5.259804725646973,5.803332805633545,5.923333168029785,5.764999866485596,5.915832996368408,11776800
2012-05-31,5.222794532775879,5.762499809265137,5.883333206176758,5.6016669273376465,5.801667213439941,16076400
2012-06-01,4.824004650115967,5.322500228881836,5.53000020980835,5.314167022705078,5.4791669845581055,17872800
2012-06-04,4.796814441680908,5.292500019073486,5.387499809265137,5.1666669845581055,5.337500095367432,16398000
2012-06-05,4.910107612609863,5.417500019073486,5.444167137145996,5.254167079925537,5.254167079925537,11833200
2012-06-06,5.243942737579346,5.78583288192749,5.7916669845581055,5.52666711807251,5.533332824707031,12883200
2012-06-07,5.242433071136475,5.7841668128967285,6.008333206176758,5.751667022705078,5.9741668701171875,14035200
2012-06-08,5.366299152374268,5.920833110809326,5.926667213439941,5.678332805633545,5.743332862854004,8828400
2012-06-11,5.1563310623168945,5.689167022705078,6.0833330154418945,5.6666669845581055,6.075832843780518,13381200
2012-06-12,5.328535556793213,5.879167079925537,5.885000228881836,5.65166711807251,5.735000133514404,12625200
2012-06-13,5.212222099304199,5.750833034515381,5.924167156219482,5.692500114440918,5.817500114440918,9422400
2012-06-14,5.370832443237305,5.925833225250244,5.991666793823242,5.736667156219482,5.7916669845581055,12553200
2012-06-15,5.517357349395752,6.087500095367432,6.114999771118164,5.965000152587891,6.001667022705078,11575200
2012-06-18,5.57928991317749,6.155832767486572,6.194167137145996,5.990832805633545,6.022500038146973,12716400
2012-06-19,5.7394118309021,6.332499980926514,6.40749979019165,6.224999904632568,6.256667137145996,9776400
2012-06-20,5.714487075805664,6.304999828338623,6.3958330154418945,6.1691670417785645,6.3308329582214355,14730000
2012-06-21,5.331556797027588,5.882500171661377,6.33916711807251,5.864167213439941,6.324166774749756,11828400
2012-06-22,5.435031414031982,5.99666690826416,6.0366668701171875,5.894166946411133,5.96750020980835,7998000
2012-06-25,5.172191619873047,5.706666946411133,5.8308329582214355,5.6458330154418945,5.810832977294922,9306000
2012-06-26,5.259049892425537,5.802499771118164,5.8541669845581055,5.662499904632568,5.75333309173584,11019600
2012-06-27,5.399532318115234,5.957499980926514,5.987500190734863,5.8408331871032715,5.862500190734863,7185600
2012-06-28,5.3549699783325195,5.908332824707031,5.929166793823242,5.7083330154418945,5.829999923706055,8966400
2012-06-29,5.753006935119629,6.347499847412109,6.358333110809326,6.180832862854004,6.224999904632568,5563200
2012-07-02,5.7975664138793945,6.396667003631592,6.422500133514404,6.266666889190674,6.404167175292969,5299200
2012-07-03,5.916902542114258,6.5283331871032715,6.538332939147949,6.382500171661377,6.405832767486572,3943200
2012-07-05,5.836086750030518,6.439167022705078,6.5258331298828125,6.369166851043701,6.454166889190674,3296400
2012-07-06,5.678232192993164,6.264999866485596,6.296667098999023,6.1666669845581055,6.255000114440918,5143200
2012-07-09,5.653308868408203,6.237500190734863,6.262499809265137,6.150000095367432,6.247499942779541,4748400
2012-07-10,5.503762245178223,6.072500228881836,6.358333110809326,6.008333206176758,6.327499866485596,8064000
2012-07-11,5.504518032073975,6.073332786560059,6.129167079925537,5.968332767486572,6.079999923706055,11403600
2012-07-12,5.43049955368042,5.991666793823242,6.059999942779541,5.860000133514404,5.965000152587891,9254400
2012-07-13,5.688051223754883,6.2758331298828125,6.300000190734863,6.025000095367432,6.029167175292969,7542000
2012-07-16,5.6540632247924805,6.238333225250244,6.2941670417785645,6.1666669845581055,6.232500076293945,5434800
2012-07-17,5.767355918884277,6.363333225250244,6.402500152587891,6.116666793823242,6.313333034515381,9842400
2012-07-18,5.894244194030762,6.50333309173584,6.5416669845581055,6.310832977294922,6.321667194366455,6025200
2012-07-19,5.946360111236572,6.560832977294922,6.619999885559082,6.484167098999023,6.550000190734863,8710800
2012-07-20,5.777929306030273,6.375,6.46999979019165,6.3566670417785645,6.445833206176758,7609200
2012-07-23,5.607236862182617,6.186666965484619,6.233333110809326,6.009167194366455,6.094167232513428,8131200
2012-07-24,5.466753959655762,6.031667232513428,6.203332901000977,5.9008331298828125,6.200832843780518,10555200
2012-07-25,5.456933975219727,6.0208330154418945,6.1066670417785645,5.929999828338623,6.066667079925537,8098800
2012-07-26,5.724304676055908,6.31583309173584,6.361667156219482,6.203332901000977,6.289999961853027,9445200
2012-07-27,6.049078464508057,6.674167156219482,6.725832939147949,6.391666889190674,6.421667098999023,11628000
2012-07-30,6.044547080993652,6.6691670417785645,6.764166831970215,6.610000133514404,6.6483330726623535,6237600
2012-07-31,5.932765007019043,6.545833110809326,6.696667194366455,6.5416669845581055,6.642499923706055,7092000
2012-08-01,5.911616325378418,6.522500038146973,6.673333168029785,6.489167213439941,6.670833110809326,22868400
2012-08-02,5.7824625968933105,6.380000114440918,6.508333206176758,6.235833168029785,6.359167098999023,11732400
2012-08-03,6.120830059051514,6.75333309173584,6.795000076293945,6.637499809265137,6.650000095367432,10500000
2012-08-06,6.157838821411133,6.7941670417785645,6.874166965484619,6.787499904632568,6.80916690826416,5474400
2012-08-07,6.245452880859375,6.890832901000977,6.9816670417785645,6.875833034515381,6.880000114440918,6432000
2012-08-08,6.2650885581970215,6.912499904632568,6.943333148956299,6.821667194366455,6.831666946411133,8164800
2012-08-09,6.283972263336182,6.933332920074463,6.9791669845581055,6.869999885559082,6.886666774749756,6223200
2012-08-10,6.314939975738525,6.96750020980835,6.977499961853027,6.819167137145996,6.857500076293945,6543600
2012-08-13,6.30436372756958,6.9558329582214355,6.970832824707031,6.852499961853027,6.936666965484619,7688400
2012-08-14,6.3126726150512695,6.965000152587891,7.050833225250244,6.902500152587891,7.037499904632568,8353200
2012-08-15,6.32853364944458,6.982500076293945,7.0233330726623535,6.930832862854004,6.943333148956299,6267600
2012-08-16,6.4712815284729,7.139999866485596,7.1666669845581055,6.966667175292969,7.014166831970215,9019200
2012-08-17,6.494696617126465,7.165832996368408,7.184999942779541,7.120832920074463,7.177499771118164,7825200
2012-08-20,6.497717380523682,7.1691670417785645,7.172500133514404,7.0808329582214355,7.138332843780518,6124800
2012-08-21,6.43880558013916,7.1041669845581055,7.301667213439941,7.05916690826416,7.220832824707031,8667600
2012-08-22,6.43880558013916,7.1041669845581055,7.1433329582214355,7.0,7.050000190734863,10146000
2012-08-23,6.293034553527832,6.943333148956299,7.061666965484619,6.905832767486572,7.059999942779541,9544800
2012-08-24,6.400286674499512,7.061666965484619,7.105833053588867,6.874166965484619,6.884167194366455,8530800
2012-08-27,6.403305530548096,7.065000057220459,7.144166946411133,7.0366668701171875,7.120832920074463,7930800
2012-08-28,6.389711856842041,7.050000190734863,7.109167098999023,6.985833168029785,7.009167194366455,7726800
2012-08-29,6.401039123535156,7.0625,7.117499828338623,7.006667137145996,7.0625,6266400
2012-08-30,6.259047508239746,6.905832767486572,6.970832824707031,6.860833168029785,6.96416711807251,7704000
2012-08-31,6.329288005828857,6.983333110809326,7.100832939147949,6.886666774749756,7.0258331298828125,9835200
2012-09-04,6.317203998565674,6.96999979019165,7.047500133514404,6.8491668701171875,6.988333225250244,8530800
2012-09-05,6.3096513748168945,6.961667060852051,7.0416669845581055,6.926667213439941,6.994166851043701,7149600
2012-09-06,6.691071510314941,7.382500171661377,7.389166831970215,7.086667060852051,7.086667060852051,9955200
2012-09-07,6.777926445007324,7.478332996368408,7.478332996368408,7.405832767486572,7.424167156219482,6426000
2012-09-10,6.661613941192627,7.349999904632568,7.489999771118164,7.3408331871032715,7.454166889190674,4386000
2012-09-11,6.719015598297119,7.413332939147949,7.4791669845581055,7.357500076293945,7.366666793823242,5784000
2012-09-12,6.774906158447266,7.474999904632568,7.507500171661377,7.40500020980835,7.4816670417785645,6883200
2012-09-13,7.099678993225098,7.8333330154418945,7.894999980926514,7.447500228881836,7.480833053588867,15946800
2012-09-14,7.189558029174805,7.932499885559082,8.069167137145996,7.853332996368408,7.869999885559082,17302800
2012-09-17,7.117806434631348,7.853332996368408,7.920833110809326,7.7891669273376465,7.880000114440918,6691200
2012-09-18,7.09514856338501,7.828332901000977,7.858333110809326,7.769999980926514,7.814167022705078,6073200
2012-09-19,7.109498977661133,7.844167232513428,7.9141669273376465,7.792500019073486,7.8541669845581055,6078000
2012-09-20,7.102700710296631,7.836667060852051,7.8541669845581055,7.670833110809326,7.7316670417785645,9292800
2012-09-21,7.092880725860596,7.825832843780518,7.9608330726623535,7.823332786560059,7.9558329582214355,8558400
2012-09-24,7.064182281494141,7.7941670417785645,7.84499979019165,7.695833206176758,7.7158331871032715,9325200
2012-09-25,6.853456974029541,7.561666965484619,7.885000228881836,7.5391669273376465,7.84250020980835,10605600
2012-09-26,6.725813388824463,7.420833110809326,7.543333053588867,7.364999771118164,7.542500019073486,12507600
2012-09-27,6.915389537811279,7.630000114440918,7.675000190734863,7.454999923706055,7.512499809265137,8102400
2012-09-28,6.814181804656982,7.5183329582214355,7.610000133514404,7.44083309173584,7.538332939147949,17718000
2012-10-01,6.857989311218262,7.566667079925537,7.78583288192749,7.52666711807251,7.605000019073486,15244800
2012-10-02,6.888955593109131,7.600832939147949,7.699999809265137,7.494999885559082,7.667500019073486,9662400
2012-10-03,6.969014644622803,7.689167022705078,7.744166851043701,7.540832996368408,7.659999847412109,8552400
2012-10-04,7.1314005851745605,7.868332862854004,7.883333206176758,7.749166965484619,7.783332824707031,6703200
2012-10-05,7.117806434631348,7.853332996368408,8.020833015441895,7.7891669273376465,7.980000019073486,6657600
2012-10-08,7.04756498336792,7.7758331298828125,7.81583309173584,7.725832939147949,7.765832901000977,3967200
2012-10-09,6.840616703033447,7.547500133514404,7.777500152587891,7.538332939147949,7.760000228881836,6397200
2012-10-10,6.712973594665527,7.406667232513428,7.558332920074463,7.374166965484619,7.546667098999023,6561600
2012-10-11,6.719015598297119,7.413332939147949,7.5883331298828125,7.413332939147949,7.557499885559082,6951600
2012-10-12,6.647263526916504,7.334167003631592,7.5,7.292500019073486,7.423333168029785,6474000
2012-10-15,6.813426494598389,7.517499923706055,7.5416669845581055,7.324999809265137,7.3933329582214355,6519600
2012-10-16,7.024150848388672,7.75,7.765832901000977,7.612500190734863,7.626667022705078,5925600
2012-10-17,7.115539073944092,7.850832939147949,7.874166965484619,7.730000019073486,7.7708330154418945,7185600
2012-10-18,7.0656914710998535,7.795833110809326,7.90500020980835,7.71750020980835,7.795000076293945,8878800
2012-10-19,6.707685470581055,7.4008331298828125,7.74666690826416,7.350832939147949,7.74666690826416,8950800
2012-10-22,6.712218761444092,7.405832767486572,7.444167137145996,7.2291669845581055,7.367499828338623,8800800
2012-10-23,6.425966739654541,7.090000152587891,7.191667079925537,7.005833148956299,7.167500019073486,11016000
2012-10-24,6.3791375160217285,7.038332939147949,7.197500228881836,7.002500057220459,7.174167156219482,8469600
2012-10-25,6.436539173126221,7.1016669273376465,7.22333288192749,6.970832824707031,7.1875,12286800
2012-10-26,6.419166564941406,7.082499980926514,7.156667232513428,6.940000057220459,7.078332901000977,9554400
2012-10-31,6.3912224769592285,7.051667213439941,7.183332920074463,6.983333110809326,7.162499904632568,5445600
2012-11-01,6.623095989227295,7.307499885559082,7.328332901000977,7.108333110809326,7.131667137145996,6121200
2012-11-02,6.435028553009033,7.099999904632568,7.433332920074463,7.087500095367432,7.429999828338623,7904400
2012-11-05,6.481099605560303,7.1508331298828125,7.194167137145996,7.014166831970215,7.072500228881836,4681200
2012-11-06,6.6306471824646,7.31583309173584,7.40166711807251,7.195833206176758,7.21416711807251,7273200
2012-11-07,6.173701286315918,6.811666965484619,7.120832920074463,6.718332767486572,7.118332862854004,15523200
2012-11-08,5.941827774047852,6.555832862854004,6.9191670417785645,6.555832862854004,6.816667079925537,11400000
2012-11-09,5.959198474884033,6.574999809265137,6.7683329582214355,6.500833034515381,6.510832786560059,10020000
2012-11-12,5.984877586364746,6.603332996368408,6.678332805633545,6.5625,6.652500152587891,4633200
2012-11-13,5.92370080947876,6.53583288192749,6.739999771118164,6.4741668701171875,6.495832920074463,7148400
2012-11-14,5.706933975219727,6.296667098999023,6.623332977294922,6.2266669273376465,6.59833288192749,10341600
2012-11-15,5.649531841278076,6.233333110809326,6.345832824707031,6.1641669273376465,6.271667003631592,10068000
2012-11-16,5.724304676055908,6.31583309173584,6.362500190734863,6.105000019073486,6.264166831970215,11762400
2012-11-19,6.082311153411865,6.7108330726623535,6.7108330726623535,6.531667232513428,6.5416669845581055,10732800
2012-11-20,6.100436687469482,6.730833053588867,6.752500057220459,6.561666965484619,6.681666851043701,10521600
2012-11-21,6.135180950164795,6.769166946411133,6.7733330726623535,6.698332786560059,6.739999771118164,5337600
2012-11-23,6.3557233810424805,7.012499809265137,7.03583288192749,6.843332767486572,6.860000133514404,5185200
2012-11-26,6.342883586883545,6.998332977294922,7.001667022705078,6.862500190734863,6.925833225250244,7293600
2012-11-27,6.2462077140808105,6.891666889190674,7.033332824707031,6.867499828338623,6.9608330726623535,8364000
2012-11-28,6.385180950164795,7.045000076293945,7.055832862854004,6.6875,6.795833110809326,12213600
2012-11-29,6.478079795837402,7.147500038146973,7.203332901000977,7.031667232513428,7.125833034515381,9114000
2012-11-30,6.4599528312683105,7.127500057220459,7.1875,7.077499866485596,7.1483330726623535,5964000
2012-12-03,6.384425163269043,7.0441670417785645,7.262499809265137,7.0233330726623535,7.243332862854004,7410000
2012-12-04,6.348927021026611,7.005000114440918,7.099999904632568,6.951666831970215,7.0391669273376465,8482800
2012-12-05,6.37838077545166,7.037499904632568,7.141666889190674,6.877500057220459,7.030832767486572,8344800
2012-12-06,6.4546661376953125,7.12166690826416,7.124166965484619,6.998332977294922,7.0258331298828125,6726000
2012-12-07,6.500738143920898,7.172500133514404,7.222499847412109,7.070000171661377,7.200832843780518,9136800
2012-12-10,6.5196213722229,7.193333148956299,7.241666793823242,7.142499923706055,7.150000095367432,6475200
2012-12-11,6.638200283050537,7.324166774749756,7.4375,7.269166946411133,7.2841668128967285,7930800
2012-12-12,6.658592700958252,7.3466668128967285,7.507500171661377,7.320833206176758,7.425000190734863,9618000
2012-12-13,6.540768146514893,7.216667175292969,7.397500038146973,7.158332824707031,7.335000038146973,6392400
2012-12-14,6.4516448974609375,7.118332862854004,7.204166889190674,7.09833288192749,7.163332939147949,5061600
2012-12-17,6.694090366363525,7.385832786560059,7.3933329582214355,7.18416690826416,7.189167022705078,9217200
2012-12-18,6.9131245613098145,7.627500057220459,7.650000095367432,7.385000228881836,7.4191670417785645,13076400
2012-12-19,6.755268096923828,7.453332901000977,7.663332939147949,7.453332901000977,7.659999847412109,9442800
2012-12-20,6.871584415435791,7.581666946411133,7.587500095367432,7.41083288192749,7.474999904632568,9198000
2012-12-21,6.695603370666504,7.387499809265137,7.425833225250244,7.244999885559082,7.25333309173584,14835600
2012-12-24,6.621583461761475,7.305832862854004,7.341667175292969,7.2866668701171875,7.332499980926514,5690400
2012-12-26,6.536991119384766,7.212500095367432,7.364167213439941,7.15749979019165,7.357500076293945,6444000
2012-12-27,6.512068271636963,7.184999942779541,7.261666774749756,6.938333034515381,7.224999904632568,9996000
2012-12-28,6.2862372398376465,6.935832977294922,7.1641669273376465,6.934999942779541,7.052499771118164,7423200
2012-12-31,6.620073318481445,7.304166793823242,7.325832843780518,6.880000114440918,6.9008331298828125,15788400
2013-01-02,7.124602794647217,7.860833168029785,7.864167213439941,7.662499904632568,7.727499961853027,13586400
2013-01-03,7.0898613929748535,7.822500228881836,7.9116668701171875,7.748332977294922,7.847499847412109,8916000
2013-01-04,7.180494785308838,7.922500133514404,7.951666831970215,7.802499771118164,7.844167232513428,6972000
2013-01-07,7.100435256958008,7.834167003631592,7.869999885559082,7.760832786560059,7.826666831970215,5488800
2013-01-08,7.058137893676758,7.787499904632568,7.837500095367432,7.691667079925537,7.803332805633545,6898800
2013-01-09,7.105721473693848,7.840000152587891,7.899167060852051,7.795000076293945,7.837500095367432,6055200
2013-01-10,7.271883964538574,8.023332595825195,8.026666641235352,7.84499979019165,7.974999904632568,5521200
2013-01-11,7.278680324554443,8.03083324432373,8.032500267028809,7.949166774749756,8.020833015441895,6086400
2013-01-14,7.252246856689453,8.001667022705078,8.019166946411133,7.9166669845581055,7.994166851043701,4747200
2013-01-15,7.259800434112549,8.010000228881836,8.041666984558105,7.879167079925537,7.8958330154418945,4554000
2013-01-16,7.262820243835449,8.013333320617676,8.051667213439941,7.946667194366455,7.974999904632568,5179200
2013-01-17,7.402548313140869,8.167499542236328,8.239999771118164,8.079167366027832,8.125,8246400
2013-01-18,7.4546637535095215,8.225000381469727,8.248332977294922,8.076666831970215,8.170000076293945,5376000
2013-01-22,7.570222854614258,8.352499961853027,8.354166984558105,8.169166564941406,8.22583293914795,5754000
2013-01-23,7.609495639801025,8.395833015441895,8.417499542236328,8.31583309173584,8.362500190734863,4609200
2013-01-24,7.61402702331543,8.400833129882812,8.526666641235352,8.335832595825195,8.356666564941406,8370000
2013-01-25,7.736386775970459,8.535833358764648,8.541666984558105,8.414167404174805,8.484999656677246,6726000
2013-01-28,7.715235710144043,8.512499809265137,8.553333282470703,8.421667098999023,8.553333282470703,4348800
2013-01-29,7.8104047775268555,8.617500305175781,8.642499923706055,8.450833320617676,8.467499732971191,5545200
2013-01-30,7.71976900100708,8.517499923706055,8.65999984741211,8.489167213439941,8.609167098999023,8107200
2013-01-31,7.655569076538086,8.446666717529297,8.557499885559082,8.430000305175781,8.479166984558105,6103200
2013-02-01,7.8904643058776855,8.705833435058594,8.734999656677246,8.5625,8.604166984558105,7562400
2013-02-04,7.631400108337402,8.420000076293945,8.592499732971191,8.398332595825195,8.546667098999023,6824400
2013-02-05,7.853452682495117,8.664999961853027,8.740833282470703,8.541666984558105,8.558333396911621,6936000
2013-02-06,7.876112937927246,8.6899995803833,8.703332901000977,8.560832977294922,8.578332901000977,5599200
2013-02-07,7.847409725189209,8.658332824707031,8.716667175292969,8.464166641235352,8.69333267211914,5928000
2013-02-08,7.968258857727051,8.791666984558105,8.80916690826416,8.696666717529297,8.699999809265137,4688400
2013-02-11,7.964480876922607,8.787500381469727,8.810832977294922,8.725000381469727,8.789167404174805,4231200
2013-02-12,8.00753116607666,8.835000038146973,8.879166603088379,8.761667251586914,8.791666984558105,5203200
2013-02-13,8.024904251098633,8.854166984558105,8.9350004196167,8.778332710266113,8.888333320617676,3920400
2013-02-14,8.049829483032227,8.881667137145996,8.910833358764648,8.743332862854004,8.770000457763672,3390000
2013-02-15,8.01357364654541,8.841667175292969,8.929166793823242,8.75,8.903332710266113,4564800
2013-02-19,8.183513641357422,9.029167175292969,9.044166564941406,8.888333320617676,8.888333320617676,3420000
2013-02-20,7.886687278747559,8.701666831970215,9.032500267028809,8.698332786560059,9.021666526794434,5316000
2013-02-21,7.737895488739014,8.537500381469727,8.632499694824219,8.458333015441895,8.62833309173584,7512000
2013-02-22,7.9697675704956055,8.793333053588867,8.793333053588867,8.601667404174805,8.664167404174805,6162000
2013-02-25,7.5211286544799805,8.298333168029785,8.953332901000977,8.295000076293945,8.924166679382324,8290800
2013-02-26,7.667652606964111,8.460000038146973,8.487500190734863,8.245833396911621,8.40666675567627,6901200
2013-02-27,7.951641082763672,8.773332595825195,8.85083293914795,8.420832633972168,8.444999694824219,7502400
2013-02-28,7.88517427444458,8.699999809265137,8.939167022705078,8.699999809265137,8.778332710266113,6222000
2013-03-01,7.992427349090576,8.81833267211914,8.850000381469727,8.515832901000977,8.635832786560059,7041600
2013-03-04,8.111005783081055,8.949167251586914,8.949167251586914,8.713333129882812,8.750832557678223,4765200
2013-03-05,8.33532428741455,9.196666717529297,9.265832901000977,9.085000038146973,9.085000038146973,6762000
2013-03-06,8.370823860168457,9.235833168029785,9.299166679382324,9.174166679382324,9.295000076293945,6070800
2013-03-07,8.415386199951172,9.28499984741211,9.317500114440918,9.241666793823242,9.268333435058594,2670000
2013-03-08,8.523390769958496,9.404167175292969,9.436667442321777,9.261667251586914,9.404167175292969,7255200
2013-03-11,8.60949420928955,9.499167442321777,9.508333206176758,9.345832824707031,9.383333206176758,3630000
2013-03-12,8.56191349029541,9.446666717529297,9.516667366027832,9.356666564941406,9.488332748413086,8630400
2013-03-13,8.588346481323242,9.47583293914795,9.520833015441895,9.364167213439941,9.460000038146973,7592400
2013-03-14,8.731093406677246,9.633333206176758,9.641667366027832,9.542499542236328,9.552499771118164,6496800
2013-03-15,8.696351051330566,9.595000267028809,9.631667137145996,9.5,9.599166870117188,6586800
2013-03-18,8.547561645507812,9.430832862854004,9.557499885559082,9.292499542236328,9.319999694824219,7956000
2013-03-19,8.499225616455078,9.3774995803833,9.52750015258789,9.186667442321777,9.494999885559082,11726400
2013-03-20,8.659344673156738,9.554166793823242,9.613332748413086,9.486666679382324,9.532500267028809,6926400
2013-03-21,8.449373245239258,9.322500228881836,9.491666793823242,9.271666526794434,9.391667366027832,9889200
2013-03-22,8.6359281539917,9.528332710266113,9.53499984741211,9.385832786560059,9.40250015258789,7125600
2013-03-25,8.554354667663574,9.438332557678223,9.666666984558105,9.324167251586914,9.619999885559082,9177600
2013-03-26,8.739404678344727,9.642499923706055,9.65250015258789,9.509166717529297,9.543333053588867,5844000
2013-03-27,8.73865032196045,9.641667366027832,9.653332710266113,9.426667213439941,9.47249984741211,8599200
2013-03-28,8.790762901306152,9.699167251586914,9.764166831970215,9.585000038146973,9.632499694824219,7928400
2013-04-01,8.71976375579834,9.620833396911621,9.779167175292969,9.548333168029785,9.720000267028809,6032400
2013-04-02,8.841368675231934,9.755000114440918,9.829999923706055,9.675000190734863,9.725000381469727,4052400
2013-04-03,8.555869102478027,9.4399995803833,9.792499542236328,9.385000228881836,9.779999732971191,5455600
2013-04-04,8.675958633422852,9.572500228881836,9.6274995803833,9.4375,9.494999885559082,2979600
2013-04-05,8.562667846679688,9.447500228881836,9.475000381469727,9.1875,9.225000381469727,4606400
2013-04-08,8.734871864318848,9.637499809265137,9.637499809265137,9.3725004196167,9.467499732971191,3545600
2013-04-09,8.807379722595215,9.717499732971191,9.837499618530273,9.595000267028809,9.6899995803833,3929600
2013-04-10,9.151788711547852,10.09749984741211,10.1225004196167,9.805000305175781,9.8149995803833,4164800
2013-04-11,9.237893104553223,10.192500114440918,10.287500381469727,10.072500228881836,10.104999542236328,3612800
2013-04-12,9.16765022277832,10.114999771118164,10.157500267028809,9.947500228881836,10.085000038146973,4759600
2013-04-15,8.546805381774902,9.430000305175781,9.982500076293945,9.412500381469727,9.957500457763672,7358400
2013-04-16,8.904808044433594,9.824999809265137,9.842499732971191,9.555000305175781,9.6274995803833,4720800
2013-04-17,8.499225616455078,9.3774995803833,9.619999885559082,9.244999885559082,9.619999885559082,6433600
2013-04-18,8.3655366897583,9.229999542236328,9.449999809265137,9.114999771118164,9.4399995803833,4934400
2013-04-19,8.56040096282959,9.444999694824219,9.470000267028809,9.217499732971191,9.287500381469727,4045600
2013-04-22,8.675958633422852,9.572500228881836,9.647500038146973,9.322500228881836,9.507499694824219,4337200
2013-04-23,8.963723182678223,9.890000343322754,9.899999618530273,9.587499618530273,9.732500076293945,4980000
2013-04-24,8.986379623413086,9.914999961853027,9.975000381469727,9.829999923706055,9.885000228881836,3147600
2013-04-25,9.08834457397461,10.02750015258789,10.154999732971191,9.9375,9.975000381469727,3620800
2013-04-26,9.049823760986328,9.984999656677246,10.029999732971191,9.864999771118164,9.982500076293945,2917600
2013-04-29,9.215230941772461,10.167499542236328,10.229999542236328,10.0,10.045000076293945,4088400
2013-04-30,9.276412010192871,10.234999656677246,10.242500305175781,10.029999732971191,10.162500381469727,3910800
2013-05-01,9.038494110107422,9.97249984741211,10.180000305175781,9.927499771118164,10.167499542236328,5025200
2013-05-02,9.27414608001709,10.232500076293945,10.262499809265137,10.015000343322754,10.042499542236328,3539600
2013-05-03,9.546048164367676,10.532500267028809,10.647500038146973,10.489999771118164,10.507499694824219,5336000
2013-05-06,9.641213417053223,10.637499809265137,10.675000190734863,10.5600004196167,10.574999809265137,2822400
2013-05-07,9.774900436401367,10.78499984741211,10.797499656677246,10.612500190734863,10.699999809265137,2216800
2013-05-08,9.919915199279785,10.944999694824219,10.947500228881836,10.742500305175781,10.762499809265137,2529600
2013-05-09,9.831546783447266,10.84749984741211,11.007499694824219,10.760000228881836,10.922499656677246,3724400
2013-05-10,9.931242942810059,10.957500457763672,10.960000038146973,10.770000457763672,10.8725004196167,2814800
2013-05-13,9.951635360717773,10.979999542236328,11.024999618530273,10.835000038146973,10.904999732971191,2467200
2013-05-14,10.264323234558105,11.324999809265137,11.337499618530273,10.994999885559082,10.994999885559082,2983600
2013-05-15,10.411604881286621,11.487500190734863,11.5625,11.2524995803833,11.272500038146973,3564400
2013-05-16,10.280184745788574,11.342499732971191,11.547499656677246,11.287500381469727,11.430000305175781,3909600
2013-05-17,10.570215225219727,11.662500381469727,11.680000305175781,11.417499542236328,11.457500457763672,4243600
2013-05-20,10.567947387695312,11.65999984741211,11.797499656677246,11.592499732971191,11.635000228881836,4353200
2013-05-21,10.608733177185059,11.704999923706055,11.842499732971191,11.572500228881836,11.694999694824219,5312800
2013-05-22,10.388946533203125,11.462499618530273,12.109999656677246,11.28499984741211,11.757499694824219,10788400
2013-05-23,10.296045303344727,11.359999656677246,11.4375,11.03499984741211,11.082500457763672,5365200
2013-05-24,10.259791374206543,11.319999694824219,11.319999694824219,11.047499656677246,11.145000457763672,3883200
2013-05-28,10.445589065551758,11.524999618530273,11.824999809265137,11.422499656677246,11.6899995803833,5689200
2013-05-29,10.248461723327637,11.307499885559082,11.412500381469727,11.114999771118164,11.332500457763672,5440000
2013-05-30,10.348160743713379,11.417499542236328,11.572500228881836,11.300000190734863,11.3149995803833,3346800
2013-05-31,9.913117408752441,10.9375,11.507499694824219,10.880000114440918,11.3149995803833,5643600
2013-06-03,10.055865287780762,11.095000267028809,11.125,10.762499809265137,11.0,7573600
2013-06-04,9.926711082458496,10.952500343322754,11.2524995803833,10.774999618530273,11.114999771118164,7122400
2013-06-05,9.493931770324707,10.475000381469727,10.912500381469727,10.454999923706055,10.845000267028809,9662800
2013-06-06,9.756772994995117,10.765000343322754,10.765000343322754,10.28499984741211,10.462499618530273,6877200
2013-06-07,10.114775657653809,11.15999984741211,11.197500228881836,10.850000381469727,10.987500190734863,6889200
2013-06-10,10.128373146057129,11.175000190734863,11.295000076293945,11.085000038146973,11.27750015258789,3951600
2013-06-11,9.822479248046875,10.837499618530273,11.117500305175781,10.762499809265137,10.859999656677246,9634400
2013-06-12,9.577770233154297,10.567500114440918,11.082500457763672,10.52750015258789,11.052499771118164,12120800
2013-06-13,9.999220848083496,11.032500267028809,11.092499732971191,10.47249984741211,10.539999961853027,9780800
2013-06-14,9.811151504516602,10.824999809265137,11.1274995803833,10.774999618530273,11.0024995803833,9806800
2013-06-17,10.051334381103516,11.09000015258789,11.232500076293945,10.907500267028809,11.055000305175781,11212400
2013-06-18,10.271122932434082,11.332500457763672,11.392499923706055,11.102499961853027,11.109999656677246,9158800
2013-06-19,9.872330665588379,10.892499923706055,11.369999885559082,10.857500076293945,11.317500114440918,13709600
2013-06-20,9.122335433959961,10.0649995803833,10.600000381469727,9.977499961853027,10.555000305175781,17852800
2013-06-21,9.208436012268066,10.15999984741211,10.287500381469727,9.857500076293945,10.257499694824219,16142400
2013-06-24,8.85722827911377,9.772500038146973,10.032500267028809,9.517499923706055,9.837499618530273,15408000
2013-06-25,9.11780071258545,10.0600004196167,10.15999984741211,9.84000015258789,10.037500381469727,12646000
2013-06-26,9.36931037902832,10.337499618530273,10.414999961853027,10.180000305175781,10.297499656677246,11986400
2013-06-27,9.539252281188965,10.524999618530273,10.670000076293945,10.505000114440918,10.52750015258789,13806800
2013-06-28,9.34665298461914,10.3125,10.59000015258789,10.287500381469727,10.4399995803833,13644800
2013-07-01,9.584568977355957,10.574999809265137,10.795000076293945,10.517499923706055,10.567500114440918,13886800
2013-07-02,9.53698444366455,10.522500038146973,10.760000228881836,10.40999984741211,10.524999618530273,13625200
2013-07-03,9.568706512451172,10.557499885559082,10.657500267028809,10.354999542236328,10.404999732971191,6893200
2013-07-05,9.872330665588379,10.892499923706055,10.912500381469727,10.567500114440918,10.795000076293945,7974400
2013-07-08,10.044536590576172,11.082500457763672,11.180000305175781,11.015000343322754,11.072500228881836,6354800
2013-07-09,10.264323234558105,11.324999809265137,11.367500305175781,11.15250015258789,11.292499542236328,8708800
2013-07-10,10.27338695526123,11.335000038146973,11.452500343322754,11.225000381469727,11.305000305175781,8383200
2013-07-11,10.70163631439209,11.807499885559082,11.837499618530273,11.617500305175781,11.737500190734863,8938400
2013-07-12,10.697101593017578,11.802499771118164,11.887499809265137,11.737500190734863,11.795000076293945,7351600
2013-07-15,10.837584495544434,11.957500457763672,12.005000114440918,11.852499961853027,11.917499542236328,6808400
2013-07-16,10.70616626739502,11.8125,11.992500305175781,11.72249984741211,11.975000381469727,9298800
2013-07-17,10.789999961853027,11.904999732971191,12.015000343322754,11.857500076293945,11.952500343322754,10053600
2013-07-18,10.978068351745605,12.112500190734863,12.1850004196167,11.962499618530273,11.975000381469727,10130800
2013-07-19,11.036981582641602,12.177499771118164,12.177499771118164,11.982500076293945,12.029999732971191,6259200
2013-07-22,11.091361999511719,12.237500190734863,12.287500381469727,12.130000114440918,12.212499618530273,5338400
2013-07-23,11.030181884765625,12.170000076293945,12.307499885559082,12.140000343322754,12.302499771118164,7097600
2013-07-24,10.898762702941895,12.024999618530273,12.3100004196167,11.949999809265137,12.300000190734863,10986800
2013-07-25,10.987130165100098,12.1225004196167,12.135000228881836,11.897500038146973,11.947500228881836,6061200
2013-07-26,11.000724792480469,12.137499809265137,12.154999732971191,11.805000305175781,11.954999923706055,6882400
2013-07-29,10.90329647064209,12.029999732971191,12.135000228881836,11.9350004196167,12.052499771118164,5340000
2013-07-30,10.90329647064209,12.029999732971191,12.177499771118164,11.949999809265137,12.149999618530273,6520000
2013-07-31,10.930484771728516,12.0600004196167,12.300000190734863,12.010000228881836,12.107500076293945,8762800
2013-08-01,11.297554016113281,12.46500015258789,12.505000114440918,12.3125,12.327500343322754,6254000
2013-08-02,11.354198455810547,12.52750015258789,12.537500381469727,12.342499732971191,12.390000343322754,6204400
2013-08-05,11.31794548034668,12.487500190734863,12.537500381469727,12.404999732971191,12.457500457763672,3792800
2013-08-06,11.129881858825684,12.279999732971191,12.4375,12.1850004196167,12.407500267028809,6195200
2013-08-07,11.014320373535156,12.15250015258789,12.194999694824219,12.010000228881836,12.15250015258789,6034800
2013-08-08,11.11628532409668,12.265000343322754,12.354999542236328,12.092499732971191,12.324999809265137,7314800
2013-08-09,11.034714698791504,12.175000190734863,12.337499618530273,12.045000076293945,12.22249984741211,5729200
2013-08-12,10.982600212097168,12.117500305175781,12.170000076293945,11.97249984741211,11.984999656677246,4086800
2013-08-13,11.09362506866455,12.239999771118164,12.289999961853027,11.977499961853027,12.182499885559082,5416800
2013-08-14,10.919157028198242,12.047499656677246,12.267499923706055,12.03499984741211,12.217499732971191,3779600
2013-08-15,10.443325996398926,11.522500038146973,11.755000114440918,11.475000381469727,11.75,7556800
2013-08-16,10.366284370422363,11.4375,11.587499618530273,11.352499961853027,11.467499732971191,5684800
2013-08-19,10.153298377990723,11.202500343322754,11.4975004196167,11.199999809265137,11.390000343322754,5990000
2013-08-20,10.302844047546387,11.367500305175781,11.492500305175781,11.220000267028809,11.257499694824219,5524800
2013-08-21,10.11931037902832,11.164999961853027,11.454999923706055,11.077500343322754,11.272500038146973,8753600
2013-08-22,10.379884719848633,11.452500343322754,11.505000114440918,11.225000381469727,11.227499961853027,5775600
2013-08-23,10.486377716064453,11.569999694824219,11.614999771118164,11.399999618530273,11.5600004196167,4478400
2013-08-26,10.368548393249512,11.4399995803833,11.71500015258789,11.422499656677246,11.607500076293945,6435200
2013-08-27,9.872330665588379,10.892499923706055,11.229999542236328,10.862500190734863,11.09749984741211,10686800
2013-08-28,9.967497825622559,10.9975004196167,11.117500305175781,10.832500457763672,10.882499694824219,7792000
2013-08-29,10.024141311645508,11.0600004196167,11.229999542236328,10.90999984741211,10.925000190734863,5964800
2013-08-30,9.913117408752441,10.9375,11.119999885559082,10.852499961853027,11.119999885559082,8151600
2013-09-03,10.046804428100586,11.085000038146973,11.332500457763672,10.957500457763672,11.262499809265137,8747600
2013-09-04,10.309640884399414,11.375,11.422499656677246,11.045000076293945,11.107500076293945,6266400
2013-09-05,10.327766418457031,11.395000457763672,11.5,11.364999771118164,11.390000343322754,4837200
2013-09-06,10.350427627563477,11.420000076293945,11.617500305175781,11.104999542236328,11.517499923706055,8376400
2013-09-09,10.658584594726562,11.760000228881836,11.774999618530273,11.512499809265137,11.512499809265137,6566800
2013-09-10,10.88516902923584,12.010000228881836,12.022500038146973,11.890000343322754,11.962499618530273,9010400
2013-09-11,10.998462677001953,12.135000228881836,12.135000228881836,11.907500267028809,11.970000267028809,4600400
2013-09-12,10.912357330322266,12.039999961853027,12.162500381469727,11.982500076293945,12.117500305175781,5678000
2013-09-13,10.973538398742676,12.107500076293945,12.137499809265137,11.987500190734863,12.069999694824219,2934000
2013-09-16,11.166133880615234,12.319999694824219,12.522500038146973,12.265000343322754,12.510000228881836,5912800
2013-09-17,11.306617736816406,12.475000381469727,12.492500305175781,12.350000381469727,12.350000381469727,3184000
2013-09-18,11.721268653869629,12.932499885559082,13.020000457763672,12.3774995803833,12.467499732971191,7117600
2013-09-19,11.664623260498047,12.869999885559082,13.037500381469727,12.817500114440918,13.022500038146973,7936800
2013-09-20,11.406312942504883,12.585000038146973,12.944999694824219,12.555000305175781,12.944999694824219,6187600
2013-09-23,11.259034156799316,12.422499656677246,12.5649995803833,12.289999961853027,12.53499984741211,6903200
2013-09-24,11.177464485168457,12.332500457763672,12.542499542236328,12.257499694824219,12.404999732971191,4934400
2013-09-25,11.077766418457031,12.22249984741211,12.407500267028809,12.182499885559082,12.34749984741211,10595600
2013-09-26,11.193323135375977,12.350000381469727,12.454999923706055,12.220000267028809,12.28499984741211,7089200
2013-09-27,11.052838325500488,12.194999694824219,12.229999542236328,12.085000038146973,12.162500381469727,5462400
2013-09-30,10.88516902923584,12.010000228881836,12.102499961853027,11.807499885559082,11.869999885559082,7094400
2013-10-01,11.127613067626953,12.27750015258789,12.302499771118164,11.989999771118164,12.020000457763672,7173200
2013-10-02,11.075502395629883,12.220000267028809,12.237500190734863,11.942500114440918,12.047499656677246,7097600
2013-10-03,10.778672218322754,11.892499923706055,12.175000190734863,11.725000381469727,12.149999618530273,10897200
2013-10-04,11.012055397033691,12.149999618530273,12.197500228881836,11.869999885559082,11.922499656677246,4180400
2013-10-07,10.733354568481445,11.842499732971191,12.0600004196167,11.807499885559082,11.84749984741211,4809200
2013-10-08,10.352691650390625,11.422499656677246,11.885000228881836,11.40999984741211,11.84000015258789,9210400
2013-10-09,10.379884719848633,11.452500343322754,11.579999923706055,11.234999656677246,11.5024995803833,13901600
2013-10-10,11.052838325500488,12.194999694824219,12.212499618530273,11.792499542236328,11.800000190734863,9574000
2013-10-11,11.26583194732666,12.430000305175781,12.442500114440918,12.109999656677246,12.147500038146973,6400800
2013-10-14,11.408580780029297,12.587499618530273,12.607500076293945,12.170000076293945,12.204999923706055,8690000
2013-10-15,11.145737648010254,12.297499656677246,12.617500305175781,12.257499694824219,12.475000381469727,12127600
2013-10-16,11.617040634155273,12.817500114440918,12.835000038146973,12.507499694824219,12.532500267028809,11862000
2013-10-17,11.854952812194824,13.079999923706055,13.095000267028809,12.657500267028809,12.657500267028809,8401600
2013-10-18,12.07247543334961,13.319999694824219,13.364999771118164,13.140000343322754,13.225000381469727,10884000
2013-10-21,12.097400665283203,13.34749984741211,13.420000076293945,13.25,13.350000381469727,6538800
2013-10-22,12.278665542602539,13.547499656677246,13.6875,13.40250015258789,13.457500457763672,8547600
2013-10-23,12.124588012695312,13.3774995803833,13.447500228881836,13.237500190734863,13.432499885559082,4850800
2013-10-24,12.235620498657227,13.5,13.555000305175781,13.362500190734863,13.449999809265137,3440000
2013-10-25,12.401025772094727,13.682499885559082,13.692500114440918,13.507499694824219,13.582500457763672,8237200
2013-10-28,12.46673583984375,13.755000114440918,13.807499885559082,13.632499694824219,13.675000190734863,3989200
2013-10-29,12.670662879943848,13.979999542236328,13.982500076293945,13.792499542236328,13.84000015258789,5289600
2013-10-30,12.473533630371094,13.762499809265137,14.055000305175781,13.614999771118164,14.02750015258789,6814800
2013-10-31,12.339844703674316,13.614999771118164,13.897500038146973,13.582500457763672,13.737500190734863,8371200
2013-11-01,12.453137397766113,13.739999771118164,13.824999809265137,13.505000114440918,13.697500228881836,7354000
2013-11-04,12.582293510437012,13.882499694824219,13.897500038146973,13.725000381469727,13.854999542236328,5557200
2013-11-05,12.464468002319336,13.7524995803833,13.859999656677246,13.582500457763672,13.720000267028809,4937600
2013-11-06,12.641206741333008,13.947500228881836,14.03499984741211,13.8125,13.930000305175781,3540000
2013-11-07,12.181236267089844,13.4399995803833,14.067500114440918,13.390000343322754,14.050000190734863,9415200
2013-11-08,12.663863182067871,13.97249984741211,13.97249984741211,13.412500381469727,13.412500381469727,6353200
2013-11-11,12.654801368713379,13.962499618530273,14.024999618530273,13.880000114440918,13.944999694824219,3614400
2013-11-12,12.591358184814453,13.892499923706055,13.979999542236328,13.75,13.887499809265137,6736800
2013-11-13,12.883651733398438,14.21500015258789,14.229999542236328,13.680000305175781,13.680000305175781,6988000
2013-11-14,13.096644401550293,14.449999809265137,14.47249984741211,14.194999694824219,14.257499694824219,5678800
2013-11-15,13.262048721313477,14.632499694824219,14.632499694824219,14.454999923706055,14.5,5292000
2013-11-18,13.126097679138184,14.482500076293945,14.732500076293945,14.3725004196167,14.694999694824219,6632400
2013-11-19,13.035465240478516,14.382499694824219,14.577500343322754,14.300000190734863,14.452500343322754,7285200
2013-11-20,12.91310977935791,14.2475004196167,14.585000038146973,14.119999885559082,14.46500015258789,6954800
2013-11-21,13.214468002319336,14.579999923706055,14.612500190734863,14.332500457763672,14.359999656677246,3990800
2013-11-22,13.400267601013184,14.78499984741211,14.807499885559082,14.547499656677246,14.595000267028809,6272800
2013-11-25,13.384405136108398,14.767499923706055,14.882499694824219,14.6899995803833,14.882499694824219,5888000
2013-11-26,13.384405136108398,14.767499923706055,14.897500038146973,14.697500228881836,14.782500267028809,6874400
2013-11-27,13.470507621765137,14.862500190734863,14.90250015258789,14.755000114440918,14.807499885559082,4234000
2013-11-29,13.434256553649902,14.822500228881836,15.024999618530273,14.792499542236328,14.914999961853027,4952800
2013-12-02,13.341354370117188,14.720000267028809,14.947500228881836,14.654999732971191,14.869999885559082,6920800
2013-12-03,13.189539909362793,14.552499771118164,14.6899995803833,14.392499923706055,14.582500457763672,8014000
2013-12-04,13.151023864746094,14.510000228881836,14.702500343322754,14.182499885559082,14.385000228881836,13832400
2013-12-05,12.992411613464355,14.335000038146973,14.520000457763672,14.297499656677246,14.449999809265137,7264800
2013-12-06,13.41612720489502,14.802499771118164,14.850000381469727,14.619999885559082,14.757499694824219,9162000
2013-12-09,13.522624969482422,14.920000076293945,14.984999656677246,14.864999771118164,14.9375,6886000
2013-12-10,13.391206741333008,14.774999618530273,14.90999984741211,14.734999656677246,14.819999694824219,5458000
2013-12-11,12.922174453735352,14.257499694824219,14.782500267028809,14.210000038146973,14.782500267028809,7659600
2013-12-12,12.799816131591797,14.1225004196167,14.295000076293945,14.032500267028809,14.232500076293945,8197600
2013-12-13,12.78168773651123,14.102499961853027,14.25,14.037500381469727,14.210000038146973,4555600
2013-12-16,13.028665542602539,14.375,14.517499923706055,14.302499771118164,14.3149995803833,6597200
2013-12-17,12.885916709899902,14.217499732971191,14.422499656677246,14.142499923706055,14.414999961853027,5388800
2013-12-18,13.558876991271973,14.960000038146973,14.97249984741211,13.912500381469727,14.297499656677246,12209600
2013-12-19,13.53622055053711,14.9350004196167,14.96500015258789,14.727499961853027,14.84000015258789,8282000
2013-12-20,13.758273124694824,15.180000305175781,15.28499984741211,14.952500343322754,14.952500343322754,8705200
2013-12-23,13.973526000976562,15.417499542236328,15.447500228881836,15.3125,15.399999618530273,5641200
2013-12-24,14.075490951538086,15.529999732971191,15.53499984741211,15.412500381469727,15.422499656677246,3255600
2013-12-26,14.283950805664062,15.760000228881836,15.77750015258789,15.617500305175781,15.6274995803833,4340400
2013-12-27,14.277153015136719,15.7524995803833,15.835000038146973,15.697500228881836,15.817500114440918,3591600
2013-12-30,14.26129150390625,15.734999656677246,15.782500267028809,15.680000305175781,15.75,2423200
2013-12-31,14.456153869628906,15.949999809265137,15.954999923706055,15.755000114440918,15.8100004196167,5003600
2014-01-02,14.057366371154785,15.510000228881836,15.792499542236328,15.387499809265137,15.779999732971191,7051600
2014-01-03,14.018848419189453,15.467499732971191,15.667499542236328,15.427499771118164,15.579999923706055,4602000
2014-01-06,13.912348747253418,15.350000381469727,15.654999732971191,15.282500267028809,15.640000343322754,8258000
2014-01-07,14.168391227722168,15.632499694824219,15.712499618530273,15.510000228881836,15.547499656677246,5520800
2014-01-08,14.175190925598145,15.640000343322754,15.717499732971191,15.482500076293945,15.635000228881836,6790400
2014-01-09,14.200113296508789,15.667499542236328,15.797499656677246,15.460000038146973,15.789999961853027,6438000
2014-01-10,14.304344177246094,15.782500267028809,15.817500114440918,15.510000228881836,15.7524995803833,6004400
2014-01-13,13.758273124694824,15.180000305175781,15.805000305175781,15.079999923706055,15.675000190734863,7867600
2014-01-14,14.19105052947998,15.657500267028809,15.6850004196167,15.234999656677246,15.3125,5927200
2014-01-15,14.424430847167969,15.914999961853027,15.984999656677246,15.75,15.767499923706055,6465200
2014-01-16,14.36325740814209,15.84749984741211,15.869999885559082,15.699999809265137,15.817500114440918,4487200
2014-01-17,14.172924041748047,15.637499809265137,15.854999542236328,15.567500114440918,15.772500038146973,5635200
2014-01-21,14.308874130249023,15.787500381469727,15.932499885559082,15.492500305175781,15.925000190734863,5264800
2014-01-22,14.333797454833984,15.8149995803833,15.882499694824219,15.71500015258789,15.867500305175781,5734000
2014-01-23,13.982592582702637,15.427499771118164,15.582500457763672,15.177499771118164,15.579999923706055,8795600
2014-01-24,13.076251029968262,14.427499771118164,15.135000228881836,14.427499771118164,15.1225004196167,15620400
2014-01-27,12.888182640075684,14.220000267028809,14.585000038146973,14.005000114440918,14.484999656677246,14215600
2014-01-28,13.123834609985352,14.479999542236328,14.52750015258789,14.244999885559082,14.255000114440918,7050400
2014-01-29,12.731839179992676,14.047499656677246,14.34749984741211,13.944999694824219,14.1274995803833,8257200
2014-01-30,13.148756980895996,14.507499694824219,14.635000228881836,14.274999618530273,14.40999984741211,9108800
2014-01-31,12.899513244628906,14.232500076293945,14.515000343322754,13.942500114440918,13.97249984741211,9179600
2014-02-03,12.033954620361328,13.27750015258789,14.28499984741211,13.197500228881836,14.1875,21674800
2014-02-04,12.285468101501465,13.555000305175781,13.654999732971191,13.3149995803833,13.460000038146973,13081600
2014-02-05,12.22882080078125,13.492500305175781,13.595000267028809,13.170000076293945,13.407500267028809,7779600
2014-02-06,12.70918083190918,14.022500038146973,14.032500267028809,13.602499961853027,13.602499961853027,7724400
2014-02-07,13.200872421264648,14.5649995803833,14.600000381469727,14.09749984741211,14.229999542236328,12381600
2014-02-10,13.257518768310547,14.6274995803833,14.649999618530273,14.442500114440918,14.5625,7862400
2014-02-11,13.69482707977295,15.109999656677246,15.229999542236328,14.65250015258789,14.6899995803833,7558800
2014-02-12,13.73787784576416,15.157500267028809,15.324999809265137,15.052499771118164,15.1875,7734800
2014-02-13,13.93500804901123,15.375,15.420000076293945,14.822500228881836,14.837499618530273,12613200
2014-02-14,14.159330368041992,15.6225004196167,15.710000038146973,15.287500381469727,15.34000015258789,9141600
2014-02-18,14.20917797088623,15.677499771118164,15.744999885559082,15.53499984741211,15.65999984741211,5552000
2014-02-19,13.93500804901123,15.375,15.862500190734863,15.329999923706055,15.557499885559082,13062000
2014-02-20,14.170659065246582,15.635000228881836,15.742500305175781,15.267499923706055,15.422499656677246,10671600
2014-02-21,14.129873275756836,15.59000015258789,15.837499618530273,15.557499885559082,15.732500076293945,4687200
2014-02-24,14.327000617980957,15.807499885559082,16.157499313354492,15.664999961853027,15.6850004196167,10546800
2014-02-25,14.329268455505371,15.8100004196167,16.012500762939453,15.667499542236328,15.8774995803833,7128000
2014-02-26,14.340598106384277,15.822500228881836,16.012500762939453,15.6875,15.899999618530273,4834800
2014-02-27,14.5717134475708,16.077499389648438,16.077499389648438,15.710000038146973,15.7524995803833,9280800
2014-02-28,14.680474281311035,16.197500228881836,16.412500381469727,15.869999885559082,16.0625,11879200
2014-03-03,14.35645866394043,15.84000015258789,15.967499732971191,15.52750015258789,15.767499923706055,14517200
2014-03-04,14.997698783874512,16.547500610351562,16.61750030517578,16.3075008392334,16.322500228881836,7664800
2014-03-05,14.984097480773926,16.532499313354492,16.647499084472656,16.485000610351562,16.5575008392334,6802000
2014-03-06,15.115520477294922,16.677499771118164,16.790000915527344,16.602500915527344,16.6875,6210000
2014-03-07,15.120055198669434,16.6825008392334,16.88249969482422,16.475000381469727,16.862499237060547,10561200
2014-03-10,15.1041898727417,16.665000915527344,16.684999465942383,16.387500762939453,16.607500076293945,3594400
2014-03-11,14.8821382522583,16.420000076293945,16.8125,16.309999465942383,16.752500534057617,10941600
2014-03-12,14.89119815826416,16.43000030517578,16.447500228881836,16.0674991607666,16.190000534057617,5320800
2014-03-13,14.410839080810547,15.899999618530273,16.61750030517578,15.744999885559082,16.582500457763672,7755200
2014-03-14,14.254495620727539,15.727499961853027,16.030000686645508,15.6850004196167,15.792499542236328,9347600
2014-03-17,14.646485328674316,16.15999984741211,16.27750015258789,15.962499618530273,15.975000381469727,5725600
2014-03-18,14.965975761413574,16.512500762939453,16.575000762939453,16.219999313354492,16.25749969482422,6560800
2014-03-19,14.72126293182373,16.24250030517578,16.584999084472656,15.932499885559082,16.514999389648438,9406400
2014-03-20,14.979567527770996,16.52750015258789,16.5625,16.05500030517578,16.137500762939453,7272800
2014-03-21,14.80056381225586,16.329999923706055,16.860000610351562,16.292499542236328,16.737499237060547,6010400
2014-03-24,14.614766120910645,16.125,16.565000534057617,15.920000076293945,16.517499923706055,5649600
2014-03-25,14.832289695739746,16.364999771118164,16.522499084472656,16.092500686645508,16.364999771118164,4663200
2014-03-26,14.499208450317383,15.9975004196167,16.625,15.994999885559082,16.55500030517578,6104800
2014-03-27,14.428964614868164,15.920000076293945,16.09749984741211,15.725000381469727,15.947500228881836,6171200
2014-03-28,14.619296073913574,16.1299991607666,16.3700008392334,16.0049991607666,16.032499313354492,4215600
2014-03-31,14.98183536529541,16.530000686645508,16.602500915527344,16.392499923706055,16.440000534057617,4538000
2014-04-01,15.274131774902344,16.852500915527344,16.88249969482422,16.647499084472656,16.697500228881836,4354800
2014-04-02,15.425942420959473,17.020000457763672,17.092500686645508,16.832500457763672,16.93000030517578,4244400
2014-04-03,15.362496376037598,16.950000762939453,17.1200008392334,16.80500030517578,17.112499237060547,3248800
2014-04-04,14.830018997192383,16.362499237060547,17.247499465942383,16.270000457763672,17.235000610351562,7689600
2014-04-07,14.322471618652344,15.802499771118164,16.3125,15.71500015258789,16.229999542236328,8202800
2014-04-08,14.50600528717041,16.0049991607666,16.082500457763672,15.619999885559082,15.797499656677246,6736000
2014-04-09,14.979567527770996,16.52750015258789,16.532499313354492,16.0,16.1299991607666,5480400
2014-04-10,14.030171394348145,15.479999542236328,16.537500381469727,15.420000076293945,16.510000228881836,7940000
2014-04-11,13.644978523254395,15.055000305175781,15.537500381469727,15.010000228881836,15.225000381469727,6743200
2014-04-14,13.973526000976562,15.417499542236328,15.515000343322754,15.045000076293945,15.412500381469727,6520000
2014-04-15,14.254495620727539,15.727499961853027,15.760000228881836,15.050000190734863,15.512499809265137,9829200
2014-04-16,14.689538955688477,16.207500457763672,16.22249984741211,15.845000267028809,16.042499542236328,6716400
2014-04-17,14.750716209411621,16.274999618530273,16.415000915527344,16.0674991607666,16.15999984741211,5137600
2014-04-21,14.918389320373535,16.459999084472656,16.46500015258789,16.232500076293945,16.287500381469727,3591200
2014-04-22,15.099658966064453,16.65999984741211,16.809999465942383,16.477500915527344,16.4950008392334,6145200
2014-04-23,15.015820503234863,16.5674991607666,16.6825008392334,16.522499084472656,16.649999618530273,3158000
2014-04-24,15.1041898727417,16.665000915527344,16.8075008392334,16.427499771118164,16.8075008392334,5153200
2014-04-25,14.728059768676758,16.25,16.524999618530273,16.135000228881836,16.479999542236328,4324800
2014-04-28,14.870808601379395,16.407499313354492,16.610000610351562,15.904999732971191,16.4424991607666,7545200
2014-04-29,15.065668106079102,16.622499465942383,16.700000762939453,16.450000762939453,16.5625,3984800
2014-04-30,15.22428035736084,16.797500610351562,16.825000762939453,16.477500915527344,16.549999237060547,4364000
2014-05-01,15.21295166015625,16.78499984741211,16.915000915527344,16.625,16.762500762939453,4585600
2014-05-02,15.151776313781738,16.717500686645508,16.9950008392334,16.637500762939453,16.780000686645508,4550400
2014-05-05,15.233343124389648,16.8075008392334,16.832500457763672,16.327499389648438,16.467500686645508,3796800
2014-05-06,14.848146438598633,16.38249969482422,16.72249984741211,16.357500076293945,16.677499771118164,5472400
2014-05-07,15.099658966064453,16.65999984741211,16.670000076293945,16.162500381469727,16.542499542236328,4628000
2014-05-08,15.047545433044434,16.602500915527344,16.952499389648438,16.4424991607666,16.584999084472656,3796400
2014-05-09,15.108719825744629,16.670000076293945,16.6875,16.375,16.587499618530273,6406400
2014-05-12,15.536970138549805,17.142499923706055,17.177499771118164,16.877500534057617,16.897499084472656,6417200
2014-05-13,15.582286834716797,17.1924991607666,17.327499389648438,17.149999618530273,17.204999923706055,3362800
2014-05-14,15.371560096740723,16.959999084472656,17.177499771118164,16.8799991607666,17.15999984741211,2701200
2014-05-15,14.94558334350586,16.489999771118164,16.862499237060547,16.262500762939453,16.827499389648438,8344400
2014-05-16,15.126851081848145,16.690000534057617,16.6924991607666,16.327499389648438,16.53499984741211,3570000
2014-05-19,15.276392936706543,16.854999542236328,16.897499084472656,16.532499313354492,16.587499618530273,3617600
2014-05-20,14.984097480773926,16.532499313354492,16.829999923706055,16.407499313354492,16.825000762939453,5090800
2014-05-21,15.357963562011719,16.94499969482422,16.975000381469727,16.667499542236328,16.672500610351562,4451200
2014-05-22,15.478055000305176,17.077499389648438,17.177499771118164,16.885000228881836,16.96500015258789,2360800
2014-05-23,15.675185203552246,17.295000076293945,17.3174991607666,17.09749984741211,17.122499465942383,5000800
2014-05-27,15.949353218078613,17.59749984741211,17.612499237060547,17.454999923706055,17.475000381469727,2926800
2014-05-28,15.906304359436035,17.549999237060547,17.6825008392334,17.475000381469727,17.59000015258789,3287200
2014-05-29,16.16460609436035,17.834999084472656,17.834999084472656,17.547500610351562,17.690000534057617,3438000
2014-05-30,16.20539665222168,17.8799991607666,17.94499969482422,17.732500076293945,17.782499313354492,4064000
2014-06-02,16.28696632385254,17.969999313354492,18.0,17.71500015258789,17.987499237060547,2597200
2014-06-03,16.264307022094727,17.94499969482422,17.97249984741211,17.795000076293945,17.837499618530273,2091200
2014-06-04,16.341352462768555,18.030000686645508,18.084999084472656,17.797500610351562,17.834999084472656,4719200
2014-06-05,16.688020706176758,18.412500381469727,18.462499618530273,17.920000076293945,18.107500076293945,4975200
2014-06-06,16.9168758392334,18.665000915527344,18.6825008392334,18.502500534057617,18.53499984741211,2629600
2014-06-09,16.97805404663086,18.732500076293945,18.86750030517578,18.614999771118164,18.665000915527344,6100800
2014-06-10,16.975784301757812,18.729999542236328,18.729999542236328,18.540000915527344,18.65250015258789,3623200
2014-06-11,16.814912796020508,18.552499771118164,18.594999313354492,18.412500381469727,18.545000076293945,5716400
2014-06-12,16.438777923583984,18.137500762939453,18.50749969482422,18.020000457763672,18.46500015258789,7804400
2014-06-13,16.595125198364258,18.309999465942383,18.360000610351562,18.075000762939453,18.2450008392334,3983200
2014-06-16,16.62684440612793,18.344999313354492,18.462499618530273,18.170000076293945,18.22249984741211,5458400
2014-06-17,16.758264541625977,18.489999771118164,18.540000915527344,18.212499618530273,18.272499084472656,5774000
2014-06-18,17.12759780883789,18.897499084472656,18.9375,18.375,18.510000228881836,5672400
2014-06-19,17.18877410888672,18.96500015258789,19.00749969482422,18.774999618530273,18.962499618530273,8091600
2014-06-20,17.295272827148438,19.082500457763672,19.11750030517578,19.017499923706055,19.082500457763672,4066800
2014-06-23,17.28394317626953,19.06999969482422,19.112499237060547,18.962499618530273,19.100000381469727,5683200
2014-06-24,16.968990325927734,18.72249984741211,19.2450008392334,18.657499313354492,18.962499618530273,6796000
2014-06-25,17.186508178710938,18.962499618530273,19.02750015258789,18.59749984741211,18.607500076293945,8426400
2014-06-26,17.1547908782959,18.927499771118164,18.967500686645508,18.552499771118164,18.967500686645508,4283200
2014-06-27,17.240890502929688,19.022499084472656,19.049999237060547,18.767499923706055,18.78499984741211,4108000
2014-06-30,17.22956085205078,19.010000228881836,19.135000228881836,18.957500457763672,19.012500762939453,4178000
2014-07-01,17.57623863220215,19.392499923706055,19.5625,19.137500762939453,19.149999618530273,6634400
2014-07-02,17.619291305541992,19.440000534057617,19.512500762939453,19.36750030517578,19.389999389648438,3714400
2014-07-03,17.877593994140625,19.725000381469727,19.75,19.565000534057617,19.59749984741211,2851600
2014-07-07,17.705394744873047,19.53499984741211,19.657499313354492,19.4375,19.61750030517578,3352800
2014-07-08,17.363245010375977,19.157499313354492,19.4375,19.0,19.407499313354492,6580800
2014-07-09,17.57623863220215,19.392499923706055,19.447500228881836,19.167499542236328,19.295000076293945,4166000
2014-07-10,17.365510940551758,19.15999984741211,19.3174991607666,18.782499313354492,18.842500686645508,4504000
2014-07-11,17.451622009277344,19.2549991607666,19.282499313354492,19.002500534057617,19.137500762939453,4317600
2014-07-14,17.705394744873047,19.53499984741211,19.612499237060547,19.375,19.53499984741211,3899200
2014-07-15,17.603424072265625,19.422500610351562,19.672500610351562,19.170000076293945,19.5625,5163200
2014-07-16,17.791494369506836,19.6299991607666,19.725000381469727,19.477500915527344,19.6875,6401600
2014-07-17,17.18877410888672,18.96500015258789,19.674999237060547,18.88249969482422,19.462499618530273,12268000
2014-07-18,17.698598861694336,19.52750015258789,19.59749984741211,19.114999771118164,19.137500762939453,5028800
2014-07-21,17.605693817138672,19.424999237060547,19.479999542236328,19.162500381469727,19.34749984741211,4568000
2014-07-22,17.843605041503906,19.6875,19.78499984741211,19.587499618530273,19.642499923706055,7155600
2014-07-23,17.959169387817383,19.815000534057617,19.8799991607666,19.657499313354492,19.760000228881836,5906400
2014-07-24,17.959169387817383,19.815000534057617,19.940000534057617,19.752500534057617,19.88249969482422,4001200
2014-07-25,17.71445655822754,19.545000076293945,19.697500228881836,19.424999237060547,19.645000457763672,3288000
2014-07-28,17.721254348754883,19.552499771118164,19.642499923706055,19.21500015258789,19.549999237060547,4032800
2014-07-29,17.501461029052734,19.309999465942383,19.7450008392334,19.30500030517578,19.68000030517578,5811600
2014-07-30,17.505992889404297,19.315000534057617,19.587499618530273,19.079999923706055,19.520000457763672,7655600
2014-07-31,16.45464324951172,18.155000686645508,18.959999084472656,18.149999618530273,18.90999984741211,9218000
2014-08-01,16.309629440307617,17.9950008392334,18.337499618530273,17.739999771118164,18.00749969482422,7463200
2014-08-04,16.6585636138916,18.3799991607666,18.497499465942383,17.86750030517578,18.112499237060547,4571200
2014-08-05,16.16460609436035,17.834999084472656,18.297500610351562,17.649999618530273,18.149999618530273,6860000
2014-08-06,16.189529418945312,17.862499237060547,18.092500686645508,17.587499618530273,17.594999313354492,5022000
2014-08-07,15.917630195617676,17.5625,18.155000686645508,17.44499969482422,18.112499237060547,6742800
2014-08-08,16.46596908569336,18.167499542236328,18.209999084472656,17.552499771118164,17.677499771118164,5894400
2014-08-11,16.61324691772461,18.329999923706055,18.575000762939453,18.3125,18.385000228881836,5305600
2014-08-12,16.556598663330078,18.267499923706055,18.43000030517578,18.100000381469727,18.274999618530273,3828400
2014-08-13,16.901016235351562,18.647499084472656,18.690000534057617,18.385000228881836,18.479999542236328,5772800
2014-08-14,17.114004135131836,18.88249969482422,18.889999389648438,18.667499542236328,18.717500686645508,2928800
2014-08-15,17.12080192565918,18.889999389648438,19.149999618530273,18.475000381469727,19.09749984741211,6918800
2014-08-18,17.521854400634766,19.332500457763672,19.377500534057617,19.162500381469727,19.197500228881836,3976400
2014-08-19,17.786962509155273,19.625,19.69499969482422,19.4325008392334,19.469999313354492,3942000
2014-08-20,17.943307876586914,19.797500610351562,19.875,19.5625,19.5625,3469600
2014-08-21,18.11098289489746,19.982500076293945,20.052499771118164,19.8174991607666,19.864999771118164,5217600
2014-08-22,18.013553619384766,19.875,20.030000686645508,19.747499465942383,19.927499771118164,4864800
2014-08-25,18.292245864868164,20.1825008392334,20.282499313354492,20.09000015258789,20.1875,3058400
2014-08-26,18.33302879333496,20.227500915527344,20.372499465942383,20.209999084472656,20.239999771118164,3016000
2014-08-27,18.317171096801758,20.209999084472656,20.297500610351562,20.107500076293945,20.25,2183600
2014-08-28,18.283187866210938,20.172500610351562,20.200000762939453,19.9424991607666,20.0,4418800
2014-08-29,18.428199768066406,20.332500457763672,20.342500686645508,20.06999969482422,20.267499923706055,3538400
2014-09-02,18.39194107055664,20.292499542236328,20.427499771118164,20.077499389648438,20.427499771118164,3398800
2014-09-03,18.369287490844727,20.267499923706055,20.547500610351562,20.1924991607666,20.530000686645508,5055600
2014-09-04,18.265058517456055,20.15250015258789,20.59000015258789,20.012500762939453,20.354999542236328,6739200
2014-09-05,18.530160903930664,20.44499969482422,20.46500015258789,19.934999465942383,20.149999618530273,3683200
2014-09-08,18.3964786529541,20.297500610351562,20.469999313354492,20.112499237060547,20.385000228881836,4297200
2014-09-09,18.036205291748047,19.899999618530273,20.272499084472656,19.780000686645508,20.2450008392334,7027600
2014-09-10,18.24693489074707,20.13249969482422,20.15999984741211,19.732500076293945,19.905000686645508,4145600
2014-09-11,18.29677963256836,20.1875,20.197500228881836,19.834999084472656,19.8700008392334,3218400
2014-09-12,17.975025177001953,19.832500457763672,20.13249969482422,19.665000915527344,20.127500534057617,6794400
2014-09-15,17.934242248535156,19.787500381469727,19.885000228881836,19.607500076293945,19.837499618530273,2503200
2014-09-16,18.342103958129883,20.237499237060547,20.332500457763672,19.647499084472656,19.674999237060547,6522400
2014-09-17,18.405540466308594,20.3075008392334,20.594999313354492,20.022499084472656,20.329999923706055,6050800
2014-09-18,18.686506271362305,20.61750030517578,20.647499084472656,20.4325008392334,20.5049991607666,4058400
2014-09-19,18.654787063598633,20.582500457763672,20.897499084472656,20.459999084472656,20.827499389648438,4706400
2014-09-22,18.215206146240234,20.09749984741211,20.477500915527344,19.975000381469727,20.469999313354492,4564800
2014-09-23,17.907052993774414,19.75749969482422,20.13249969482422,19.7450008392334,19.8799991607666,6526000
2014-09-24,18.337566375732422,20.232500076293945,20.25,19.614999771118164,19.774999618530273,6843200
2014-09-25,17.44028663635254,19.24250030517578,20.0674991607666,19.227500915527344,20.049999237060547,7309200
2014-09-26,17.852670669555664,19.697500228881836,19.827499389648438,19.262500762939453,19.329999923706055,6161600
2014-09-29,17.74390983581543,19.577499389648438,19.68000030517578,19.1299991607666,19.1825008392334,4917600
2014-09-30,17.59209632873535,19.40999984741211,19.802499771118164,19.3075008392334,19.63249969482422,6744000
2014-10-01,16.885149002075195,18.6299991607666,19.34749984741211,18.510000228881836,19.325000762939453,9438000
2014-10-02,16.887418746948242,18.63249969482422,18.837499618530273,18.0625,18.577499389648438,9985200
2014-10-03,17.442550659179688,19.2450008392334,19.3700008392334,18.844999313354492,19.022499084472656,8934000
2014-10-06,17.385910034179688,19.1825008392334,19.5674991607666,18.979999542236328,19.4950008392334,8542000
2014-10-07,16.5860595703125,18.299999237060547,19.012500762939453,18.295000076293945,18.875,7875200
2014-10-08,17.456151962280273,19.260000228881836,19.325000762939453,18.040000915527344,18.31999969482422,10558400
2014-10-09,16.4047908782959,18.100000381469727,19.225000381469727,18.0625,19.147499084472656,12331600
2014-10-10,15.856453895568848,17.4950008392334,18.357500076293945,17.469999313354492,18.084999084472656,11327200
2014-10-13,15.056605339050293,16.612499237060547,17.647499084472656,16.584999084472656,17.47249984741211,10665600
2014-10-14,15.16083812713623,16.727500915527344,17.25,16.512500762939453,16.875,13162400
2014-10-15,14.752979278564453,16.27750015258789,16.467500686645508,15.149999618530273,16.0,27246000
2014-10-16,14.75525188446045,16.280000686645508,16.639999389648438,15.422499656677246,15.467499732971191,18242000
2014-10-17,15.314913749694824,16.897499084472656,17.212499618530273,16.65999984741211,16.842500686645508,14357200
2014-10-20,15.74769401550293,17.375,17.40250015258789,16.764999389648438,16.780000686645508,8958000
2014-10-21,16.66762924194336,18.389999389648438,18.43000030517578,17.690000534057617,17.732500076293945,10132800
2014-10-22,16.323219299316406,18.010000228881836,18.635000228881836,17.987499237060547,18.50749969482422,8679600
2014-10-23,16.891952514648438,18.637500762939453,18.979999542236328,18.457500457763672,18.540000915527344,9526400
2014-10-24,17.25221824645996,19.03499984741211,19.075000762939453,18.514999389648438,18.719999313354492,6220800
2014-10-27,17.195571899414062,18.97249984741211,19.25,18.65250015258789,18.852500915527344,7809200
2014-10-28,17.775636672973633,19.612499237060547,19.635000228881836,19.149999618530273,19.184999465942383,9072800
2014-10-29,17.716720581054688,19.547500610351562,19.842500686645508,19.149999618530273,19.672500610351562,8112000
2014-10-30,18.065664291381836,19.9325008392334,20.079999923706055,19.329999923706055,19.3700008392334,7333200
2014-10-31,18.666120529174805,20.594999313354492,20.639999389648438,20.327499389648438,20.637500762939453,8757600
2014-11-03,18.688772201538086,20.6200008392334,20.827499389648438,20.487499237060547,20.674999237060547,5878800
2014-11-04,18.518836975097656,20.4325008392334,20.5674991607666,20.100000381469727,20.47249984741211,6554000
2014-11-05,18.847383499145508,20.795000076293945,20.8700008392334,20.522499084472656,20.852500915527344,6819600
2014-11-06,19.07850456237793,21.049999237060547,21.077499389648438,20.575000762939453,20.829999923706055,5643200
2014-11-07,19.12381362915039,21.100000381469727,21.174999237060547,20.875,21.040000915527344,4432000
2014-11-10,19.30508804321289,21.299999237060547,21.3125,21.032499313354492,21.104999542236328,5717600
2014-11-11,19.350404739379883,21.350000381469727,21.40250015258789,21.197500228881836,21.332500457763672,4769600
2014-11-12,19.300552368164062,21.295000076293945,21.375,21.087499618530273,21.09000015258789,5037200
2014-11-13,19.35266876220703,21.352500915527344,21.559999465942383,21.052499771118164,21.357500076293945,5434000
2014-11-14,19.36399269104004,21.364999771118164,21.44499969482422,21.21500015258789,21.327499389648438,4043200
2014-11-17,19.402517318725586,21.407499313354492,21.47249984741211,21.190000534057617,21.237499237060547,4699200
2014-11-18,19.742399215698242,21.782499313354492,21.892499923706055,21.434999465942383,21.434999465942383,4104400
2014-11-19,19.63816261291504,21.667499542236328,21.780000686645508,21.387500762939453,21.71500015258789,4393200
2014-11-20,19.749191284179688,21.790000915527344,21.827499389648438,21.350000381469727,21.364999771118164,3308400
2014-11-21,20.07320785522461,22.147499084472656,22.467500686645508,21.922500610351562,22.4424991607666,7063200
2014-11-24,20.234085083007812,22.325000762939453,22.372499465942383,22.217500686645508,22.299999237060547,8334400
2014-11-25,20.197830200195312,22.28499984741211,22.5,22.184999465942383,22.420000076293945,8815200
2014-11-26,20.342849731445312,22.44499969482422,22.485000610351562,22.247499465942383,22.327499389648438,2822000
2014-11-28,20.21596336364746,22.30500030517578,22.50749969482422,22.204999923706055,22.392499923706055,2486000
2014-12-01,19.780916213989258,21.825000762939453,22.077499389648438,21.709999084472656,22.040000915527344,4555200
2014-12-02,20.159311294555664,22.24250030517578,22.325000762939453,21.84000015258789,21.842500686645508,2600400
2014-12-03,20.3926944732666,22.5,22.584999084472656,22.260000228881836,22.299999237060547,4533600
2014-12-04,20.315656661987305,22.415000915527344,22.625,22.122499465942383,22.395000457763672,5350400
2014-12-05,20.424413681030273,22.53499984741211,22.6924991607666,22.399999618530273,22.497499465942383,3882000
2014-12-08,20.014297485351562,22.082500457763672,22.577499389648438,21.86750030517578,22.389999389648438,4392000
2014-12-09,19.96218490600586,22.024999618530273,22.077499389648438,21.212499618530273,21.357500076293945,10628400
2014-12-10,19.017324447631836,20.982500076293945,21.872499465942383,20.907499313354492,21.850000381469727,8655600
2014-12-11,19.286958694458008,21.280000686645508,21.907499313354492,21.145000457763672,21.207500457763672,7442800
2014-12-12,18.348892211914062,20.2450008392334,21.170000076293945,20.2450008392334,20.815000534057617,7490400
2014-12-15,17.972759246826172,19.829999923706055,20.75,19.607500076293945,20.594999313354492,7934000
2014-12-16,17.54451560974121,19.357500076293945,20.700000762939453,19.34000015258789,19.549999237060547,10262000
2014-12-17,18.573209762573242,20.49250030517578,20.647499084472656,19.469999313354492,19.514999389648438,8040400
2014-12-18,19.934995651245117,21.9950008392334,22.02750015258789,21.147499084472656,21.40999984741211,9425200
2014-12-19,20.1910343170166,22.27750015258789,22.55500030517578,22.010000228881836,22.25,5274400
2014-12-22,20.472003936767578,22.587499618530273,22.59749984741211,22.28499984741211,22.38249969482422,3778400
2014-12-23,20.5580997467041,22.6825008392334,22.850000381469727,22.614999771118164,22.84000015258789,4460800
2014-12-24,20.580764770507812,22.707500457763672,22.8799991607666,22.6825008392334,22.795000076293945,1291600
2014-12-26,20.764299392700195,22.90999984741211,23.045000076293945,22.84749984741211,22.872499465942383,2223200
2014-12-29,20.84133529663086,22.9950008392334,23.075000762939453,22.815000534057617,22.825000762939453,2677600
2014-12-30,20.505992889404297,22.625,22.88249969482422,22.594999313354492,22.815000534057617,3138400
2014-12-31,19.876083374023438,21.93000030517578,22.8174991607666,21.90999984741211,22.75,4766000
2015-01-02,19.85795783996582,21.90999984741211,22.38249969482422,21.514999389648438,22.217500686645508,4748800
2015-01-05,18.792999267578125,20.735000610351562,21.579999923706055,20.614999771118164,21.50749969482422,7138400
2015-01-06,18.27412223815918,20.162500381469727,21.037500381469727,19.850000381469727,20.860000610351562,9798400
2015-01-07,18.95387840270996,20.912500381469727,21.012500762939453,20.459999084472656,20.645000457763672,7011600
2015-01-08,19.96218490600586,22.024999618530273,22.09000015258789,21.415000915527344,21.434999465942383,7421200
2015-01-09,19.454635620117188,21.46500015258789,22.167499542236328,21.235000610351562,22.162500381469727,8158000
2015-01-12,18.999195098876953,20.962499618530273,21.582500457763672,20.747499465942383,21.514999389648438,7129600
2015-01-13,18.82925796508789,20.774999618530273,21.834999084472656,20.309999465942383,21.43000030517578,10916400
2015-01-14,18.49390983581543,20.405000686645508,20.475000381469727,19.707500457763672,20.02750015258789,11448400
2015-01-15,17.995426177978516,19.854999542236328,20.762500762939453,19.8125,20.637500762939453,11251200
2015-01-16,18.670642852783203,20.600000381469727,20.6825008392334,19.697500228881836,19.770000457763672,7074400
2015-01-20,18.7998046875,20.74250030517578,20.957500457763672,20.177499771118164,20.84749984741211,5662000
2015-01-21,19.09209632873535,21.065000534057617,21.237499237060547,20.422500610351562,20.575000762939453,6768400
2015-01-22,19.934995651245117,21.9950008392334,22.049999237060547,20.827499389648438,21.34000015258789,9117600
2015-01-23,19.601911544799805,21.627500534057617,22.0,21.587499618530273,21.885000228881836,6044400
2015-01-26,19.755990982055664,21.797500610351562,21.827499389648438,21.28499984741211,21.56999969482422,3482800
2015-01-27,18.962940216064453,20.922500610351562,21.362499237060547,20.612499237060547,21.0,9183200
2015-01-28,18.222007751464844,20.104999542236328,21.412500381469727,20.059999465942383,21.362499237060547,8742800
2015-01-29,18.734088897705078,20.670000076293945,20.770000457763672,19.6875,20.174999237060547,6866800
2015-01-30,18.0339412689209,19.897499084472656,20.725000381469727,19.799999237060547,20.219999313354492,9065200
2015-02-02,18.677444458007812,20.607500076293945,20.655000686645508,19.415000915527344,20.09000015258789,6718400
2015-02-03,19.484088897705078,21.497499465942383,21.514999389648438,20.8174991607666,20.957500457763672,7803600
2015-02-04,19.273359298706055,21.264999389648438,21.684999465942383,21.094999313354492,21.204999923706055,6949200
2015-02-05,19.871543884277344,21.924999237060547,21.969999313354492,21.5,21.512500762939453,5912000
2015-02-06,19.67668342590332,21.709999084472656,22.267499923706055,21.530000686645508,22.040000915527344,6533600
2015-02-09,19.420642852783203,21.427499771118164,21.75,21.28499984741211,21.427499771118164,5257600
2015-02-10,20.03468894958496,22.104999542236328,22.202499389648438,21.4950008392334,21.825000762939453,4913600
2015-02-11,20.082273483276367,22.157499313354492,22.325000762939453,21.795000076293945,22.059999465942383,4178800
2015-02-12,20.641937255859375,22.774999618530273,22.809999465942383,22.397499084472656,22.469999313354492,4485200
2015-02-13,20.920644760131836,23.082500457763672,23.084999084472656,22.737499237060547,22.825000762939453,4304400
2015-02-17,21.01127815246582,23.1825008392334,23.247499465942383,22.850000381469727,22.952499389648438,2864400
2015-02-18,21.0180721282959,23.190000534057617,23.209999084472656,22.922500610351562,23.02750015258789,2683600
2015-02-19,20.979555130004883,23.147499084472656,23.270000457763672,22.887500762939453,22.952499389648438,2597200
2015-02-20,21.34661865234375,23.552499771118164,23.5625,22.71500015258789,22.957500457763672,5070000
2015-02-23,21.337562561035156,23.542499542236328,23.542499542236328,23.292499542236328,23.452499389648438,2275600
2015-02-24,21.512027740478516,23.735000610351562,23.815000534057617,23.395000457763672,23.512500762939453,3018400
2015-02-25,21.453113555908203,23.670000076293945,23.877500534057617,23.542499542236328,23.674999237060547,2923600
2015-02-26,21.373811721801758,23.582500457763672,23.69499969482422,23.342500686645508,23.639999389648438,2834800
2015-02-27,21.15628433227539,23.342500686645508,23.642499923706055,23.327499389648438,23.549999237060547,2372800
2015-03-02,21.55507469177246,23.782499313354492,23.799999237060547,23.362499237060547,23.38249969482422,2714400
2015-03-03,21.285446166992188,23.485000610351562,23.645000457763672,23.137500762939453,23.610000610351562,4570400
2015-03-04,21.02260398864746,23.19499969482422,23.27750015258789,22.829999923706055,23.225000381469727,3907200
2015-03-05,21.076984405517578,23.2549991607666,23.38249969482422,23.065000534057617,23.325000762939453,2823200
2015-03-06,20.1910343170166,22.27750015258789,23.082500457763672,22.145000457763672,22.905000686645508,6672400
2015-03-09,20.440277099609375,22.552499771118164,22.6875,22.3125,22.342500686645508,2712800
2015-03-10,19.447830200195312,21.457500457763672,22.042499542236328,21.454999923706055,22.00749969482422,6690800
2015-03-11,19.30281639099121,21.297500610351562,21.61750030517578,21.272499084472656,21.552499771118164,4090800
2015-03-12,20.052820205688477,22.125,22.137500762939453,21.520000457763672,21.530000686645508,4315600
2015-03-13,19.667617797851562,21.700000762939453,22.0625,21.3075008392334,22.0,7766400
2015-03-16,20.472003936767578,22.587499618530273,22.602500915527344,21.97249984741211,21.985000610351562,4949600
2015-03-17,20.274871826171875,22.3700008392334,22.50749969482422,22.052499771118164,22.267499923706055,4714400
2015-03-18,21.004478454589844,23.174999237060547,23.434999465942383,21.9375,22.1875,7736800
2015-03-19,20.698585510253906,22.837499618530273,23.114999771118164,22.707500457763672,23.0,5855600
2015-03-20,21.251455307006836,23.447500228881836,23.655000686645508,23.200000762939453,23.227500915527344,7083600
2015-03-23,21.135894775390625,23.31999969482422,23.6825008392334,23.31999969482422,23.462499618530273,3964400
2015-03-24,20.764299392700195,22.90999984741211,23.447500228881836,22.892499923706055,23.25,3142800
2015-03-25,19.867019653320312,21.920000076293945,23.102500915527344,21.90250015258789,23.017499923706055,6795600
2015-03-26,19.722002029418945,21.760000228881836,22.100000381469727,21.387500762939453,21.670000076293945,5020800
2015-03-27,19.83983039855957,21.889999389648438,21.975000381469727,21.645000457763672,21.709999084472656,3301200
2015-03-30,20.573965072631836,22.700000762939453,22.8125,22.287500381469727,22.287500381469727,3756400
2015-03-31,20.039228439331055,22.110000610351562,22.649999618530273,22.087499618530273,22.375,5350000
2015-04-01,19.8443546295166,21.895000457763672,22.094999313354492,21.487499237060547,22.084999084472656,6756400
2015-04-02,20.005237579345703,22.072500228881836,22.270000457763672,21.774999618530273,21.825000762939453,2658000
2015-04-06,20.428955078125,22.540000915527344,22.737499237060547,21.709999084472656,21.747499465942383,4580800
2015-04-07,20.26354217529297,22.357500076293945,22.84749984741211,22.34749984741211,22.55500030517578,8103200
2015-04-08,20.46973419189453,22.584999084472656,22.75,22.292499542236328,22.459999084472656,3964800
2015-04-09,20.755229949951172,22.899999618530273,22.97249984741211,22.337499618530273,22.537500381469727,3760400
2015-04-10,21.07245635986328,23.25,23.270000457763672,22.915000915527344,22.977500915527344,3034800
2015-04-13,20.786954879760742,22.934999465942383,23.4375,22.927499771118164,23.19499969482422,2737200
2015-04-14,20.902515411376953,23.0625,23.137500762939453,22.61750030517578,22.907499313354492,3308000
2015-04-15,21.197072982788086,23.387500762939453,23.575000762939453,23.219999313354492,23.280000686645508,2891600
2015-04-16,21.1630859375,23.350000381469727,23.55500030517578,23.172500610351562,23.262500762939453,3704400
2015-04-17,20.435747146606445,22.547500610351562,22.969999313354492,22.24250030517578,22.875,5562000
2015-04-20,20.984086990356445,23.15250015258789,23.292499542236328,22.8799991607666,22.922500610351562,3237600
2015-04-21,20.916107177734375,23.077499389648438,23.487499237060547,22.969999313354492,23.424999237060547,2501600
2015-04-22,21.235599517822266,23.43000030517578,23.487499237060547,22.854999542236328,23.21500015258789,2893600
2015-04-23,21.376079559326172,23.584999084472656,23.857500076293945,23.22249984741211,23.270000457763672,3532000
2015-04-24,21.534690856933594,23.760000228881836,23.854999542236328,23.579999923706055,23.772499084472656,3410400
2015-04-27,21.253721237182617,23.450000762939453,24.030000686645508,23.387500762939453,23.99250030517578,4161600
2015-04-28,21.448579788208008,23.665000915527344,23.700000762939453,22.975000381469727,23.457500457763672,3145200
2015-04-29,21.194808959960938,23.385000228881836,23.625,23.0625,23.3125,4552400
2015-04-30,20.564897537231445,22.690000534057617,23.315000534057617,22.405000686645508,23.172500610351562,5361600
2015-05-01,21.201608657836914,23.392499923706055,23.427499771118164,22.954999923706055,23.00749969482422,3911600
2015-05-04,21.40553092956543,23.61750030517578,23.84000015258789,23.524999618530273,23.584999084472656,2504000
2015-05-05,20.65327262878418,22.787500381469727,23.655000686645508,22.75,23.512500762939453,5709200
2015-05-06,20.415353775024414,22.524999618530273,23.135000228881836,22.09749984741211,23.020000457763672,5902800
2015-05-07,20.648738861083984,22.782499313354492,22.950000762939453,22.352500915527344,22.475000381469727,2841200
2015-05-08,21.455385208129883,23.672500610351562,23.7549991607666,23.412500381469727,23.420000076293945,5646400
2015-05-11,21.149494171142578,23.334999084472656,23.772499084472656,23.315000534057617,23.625,2749200
2015-05-12,20.950098037719727,23.114999771118164,23.344999313354492,22.677499771118164,23.0,4905600
2015-05-13,20.975019454956055,23.142499923706055,23.552499771118164,23.05500030517578,23.30500030517578,3053600
2015-05-14,21.620792388916016,23.854999542236328,23.895000457763672,23.43000030517578,23.540000915527344,4100000
2015-05-15,21.693294525146484,23.934999465942383,23.997499465942383,23.74250030517578,23.90250015258789,2512000
2015-05-18,21.8972225189209,24.15999984741211,24.264999389648438,23.857500076293945,23.8700008392334,2219200
2015-05-19,21.863231658935547,24.122499465942383,24.315000534057617,24.022499084472656,24.232500076293945,2594800
2015-05-20,21.817922592163086,24.072500228881836,24.387500762939453,23.9375,24.1924991607666,3259200
2015-05-21,22.012786865234375,24.287500381469727,24.375,23.959999084472656,24.017499923706055,2053200
2015-05-22,21.849641799926758,24.107500076293945,24.30500030517578,24.09000015258789,24.142499923706055,3253200
2015-05-26,21.176687240600586,23.364999771118164,23.94499969482422,23.174999237060547,23.917499542236328,4937600
2015-05-27,21.743146896362305,23.989999771118164,24.09000015258789,23.395000457763672,23.53499984741211,3112800
2015-05-28,21.6910343170166,23.9325008392334,23.962499618530273,23.637500762939453,23.885000228881836,2888800
2015-05-29,21.267314910888672,23.46500015258789,23.892499923706055,23.360000610351562,23.892499923706055,3533200
2015-06-01,21.391935348510742,23.602500915527344,23.86750030517578,23.292499542236328,23.74250030517578,3552400
2015-06-02,21.317169189453125,23.520000457763672,23.815000534057617,23.177499771118164,23.412500381469727,4184000
2015-06-03,21.505229949951172,23.727500915527344,23.977500915527344,23.53499984741211,23.75,3149200
2015-06-04,20.999940872192383,23.170000076293945,23.674999237060547,22.9950008392334,23.457500457763672,6186800
2015-06-05,20.83680534362793,22.989999771118164,23.262500762939453,22.75,23.082500457763672,5020800
2015-06-08,20.460674285888672,22.575000762939453,23.014999389648438,22.542499542236328,22.954999923706055,3946800
2015-06-09,20.431211471557617,22.542499542236328,22.770000457763672,22.31999969482422,22.577499389648438,4368000
2015-06-10,21.181211471557617,23.3700008392334,23.520000457763672,22.827499389648438,22.905000686645508,6863600
2015-06-11,21.3806095123291,23.59000015258789,23.7450008392334,23.454999923706055,23.549999237060547,3692400
2015-06-12,20.89798355102539,23.0575008392334,23.315000534057617,22.9424991607666,23.260000228881836,4469600
2015-06-15,20.59435272216797,22.72249984741211,22.864999771118164,22.325000762939453,22.625,7172800
2015-06-16,20.954635620117188,23.1200008392334,23.155000686645508,22.622499465942383,22.6875,3422400
2015-06-17,21.054325103759766,23.229999542236328,23.467500686645508,22.829999923706055,23.260000228881836,6564400
2015-06-18,21.6910343170166,23.9325008392334,24.137500762939453,23.43000030517578,23.479999542236328,6645200
2015-06-19,21.30583381652832,23.50749969482422,23.88249969482422,23.50749969482422,23.872499465942383,2579200
2015-06-22,21.743146896362305,23.989999771118164,24.227500915527344,23.920000076293945,24.010000228881836,4542000
2015-06-23,21.79526138305664,24.047500610351562,24.174999237060547,23.889999389648438,24.100000381469727,2542000
2015-06-24,21.32396125793457,23.52750015258789,24.087499618530273,23.520000457763672,23.93000030517578,2460800
2015-06-25,21.122299194335938,23.30500030517578,23.770000457763672,23.292499542236328,23.72249984741211,2606000
2015-06-26,21.113237380981445,23.295000076293945,23.532499313354492,23.075000762939453,23.459999084472656,3094800
2015-06-29,19.785451889038086,21.829999923706055,22.957500457763672,21.8125,22.72249984741211,8873600
2015-06-30,19.932729721069336,21.99250030517578,22.467500686645508,21.78499984741211,22.4375,9398400
2015-07-01,20.360971450805664,22.46500015258789,22.655000686645508,22.200000762939453,22.587499618530273,6888800
2015-07-02,20.311126708984375,22.40999984741211,22.725000381469727,22.260000228881836,22.662500381469727,3220400
2015-07-06,20.145721435546875,22.227500915527344,22.520000457763672,21.84749984741211,21.912500381469727,4530400
2015-07-07,20.505992889404297,22.625,22.690000534057617,21.395000457763672,22.302499771118164,8124800
2015-07-08,19.488622665405273,21.502500534057617,22.227500915527344,21.417499542236328,22.122499465942383,7502800
2015-07-09,19.583784103393555,21.607500076293945,22.387500762939453,21.594999313354492,22.287500381469727,6830000
2015-07-10,20.317920684814453,22.417499542236328,22.579999923706055,22.1200008392334,22.43000030517578,8656400
2015-07-13,20.988615036010742,23.157499313354492,23.209999084472656,22.897499084472656,22.9375,3820000
2015-07-14,21.265050888061523,23.462499618530273,23.592500686645508,23.142499923706055,23.165000915527344,5274400
2015-07-15,21.24692726135254,23.4424991607666,23.665000915527344,23.25749969482422,23.475000381469727,4928000
2015-07-16,21.704626083374023,23.947500228881836,24.0,23.767499923706055,23.837499618530273,5479600
2015-07-17,21.804325103759766,24.0575008392334,24.082500457763672,23.837499618530273,24.0,2383600
2015-07-20,21.845111846923828,24.102500915527344,24.282499313354492,23.97249984741211,24.142499923706055,2951200
2015-07-21,21.577741622924805,23.8075008392334,24.135000228881836,23.6875,24.030000686645508,3416000
2015-07-22,21.44631576538086,23.662500381469727,23.799999237060547,23.5,23.5,2295600
2015-07-23,21.095108032226562,23.274999618530273,23.75,23.137500762939453,23.747499465942383,2962800
2015-07-24,20.435747146606445,22.547500610351562,23.31999969482422,22.417499542236328,23.315000534057617,6037600
2015-07-27,20.077739715576172,22.15250015258789,22.399999618530273,21.985000610351562,22.1875,5925600
2015-07-28,20.79828453063965,22.947500228881836,23.024999618530273,22.15999984741211,22.489999771118164,5798000
2015-07-29,21.235599517822266,23.43000030517578,23.514999389648438,22.962499618530273,23.010000228881836,5621200
2015-07-30,21.249189376831055,23.44499969482422,23.512500762939453,22.982500076293945,23.21500015258789,4550800
2015-07-31,21.147228240966797,23.332500457763672,23.662500381469727,23.229999542236328,23.655000686645508,3224000
2015-08-03,20.93197250366211,23.094999313354492,23.337499618530273,22.732500076293945,23.31999969482422,3369200
2015-08-04,20.79601287841797,22.94499969482422,23.25,22.774999618530273,23.0575008392334,3008000
2015-08-05,21.01127815246582,23.1825008392334,23.600000381469727,23.077499389648438,23.3174991607666,4131600
2015-08-06,20.52411651611328,22.645000457763672,23.302499771118164,22.387500762939453,23.237499237060547,3630800
2015-08-07,20.381362915039062,22.487499237060547,22.610000610351562,22.137500762939453,22.572500228881836,4771200
2015-08-10,21.133630752563477,23.3174991607666,23.364999771118164,22.9424991607666,22.9424991607666,4354800
2015-08-11,20.57170295715332,22.697500228881836,22.962499618530273,22.397499084472656,22.799999237060547,6183600
2015-08-12,20.64647102355957,22.780000686645508,22.854999542236328,21.625,22.162500381469727,8799200
2015-08-13,20.555837631225586,22.68000030517578,22.979999542236328,22.4950008392334,22.727500915527344,6754400
2015-08-14,20.78468894958496,22.9325008392334,22.962499618530273,22.56999969482422,22.610000610351562,3211200
2015-08-17,21.115503311157227,23.297500610351562,23.309999465942383,22.524999618530273,22.707500457763672,4848000
2015-08-18,20.934234619140625,23.09749984741211,23.344999313354492,23.022499084472656,23.22249984741211,3184800
2015-08-19,20.438007354736328,22.549999237060547,23.114999771118164,22.25,22.809999465942383,10591600
2015-08-20,19.148744583129883,21.127500534057617,22.190000534057617,21.127500534057617,21.967500686645508,12504800
2015-08-21,17.340591430664062,19.13249969482422,20.8125,19.13249969482422,20.457500457763672,19191200
2015-08-24,15.244671821594238,16.81999969482422,18.75,16.0,16.292499542236328,19086800
2015-08-25,14.680474281311035,16.197500228881836,18.530000686645508,16.13249969482422,18.530000686645508,14598000
2015-08-26,16.400253295898438,18.094999313354492,18.145000457763672,16.485000610351562,17.46500015258789,14174400
2015-08-27,17.594362258911133,19.412500381469727,19.43000030517578,18.264999389648438,18.797500610351562,11291600
2015-08-28,17.596633911132812,19.415000915527344,19.5625,19.00749969482422,19.174999237060547,6908000
2015-08-31,17.150259017944336,18.922500610351562,19.34749984741211,18.74250030517578,19.077499389648438,6413200
2015-09-01,15.618542671203613,17.232500076293945,18.092500686645508,16.9325008392334,17.63249969482422,13851200
2015-09-02,16.497692108154297,18.202499389648438,18.219999313354492,17.40999984741211,18.022499084472656,7672400
2015-09-03,16.51808738708496,18.225000381469727,18.94499969482422,18.084999084472656,18.420000076293945,9458400
2015-09-04,15.786209106445312,17.417499542236328,17.762500762939453,17.139999389648438,17.5,8290000
2015-09-08,16.996177673339844,18.752500534057617,18.770000457763672,18.11750030517578,18.322500228881836,7239600
2015-09-09,16.28696632385254,17.969999313354492,19.302499771118164,17.84749984741211,19.274999618530273,9210000
2015-09-10,16.549806594848633,18.260000228881836,18.642499923706055,17.832500457763672,17.88249969482422,7876000
2015-09-11,16.77412223815918,18.50749969482422,18.514999389648438,17.892499923706055,18.11750030517578,5948800
2015-09-14,16.57699203491211,18.290000915527344,18.5674991607666,18.139999389648438,18.55500030517578,3828000
2015-09-15,17.225032806396484,19.0049991607666,19.135000228881836,18.31999969482422,18.467500686645508,5943200
2015-09-16,17.66687774658203,19.49250030517578,19.547500610351562,18.982500076293945,19.06999969482422,8546400
2015-09-17,17.539987564086914,19.352500915527344,20.264999389648438,19.217500686645508,19.44499969482422,13971600
2015-09-18,16.665367126464844,18.387500762939453,19.017499923706055,18.270000457763672,18.469999313354492,9870400
2015-09-21,16.925941467285156,18.674999237060547,19.030000686645508,18.332500457763672,18.6924991607666,7126800
2015-09-22,16.282438278198242,17.96500015258789,18.1200008392334,17.584999084472656,17.954999923706055,9630400
2015-09-23,16.194067001342773,17.86750030517578,18.174999237060547,17.6875,18.0,5939200
2015-09-24,16.042255401611328,17.700000762939453,17.832500457763672,17.032499313354492,17.46500015258789,14954000
2015-09-25,15.987875938415527,17.639999389648438,18.25,17.375,18.157499313354492,11768800
2015-09-28,14.773374557495117,16.299999237060547,17.38249969482422,16.225000381469727,17.350000381469727,14869200
2015-09-29,14.814160346984863,16.344999313354492,16.774999618530273,16.049999237060547,16.415000915527344,10466800
2015-09-30,15.650262832641602,17.267499923706055,17.3125,16.6924991607666,16.952499389648438,13527200
2015-10-01,15.777148246765137,17.407499313354492,17.49250030517578,16.772499084472656,17.375,9817200
2015-10-02,16.45464324951172,18.155000686645508,18.167499542236328,16.575000762939453,16.737499237060547,13874800
2015-10-05,17.342851638793945,19.135000228881836,19.21500015258789,18.542499542236328,18.56999969482422,13699600
2015-10-06,17.170644760131836,18.94499969482422,19.292499542236328,18.71500015258789,19.112499237060547,6744400
2015-10-07,17.594362258911133,19.412500381469727,19.530000686645508,18.854999542236328,19.267499923706055,7870800
2015-10-08,18.074724197387695,19.9424991607666,20.030000686645508,19.174999237060547,19.267499923706055,8596800
2015-10-09,18.09738540649414,19.967500686645508,20.135000228881836,19.75,19.967500686645508,5870400
2015-10-12,18.167625427246094,20.045000076293945,20.092500686645508,19.850000381469727,19.982500076293945,3807200
2015-10-13,17.798290252685547,19.637500762939453,20.209999084472656,19.579999923706055,19.75749969482422,5470800
2015-10-14,17.5377197265625,19.350000381469727,19.81999969482422,19.2549991607666,19.604999542236328,6939200
2015-10-15,18.33530044555664,20.229999542236328,20.247499465942383,19.457500457763672,19.592500686645508,8169600
2015-10-16,18.573209762573242,20.49250030517578,20.522499084472656,20.1200008392334,20.3799991607666,5782000
2015-10-19,18.616260528564453,20.540000915527344,20.549999237060547,20.174999237060547,20.309999465942383,4380400
2015-10-20,18.53696060180664,20.452499389648438,20.6924991607666,20.30500030517578,20.399999618530273,4898000
2015-10-21,18.206146240234375,20.087499618530273,20.677499771118164,20.02750015258789,20.6299991607666,5779200
2015-10-22,19.110218048095703,21.084999084472656,21.172500610351562,20.3799991607666,20.424999237060547,7288800
2015-10-23,19.75145721435547,21.792499542236328,21.93000030517578,21.43000030517578,21.707500457763672,6599600
2015-10-26,19.601911544799805,21.627500534057617,21.752500534057617,21.510000228881836,21.725000381469727,5123200
2015-10-27,19.490886688232422,21.5049991607666,21.639999389648438,21.270000457763672,21.397499084472656,5005600
2015-10-28,20.157045364379883,22.239999771118164,22.25,21.389999389648438,21.645000457763672,7420800
2015-10-29,20.132122039794922,22.212499618530273,22.342500686645508,22.00749969482422,22.049999237060547,4636400
2015-10-30,19.853422164916992,21.905000686645508,22.392499923706055,21.852500915527344,22.270000457763672,4356000
2015-11-02,20.55130386352539,22.674999237060547,22.762500762939453,21.997499465942383,22.02750015258789,3650400
2015-11-03,20.72578239440918,22.86750030517578,23.104999542236328,22.467500686645508,22.540000915527344,4374400
2015-11-04,20.55356788635254,22.677499771118164,23.049999237060547,22.479999542236328,23.0,4839600
2015-11-05,20.474267959594727,22.59000015258789,22.885000228881836,22.272499084472656,22.700000762939453,4829600
2015-11-06,20.444814682006836,22.5575008392334,22.665000915527344,22.059999465942383,22.467500686645508,6540400
2015-11-09,19.86928367614746,21.922500610351562,22.389999389648438,21.587499618530273,22.342500686645508,6684800
2015-11-10,19.996171951293945,22.0625,22.102500915527344,21.65250015258789,21.752500534057617,4207600
2015-11-11,19.758256912231445,21.799999237060547,22.209999084472656,21.799999237060547,22.200000762939453,7607200
2015-11-12,18.95841407775879,20.917499542236328,21.607500076293945,20.907499313354492,21.440000534057617,7788400
2015-11-13,18.317171096801758,20.209999084472656,20.850000381469727,20.172500610351562,20.75,8350800
2015-11-16,19.151004791259766,21.1299991607666,21.135000228881836,20.100000381469727,20.142499923706055,7519200
2015-11-17,19.087568283081055,21.059999465942383,21.5674991607666,20.892499923706055,21.235000610351562,10901200
2015-11-18,19.996171951293945,22.0625,22.125,21.229999542236328,21.252500534057617,7917600
2015-11-19,19.941787719726562,22.002500534057617,22.1825008392334,21.90999984741211,22.03499984741211,7911600
2015-11-20,20.188766479492188,22.274999618530273,22.512500762939453,22.114999771118164,22.287500381469727,5368000
2015-11-23,20.08454132080078,22.15999984741211,22.47249984741211,22.002500534057617,22.274999618530273,4590800
2015-11-24,20.175172805786133,22.260000228881836,22.420000076293945,21.647499084472656,21.792499542236328,5227200
2015-11-25,20.163841247558594,22.247499465942383,22.385000228881836,22.157499313354492,22.3174991607666,3293200
2015-11-27,20.236351013183594,22.327499389648438,22.40250015258789,22.102500915527344,22.27750015258789,2054800
2015-11-30,19.975784301757812,22.040000915527344,22.440000534057617,22.010000228881836,22.397499084472656,3728000
2015-12-01,20.56036949157715,22.684999465942383,22.72249984741211,22.1875,22.262500762939453,4857600
2015-12-02,19.907804489135742,21.96500015258789,22.77750015258789,21.8799991607666,22.65999984741211,6247600
2015-12-03,19.0739688873291,21.045000076293945,22.165000915527344,20.787500381469727,22.082500457763672,7856000
2015-12-04,20.177433013916016,22.262500762939453,22.389999389648438,21.172500610351562,21.1924991607666,7882800
2015-12-07,19.79903793334961,21.844999313354492,22.155000686645508,21.5049991607666,22.139999389648438,4985600
2015-12-08,19.34586524963379,21.344999313354492,21.770000457763672,21.065000534057617,21.290000915527344,5958800
2015-12-09,18.981063842773438,20.9424991607666,21.969999313354492,20.575000762939453,21.212499618530273,9394800
2015-12-10,19.110218048095703,21.084999084472656,21.559999465942383,20.862499237060547,20.969999313354492,5587600
2015-12-11,17.999956130981445,19.860000610351562,20.552499771118164,19.7450008392334,20.327499389648438,13487200
2015-12-14,18.29677963256836,20.1875,20.1875,19.295000076293945,19.917499542236328,10816000
2015-12-15,18.842853546142578,20.790000915527344,21.112499237060547,20.645000457763672,20.700000762939453,11924000
2015-12-16,19.647232055664062,21.677499771118164,21.809999465942383,20.700000762939453,21.217500686645508,14750400
2015-12-17,18.779409408569336,20.719999313354492,21.844999313354492,20.712499618530273,21.8174991607666,11857600
2015-12-18,17.707656860351562,19.537500381469727,20.459999084472656,19.537500381469727,20.4375,11700000
2015-12-21,18.19481658935547,20.075000762939453,20.149999618530273,19.61750030517578,20.030000686645508,7924400
2015-12-22,18.688772201538086,20.6200008392334,20.727500915527344,20.045000076293945,20.392499923706055,6882400
2015-12-23,19.36626434326172,21.36750030517578,21.399999618530273,20.952499389648438,20.987499237060547,5789600
2015-12-24,19.259767532348633,21.25,21.475000381469727,21.200000762939453,21.27750015258789,2834800
2015-12-28,19.13514518737793,21.112499237060547,21.137500762939453,20.737499237060547,21.02750015258789,4004800
2015-12-29,19.76505470275879,21.8075008392334,21.920000076293945,21.522499084472656,21.524999618530273,4634400
2015-12-30,19.34586524963379,21.344999313354492,21.739999771118164,21.290000915527344,21.704999923706055,3856400
2015-12-31,18.779409408569336,20.719999313354492,21.3174991607666,20.702499389648438,21.075000762939453,5826800
2016-01-04,17.95690155029297,19.8125,19.827499389648438,19.09749984741211,19.662500381469727,12571200
2016-01-05,18.076988220214844,19.94499969482422,20.09000015258789,19.537500381469727,19.957500457763672,7654000
2016-01-06,17.358715057373047,19.15250015258789,19.53499984741211,18.809999465942383,19.042499542236328,15462000
2016-01-07,16.119295120239258,17.78499984741211,18.762500762939453,17.662500381469727,18.149999618530273,17905600
2016-01-08,15.589081764221191,17.200000762939453,18.272499084472656,17.107500076293945,18.077499389648438,14990800
2016-01-11,15.598142623901367,17.209999084472656,17.59749984741211,16.63249969482422,17.4950008392334,18027600
2016-01-12,15.996942520141602,17.649999618530273,17.905000686645508,16.985000610351562,17.717500686645508,17508400
2016-01-13,14.820956230163574,16.352500915527344,17.997499465942383,16.219999313354492,17.8799991607666,17911200
2016-01-14,15.512042999267578,17.114999771118164,17.489999771118164,16.040000915527344,16.537500381469727,21744400
2016-01-15,14.526398658752441,16.02750015258789,16.290000915527344,15.430000305175781,15.75,22730400
2016-01-19,14.58757209777832,16.094999313354492,16.622499465942383,15.630000114440918,16.600000381469727,15717600
2016-01-20,14.066429138183594,15.520000457763672,15.947500228881836,14.295000076293945,15.322500228881836,29300800
2016-01-21,14.238632202148438,15.710000038146973,16.274999618530273,15.227499961853027,15.642499923706055,19535200
2016-01-22,15.11778450012207,16.68000030517578,16.7549991607666,16.290000915527344,16.514999389648438,13151600
2016-01-25,14.431230545043945,15.922499656677246,16.600000381469727,15.880000114440918,16.552499771118164,10864000
2016-01-26,15.020354270935059,16.572500228881836,16.665000915527344,16.049999237060547,16.125,8575200
2016-01-27,14.530929565429688,16.032499313354492,16.9424991607666,15.772500038146973,16.424999237060547,12104800
2016-01-28,14.76657772064209,16.292499542236328,16.575000762939453,15.800000190734863,16.524999618530273,9376800
2016-01-29,15.8360595703125,17.47249984741211,17.487499237060547,16.487499237060547,16.514999389648438,10500000
2016-02-01,15.842856407165527,17.479999542236328,17.71500015258789,16.975000381469727,17.155000686645508,10630400
2016-02-02,14.977302551269531,16.524999618530273,17.00749969482422,16.357500076293945,16.9950008392334,12135600
2016-02-03,15.219742774963379,16.792499542236328,16.93000030517578,15.727499961853027,16.857500076293945,27986400
2016-02-04,15.299052238464355,16.8799991607666,17.19499969482422,16.46500015258789,16.65999984741211,12856400
2016-02-05,14.431230545043945,15.922499656677246,16.747499465942383,15.727499961853027,16.7450008392334,13445600
2016-02-08,13.848907470703125,15.279999732971191,15.444999694824219,14.617500305175781,15.369999885559082,17973200
2016-02-09,13.830779075622559,15.260000228881836,15.654999732971191,14.734999656677246,14.755000114440918,15032400
2016-02-10,13.810385704040527,15.237500190734863,15.992500305175781,15.202500343322754,15.517499923706055,13284400
2016-02-11,13.305099487304688,14.680000305175781,14.9399995803833,14.21500015258789,14.494999885559082,22600000
2016-02-12,14.095884323120117,15.552499771118164,15.557499885559082,14.907500267028809,15.162500381469727,11355200
2016-02-16,14.79603385925293,16.325000762939453,16.334999084472656,15.797499656677246,16.094999313354492,8840400
2016-02-17,15.52337646484375,17.127500534057617,17.247499465942383,16.655000686645508,16.674999237060547,12123600
2016-02-18,15.328512191772461,16.912500381469727,17.237499237060547,16.81999969482422,17.217500686645508,7638000
2016-02-19,15.326242446899414,16.90999984741211,16.940000534057617,16.485000610351562,16.677499771118164,8191600
2016-02-22,15.967488288879395,17.61750030517578,17.674999237060547,17.3700008392334,17.392499923706055,6660400
2016-02-23,15.396482467651367,16.987499237060547,17.502500534057617,16.93000030517578,17.412500381469727,9436800
2016-02-24,15.582286834716797,17.1924991607666,17.282499313354492,16.167499542236328,16.4950008392334,12216000
2016-02-25,16.139684677124023,17.8075008392334,17.815000534057617,17.092500686645508,17.337499618530273,8596000
2016-02-26,16.039989471435547,17.697500228881836,18.1299991607666,17.639999389648438,18.125,11120000
2016-02-29,15.609476089477539,17.22249984741211,18.0,17.22249984741211,17.704999923706055,8311600
2016-03-01,16.771862030029297,18.5049991607666,18.514999389648438,17.520000457763672,17.667499542236328,10162000
2016-03-02,16.98711585998535,18.74250030517578,18.760000228881836,18.252500534057617,18.399999618530273,7800000
2016-03-03,17.179710388183594,18.954999923706055,18.962499618530273,18.49250030517578,18.6825008392334,6951600
2016-03-04,17.351917266845703,19.145000457763672,19.405000686645508,18.74250030517578,19.024999618530273,9289600
2016-03-07,17.385910034179688,19.1825008392334,19.325000762939453,18.8125,18.827499389648438,7954000
2016-03-08,16.80811309814453,18.545000076293945,18.997499465942383,18.50749969482422,18.81999969482422,8099600
2016-03-09,17.070955276489258,18.834999084472656,18.94499969482422,18.56999969482422,18.832500457763672,6207200
2016-03-10,17.107206344604492,18.875,19.309999465942383,18.267499923706055,19.00749969482422,14479200
2016-03-11,17.92517852783203,19.77750015258789,19.802499771118164,19.329999923706055,19.362499237060547,10012000
2016-03-14,17.859472274780273,19.704999923706055,19.872499465942383,19.487499237060547,19.602500915527344,5594000
2016-03-15,17.784696578979492,19.622499465942383,19.625,19.292499542236328,19.36750030517578,5678000
2016-03-16,18.088321685791016,19.957500457763672,20.094999313354492,19.4325008392334,19.454999923706055,7802400
2016-03-17,18.42367172241211,20.327499389648438,20.510000228881836,19.787500381469727,19.917499542236328,7389200
2016-03-18,18.636655807495117,20.5625,20.690000534057617,20.399999618530273,20.547500610351562,6504400
2016-03-21,18.72956085205078,20.665000915527344,20.737499237060547,20.395000457763672,20.497499465942383,4593600
2016-03-22,18.695571899414062,20.627500534057617,20.825000762939453,20.329999923706055,20.389999389648438,5630800
2016-03-23,18.33530044555664,20.229999542236328,20.552499771118164,20.157499313354492,20.50749969482422,5944400
2016-03-24,18.308115005493164,20.200000762939453,20.200000762939453,19.770000457763672,19.850000381469727,5726000
2016-03-28,18.330768585205078,20.225000381469727,20.399999618530273,20.0625,20.334999084472656,3621600
2016-03-29,18.851917266845703,20.799999237060547,20.809999465942383,19.967500686645508,20.075000762939453,5518000
2016-03-30,19.098886489868164,21.072500228881836,21.30500030517578,20.924999237060547,21.13249969482422,5030400
2016-03-31,18.940282821655273,20.897499084472656,21.167499542236328,20.84000015258789,21.00749969482422,3536400
2016-04-01,19.307350158691406,21.302499771118164,21.385000228881836,20.427499771118164,20.5049991607666,4876800
2016-04-04,19.132884979248047,21.110000610351562,21.357500076293945,21.002500534057617,21.30500030517578,3062400
2016-04-05,18.566415786743164,20.485000610351562,20.797500610351562,20.389999389648438,20.6200008392334,6418400
2016-04-06,19.16006851196289,21.139999389648438,21.167499542236328,20.417499542236328,20.4950008392334,6882400
2016-04-07,18.475786209106445,20.385000228881836,20.877500534057617,20.1299991607666,20.7549991607666,8108800
2016-04-08,18.63439178466797,20.559999465942383,20.950000762939453,20.362499237060547,20.802499771118164,6663600
2016-04-11,18.487110137939453,20.397499084472656,21.017499923706055,20.372499465942383,20.782499313354492,6125600
2016-04-12,19.019590377807617,20.985000610351562,21.0674991607666,20.3174991607666,20.459999084472656,6766800
2016-04-13,19.576990127563477,21.600000381469727,21.637500762939453,21.25,21.299999237060547,6755600
2016-04-14,19.592853546142578,21.61750030517578,21.787500381469727,21.482500076293945,21.649999618530273,3907200
2016-04-15,19.515810012817383,21.532499313354492,21.635000228881836,21.415000915527344,21.602500915527344,2482000
2016-04-18,19.92819595336914,21.987499237060547,21.9950008392334,21.290000915527344,21.322500228881836,4456400
2016-04-19,20.111730575561523,22.190000534057617,22.287500381469727,21.889999389648438,22.137500762939453,4188800
2016-04-20,20.161582946777344,22.2450008392334,22.512500762939453,22.032499313354492,22.202499389648438,3657200
2016-04-21,19.84209632873535,21.892499923706055,22.299999237060547,21.792499542236328,22.25,5027600
2016-04-22,19.851154327392578,21.90250015258789,21.982500076293945,21.5625,21.762500762939453,4210000
2016-04-25,19.740131378173828,21.780000686645508,21.780000686645508,21.4424991607666,21.665000915527344,4736400
2016-04-26,19.848892211914062,21.899999618530273,22.05500030517578,21.702499389648438,21.934999465942383,2966800
2016-04-27,19.941787719726562,22.002500534057617,22.15250015258789,21.600000381469727,21.747499465942383,4423200
2016-04-28,19.402517318725586,21.407499313354492,22.135000228881836,21.25,21.732500076293945,7452000
2016-04-29,19.087568283081055,21.059999465942383,21.299999237060547,20.657499313354492,21.170000076293945,8393600
2016-05-02,19.533937454223633,21.552499771118164,21.6200008392334,21.082500457763672,21.262500762939453,4671600
2016-05-03,19.033180236816406,21.0,21.1875,20.719999313354492,21.112499237060547,5110800
2016-05-04,18.7114315032959,20.645000457763672,20.895000457763672,20.462499618530273,20.59000015258789,6275600
2016-05-05,18.691041946411133,20.622499465942383,20.927499771118164,20.477500915527344,20.827499389648438,5004000
2016-05-06,18.899499893188477,20.852500915527344,20.860000610351562,20.295000076293945,20.362499237060547,5840000
2016-05-09,18.956146240234375,20.915000915527344,21.042499542236328,20.737499237060547,20.8075008392334,4610400
2016-05-10,19.624574661254883,21.65250015258789,21.674999237060547,21.125,21.147499084472656,4244800
2016-05-11,19.12381362915039,21.100000381469727,21.627500534057617,21.0674991607666,21.4950008392334,5992400
2016-05-12,19.105690002441406,21.079999923706055,21.36750030517578,20.717500686645508,21.3075008392334,5446000
2016-05-13,18.60040283203125,20.522499084472656,21.157499313354492,20.417499542236328,20.957500457763672,6476800
2016-05-16,19.139671325683594,21.11750030517578,21.295000076293945,20.56999969482422,20.575000762939453,5204400
2016-05-17,18.641185760498047,20.5674991607666,21.135000228881836,20.350000381469727,21.022499084472656,6536000
2016-05-18,18.641185760498047,20.5674991607666,20.96500015258789,20.172500610351562,20.389999389648438,8466400
2016-05-19,18.444055557250977,20.350000381469727,20.4375,19.907499313354492,20.327499389648438,7958000
2016-05-20,18.763547897338867,20.702499389648438,20.899999618530273,20.540000915527344,20.56999969482422,4043600
2016-05-23,18.706899642944336,20.639999389648438,20.822500228881836,20.5625,20.719999313354492,3386000
2016-05-24,19.431976318359375,21.440000534057617,21.545000076293945,20.917499542236328,20.917499542236328,5690400
2016-05-25,19.801313400268555,21.84749984741211,22.024999618530273,21.670000076293945,21.674999237060547,5123200
2016-05-26,19.835298538208008,21.885000228881836,22.0,21.774999618530273,21.9375,2695200
2016-05-27,20.077739715576172,22.15250015258789,22.157499313354492,21.927499771118164,21.94499969482422,2528400
2016-05-31,19.984838485717773,22.049999237060547,22.309999465942383,21.834999084472656,22.262500762939453,4244400
2016-06-01,20.093608856201172,22.170000076293945,22.235000610351562,21.739999771118164,21.8075008392334,3289600
2016-06-02,20.272605895996094,22.36750030517578,22.375,21.844999313354492,22.030000686645508,3242800
2016-06-03,20.104930877685547,22.1825008392334,22.299999237060547,21.717500686645508,22.170000076293945,6862000
2016-06-06,20.397228240966797,22.5049991607666,22.637500762939453,22.25,22.302499771118164,4921600
2016-06-07,20.485597610473633,22.602500915527344,22.81999969482422,22.55500030517578,22.572500228881836,3073600
2016-06-08,20.680458068847656,22.8174991607666,22.875,22.622499465942383,22.672500610351562,3115600
2016-06-09,20.60795783996582,22.737499237060547,22.782499313354492,22.452499389648438,22.549999237060547,3858800
2016-06-10,20.030160903930664,22.100000381469727,22.337499618530273,21.88249969482422,22.197500228881836,6922800
2016-06-13,19.552064895629883,21.572500228881836,22.177499771118164,21.542499542236328,21.84749984741211,5588800
2016-06-14,19.427438735961914,21.434999465942383,21.657499313354492,21.092500686645508,21.420000076293945,6336800
2016-06-15,19.343605041503906,21.342500686645508,21.799999237060547,21.27750015258789,21.434999465942383,6995200
2016-06-16,19.543001174926758,21.5625,21.600000381469727,20.68000030517578,21.042499542236328,8201600
2016-06-17,19.30281639099121,21.297500610351562,21.5049991607666,21.0674991607666,21.5,7283200
2016-06-20,19.65856170654297,21.690000534057617,22.25,21.677499771118164,22.024999618530273,5210000
2016-06-21,19.837562561035156,21.887500762939453,22.037500381469727,21.684999465942383,21.940000534057617,3280800
2016-06-22,19.717466354370117,21.7549991607666,22.22249984741211,21.732500076293945,21.94499969482422,3946400
2016-06-23,20.503719329833984,22.622499465942383,22.635000228881836,22.147499084472656,22.292499542236328,4851600
2016-06-24,18.280916213989258,20.170000076293945,21.375,20.030000686645508,20.28499984741211,14501600
2016-06-27,17.281681060791016,19.0674991607666,19.719999313354492,18.832500457763672,19.707500457763672,13004000
2016-06-28,18.181222915649414,20.059999465942383,20.13249969482422,19.540000915527344,19.655000686645508,13388400
2016-06-29,19.17139434814453,21.15250015258789,21.232500076293945,20.59000015258789,20.625,11790400
2016-06-30,19.93045997619629,21.989999771118164,22.040000915527344,21.122499465942383,21.3075008392334,8538400
2016-07-01,20.043750762939453,22.114999771118164,22.334999084472656,21.975000381469727,21.985000610351562,5926800
2016-07-05,19.66082000732422,21.6924991607666,21.88249969482422,21.450000762939453,21.850000381469727,5652400
2016-07-06,19.989370346069336,22.05500030517578,22.107500076293945,21.2549991607666,21.487499237060547,8422000
2016-07-07,19.939523696899414,22.0,22.375,21.74250030517578,22.15250015258789,4572400
2016-07-08,20.8526668548584,23.00749969482422,23.087499618530273,22.40999984741211,22.5,5956400
2016-07-11,21.070186614990234,23.247499465942383,23.454999923706055,23.102500915527344,23.19499969482422,7207200
2016-07-12,21.512027740478516,23.735000610351562,23.860000610351562,23.524999618530273,23.625,3888000
2016-07-13,21.521085739135742,23.7450008392334,23.924999237060547,23.5575008392334,23.90250015258789,3981200
2016-07-14,21.86549949645996,24.125,24.315000534057617,23.987499237060547,24.2450008392334,3817600
2016-07-15,21.772600173950195,24.022499084472656,24.3700008392334,23.857500076293945,24.3700008392334,3570800
2016-07-18,21.96066665649414,24.229999542236328,24.287500381469727,23.985000610351562,24.075000762939453,3135600
2016-07-19,21.872295379638672,24.13249969482422,24.162500381469727,23.96500015258789,24.052499771118164,5678000
2016-07-20,22.162324905395508,24.452499389648438,24.542499542236328,24.165000915527344,24.327499389648438,2963600
2016-07-21,21.894956588745117,24.157499313354492,24.487499237060547,23.99250030517578,24.397499084472656,2946000
2016-07-22,22.189517974853516,24.482500076293945,24.512500762939453,24.114999771118164,24.252500534057617,2502800
2016-07-25,22.01504898071289,24.290000915527344,24.422500610351562,24.06999969482422,24.405000686645508,4178000
2016-07-26,22.03091049194336,24.3075008392334,24.457500457763672,23.99250030517578,24.25,3252000
2016-07-27,21.969728469848633,24.239999771118164,24.5,23.9375,24.469999313354492,4436400
2016-07-28,22.042240142822266,24.31999969482422,24.4424991607666,23.982500076293945,24.190000534057617,3035200
2016-07-29,22.162324905395508,24.452499389648438,24.582500457763672,24.112499237060547,24.229999542236328,3334800
2016-08-01,22.071693420410156,24.352500915527344,24.614999771118164,24.19499969482422,24.479999542236328,3550400
2016-08-02,21.66157341003418,23.899999618530273,24.334999084472656,23.577499389648438,24.264999389648438,4800800
2016-08-03,21.851905822753906,24.110000610351562,24.1299991607666,23.767499923706055,23.8700008392334,4232400
2016-08-04,21.91534996032715,24.18000030517578,24.3075008392334,23.9950008392334,24.15999984741211,3210800
2016-08-05,22.461423873901367,24.782499313354492,24.790000915527344,24.407499313354492,24.457500457763672,3714000
2016-08-08,22.420635223388672,24.737499237060547,24.892499923706055,24.6299991607666,24.857500076293945,1892000
2016-08-09,22.454626083374023,24.774999618530273,24.969999313354492,24.655000686645508,24.762500762939453,2493600
2016-08-10,22.29374885559082,24.59749984741211,24.850000381469727,24.450000762939453,24.829999923706055,2476000
2016-08-11,22.604169845581055,24.940000534057617,25.030000686645508,24.69499969482422,24.815000534057617,3703600
2016-08-12,22.53166389465332,24.860000610351562,24.94499969482422,24.707500457763672,24.809999465942383,3075200
2016-08-15,22.75145149230957,25.102500915527344,25.21500015258789,25.002500534057617,25.002500534057617,1999600
2016-08-16,22.388914108276367,24.702499389648438,24.934999465942383,24.6924991607666,24.907499313354492,2612400
2016-08-17,22.49088478088379,24.815000534057617,24.8799991607666,24.364999771118164,24.700000762939453,5244800
2016-08-18,22.65854835510254,25.0,25.0,24.764999389648438,24.802499771118164,1747600
2016-08-19,22.545257568359375,24.875,24.9424991607666,24.607500076293945,24.799999237060547,2480800
2016-08-22,22.53619956970215,24.864999771118164,24.954999923706055,24.627500534057617,24.780000686645508,3160800
2016-08-23,22.65628433227539,24.997499465942383,25.227500915527344,24.99250030517578,25.112499237060547,2220000
2016-08-24,22.34585952758789,24.655000686645508,24.997499465942383,24.462499618530273,24.96500015258789,2969200
2016-08-25,22.264293670654297,24.565000534057617,24.739999771118164,24.420000076293945,24.477500915527344,2613600
2016-08-26,22.13966941833496,24.427499771118164,25.042499542236328,24.082500457763672,24.637500762939453,7179200
2016-08-29,22.463687896728516,24.78499984741211,24.892499923706055,24.475000381469727,24.49250030517578,2393600
2016-08-30,22.34813117980957,24.657499313354492,24.862499237060547,24.450000762939453,24.75749969482422,4769200
2016-08-31,22.162324905395508,24.452499389648438,24.579999923706055,24.149999618530273,24.545000076293945,4132800
2016-09-01,22.169130325317383,24.459999084472656,24.575000762939453,24.0,24.452499389648438,4662400
2016-09-02,22.456890106201172,24.77750015258789,24.952499389648438,24.5625,24.770000457763672,4949600
2016-09-06,22.669879913330078,25.012500762939453,25.024999618530273,24.607500076293945,24.905000686645508,4488400
2016-09-07,22.66535186767578,25.00749969482422,25.0674991607666,24.7549991607666,24.940000534057617,3725600
2016-09-08,22.497678756713867,24.822500228881836,24.969999313354492,24.702499389648438,24.864999771118164,3178400
2016-09-09,20.868528366088867,23.024999618530273,24.309999465942383,23.022499084472656,24.302499771118164,8130800
2016-09-12,21.779399871826172,24.030000686645508,24.174999237060547,22.709999084472656,22.7549991607666,8086800
2016-09-13,20.832271575927734,22.985000610351562,23.6200008392334,22.747499465942383,23.532499313354492,9060400
2016-09-14,20.79375457763672,22.9424991607666,23.454999923706055,22.737499237060547,23.0,5171600
2016-09-15,21.42366600036621,23.637500762939453,23.78499984741211,22.832500457763672,22.889999389648438,5882000
2016-09-16,21.16082000732422,23.34749984741211,23.46500015258789,23.09749984741211,23.399999618530273,4321600
2016-09-19,21.17894744873047,23.36750030517578,23.854999542236328,23.25,23.6200008392334,6420800
2016-09-20,21.188013076782227,23.377500534057617,23.7549991607666,23.364999771118164,23.697500228881836,3504800
2016-09-21,21.883628845214844,24.145000457763672,24.227500915527344,23.38249969482422,23.639999389648438,6676400
2016-09-22,22.2960147857666,24.600000381469727,24.729999542236328,24.459999084472656,24.5625,4320800
2016-09-23,21.93120765686035,24.197500228881836,24.502500534057617,24.172500610351562,24.454999923706055,3593200
2016-09-26,21.41233253479004,23.625,23.94499969482422,23.542499542236328,23.889999389648438,6629200
2016-09-27,21.80205726623535,24.05500030517578,24.087499618530273,23.412500381469727,23.5575008392334,3959200
2016-09-28,22.12834358215332,24.415000915527344,24.462499618530273,23.762500762939453,24.147499084472656,4882800
2016-09-29,21.505229949951172,23.727500915527344,24.477500915527344,23.545000076293945,24.329999923706055,8038800
2016-09-30,22.019580841064453,24.295000076293945,24.537500381469727,23.962499618530273,24.049999237060547,5385600
2016-10-03,21.811115264892578,24.065000534057617,24.172500610351562,23.84749984741211,24.104999542236328,3846000
2016-10-04,21.523359298706055,23.747499465942383,24.22249984741211,23.489999771118164,24.135000228881836,5207600
2016-10-05,21.772600173950195,24.022499084472656,24.204999923706055,23.9375,23.96500015258789,3939200
2016-10-06,21.833776473999023,24.09000015258789,24.162500381469727,23.732500076293945,23.94499969482422,2600800
2016-10-07,21.609464645385742,23.842500686645508,24.252500534057617,23.549999237060547,24.1825008392334,5418400
2016-10-10,21.922149658203125,24.1875,24.3799991607666,24.137500762939453,24.190000534057617,4122400
2016-10-11,21.122299194335938,23.30500030517578,24.049999237060547,23.0,24.037500381469727,8120000
2016-10-12,21.194808959960938,23.385000228881836,23.56999969482422,23.15250015258789,23.332500457763672,5792800
2016-10-13,20.98634910583496,23.155000686645508,23.332500457763672,22.55500030517578,22.8700008392334,5972000
2016-10-14,20.99541664123535,23.165000915527344,23.684999465942383,23.145000457763672,23.512500762939453,5942000
2016-10-17,20.786954879760742,22.934999465942383,23.25,22.857500076293945,23.15250015258789,4492400
2016-10-18,21.147228240966797,23.332500457763672,23.547500610351562,23.21500015258789,23.52750015258789,5958000
2016-10-19,21.321697235107422,23.524999618530273,23.649999618530273,23.322500228881836,23.44499969482422,2146000
2016-10-20,21.20840072631836,23.399999618530273,23.614999771118164,23.149999618530273,23.40250015258789,4296400
2016-10-21,21.235599517822266,23.43000030517578,23.462499618530273,23.03499984741211,23.102500915527344,3824800
2016-10-24,21.487104415893555,23.707500457763672,23.864999771118164,23.594999313354492,23.75,4127200
2016-10-25,21.30583381652832,23.50749969482422,23.752500534057617,23.424999237060547,23.65999984741211,5372000
2016-10-26,21.165353775024414,23.352500915527344,23.565000534057617,23.079999923706055,23.1825008392334,4628000
2016-10-27,20.99088478088379,23.15999984741211,23.627500534057617,23.127500534057617,23.627500534057617,3555600
2016-10-28,20.79375457763672,22.9424991607666,23.395000457763672,22.6825008392334,23.149999618530273,7927200
2016-10-31,20.773361206054688,22.920000076293945,23.149999618530273,22.88249969482422,23.077499389648438,3772400
2016-11-01,20.347383499145508,22.450000762939453,23.077499389648438,21.982500076293945,23.047500610351562,8182000
2016-11-02,19.964452743530273,22.02750015258789,22.46500015258789,21.875,22.322500228881836,5886400
2016-11-03,19.697078704833984,21.732500076293945,22.190000534057617,21.635000228881836,22.102500915527344,6000800
2016-11-04,19.613243103027344,21.639999389648438,22.072500228881836,21.610000610351562,21.780000686645508,4517600
2016-11-07,20.89798355102539,23.0575008392334,23.094999313354492,22.50749969482422,22.5625,6525200
2016-11-08,21.190275192260742,23.3799991607666,23.612499237060547,22.832500457763672,22.9424991607666,6892000
2016-11-09,21.87003517150879,24.1299991607666,24.3700008392334,22.790000915527344,22.790000915527344,10286800
2016-11-10,22.010517120361328,24.28499984741211,24.77750015258789,23.7450008392334,24.46500015258789,8039600
2016-11-11,21.885892868041992,24.147499084472656,24.227500915527344,23.774999618530273,24.02750015258789,5265200
2016-11-14,21.91988182067871,24.184999465942383,24.422500610351562,23.897499084472656,24.342500686645508,4454000
2016-11-15,22.420635223388672,24.737499237060547,24.75,24.262500762939453,24.344999313354492,5878000
2016-11-16,22.334529876708984,24.642499923706055,24.704999923706055,24.467500686645508,24.524999618530273,2623600
2016-11-17,22.644956588745117,24.985000610351562,25.017499923706055,24.637500762939453,24.684999465942383,3218000
2016-11-18,22.49088478088379,24.815000534057617,25.079999923706055,24.7549991607666,25.020000457763672,2643600
2016-11-21,22.987098693847656,25.362499237060547,25.392499923706055,24.997499465942383,25.0575008392334,2594400
2016-11-22,23.13890838623047,25.530000686645508,25.604999542236328,25.239999771118164,25.517499923706055,4909200
2016-11-23,23.181961059570312,25.577499389648438,25.59000015258789,25.239999771118164,25.31999969482422,2710400
2016-11-25,23.428943634033203,25.850000381469727,25.857500076293945,25.6825008392334,25.712499618530273,2276000
2016-11-28,23.10492515563965,25.49250030517578,25.825000762939453,25.4424991607666,25.725000381469727,2604000
2016-11-29,23.220483779907227,25.6200008392334,25.8125,25.36750030517578,25.49250030517578,2066800
2016-11-30,23.03241729736328,25.412500381469727,25.947500228881836,25.40999984741211,25.887500762939453,4189600
2016-12-01,22.796768188476562,25.15250015258789,25.5575008392334,25.020000457763672,25.55500030517578,3791200
2016-12-02,22.821691513061523,25.18000030517578,25.38249969482422,25.049999237060547,25.184999465942383,2244800
2016-12-05,23.215946197509766,25.614999771118164,25.787500381469727,25.447500228881836,25.532499313354492,3278800
2016-12-06,23.45159912109375,25.875,25.899999618530273,25.524999618530273,25.719999313354492,2393600
2016-12-07,24.36927032470703,26.887500762939453,26.924999237060547,25.77750015258789,25.822500228881836,3237600
2016-12-08,24.56413459777832,27.102500915527344,27.295000076293945,26.78499984741211,26.897499084472656,3366800
2016-12-09,25.003713607788086,27.587499618530273,27.587499618530273,27.174999237060547,27.200000762939453,3374800
2016-12-12,24.913074493408203,27.487499237060547,27.75,27.315000534057617,27.545000076293945,3563200
2016-12-13,25.388906478881836,28.012500762939453,28.252500534057617,27.760000228881836,27.760000228881836,4048000
2016-12-14,24.792985916137695,27.354999542236328,28.225000381469727,27.157499313354492,27.90999984741211,6147200
2016-12-15,25.08754539489746,27.68000030517578,28.03499984741211,27.385000228881836,27.457500457763672,4765200
2016-12-16,24.949325561523438,27.52750015258789,27.905000686645508,27.385000228881836,27.857500076293945,4379200
2016-12-19,25.08528709411621,27.677499771118164,27.875,27.53499984741211,27.610000610351562,2588000
2016-12-20,25.377580642700195,28.0,28.075000762939453,27.829999923706055,27.9325008392334,2748000
2016-12-21,25.18724822998047,27.790000915527344,28.022499084472656,27.780000686645508,27.969999313354492,2390000
2016-12-22,25.053556442260742,27.642499923706055,27.75749969482422,27.46500015258789,27.712499618530273,3383200
2016-12-23,25.121532440185547,27.717500686645508,27.737499237060547,27.552499771118164,27.635000228881836,2654000
2016-12-27,25.302804946899414,27.917499542236328,28.102500915527344,27.827499389648438,27.832500457763672,1785200
2016-12-28,24.71820640563965,27.272499084472656,28.042499542236328,27.202499389648438,28.032499313354492,2704800
2016-12-29,24.675159454345703,27.225000381469727,27.422500610351562,27.040000915527344,27.27750015258789,3390800
2016-12-30,24.414588928222656,26.9375,27.38249969482422,26.625,27.362499237060547,4903600
2017-01-03,24.931203842163086,27.50749969482422,27.7450008392334,27.049999237060547,27.467500686645508,3557200
2017-01-04,25.3730411529541,27.9950008392334,28.077499389648438,27.65250015258789,27.65250015258789,3548800
2017-01-05,25.31413459777832,27.93000030517578,28.017499923706055,27.614999771118164,27.907499313354492,3352000
2017-01-06,25.599632263183594,28.2450008392334,28.4375,27.764999389648438,28.002500534057617,3386800
2017-01-09,25.357189178466797,27.977500915527344,28.1875,27.947500228881836,28.13249969482422,1995600
2017-01-10,25.33452796936035,27.952499389648438,28.31999969482422,27.792499542236328,27.975000381469727,2475600
2017-01-11,25.54524803161621,28.184999465942383,28.184999465942383,27.637500762939453,27.920000076293945,3181600
2017-01-12,25.361713409423828,27.982500076293945,28.059999465942383,27.392499923706055,27.975000381469727,3253200
2017-01-13,25.5225887298584,28.15999984741211,28.28499984741211,28.030000686645508,28.052499771118164,2795600
2017-01-17,25.248424530029297,27.857500076293945,28.05500030517578,27.697500228881836,27.875,2405600
2017-01-18,25.41156768798828,28.037500381469727,28.049999237060547,27.732500076293945,27.959999084472656,1934800
2017-01-19,25.1396541595459,27.737499237060547,28.125,27.540000915527344,28.075000762939453,2534800
2017-01-20,25.386640548706055,28.010000228881836,28.232500076293945,27.774999618530273,28.0049991607666,3196800
2017-01-23,25.20536994934082,27.809999465942383,28.042499542236328,27.477500915527344,27.8799991607666,3571600
2017-01-24,25.674400329589844,28.327499389648438,28.5,27.842500686645508,27.885000228881836,2754000
2017-01-25,26.311113357543945,29.030000686645508,29.065000534057617,28.670000076293945,28.732500076293945,3774400
2017-01-26,26.249927520751953,28.962499618530273,29.112499237060547,28.857500076293945,29.0,3257200
2017-01-27,26.14570426940918,28.84749984741211,29.0625,28.75,28.997499465942383,2080800
2017-01-30,25.672136306762695,28.325000762939453,28.532499313354492,27.86750030517578,28.524999618530273,4163600
2017-01-31,25.638151168823242,28.287500381469727,28.295000076293945,27.829999923706055,28.077499389648438,2991200
2017-02-01,25.672136306762695,28.325000762939453,28.667499542236328,28.0625,28.552499771118164,3903200
2017-02-02,25.690261840820312,28.344999313354492,28.482500076293945,28.00749969482422,28.155000686645508,2627200
2017-02-03,26.220474243164062,28.93000030517578,29.010000228881836,28.612499237060547,28.735000610351562,3748400
2017-02-06,26.098121643066406,28.795000076293945,28.922500610351562,28.639999389648438,28.75749969482422,2288400
2017-02-07,26.098121643066406,28.795000076293945,29.047500610351562,28.697500228881836,28.954999923706055,2212400
2017-02-08,26.184223175048828,28.889999389648438,28.940000534057617,28.549999237060547,28.65250015258789,1586400
2017-02-09,26.646455764770508,29.399999618530273,29.532499313354492,28.9950008392334,29.012500762939453,2447600
2017-02-10,26.954614639282227,29.739999771118164,29.842500686645508,29.522499084472656,29.559999465942383,2306800
2017-02-13,27.382862091064453,30.212499618530273,30.34000015258789,29.96500015258789,29.977500915527344,2523200
2017-02-14,27.73859977722168,30.604999542236328,30.604999542236328,29.989999771118164,30.155000686645508,2172000
2017-02-15,28.146451950073242,31.05500030517578,31.149999618530273,30.475000381469727,30.5,2554800
2017-02-16,28.094337463378906,30.997499465942383,31.155000686645508,30.649999618530273,31.0674991607666,3195600
2017-02-17,28.19403648376465,31.107500076293945,31.107500076293945,30.667499542236328,30.674999237060547,2228400
2017-02-21,28.68572235107422,31.649999618530273,31.747499465942383,31.28499984741211,31.297500610351562,2732000
2017-02-22,28.642677307128906,31.602500915527344,31.690000534057617,31.412500381469727,31.487499237060547,2665600
2017-02-23,28.69252586364746,31.657499313354492,31.850000381469727,31.302499771118164,31.850000381469727,3489200
2017-02-24,28.810346603393555,31.787500381469727,31.787500381469727,31.227500915527344,31.232500076293945,2390800
2017-02-27,28.91684341430664,31.905000686645508,31.97249984741211,31.602500915527344,31.735000610351562,3122400
2017-02-28,28.681196212768555,31.645000457763672,31.832500457763672,31.4375,31.732500076293945,2719600
2017-03-01,29.870763778686523,32.95750045776367,33.189998626708984,32.412498474121094,32.415000915527344,3872000
2017-03-02,29.34056282043457,32.372501373291016,32.88750076293945,32.32500076293945,32.88249969482422,3061600
2017-03-03,29.38587188720703,32.42250061035156,32.47999954223633,32.127498626708984,32.3125,3098400
2017-03-06,29.11170768737793,32.119998931884766,32.275001525878906,31.829999923706055,32.02000045776367,2941600
2017-03-07,28.864727020263672,31.84749984741211,32.130001068115234,31.725000381469727,31.969999313354492,3066800
2017-03-08,28.697050094604492,31.662500381469727,32.06999969482422,31.575000762939453,31.957500457763672,4086000
2017-03-09,28.774093627929688,31.747499465942383,31.905000686645508,31.3075008392334,31.690000534057617,3416000
2017-03-10,29.052797317504883,32.05500030517578,32.217498779296875,31.65250015258789,32.20750045776367,3942400
2017-03-13,29.10264015197754,32.11000061035156,32.13750076293945,31.899999618530273,32.05500030517578,1491200
2017-03-14,28.765031814575195,31.737499237060547,31.877500534057617,31.46500015258789,31.864999771118164,3264400
2017-03-15,29.485570907592773,32.532501220703125,32.75749969482422,31.90999984741211,32.025001525878906,4504800
2017-03-16,29.3654842376709,32.400001525878906,32.66999816894531,32.224998474121094,32.654998779296875,5068000
2017-03-17,29.195547103881836,32.212501525878906,32.58000183105469,32.212501525878906,32.51750183105469,2408400
2017-03-20,29.082246780395508,32.087501525878906,32.32500076293945,31.915000915527344,32.185001373291016,2757600
2017-03-21,27.98783302307129,30.8799991607666,32.432498931884766,30.799999237060547,32.375,6515200
2017-03-22,28.141916275024414,31.049999237060547,31.190000534057617,30.584999084472656,30.875,3771200
2017-03-23,28.06034278869629,30.959999084472656,31.477500915527344,30.799999237060547,30.962499618530273,3348000
2017-03-24,28.017297744750977,30.912500381469727,31.352500915527344,30.542499542236328,31.112499237060547,4364000
2017-03-27,27.8972110748291,30.780000686645508,30.90999984741211,30.0,30.114999771118164,3237600
2017-03-28,28.48859405517578,31.4325008392334,31.637500762939453,30.6200008392334,30.655000686645508,2798800
2017-03-29,28.60642433166504,31.5625,31.649999618530273,31.217500686645508,31.334999084472656,2466800
2017-03-30,28.833011627197266,31.8125,31.93000030517578,31.4424991607666,31.512500762939453,2553600
2017-03-31,28.62907600402832,31.587499618530273,31.905000686645508,31.579999923706055,31.667499542236328,2183200
2017-04-03,28.515790939331055,31.462499618530273,31.712499618530273,30.864999771118164,31.649999618530273,4154400
2017-04-04,28.56110382080078,31.512500762939453,31.524999618530273,31.127500534057617,31.28499984741211,4488400
2017-04-05,28.259746551513672,31.18000030517578,32.255001068115234,31.122499465942383,31.792499542236328,4515200
2017-04-06,28.499927520751953,31.44499969482422,31.69499969482422,31.092500686645508,31.267499923706055,1854400
2017-04-07,28.42288589477539,31.360000610351562,31.674999237060547,31.142499923706055,31.334999084472656,1834000
2017-04-10,28.45687484741211,31.397499084472656,31.774999618530273,31.174999237060547,31.415000915527344,2067600
2017-04-11,28.37076759338379,31.302499771118164,31.332500457763672,30.61750030517578,31.232500076293945,2908800
2017-04-12,28.010499954223633,30.905000686645508,31.252500534057617,30.782499313354492,31.172500610351562,2782800
2017-04-13,27.464431762695312,30.302499771118164,31.052499771118164,30.297500610351562,30.725000381469727,4100400
2017-04-17,28.15778160095215,31.0674991607666,31.072500228881836,30.422500610351562,30.517499923706055,2580400
2017-04-18,27.908538818359375,30.792499542236328,31.037500381469727,30.482500076293945,30.75749969482422,3318800
2017-04-19,27.758991241455078,30.627500534057617,31.207500457763672,30.524999618530273,31.049999237060547,2571600
2017-04-20,28.411558151245117,31.34749984741211,31.55500030517578,30.752500534057617,30.8799991607666,2454400
2017-04-21,28.135120391845703,31.042499542236328,31.327499389648438,30.8700008392334,31.30500030517578,2192000
2017-04-24,29.039201736450195,32.040000915527344,32.162498474121094,31.852500915527344,32.087501525878906,2588400
2017-04-25,29.55354881286621,32.60749816894531,32.782501220703125,32.32500076293945,32.372501373291016,2329600
2017-04-26,29.5308895111084,32.58250045776367,33.025001525878906,32.54499816894531,32.61750030517578,2221600
2017-04-27,29.60112762451172,32.65999984741211,32.779998779296875,32.3849983215332,32.717498779296875,2266400
2017-04-28,29.4017333984375,32.439998626708984,32.779998779296875,32.3650016784668,32.779998779296875,2041200
2017-05-01,29.573945999145508,32.630001068115234,32.86000061035156,32.459999084472656,32.630001068115234,1042100
2017-05-02,29.637388229370117,32.70000076293945,32.779998779296875,32.5,32.75,1100100
2017-05-03,29.492372512817383,32.540000915527344,32.65999984741211,32.25,32.47999954223633,2750700
2017-05-04,29.59206771850586,32.650001525878906,32.720001220703125,32.279998779296875,32.709999084472656,1366700
2017-05-05,29.94554328918457,33.040000915527344,33.040000915527344,32.63999938964844,32.849998474121094,1258800
2017-05-08,29.954605102539062,33.04999923706055,33.130001068115234,32.83000183105469,33.08000183105469,1425200
2017-05-09,29.882097244262695,32.970001220703125,33.25,32.77000045776367,33.18000030517578,1749800
2017-05-10,30.008987426757812,33.11000061035156,33.11000061035156,32.81999969482422,32.91999816894531,699300
2017-05-11,29.845842361450195,32.93000030517578,32.97999954223633,32.400001525878906,32.90999984741211,1253200
2017-05-12,29.691761016845703,32.7599983215332,32.83000183105469,32.599998474121094,32.779998779296875,723000
2017-05-15,30.10868263244629,33.220001220703125,33.31999969482422,32.90999984741211,32.91999816894531,1409300
2017-05-16,30.05430793762207,33.15999984741211,33.41999816894531,32.9900016784668,33.40999984741211,1256900
2017-05-17,28.49539566040039,31.440000534057617,32.56999969482422,31.3799991607666,32.33000183105469,3034600
2017-05-18,28.785423278808594,31.760000228881836,32.16999816894531,31.260000228881836,31.329999923706055,2075500
2017-05-19,29.329225540161133,32.36000061035156,32.689998626708984,31.979999542236328,32.0099983215332,1548900
2017-05-22,29.79145622253418,32.869998931884766,32.95000076293945,32.59000015258789,32.61000061035156,1140900
2017-05-23,29.981796264648438,33.08000183105469,33.16999816894531,32.880001068115234,33.040000915527344,1872200
2017-05-24,30.181188583374023,33.29999923706055,33.369998931884766,33.060001373291016,33.209999084472656,943600
2017-05-25,30.607175827026367,33.77000045776367,33.939998626708984,33.470001220703125,33.59000015258789,1614300
2017-05-26,30.63435935974121,33.79999923706055,33.84000015258789,33.66999816894531,33.7400016784668,885800
2017-05-30,30.54372787475586,33.70000076293945,33.79999923706055,33.540000915527344,33.630001068115234,559000
2017-05-31,30.49840545654297,33.650001525878906,33.849998474121094,33.31999969482422,33.849998474121094,1158800
2017-06-01,31.205360412597656,34.43000030517578,34.439998626708984,33.7400016784668,33.86000061035156,1564700
2017-06-02,31.486326217651367,34.7400016784668,34.849998474121094,34.33000183105469,34.4900016784668,1792800
2017-06-05,31.41381072998047,34.65999984741211,34.83000183105469,34.619998931884766,34.70000076293945,1483000
2017-06-06,31.141918182373047,34.36000061035156,34.68000030517578,34.33000183105469,34.38999938964844,1006500
2017-06-07,31.323183059692383,34.560001373291016,34.65999984741211,34.20000076293945,34.529998779296875,1038200
2017-06-08,31.359434127807617,34.599998474121094,34.84000015258789,34.349998474121094,34.59000015258789,1572500
2017-06-09,31.22348976135254,34.45000076293945,35.119998931884766,33.81999969482422,34.7400016784668,2365200
2017-06-12,31.178163528442383,34.400001525878906,34.439998626708984,33.9900016784668,34.29999923706055,1793200
2017-06-13,31.622272491455078,34.88999938964844,34.939998626708984,34.5099983215332,34.68000030517578,1570000
2017-06-14,31.52257537841797,34.779998779296875,35.04999923706055,34.369998931884766,35.04999923706055,2799100
2017-06-15,31.332242965698242,34.56999969482422,34.630001068115234,33.97999954223633,34.099998474121094,1533600
2017-06-16,31.31411361694336,34.54999923706055,34.65999984741211,34.15999984741211,34.65999984741211,1435300
2017-06-19,32.084510803222656,35.400001525878906,35.45000076293945,34.93000030517578,34.970001220703125,1888500
2017-06-20,31.49538803100586,34.75,35.2599983215332,34.709999084472656,35.22999954223633,1043400
2017-06-21,31.450061798095703,34.70000076293945,34.95000076293945,34.47999954223633,34.86000061035156,781000
2017-06-22,31.3775634765625,34.619998931884766,34.93000030517578,34.56999969482422,34.70000076293945,501600
2017-06-23,31.52257537841797,34.779998779296875,34.90999984741211,34.47999954223633,34.68000030517578,1366800
2017-06-26,31.531639099121094,34.790000915527344,35.290000915527344,34.70000076293945,35.09000015258789,1472200
2017-06-27,30.824691772460938,34.0099983215332,34.84000015258789,33.970001220703125,34.65999984741211,3221500
2017-06-28,31.586021423339844,34.849998474121094,34.959999084472656,34.34000015258789,34.45000076293945,1764400
2017-06-29,30.77937126159668,33.959999084472656,34.970001220703125,33.369998931884766,34.939998626708984,3030800
2017-06-30,30.93345832824707,34.130001068115234,34.52000045776367,34.040000915527344,34.34000015258789,1723200
2017-07-03,31.06940460205078,34.279998779296875,34.79999923706055,34.279998779296875,34.599998474121094,1307200
2017-07-05,31.277854919433594,34.5099983215332,34.630001068115234,34.08000183105469,34.47999954223633,943700
2017-07-06,30.462160110473633,33.61000061035156,34.20000076293945,33.5,34.13999938964844,1423300
2017-07-07,30.99689483642578,34.20000076293945,34.29999923706055,33.779998779296875,33.86000061035156,1102600
2017-07-10,31.087535858154297,34.29999923706055,34.5099983215332,34.06999969482422,34.15999984741211,820900
2017-07-11,31.042213439941406,34.25,34.38999938964844,33.66999816894531,34.22999954223633,1443500
2017-07-12,31.73103141784668,35.0099983215332,35.099998474121094,34.720001220703125,34.720001220703125,1679900
2017-07-13,31.88511085510254,35.18000030517578,35.2400016784668,34.90999984741211,35.029998779296875,993200
2017-07-14,32.28390121459961,35.619998931884766,35.83000183105469,35.099998474121094,35.18000030517578,1940100
2017-07-17,32.28390121459961,35.619998931884766,35.810001373291016,35.56999969482422,35.630001068115234,754000
2017-07-18,32.33828353881836,35.68000030517578,35.720001220703125,35.27000045776367,35.45000076293945,1209900
2017-07-19,32.86396026611328,36.2599983215332,36.27000045776367,35.84000015258789,35.84000015258789,1065800
2017-07-20,32.89115905761719,36.290000915527344,36.459999084472656,36.029998779296875,36.41999816894531,987400
2017-07-21,32.82771301269531,36.220001220703125,36.220001220703125,35.900001525878906,36.040000915527344,1022200
2017-07-24,32.78239440917969,36.16999816894531,36.25,35.95000076293945,36.189998626708984,846500
2017-07-25,33.02710723876953,36.439998626708984,36.61000061035156,36.33000183105469,36.560001373291016,1273400
2017-07-26,33.02710723876953,36.439998626708984,36.61000061035156,36.310001373291016,36.599998474121094,1375800
2017-07-27,32.93647003173828,36.34000015258789,36.68000030517578,35.68000030517578,36.66999816894531,1551200
2017-07-28,32.800506591796875,36.189998626708984,36.2599983215332,35.849998474121094,36.06999969482422,1001900
2017-07-31,32.74614334106445,36.130001068115234,36.439998626708984,36.029998779296875,36.400001525878906,1037600
2017-08-01,32.94554138183594,36.349998474121094,36.45000076293945,36.15999984741211,36.45000076293945,887400
2017-08-02,32.9908447265625,36.400001525878906,36.47999954223633,35.95000076293945,36.439998626708984,1110300
2017-08-03,32.82771301269531,36.220001220703125,36.380001068115234,36.06999969482422,36.380001068115234,743500
2017-08-04,32.98177719116211,36.38999938964844,36.540000915527344,36.189998626708984,36.43000030517578,991100
2017-08-07,33.12679672241211,36.54999923706055,36.58000183105469,36.349998474121094,36.40999984741211,558400
2017-08-08,32.92741394042969,36.33000183105469,37.040000915527344,36.11000061035156,36.41999816894531,1060500
2017-08-09,32.882083892822266,36.279998779296875,36.31999969482422,35.77000045776367,35.959999084472656,1500700
2017-08-10,31.52257537841797,34.779998779296875,35.939998626708984,34.7400016784668,35.869998931884766,3793900
2017-08-11,31.622272491455078,34.88999938964844,35.20000076293945,34.75,34.88999938964844,2538200
2017-08-14,32.54673767089844,35.90999984741211,36.04999923706055,35.529998779296875,35.54999923706055,2081100
2017-08-15,32.54673767089844,35.90999984741211,36.130001068115234,35.77000045776367,36.099998474121094,948700
2017-08-16,32.70988082885742,36.09000015258789,36.369998931884766,35.88999938964844,36.15999984741211,1277800
2017-08-17,31.178163528442383,34.400001525878906,35.939998626708984,34.400001525878906,35.77000045776367,3538900
2017-08-18,31.024085998535156,34.22999954223633,34.849998474121094,34.0099983215332,34.33000183105469,2157700
2017-08-21,31.114727020263672,34.33000183105469,34.43000030517578,33.86000061035156,34.209999084472656,1750600
2017-08-22,32.03012466430664,35.34000015258789,35.45000076293945,34.58000183105469,34.59000015258789,1859500
2017-08-23,31.712907791137695,34.9900016784668,35.20000076293945,34.81999969482422,34.88999938964844,1340600
2017-08-24,31.47726058959961,34.72999954223633,35.25,34.630001068115234,35.18000030517578,3856300
2017-08-25,31.667598724365234,34.939998626708984,35.40999984741211,34.88999938964844,35.119998931884766,1189000
2017-08-28,31.712907791137695,34.9900016784668,35.22999954223633,34.77000045776367,35.209999084472656,913100
2017-08-29,31.776357650756836,35.060001373291016,35.20000076293945,34.27000045776367,34.31999969482422,1381500
2017-08-30,32.265769958496094,35.599998474121094,35.709999084472656,34.97999954223633,35.06999969482422,1707200
2017-08-31,32.8095817565918,36.20000076293945,36.34000015258789,35.84000015258789,35.900001525878906,2357000
2017-09-01,32.98177719116211,36.38999938964844,36.56999969482422,36.27000045776367,36.400001525878906,2154200
2017-09-05,32.265769958496094,35.599998474121094,36.20000076293945,35.06999969482422,36.099998474121094,2677300
2017-09-06,32.555809020996094,35.91999816894531,36.09000015258789,35.630001068115234,35.90999984741211,2617900
2017-09-07,32.564876556396484,35.93000030517578,36.099998474121094,35.709999084472656,36.09000015258789,2012400
2017-09-08,32.41079330444336,35.7599983215332,35.9900016784668,35.650001525878906,35.7400016784668,1071500
2017-09-11,33.42588424682617,36.880001068115234,36.939998626708984,36.38999938964844,36.38999938964844,1122100
2017-09-12,33.77936553955078,37.27000045776367,37.290000915527344,36.97999954223633,37.08000183105469,1108100
2017-09-13,33.84281921386719,37.34000015258789,37.349998474121094,37.08000183105469,37.11000061035156,654000
2017-09-14,33.80655288696289,37.29999923706055,37.380001068115234,37.060001373291016,37.150001525878906,630400
2017-09-15,33.91531753540039,37.41999816894531,37.459999084472656,37.150001525878906,37.209999084472656,721700
2017-09-18,34.114723205566406,37.63999938964844,37.83000183105469,37.45000076293945,37.61000061035156,835100
2017-09-19,34.214412689208984,37.75,37.810001373291016,37.59000015258789,37.77000045776367,386600
2017-09-20,34.286922454833984,37.83000183105469,37.86000061035156,37.27000045776367,37.810001373291016,933900
2017-09-21,33.99690246582031,37.5099983215332,37.75,37.40999984741211,37.72999954223633,767900
2017-09-22,33.99690246582031,37.5099983215332,37.59000015258789,37.310001373291016,37.31999969482422,591400
2017-09-25,33.80655288696289,37.29999923706055,37.54999923706055,36.88999938964844,37.349998474121094,1759700
2017-09-26,33.85188293457031,37.349998474121094,37.61000061035156,37.220001220703125,37.47999954223633,1117100
2017-09-27,34.205345153808594,37.7400016784668,37.959999084472656,37.25,37.689998626708984,1751700
2017-09-28,34.332244873046875,37.880001068115234,37.91999816894531,37.58000183105469,37.61000061035156,931100
2017-09-29,34.649452209472656,38.22999954223633,38.29999923706055,37.790000915527344,37.849998474121094,987400
2017-10-02,35.12981414794922,38.7599983215332,38.7599983215332,38.349998474121094,38.38999938964844,1159800
2017-10-03,35.365474700927734,39.02000045776367,39.02000045776367,38.72999954223633,38.84000015258789,616500
2017-10-04,35.465171813964844,39.130001068115234,39.279998779296875,38.88999938964844,38.95000076293945,1407400
2017-10-05,36.09054183959961,39.81999969482422,39.84000015258789,39.2599983215332,39.31999969482422,1349100
2017-10-06,35.97270965576172,39.689998626708984,39.72999954223633,39.459999084472656,39.599998474121094,1158900
2017-10-09,35.81863784790039,39.52000045776367,39.849998474121094,39.36000061035156,39.79999923706055,961100
2017-10-10,36.072410583496094,39.79999923706055,40.0099983215332,39.52000045776367,39.790000915527344,1020000
2017-10-11,36.24462127685547,39.9900016784668,40.0,39.68000030517578,39.75,1247900
2017-10-12,36.072410583496094,39.79999923706055,40.0,39.66999816894531,39.810001373291016,1105900
2017-10-13,36.19023132324219,39.93000030517578,40.09000015258789,39.84000015258789,40.02000045776367,1724200
2017-10-16,36.32618713378906,40.08000183105469,40.189998626708984,39.880001068115234,40.060001373291016,1329900
2017-10-17,36.39869689941406,40.15999984741211,40.189998626708984,39.95000076293945,40.060001373291016,999900
2017-10-18,36.489341735839844,40.2599983215332,40.38999938964844,40.18000030517578,40.369998931884766,894700
2017-10-19,36.54372024536133,40.31999969482422,40.31999969482422,39.630001068115234,39.869998931884766,1729700
2017-10-20,37.05125427246094,40.880001068115234,40.90999984741211,40.59000015258789,40.72999954223633,1932000
2017-10-23,36.67060089111328,40.459999084472656,41.06999969482422,40.38999938964844,41.06999969482422,1741100
2017-10-24,36.842803955078125,40.650001525878906,40.77000045776367,40.459999084472656,40.65999984741211,1370500
2017-10-25,36.31711959838867,40.06999969482422,40.52000045776367,39.41999816894531,40.470001220703125,3105300
2017-10-26,36.4349479675293,40.20000076293945,40.52000045776367,40.15999984741211,40.36000061035156,1953000
2017-10-27,37.29597091674805,41.150001525878906,41.2400016784668,40.439998626708984,40.61000061035156,1782700
2017-10-30,36.91531753540039,40.72999954223633,41.099998474121094,40.540000915527344,40.61000061035156,1209800
2017-10-31,37.04219055175781,40.869998931884766,41.02000045776367,40.72999954223633,40.91999816894531,1028600
2017-11-01,37.22347640991211,41.06999969482422,41.5,40.849998474121094,41.31999969482422,1333500
2017-11-02,37.25065994262695,41.099998474121094,41.150001525878906,40.41999816894531,41.02000045776367,1400900
2017-11-03,37.57694625854492,41.459999084472656,41.5,40.93000030517578,41.18000030517578,1464600
2017-11-06,37.73101806640625,41.630001068115234,41.72999954223633,41.36000061035156,41.400001525878906,1080100
2017-11-07,37.703834533691406,41.599998474121094,41.900001525878906,41.29999923706055,41.7400016784668,1336700
2017-11-08,37.89415740966797,41.810001373291016,41.83000183105469,41.34000015258789,41.45000076293945,942900
2017-11-09,37.468177795410156,41.34000015258789,41.43000030517578,40.45000076293945,41.13999938964844,2350100
2017-11-10,37.395668029785156,41.2599983215332,41.31999969482422,40.91999816894531,41.11000061035156,1739200
2017-11-13,37.495365142822266,41.369998931884766,41.5,40.869998931884766,40.880001068115234,1050900
2017-11-14,37.25065994262695,41.099998474121094,41.150001525878906,40.5,40.93000030517578,1422400
2017-11-15,36.67060089111328,40.459999084472656,40.81999969482422,40.08000183105469,40.54999923706055,1777700
2017-11-16,37.57694625854492,41.459999084472656,41.68000030517578,40.95000076293945,40.970001220703125,2046300
2017-11-17,37.2778434753418,41.130001068115234,41.38999938964844,41.06999969482422,41.279998779296875,1323700
2017-11-20,37.41379928588867,41.279998779296875,41.40999984741211,41.099998474121094,41.220001220703125,910200
2017-11-21,38.15700912475586,42.099998474121094,42.209999084472656,41.689998626708984,41.7400016784668,1278100
2017-11-22,38.07542037963867,42.0099983215332,42.189998626708984,41.90999984741211,42.13999938964844,847600
2017-11-24,38.2929573059082,42.25,42.33000183105469,42.18000030517578,42.27000045776367,607400
2017-11-27,38.25669860839844,42.209999084472656,42.459999084472656,42.09000015258789,42.27000045776367,1201000
2017-11-28,39.39870071411133,43.470001220703125,43.5,42.41999816894531,42.459999084472656,1407300
2017-11-29,39.32618713378906,43.38999938964844,43.86000061035156,43.150001525878906,43.58000183105469,2649400
2017-11-30,40.314090728759766,44.47999954223633,45.040000915527344,43.880001068115234,43.91999816894531,3116000
2017-12-01,40.10564041137695,44.25,44.66999816894531,42.40999984741211,44.43000030517578,4092700
2017-12-04,39.960628509521484,44.09000015258789,45.43000030517578,44.08000183105469,45.189998626708984,2755000
2017-12-05,39.51651382446289,43.599998474121094,44.59000015258789,43.52000045776367,44.189998626708984,2137500
2017-12-06,39.507450103759766,43.59000015258789,43.86000061035156,43.36000061035156,43.400001525878906,1445600
2017-12-07,39.88811492919922,44.0099983215332,44.20000076293945,43.47999954223633,43.540000915527344,1269700
2017-12-08,40.540679931640625,44.72999954223633,44.75,44.34000015258789,44.5,1424900
2017-12-11,40.912269592285156,45.13999938964844,45.16999816894531,44.72999954223633,44.7599983215332,1095200
2017-12-12,41.13887023925781,45.38999938964844,45.650001525878906,45.150001525878906,45.29999923706055,1530100
2017-12-13,41.09564208984375,43.7400016784668,44.150001525878906,43.70000076293945,43.91999816894531,6500900
2017-12-14,40.59769058227539,43.209999084472656,43.959999084472656,43.15999984741211,43.93000030517578,1298200
2017-12-15,41.59361267089844,44.27000045776367,44.52000045776367,43.720001220703125,43.7599983215332,2130200
2017-12-18,42.41100311279297,45.13999938964844,45.29999923706055,44.9900016784668,45.04999923706055,1631000
2017-12-19,41.935325622558594,44.52000045776367,45.16999816894531,44.459999084472656,45.16999816894531,3155000
2017-12-20,41.84113693237305,44.41999816894531,45.04999923706055,44.2400016784668,45.0,1792000
2017-12-21,42.05778503417969,44.650001525878906,45.060001373291016,44.52000045776367,44.720001220703125,2038400
2017-12-22,42.010677337646484,44.599998474121094,44.65999984741211,44.29999923706055,44.650001525878906,1343600
2017-12-26,41.85997009277344,44.439998626708984,44.540000915527344,44.29999923706055,44.40999984741211,805800
2017-12-27,41.935325622558594,44.52000045776367,44.709999084472656,44.36000061035156,44.529998779296875,1119500
2017-12-28,42.14255142211914,44.7400016784668,44.790000915527344,44.54999923706055,44.7400016784668,2214100
2017-12-29,41.7563591003418,44.33000183105469,45.040000915527344,44.119998931884766,45.040000915527344,2493300
2018-01-02,42.566429138183594,45.189998626708984,45.189998626708984,44.5,44.72999954223633,1826300
2018-01-03,43.319984436035156,45.9900016784668,46.09000015258789,45.25,45.27000045776367,2150800
2018-01-04,43.86631774902344,46.56999969482422,46.869998931884766,46.31999969482422,46.380001068115234,2632000
2018-01-05,44.69522476196289,47.45000076293945,47.560001373291016,46.7400016784668,47.029998779296875,1928900
2018-01-08,44.968387603759766,47.7400016784668,47.81999969482422,47.25,47.41999816894531,1992500
2018-01-09,45.279212951660156,48.06999969482422,48.41999816894531,47.83000183105469,48.0,1604800
2018-01-10,45.015480041503906,47.790000915527344,47.97999954223633,47.209999084472656,47.61000061035156,2428300
2018-01-11,46.032779693603516,48.869998931884766,48.869998931884766,48.060001373291016,48.16999816894531,1926400
2018-01-12,46.92762756347656,49.81999969482422,49.91999816894531,48.95000076293945,49.040000915527344,2582100
2018-01-16,46.428401947021484,49.290000915527344,50.9900016784668,48.849998474121094,50.59000015258789,5166500
2018-01-17,47.7188720703125,50.65999984741211,50.90999984741211,49.400001525878906,49.84000015258789,2519300
2018-01-18,47.53047180175781,50.459999084472656,50.880001068115234,50.130001068115234,50.599998474121094,2063900
2018-01-19,48.1239013671875,51.09000015258789,51.09000015258789,50.41999816894531,50.779998779296875,2115700
2018-01-22,49.31074523925781,52.349998474121094,52.349998474121094,50.93000030517578,50.93000030517578,2418800
2018-01-23,49.64042663574219,52.70000076293945,52.880001068115234,52.20000076293945,52.400001525878906,2437700
2018-01-24,49.5650634765625,52.619998931884766,53.47999954223633,51.88999938964844,53.099998474121094,3648000
2018-01-25,49.631004333496094,52.689998626708984,53.2400016784668,52.220001220703125,53.189998626708984,3116800
2018-01-26,51.31707763671875,54.47999954223633,54.4900016784668,53.040000915527344,53.189998626708984,2219800
2018-01-29,50.3092041015625,53.40999984741211,54.400001525878906,53.29999923706055,54.13999938964844,3100200
2018-01-30,48.70789337158203,51.709999084472656,52.599998474121094,51.40999984741211,52.16999816894531,5671000
2018-01-31,48.830352783203125,51.84000015258789,52.599998474121094,51.13999938964844,52.310001373291016,4027500
2018-02-01,48.632545471191406,51.630001068115234,52.459999084472656,51.15999984741211,51.290000915527344,4293000
2018-02-02,45.467613220214844,48.27000045776367,50.86000061035156,48.220001220703125,50.75,7028200
2018-02-05,39.88188171386719,42.34000015258789,48.400001525878906,41.81999969482422,47.099998474121094,13353200
2018-02-06,42.095462799072266,44.689998626708984,44.95000076293945,39.75,40.2599983215332,13332300
2018-02-07,41.370147705078125,43.91999816894531,46.25,43.90999984741211,44.369998931884766,9536600
2018-02-08,36.77346420288086,39.040000915527344,44.16999816894531,38.970001220703125,44.06999969482422,13277100
2018-02-09,38.45956039428711,40.83000183105469,41.68000030517578,36.81999969482422,40.459999084472656,15481900
2018-02-12,39.96665954589844,42.43000030517578,43.25,40.880001068115234,41.79999923706055,9384500
2018-02-13,40.32460403442383,42.810001373291016,43.099998474121094,41.52000045776367,41.790000915527344,6607500
2018-02-14,41.935325622558594,44.52000045776367,44.70000076293945,42.0,42.029998779296875,7033200
2018-02-15,43.50836944580078,46.189998626708984,46.189998626708984,44.099998474121094,45.4900016784668,7578600
2018-02-16,43.517799377441406,46.20000076293945,47.380001068115234,45.81999969482422,45.83000183105469,7867600
2018-02-20,42.73598098754883,45.369998931884766,46.5,44.90999984741211,45.689998626708984,6606200
2018-02-21,42.029518127441406,44.619998931884766,47.02000045776367,44.619998931884766,45.599998474121094,8045400
2018-02-22,42.236751556396484,44.84000015258789,46.13999938964844,44.470001220703125,45.220001220703125,7927800
2018-02-23,44.25250244140625,46.97999954223633,46.97999954223633,45.27000045776367,45.56999969482422,5206600
2018-02-26,45.79729080200195,48.619998931884766,48.689998626708984,47.29999923706055,47.599998474121094,5547900
2018-02-27,44.064125061035156,46.779998779296875,49.16999816894531,46.779998779296875,48.720001220703125,6994400
2018-02-28,42.60409927368164,45.22999954223633,47.720001220703125,45.209999084472656,47.45000076293945,7746500
2018-03-01,40.861515045166016,43.380001068115234,46.11000061035156,42.52000045776367,45.279998779296875,10796400
2018-03-02,41.502037048339844,44.060001373291016,44.33000183105469,41.939998626708984,42.43000030517578,8644000
2018-03-05,42.886695861816406,45.529998779296875,45.86000061035156,43.290000915527344,43.36000061035156,8260300
2018-03-06,43.22577667236328,45.88999938964844,46.11000061035156,45.040000915527344,46.099998474121094,5180900
2018-03-07,43.19753646850586,45.86000061035156,46.04999923706055,44.529998779296875,44.630001068115234,7490100
2018-03-08,43.8098030090332,46.5099983215332,46.56999969482422,45.650001525878906,46.220001220703125,4788600
2018-03-09,46.05162048339844,48.88999938964844,48.91999816894531,47.11000061035156,47.310001373291016,5875100
2018-03-12,45.89149475097656,48.720001220703125,49.459999084472656,48.5,49.099998474121094,4652600
2018-03-13,44.977806091308594,47.75,49.720001220703125,47.400001525878906,49.40999984741211,7375300
2018-03-14,44.29018020629883,47.02000045776367,48.41999816894531,46.689998626708984,48.31999969482422,4263700
2018-03-15,44.13005447387695,46.849998474121094,47.70000076293945,46.56999969482422,47.34000015258789,4193700
2018-03-16,44.233665466308594,46.959999084472656,47.599998474121094,46.959999084472656,47.11000061035156,4315400
2018-03-19,42.43455123901367,45.04999923706055,46.529998779296875,44.099998474121094,46.5,6423900
2018-03-20,42.64178466796875,45.27000045776367,45.630001068115234,44.900001525878906,45.25,3142600
2018-03-21,42.42513656616211,45.040000915527344,46.439998626708984,44.88999938964844,45.25,4552800
2018-03-22,39.269615173339844,41.689998626708984,44.25,41.4900016784668,43.72999954223633,10022300
2018-03-23,36.66986083984375,38.93000030517578,42.04999923706055,38.86000061035156,41.91999816894531,10342200
2018-03-26,39.74058532714844,42.189998626708984,42.31999969482422,39.58000183105469,40.83000183105469,9041700
2018-03-27,37.60237503051758,39.91999816894531,42.939998626708984,39.150001525878906,42.65999984741211,7820200
2018-03-28,37.33864212036133,39.63999938964844,40.91999816894531,39.02000045776367,40.060001373291016,9961400
2018-03-29,38.89284133911133,41.290000915527344,42.09000015258789,39.81999969482422,40.22999954223633,7663100
2018-04-02,36.18947219848633,38.41999816894531,41.119998931884766,37.119998931884766,40.849998474121094,12107000
2018-04-03,37.61179733276367,39.93000030517578,40.15999984741211,38.11000061035156,39.099998474121094,9172500
2018-04-04,38.82691192626953,41.220001220703125,41.52000045776367,37.9900016784668,38.06999969482422,10015100
2018-04-05,39.655818939208984,42.099998474121094,42.59000015258789,41.4900016784668,42.08000183105469,6809900
2018-04-06,37.05604934692383,39.34000015258789,41.849998474121094,38.5,41.060001373291016,10687400
2018-04-09,37.47993087768555,39.790000915527344,41.61000061035156,39.63999938964844,40.099998474121094,6741700
2018-04-10,39.36381530761719,41.790000915527344,42.189998626708984,40.790000915527344,41.380001068115234,7414000
2018-04-11,38.68562316894531,41.06999969482422,42.02000045776367,40.939998626708984,40.9900016784668,6605700
2018-04-12,39.66524124145508,42.11000061035156,42.599998474121094,41.70000076293945,41.79999923706055,6027000
2018-04-13,39.30730056762695,41.72999954223633,42.869998931884766,41.15999984741211,42.779998779296875,6007900
2018-04-16,40.24925231933594,42.72999954223633,43.150001525878906,42.13999938964844,42.58000183105469,3747100
2018-04-17,41.53028869628906,44.09000015258789,44.40999984741211,43.380001068115234,43.689998626708984,4018900
2018-04-18,41.605648040771484,44.16999816894531,44.63999938964844,43.939998626708984,44.38999938964844,3330000
2018-04-19,40.92745590209961,43.45000076293945,43.939998626708984,42.88999938964844,43.79999923706055,4214600
2018-04-20,39.86305618286133,42.31999969482422,43.52000045776367,41.849998474121094,43.43000030517578,5689900
2018-04-23,39.83479309082031,42.290000915527344,42.939998626708984,41.720001220703125,42.630001068115234,3243300
2018-04-24,38.28057861328125,40.63999938964844,42.970001220703125,39.779998779296875,42.86000061035156,8778800
2018-04-25,38.49723434448242,40.869998931884766,41.13999938964844,39.61000061035156,40.59000015258789,4856000
2018-04-26,39.655818939208984,42.099998474121094,42.540000915527344,41.20000076293945,41.439998626708984,5523000
2018-04-27,39.75001525878906,42.20000076293945,42.599998474121094,41.720001220703125,42.41999816894531,4741100
2018-04-30,38.82691192626953,41.220001220703125,42.849998474121094,41.209999084472656,42.52000045776367,5237100
2018-05-01,39.03414535522461,41.439998626708984,41.5,40.130001068115234,40.9900016784668,5157500
2018-05-02,38.20522689819336,40.560001373291016,41.77000045776367,40.38999938964844,41.34000015258789,5284600
2018-05-03,37.960323333740234,40.29999923706055,40.65999984741211,38.70000076293945,40.11000061035156,9825200
2018-05-04,39.42032241821289,41.849998474121094,42.209999084472656,39.63999938964844,39.79999923706055,5889100
2018-05-07,39.7971076965332,42.25,42.79999923706055,41.90999984741211,42.290000915527344,4272200
2018-05-08,39.8065299987793,42.2599983215332,42.47999954223633,41.459999084472656,42.099998474121094,3465300
2018-05-09,40.946285247802734,43.470001220703125,43.65999984741211,42.349998474121094,42.650001525878906,4047700
2018-05-10,42.123714447021484,44.720001220703125,44.88999938964844,43.84000015258789,43.90999984741211,4701900
2018-05-11,42.35920333862305,44.970001220703125,45.2599983215332,44.47999954223633,44.75,2738500
2018-05-14,42.49108123779297,45.11000061035156,45.709999084472656,44.869998931884766,45.349998474121094,2527400
2018-05-15,41.64332962036133,44.209999084472656,44.47999954223633,43.7400016784668,44.470001220703125,6682400
2018-05-16,42.18964767456055,44.790000915527344,45.02000045776367,44.22999954223633,44.22999954223633,5268900
2018-05-17,42.05778503417969,44.650001525878906,45.25,44.209999084472656,44.630001068115234,4154800
2018-05-18,41.737518310546875,44.310001373291016,44.630001068115234,44.099998474121094,44.45000076293945,1706400
2018-05-21,42.65119171142578,45.279998779296875,45.599998474121094,44.93000030517578,45.119998931884766,3499200
2018-05-22,42.29326248168945,44.900001525878906,45.7400016784668,44.72999954223633,45.599998474121094,2422200
2018-05-23,42.65119171142578,45.279998779296875,45.310001373291016,44.099998474121094,44.189998626708984,3009600
2018-05-24,42.40630340576172,45.02000045776367,45.20000076293945,44.0,45.060001373291016,3219500
2018-05-25,42.05778503417969,44.650001525878906,45.0099983215332,44.369998931884766,44.68000030517578,1971600
2018-05-29,40.644859313964844,43.150001525878906,44.18000030517578,42.4900016784668,43.7599983215332,5521900
2018-05-30,42.2179069519043,44.81999969482422,45.040000915527344,43.7599983215332,43.81999969482422,3855100
2018-05-31,41.351322174072266,43.900001525878906,44.7599983215332,43.650001525878906,44.599998474121094,4017000
2018-06-01,42.64178466796875,45.27000045776367,45.40999984741211,44.650001525878906,44.720001220703125,4400200
2018-06-04,43.24462890625,45.90999984741211,46.029998779296875,45.58000183105469,45.709999084472656,2689200
2018-06-05,43.33881759643555,46.0099983215332,46.189998626708984,45.52000045776367,45.939998626708984,2540000
2018-06-06,44.431480407714844,47.16999816894531,47.16999816894531,45.970001220703125,46.33000183105469,3249400
2018-06-07,44.356117248535156,47.09000015258789,47.58000183105469,46.58000183105469,47.43000030517578,2745700
2018-06-08,44.73289489746094,47.4900016784668,47.529998779296875,46.72999954223633,46.83000183105469,2116100
2018-06-11,44.93070983886719,47.70000076293945,48.11000061035156,47.560001373291016,47.619998931884766,2045600
2018-06-12,45.14735794067383,47.93000030517578,48.08000183105469,47.5,47.939998626708984,2306600
2018-06-13,44.62928771972656,47.380001068115234,48.15999984741211,47.310001373291016,48.029998779296875,2617100
2018-06-14,44.977806091308594,47.75,48.060001373291016,47.41999816894531,47.90999984741211,2214800
2018-06-15,44.79884719848633,47.560001373291016,47.7400016784668,46.63999938964844,47.33000183105469,2351900
2018-06-18,44.48800277709961,47.22999954223633,47.31999969482422,46.41999816894531,46.70000076293945,2556700
2018-06-19,43.99238586425781,46.689998626708984,46.81999969482422,45.689998626708984,45.939998626708984,3410900
2018-06-20,44.246788024902344,46.959999084472656,47.29999923706055,46.7400016784668,47.060001373291016,2782900
2018-06-21,43.38935852050781,46.04999923706055,46.93000030517578,45.7599983215332,46.93000030517578,3239100
2018-06-22,43.57780838012695,46.25,46.779998779296875,46.150001525878906,46.7400016784668,1835900
2018-06-25,41.83469009399414,44.400001525878906,45.68000030517578,43.43000030517578,45.599998474121094,7442900
2018-06-26,42.070255279541016,44.650001525878906,45.130001068115234,44.2599983215332,44.689998626708984,2959600
2018-06-27,41.00554275512695,43.52000045776367,45.7599983215332,43.470001220703125,44.959999084472656,4772500
2018-06-28,41.77817153930664,44.34000015258789,44.70000076293945,43.11000061035156,43.470001220703125,3977500
2018-06-29,41.96661376953125,44.540000915527344,45.61000061035156,44.400001525878906,44.880001068115234,3857900
2018-07-02,42.08909225463867,44.66999816894531,44.79999923706055,43.45000076293945,43.58000183105469,4088400
2018-07-03,41.617984771728516,44.16999816894531,45.25,44.0,45.209999084472656,1803400
2018-07-05,42.64500427246094,45.2599983215332,45.34000015258789,44.25,44.849998474121094,2870400
2018-07-06,43.69086837768555,46.369998931884766,46.619998931884766,45.06999969482422,45.29999923706055,4119900
2018-07-09,44.92518997192383,47.68000030517578,47.689998626708984,46.97999954223633,47.0,3152200
2018-07-10,45.35860061645508,48.13999938964844,48.2400016784668,47.7599983215332,47.93000030517578,2952400
2018-07-11,44.44465255737305,47.16999816894531,47.72999954223633,46.93000030517578,47.25,3519500
2018-07-12,45.56589126586914,48.36000061035156,48.41999816894531,47.5,47.83000183105469,3730300
2018-07-13,45.650691986083984,48.45000076293945,48.66999816894531,48.0099983215332,48.290000915527344,2323400
2018-07-16,45.55647659301758,48.349998474121094,48.58000183105469,48.09000015258789,48.52000045776367,1436200
2018-07-17,46.10296630859375,48.93000030517578,49.15999984741211,47.880001068115234,47.900001525878906,3225300
2018-07-18,46.37620162963867,49.220001220703125,49.290000915527344,48.709999084472656,48.97999954223633,2005400
2018-07-19,45.82971954345703,48.63999938964844,49.040000915527344,48.380001068115234,48.810001373291016,2648300
2018-07-20,45.70722198486328,48.5099983215332,48.88999938964844,48.38999938964844,48.540000915527344,2139000
2018-07-23,45.95220184326172,48.77000045776367,48.86000061035156,48.15999984741211,48.349998474121094,1643600
2018-07-24,46.555233001708984,49.40999984741211,49.959999084472656,48.95000076293945,49.52000045776367,3432200
2018-07-25,47.8460807800293,50.779998779296875,50.90999984741211,49.31999969482422,49.33000183105469,3646000
2018-07-26,47.42207336425781,50.33000183105469,50.779998779296875,50.220001220703125,50.29999923706055,2383900
2018-07-27,46.4798583984375,49.33000183105469,50.58000183105469,48.7599983215332,50.58000183105469,3060200
2018-07-30,45.6789665222168,48.47999954223633,49.439998626708984,48.209999084472656,49.349998474121094,2313900
2018-07-31,46.34794998168945,49.189998626708984,49.599998474121094,48.7400016784668,49.02000045776367,2551100
2018-08-01,46.19718551635742,49.029998779296875,49.650001525878906,48.630001068115234,49.310001373291016,2450800
2018-08-02,46.85673522949219,49.72999954223633,49.869998931884766,48.06999969482422,48.209999084472656,2931700
2018-08-03,47.4974479675293,50.40999984741211,50.41999816894531,49.7400016784668,49.869998931884766,1928300
2018-08-06,48.01567840576172,50.959999084472656,51.130001068115234,50.189998626708984,50.369998931884766,2344700
2018-08-07,48.46793746948242,51.439998626708984,51.66999816894531,51.2599983215332,51.349998474121094,2416900
2018-08-08,48.41141891479492,51.380001068115234,51.619998931884766,51.099998474121094,51.34000015258789,1851800
2018-08-09,48.204124450683594,51.15999984741211,51.63999938964844,51.06999969482422,51.41999816894531,1871400
2018-08-10,47.205360412597656,50.099998474121094,50.58000183105469,49.68000030517578,50.25,2915300
2018-08-13,46.658870697021484,49.52000045776367,50.630001068115234,49.349998474121094,50.2400016784668,3362100
2018-08-14,47.53513717651367,50.45000076293945,50.61000061035156,49.7400016784668,49.97999954223633,2305700
2018-08-15,46.50812530517578,49.36000061035156,49.720001220703125,48.47999954223633,49.66999816894531,4301800
2018-08-16,47.5916748046875,50.5099983215332,51.029998779296875,50.15999984741211,50.15999984741211,3019000
2018-08-17,48.05335235595703,51.0,51.29999923706055,50.13999938964844,50.33000183105469,3372100
2018-08-20,48.373722076416016,51.34000015258789,51.5099983215332,51.040000915527344,51.29999923706055,2516800
2018-08-21,48.675235748291016,51.65999984741211,52.22999954223633,51.59000015258789,51.68000030517578,2456300
2018-08-22,48.62811279296875,51.61000061035156,51.90999984741211,51.290000915527344,51.439998626708984,2035400
2018-08-23,48.40198516845703,51.369998931884766,52.0,51.189998626708984,51.5,2146900
2018-08-24,49.23113250732422,52.25,52.369998931884766,51.689998626708984,51.7400016784668,2470200
2018-08-27,50.39007568359375,53.47999954223633,53.59000015258789,52.939998626708984,53.0,3019000
2018-08-28,50.53140640258789,53.630001068115234,53.880001068115234,53.31999969482422,53.84000015258789,2224800
2018-08-29,51.30403137207031,54.45000076293945,54.61000061035156,53.58000183105469,53.72999954223633,2130000
2018-08-30,50.644474029541016,53.75,54.380001068115234,53.41999816894531,54.13999938964844,2677900
2018-08-31,50.644474029541016,53.75,54.04999923706055,53.189998626708984,53.5099983215332,2799300
2018-09-04,50.4089241027832,53.5,53.689998626708984,52.849998474121094,53.5099983215332,2390200
2018-09-05,50.02260971069336,53.09000015258789,53.36000061035156,52.400001525878906,53.25,2584500
2018-09-06,49.560909271240234,52.599998474121094,53.27000045776367,51.90999984741211,53.099998474121094,2514500
2018-09-07,49.174598693847656,52.189998626708984,52.810001373291016,51.72999954223633,51.86000061035156,2650600
2018-09-10,49.45728302001953,52.4900016784668,52.9900016784668,52.369998931884766,52.83000183105469,1730500
2018-09-11,49.984920501708984,53.04999923706055,53.279998779296875,51.86000061035156,52.09000015258789,1957000
2018-09-12,50.00376892089844,53.06999969482422,53.400001525878906,52.560001373291016,52.9900016784668,2661100
2018-09-13,50.82349395751953,53.939998626708984,54.08000183105469,53.52000045776367,53.689998626708984,1817700
2018-09-14,50.84233856201172,53.959999084472656,54.189998626708984,53.4900016784668,54.099998474121094,1873600
2018-09-17,50.02260971069336,53.09000015258789,53.95000076293945,52.91999816894531,53.900001525878906,1709500
2018-09-18,50.80465316772461,53.91999816894531,54.290000915527344,53.20000076293945,53.209999084472656,1700500
2018-09-19,50.99309158325195,54.119998931884766,54.369998931884766,53.880001068115234,53.970001220703125,1218800
2018-09-20,52.180301666259766,55.380001068115234,55.61000061035156,54.84000015258789,54.900001525878906,2039700
2018-09-21,52.05781173706055,55.25,55.95000076293945,55.130001068115234,55.88999938964844,2134900
2018-09-24,51.56785202026367,54.72999954223633,54.959999084472656,54.31999969482422,54.86000061035156,2156000
2018-09-25,51.373348236083984,54.40999984741211,54.91999816894531,54.27000045776367,54.86000061035156,1670000
2018-09-26,50.89180374145508,53.900001525878906,55.2400016784668,53.66999816894531,54.5,1894500
2018-09-27,51.30725860595703,54.34000015258789,55.040000915527344,54.040000915527344,54.209999084472656,1622200
2018-09-28,51.28836441040039,54.31999969482422,54.65999984741211,53.93000030517578,53.959999084472656,1493000
2018-10-01,51.82656478881836,54.88999938964844,55.59000015258789,54.5,55.15999984741211,1943400
2018-10-02,51.741573333740234,54.79999923706055,55.27000045776367,54.58000183105469,54.79999923706055,1228300
2018-10-03,51.854881286621094,54.91999816894531,55.75,54.68000030517578,55.459999084472656,1638500
2018-10-04,50.618003845214844,53.61000061035156,54.61000061035156,52.61000061035156,54.58000183105469,4263400
2018-10-05,49.84376907348633,52.790000915527344,54.029998779296875,51.79999923706055,53.72999954223633,4200900
2018-10-08,49.72101593017578,52.65999984741211,52.900001525878906,51.400001525878906,52.29999923706055,3714700
2018-10-09,49.53218078613281,52.459999084472656,53.22999954223633,52.099998474121094,52.45000076293945,3446900
2018-10-10,44.83955001831055,47.4900016784668,52.11000061035156,47.22999954223633,52.09000015258789,9485400
2018-10-11,41.79926300048828,44.27000045776367,47.7400016784668,43.38999938964844,46.869998931884766,14318800
2018-10-12,43.59321975708008,46.16999816894531,46.70000076293945,44.369998931884766,46.61000061035156,8069400
2018-10-15,42.81899642944336,45.349998474121094,46.650001525878906,45.290000915527344,45.869998931884766,4841800
2018-10-16,45.52882385253906,48.220001220703125,48.540000915527344,46.16999816894531,46.38999938964844,5154900
2018-10-17,45.58546829223633,48.279998779296875,48.65999984741211,46.81999969482422,48.31999969482422,5035100
2018-10-18,43.668766021728516,46.25,48.11000061035156,45.459999084472656,47.779998779296875,6828500
2018-10-19,43.48936462402344,46.060001373291016,47.63999938964844,45.709999084472656,46.599998474121094,6193400
2018-10-22,42.97950744628906,45.52000045776367,46.65999984741211,45.16999816894531,46.5099983215332,4825900
2018-10-23,42.243038177490234,44.7400016784668,45.38999938964844,42.29999923706055,43.41999816894531,7697800
2018-10-24,38.41905975341797,40.689998626708984,44.849998474121094,40.41999816894531,44.650001525878906,9348200
2018-10-25,40.52461242675781,42.91999816894531,43.68000030517578,41.099998474121094,41.599998474121094,6732000
2018-10-26,38.296321868896484,40.560001373291016,42.22999954223633,39.13999938964844,40.869998931884766,10652300
2018-10-29,37.644840240478516,39.869998931884766,42.810001373291016,38.06999969482422,42.15999984741211,8851100
2018-10-30,39.3915901184082,41.720001220703125,41.83000183105469,39.58000183105469,39.84000015258789,6286900
2018-10-31,40.609588623046875,43.0099983215332,44.189998626708984,42.7599983215332,43.0099983215332,6174000
2018-11-01,41.91257858276367,44.38999938964844,44.459999084472656,42.869998931884766,43.459999084472656,4317600
2018-11-02,41.0533561706543,43.47999954223633,45.16999816894531,42.41999816894531,44.93000030517578,6079700
2018-11-05,41.77095031738281,44.2400016784668,44.529998779296875,43.279998779296875,43.779998779296875,2801900
2018-11-06,42.56406021118164,45.08000183105469,45.16999816894531,44.16999816894531,44.209999084472656,2298000
2018-11-07,45.21723556518555,47.88999938964844,48.0,46.060001373291016,46.29999923706055,4159300
2018-11-08,45.00006866455078,47.65999984741211,48.06999969482422,47.029998779296875,47.540000915527344,2813900
2018-11-09,43.74430465698242,46.33000183105469,47.040000915527344,45.47999954223633,46.95000076293945,4498600
2018-11-12,41.20442581176758,43.63999938964844,46.11000061035156,43.38999938964844,45.9900016784668,5285200
2018-11-13,40.97783279418945,43.400001525878906,44.97999954223633,43.0099983215332,43.900001525878906,4814300
2018-11-14,40.14693069458008,42.52000045776367,44.619998931884766,41.689998626708984,44.43000030517578,5201200
2018-11-15,41.42158889770508,43.869998931884766,44.099998474121094,41.02000045776367,41.86000061035156,6201800
2018-11-16,41.65763854980469,44.119998931884766,44.650001525878906,42.939998626708984,43.25,4776100
2018-11-19,39.73149490356445,42.08000183105469,43.959999084472656,41.43000030517578,43.83000183105469,5329900
2018-11-20,37.41823959350586,39.630001068115234,40.93000030517578,39.13999938964844,40.16999816894531,7919500
2018-11-21,37.77702331542969,40.0099983215332,40.90999984741211,39.97999954223633,40.380001068115234,3872800
2018-11-23,37.01223373413086,39.20000076293945,39.86000061035156,39.06999969482422,39.099998474121094,1819200
2018-11-26,38.71176528930664,41.0,41.040000915527344,40.060001373291016,40.29999923706055,3589000
2018-11-27,39.08945083618164,41.400001525878906,41.40999984741211,40.189998626708984,40.52000045776367,3522500
2018-11-28,41.79926300048828,44.27000045776367,44.27000045776367,41.47999954223633,41.97999954223633,5697300
2018-11-29,41.51601791381836,43.970001220703125,44.7599983215332,43.2599983215332,43.869998931884766,4628200
2018-11-30,42.35634231567383,44.86000061035156,45.09000015258789,43.72999954223633,43.88999938964844,4103300
2018-12-03,43.90481185913086,46.5,47.11000061035156,45.68000030517578,47.04999923706055,6058500
2018-12-04,39.75038146972656,42.099998474121094,46.310001373291016,41.83000183105469,46.06999969482422,7951500
2018-12-06,39.523773193359375,41.86000061035156,41.869998931884766,38.36000061035156,40.0,9950000
2018-12-07,36.71952438354492,38.88999938964844,42.45000076293945,38.439998626708984,41.619998931884766,9520200
2018-12-10,36.898929595947266,39.08000183105469,39.560001373291016,36.66999816894531,38.790000915527344,8545900
2018-12-11,36.90835952758789,39.09000015258789,40.7599983215332,38.369998931884766,40.65999984741211,7198200
2018-12-12,37.474876403808594,39.689998626708984,41.22999954223633,39.63999938964844,40.54999923706055,6801600
2018-12-13,37.39934539794922,39.61000061035156,40.59000015258789,39.09000015258789,40.13999938964844,5364800
2018-12-14,35.3504524230957,37.439998626708984,39.0,37.150001525878906,38.5099983215332,6949600
2018-12-17,33.30155944824219,35.27000045776367,37.47999954223633,34.43000030517578,36.939998626708984,9401900
2018-12-18,33.14105987548828,35.099998474121094,36.27000045776367,34.36000061035156,35.97999954223633,7564200
2018-12-19,31.507604598999023,33.369998931884766,36.79999923706055,32.689998626708984,35.130001068115234,11983300
2018-12-20,30.10076332092285,31.8799991607666,33.599998474121094,30.84000015258789,32.93000030517578,13724900
2018-12-21,28.24070930480957,29.90999984741211,33.36000061035156,29.600000381469727,32.16999816894531,12712400
2018-12-24,26.002979278564453,27.540000915527344,29.709999084472656,27.479999542236328,29.229999542236328,7749400
2018-12-26,29.77029800415039,31.530000686645508,31.59000015258789,27.270000457763672,28.079999923706055,13894400
2018-12-27,30.604793548583984,32.20000076293945,32.209999084472656,28.65999984741211,30.079999923706055,14909600
2018-12-28,30.424211502075195,32.0099983215332,33.43000030517578,31.5,32.7400016784668,13116100
2018-12-31,31.270124435424805,32.900001525878906,32.91999816894531,31.8799991607666,32.66999816894531,9072100
2019-01-02,31.29863166809082,32.93000030517578,33.31999969482422,31.260000228881836,31.31999969482422,10629200
2019-01-03,28.979511260986328,30.489999771118164,32.27000045776367,30.34000015258789,32.16999816894531,10652700
2019-01-04,31.90691566467285,33.56999969482422,33.86000061035156,31.639999389648438,31.799999237060547,13208800
2019-01-07,32.67679977416992,34.380001068115234,35.02000045776367,33.31999969482422,33.75,7787400
2019-01-08,33.560726165771484,35.310001373291016,35.58000183105469,34.2400016784668,35.38999938964844,7245700
2019-01-09,34.054962158203125,35.83000183105469,36.2400016784668,35.13999938964844,35.68000030517578,7309500
2019-01-10,34.435150146484375,36.22999954223633,36.33000183105469,34.83000183105469,35.150001525878906,5935800
2019-01-11,34.444664001464844,36.2400016784668,36.2400016784668,35.43000030517578,35.70000076293945,5612300
2019-01-14,33.81734848022461,35.58000183105469,35.970001220703125,35.16999816894531,35.369998931884766,3991500
2019-01-15,34.986419677734375,36.810001373291016,36.95000076293945,35.77000045776367,35.77000045776367,6128400
2019-01-16,35.186012268066406,37.02000045776367,37.47999954223633,36.900001525878906,37.0099983215332,5783700
2019-01-17,36.03192138671875,37.90999984741211,38.310001373291016,36.630001068115234,36.63999938964844,5419400
2019-01-18,37.40058898925781,39.349998474121094,39.61000061035156,38.369998931884766,38.779998779296875,7009700
2019-01-22,35.93688201904297,37.810001373291016,38.72999954223633,37.0,38.63999938964844,7651500
2019-01-23,36.07944869995117,37.959999084472656,38.599998474121094,36.83000183105469,38.29999923706055,7529400
2019-01-24,36.17449188232422,38.060001373291016,38.34000015258789,37.43000030517578,37.93000030517578,6140600
2019-01-25,37.1629638671875,39.099998474121094,39.400001525878906,38.72999954223633,38.90999984741211,6643200
2019-01-28,36.250518798828125,38.13999938964844,38.13999938964844,37.2599983215332,37.970001220703125,5606700
2019-01-29,36.060428619384766,37.939998626708984,38.439998626708984,37.560001373291016,38.18000030517578,4434800
2019-01-30,37.77125549316406,39.7400016784668,40.150001525878906,38.31999969482422,38.66999816894531,7311100
2019-01-31,38.778751373291016,40.79999923706055,41.0099983215332,39.599998474121094,39.720001220703125,8228200
2019-02-01,38.80725860595703,40.83000183105469,41.349998474121094,40.439998626708984,40.869998931884766,5232200
2019-02-04,39.62466049194336,41.689998626708984,41.720001220703125,40.52000045776367,40.880001068115234,3941400
2019-02-05,40.1188850402832,42.209999084472656,42.36000061035156,41.650001525878906,41.93000030517578,5332000
2019-02-06,39.96681594848633,42.04999923706055,42.29999923706055,41.650001525878906,42.06999969482422,3422300
2019-02-07,38.797752380371094,40.81999969482422,41.459999084472656,39.97999954223633,41.20000076293945,7435000
2019-02-08,38.91181182861328,40.939998626708984,40.9900016784668,39.75,40.15999984741211,4921000
2019-02-11,38.99734878540039,41.029998779296875,41.40999984741211,40.75,41.279998779296875,4301800
2019-02-12,40.49908447265625,42.61000061035156,42.779998779296875,41.779998779296875,41.83000183105469,4793900
2019-02-13,40.85075378417969,42.97999954223633,43.45000076293945,42.810001373291016,43.02000045776367,5265700
2019-02-14,40.57512283325195,42.689998626708984,43.29999923706055,42.0,42.41999816894531,6092300
2019-02-15,41.88675308227539,44.06999969482422,44.08000183105469,43.4900016784668,43.599998474121094,5479200
2019-02-19,42.10535430908203,44.29999923706055,44.63999938964844,43.63999938964844,43.65999984741211,3781800
2019-02-20,42.35247802734375,44.560001373291016,44.779998779296875,44.0099983215332,44.279998779296875,4334600
2019-02-21,41.88675308227539,44.06999969482422,44.400001525878906,43.54999923706055,44.22999954223633,4584300
2019-02-22,42.68513870239258,44.90999984741211,44.97999954223633,44.2599983215332,44.40999984741211,6849300
2019-02-25,42.84672164916992,45.08000183105469,45.90999984741211,45.0,45.630001068115234,5170800
2019-02-26,42.742164611816406,44.970001220703125,45.41999816894531,44.75,44.84000015258789,3184700
2019-02-27,42.64711380004883,44.869998931884766,45.06999969482422,44.060001373291016,44.56999969482422,3532500
2019-02-28,42.371482849121094,44.58000183105469,44.97999954223633,44.45000076293945,44.75,3285400
2019-03-01,43.19838333129883,45.45000076293945,45.65999984741211,44.689998626708984,45.45000076293945,4277000
2019-03-04,42.66613006591797,44.88999938964844,46.119998931884766,43.689998626708984,46.0,7861700
2019-03-05,42.5235595703125,44.7400016784668,45.099998474121094,44.439998626708984,44.9900016784668,3892000
2019-03-06,41.70616149902344,43.880001068115234,44.79999923706055,43.7599983215332,44.79999923706055,4328000
2019-03-07,40.69868850708008,42.81999969482422,43.720001220703125,42.36000061035156,43.650001525878906,6250700
2019-03-08,40.423038482666016,42.529998779296875,42.599998474121094,41.560001373291016,41.790000915527344,6224800
2019-03-11,42.200416564941406,44.400001525878906,44.45000076293945,42.869998931884766,42.880001068115234,3862500
2019-03-12,42.64711380004883,44.869998931884766,45.13999938964844,44.56999969482422,44.650001525878906,3725800
2019-03-13,43.49302673339844,45.7599983215332,46.25,45.2599983215332,45.349998474121094,4906400
2019-03-14,43.38848876953125,45.650001525878906,45.97999954223633,45.40999984741211,45.77000045776367,4317000
2019-03-15,44.034793853759766,46.33000183105469,46.75,45.849998474121094,45.95000076293945,5508800
2019-03-18,44.462493896484375,46.779998779296875,46.970001220703125,46.31999969482422,46.45000076293945,4443100
2019-03-19,44.538551330566406,46.86000061035156,47.810001373291016,46.34000015258789,47.400001525878906,5591700
2019-03-20,44.0918083190918,46.38999938964844,47.380001068115234,45.79999923706055,46.720001220703125,7504000
2019-03-21,45.546024322509766,47.91999816894531,48.16999816894531,45.90999984741211,45.93000030517578,7996700
2019-03-22,42.941768646240234,45.18000030517578,47.470001220703125,45.15999984741211,47.15999984741211,10391500
2019-03-25,42.78969192504883,45.02000045776367,45.619998931884766,44.380001068115234,45.0,8812400
2019-03-26,43.7496452331543,46.029998779296875,46.58000183105469,45.31999969482422,46.0099983215332,7547000
2019-03-27,43.09384536743164,45.34000015258789,46.369998931884766,44.5,46.08000183105469,7767600
2019-03-28,43.597572326660156,45.869998931884766,46.09000015258789,45.040000915527344,45.65999984741211,5779200
2019-03-29,44.4434928894043,46.7599983215332,46.86000061035156,46.04999923706055,46.66999816894531,6036900
2019-04-01,45.964229583740234,48.36000061035156,48.4900016784668,47.63999938964844,47.790000915527344,4310000
2019-04-02,46.01175308227539,48.40999984741211,48.52000045776367,47.939998626708984,48.45000076293945,2783500
2019-04-03,46.23985290527344,48.650001525878906,49.29999923706055,48.279998779296875,49.09000015258789,4911200
2019-04-04,46.582027435302734,49.0099983215332,49.13999938964844,48.400001525878906,48.79999923706055,4480600
2019-04-05,47.19982147216797,49.65999984741211,49.709999084472656,49.209999084472656,49.38999938964844,3994800
2019-04-08,47.34238815307617,49.810001373291016,49.849998474121094,49.04999923706055,49.43000030517578,3444100
2019-04-09,46.582027435302734,49.0099983215332,49.41999816894531,48.709999084472656,49.22999954223633,5590900
2019-04-10,47.057247161865234,49.5099983215332,49.560001373291016,49.0099983215332,49.2599983215332,3316400
2019-04-11,47.01922607421875,49.470001220703125,49.790000915527344,49.150001525878906,49.790000915527344,3253000
2019-04-12,47.95068359375,50.45000076293945,50.599998474121094,49.97999954223633,50.369998931884766,3344100
2019-04-15,47.85564422607422,50.349998474121094,50.529998779296875,49.880001068115234,50.4900016784668,2784500
2019-04-16,47.931678771972656,50.43000030517578,50.869998931884766,50.099998474121094,50.849998474121094,2918000
2019-04-17,47.55149459838867,50.029998779296875,51.08000183105469,49.81999969482422,51.08000183105469,3806100
2019-04-18,47.80811309814453,50.29999923706055,50.45000076293945,49.59000015258789,50.369998931884766,3242500
2019-04-22,47.89365005493164,50.38999938964844,50.5099983215332,49.810001373291016,49.880001068115234,1769000
2019-04-23,49.186279296875,51.75,51.900001525878906,50.5099983215332,50.63999938964844,3681500
2019-04-24,48.92965316772461,51.47999954223633,51.91999816894531,51.349998474121094,51.720001220703125,2358500
2019-04-25,48.79658889770508,51.34000015258789,51.689998626708984,50.630001068115234,51.369998931884766,2976200
2019-04-26,49.44289779663086,52.02000045776367,52.040000915527344,50.869998931884766,51.349998474121094,3122800
2019-04-29,49.613983154296875,52.20000076293945,52.560001373291016,52.0099983215332,52.060001373291016,2178500
2019-04-30,49.70903778076172,52.29999923706055,52.470001220703125,51.20000076293945,52.029998779296875,3347400
2019-05-01,48.616004943847656,51.150001525878906,52.810001373291016,51.13999938964844,52.709999084472656,5549000
2019-05-02,48.283348083496094,50.79999923706055,51.599998474121094,49.93000030517578,51.029998779296875,6457000
2019-05-03,49.66150665283203,52.25,52.40999984741211,51.5,51.61000061035156,3004400
2019-05-06,49.08172607421875,51.63999938964844,51.86000061035156,49.540000915527344,49.709999084472656,4728700
2019-05-07,46.62955093383789,49.060001373291016,50.54999923706055,47.90999984741211,50.209999084472656,8582200
2019-05-08,46.41094207763672,48.83000183105469,49.779998779296875,48.470001220703125,48.79999923706055,6251000
2019-05-09,46.04975891113281,48.45000076293945,48.68000030517578,46.63999938964844,47.619998931884766,7327200
2019-05-10,46.54400634765625,48.970001220703125,49.470001220703125,46.119998931884766,47.849998474121094,7709500
2019-05-13,43.11284637451172,45.36000061035156,46.68000030517578,44.88999938964844,46.13999938964844,11209900
2019-05-14,44.205875396728516,46.5099983215332,47.400001525878906,45.81999969482422,45.90999984741211,5962100
2019-05-15,44.98524856567383,47.33000183105469,47.720001220703125,45.54999923706055,45.689998626708984,5612500
2019-05-16,46.211341857910156,48.619998931884766,49.43000030517578,47.72999954223633,47.7400016784668,4826100
2019-05-17,45.36542892456055,47.72999954223633,49.11000061035156,47.369998931884766,47.38999938964844,6038200
2019-05-20,44.424476623535156,46.7400016784668,47.4900016784668,46.349998474121094,46.81999969482422,4861700
2019-05-21,45.61256408691406,47.9900016784668,48.22999954223633,47.54999923706055,47.70000076293945,2976300
2019-05-22,45.21337127685547,47.56999969482422,48.09000015258789,47.33000183105469,47.470001220703125,3591700
2019-05-23,43.616580963134766,45.88999938964844,46.36000061035156,45.040000915527344,46.349998474121094,7805400
2019-05-24,43.778160095214844,46.060001373291016,46.790000915527344,45.75,46.59000015258789,3730800
2019-05-28,42.580589294433594,44.79999923706055,46.75,44.79999923706055,46.25,3667800
2019-05-29,41.70616149902344,43.880001068115234,44.40999984741211,43.150001525878906,44.189998626708984,6781400
2019-05-30,42.057830810546875,44.25,44.720001220703125,43.65999984741211,44.279998779296875,4629500
2019-05-31,40.413536071777344,42.52000045776367,43.310001373291016,42.43000030517578,42.880001068115234,5222400
2019-06-03,40.01435089111328,42.099998474121094,43.029998779296875,41.41999816894531,42.45000076293945,7024900
2019-06-04,42.609107971191406,44.83000183105469,44.90999984741211,43.04999923706055,43.279998779296875,5976800
2019-06-05,43.711639404296875,45.9900016784668,46.029998779296875,44.72999954223633,45.720001220703125,4596300
2019-06-06,44.567047119140625,46.88999938964844,47.2599983215332,45.810001373291016,46.18000030517578,4726000
2019-06-07,45.86919021606445,48.2599983215332,48.880001068115234,47.349998474121094,47.439998626708984,5322800
2019-06-10,46.486968994140625,48.90999984741211,49.880001068115234,48.880001068115234,49.150001525878906,5061300
2019-06-11,46.45845413208008,48.880001068115234,50.18000030517578,48.52000045776367,49.959999084472656,3699300
2019-06-12,46.220848083496094,48.630001068115234,49.06999969482422,48.349998474121094,48.75,3016000
2019-06-13,46.80063247680664,49.2400016784668,49.41999816894531,48.75,49.150001525878906,3005200
2019-06-14,46.582027435302734,49.0099983215332,49.36000061035156,48.599998474121094,49.029998779296875,2055700
2019-06-17,46.67707443237305,49.11000061035156,49.5,48.97999954223633,49.15999984741211,1840300
2019-06-18,48.03622817993164,50.540000915527344,51.209999084472656,49.900001525878906,50.11000061035156,4199100
2019-06-19,48.46392822265625,50.9900016784668,51.27000045776367,50.130001068115234,50.70000076293945,3775100
2019-06-20,49.8135871887207,52.40999984741211,52.630001068115234,51.2599983215332,52.529998779296875,4128600
2019-06-21,49.575965881347656,52.15999984741211,52.95000076293945,52.02000045776367,52.18000030517578,3595200
2019-06-24,49.38588333129883,51.959999084472656,52.45000076293945,51.880001068115234,52.25,2137900
2019-06-25,47.897621154785156,50.11000061035156,51.70000076293945,50.04999923706055,51.68000030517578,3304200
2019-06-26,47.792476654052734,50.0,50.93000030517578,49.90999984741211,50.650001525878906,3243800
2019-06-27,48.241729736328125,50.470001220703125,50.77000045776367,50.20000076293945,50.400001525878906,2230400
2019-06-28,49.082881927490234,51.349998474121094,51.540000915527344,50.75,51.040000915527344,2845800
2019-07-01,50.23945617675781,52.560001373291016,53.310001373291016,51.95000076293945,53.189998626708984,4302600
2019-07-02,50.69826126098633,53.040000915527344,53.060001373291016,52.099998474121094,52.599998474121094,2114100
2019-07-03,51.83572006225586,54.22999954223633,54.27000045776367,53.34000015258789,53.41999816894531,1488400
2019-07-05,51.60631561279297,53.9900016784668,54.15999984741211,52.75,53.529998779296875,3417500
2019-07-08,50.87987518310547,53.22999954223633,53.470001220703125,52.849998474121094,53.27000045776367,2254400
2019-07-09,51.02324676513672,53.380001068115234,53.540000915527344,52.45000076293945,52.47999954223633,2006500
2019-07-10,51.75925827026367,54.150001525878906,54.689998626708984,53.689998626708984,54.0099983215332,4260700
2019-07-11,52.065128326416016,54.470001220703125,54.65999984741211,53.900001525878906,54.529998779296875,3822300
2019-07-12,52.72465896606445,55.15999984741211,55.220001220703125,54.58000183105469,54.77000045776367,2427200
2019-07-15,52.79157638549805,55.22999954223633,55.459999084472656,54.95000076293945,55.459999084472656,1810500
2019-07-16,52.22762680053711,54.63999938964844,55.290000915527344,54.5099983215332,55.189998626708984,2263300
2019-07-17,51.24309539794922,53.61000061035156,54.77000045776367,53.58000183105469,54.70000076293945,2837000
2019-07-18,51.77836608886719,54.16999816894531,54.36000061035156,52.9900016784668,53.2599983215332,2714000
2019-07-19,50.83207702636719,53.18000030517578,54.79999923706055,53.099998474121094,54.79999923706055,2998600
2019-07-22,51.21442794799805,53.58000183105469,53.900001525878906,53.130001068115234,53.439998626708984,2538200
2019-07-23,52.31364059448242,54.72999954223633,54.72999954223633,53.77000045776367,54.25,2622700
2019-07-24,53.04964065551758,55.5,55.5,54.22999954223633,54.279998779296875,2461600
2019-07-25,52.24673843383789,54.65999984741211,55.25,54.20000076293945,55.25,3708900
2019-07-26,53.2790641784668,55.7400016784668,55.869998931884766,55.02000045776367,55.09000015258789,1860800
2019-07-29,53.011417388916016,55.459999084472656,55.70000076293945,55.11000061035156,55.68000030517578,1802800
2019-07-30,52.66730880737305,55.099998474121094,55.279998779296875,54.369998931884766,54.61000061035156,2480100
2019-07-31,50.841636657714844,53.189998626708984,55.290000915527344,51.970001220703125,55.20000076293945,5429500
2019-08-01,49.532127380371094,51.81999969482422,55.060001373291016,51.36000061035156,53.31999969482422,8602200
2019-08-02,48.43289566040039,50.66999816894531,51.38999938964844,49.72999954223633,51.290000915527344,6836200
2019-08-05,44.09333801269531,46.130001068115234,48.33000183105469,45.0,48.279998779296875,9030500
2019-08-06,45.880775451660156,48.0,48.099998474121094,46.279998779296875,47.099998474121094,5088700
2019-08-07,45.96680450439453,48.09000015258789,48.47999954223633,45.11000061035156,46.279998779296875,8132300
2019-08-08,48.59538650512695,50.84000015258789,50.84000015258789,48.560001373291016,48.88999938964844,5007300
2019-08-09,47.53439712524414,49.72999954223633,50.63999938964844,48.790000915527344,50.29999923706055,6514200
2019-08-12,45.84254455566406,47.959999084472656,49.22999954223633,47.43000030517578,48.90999984741211,4710700
2019-08-13,47.99320602416992,50.209999084472656,50.97999954223633,47.59000015258789,47.779998779296875,6105100
2019-08-14,43.71099853515625,45.72999954223633,48.2400016784668,45.689998626708984,47.880001068115234,10357600
2019-08-15,44.06465530395508,46.099998474121094,46.56999969482422,45.0099983215332,46.220001220703125,7187300
2019-08-16,45.95725631713867,48.08000183105469,48.34000015258789,46.939998626708984,46.97999954223633,4071900
2019-08-19,47.61085891723633,49.810001373291016,50.220001220703125,49.400001525878906,49.79999923706055,4107600
2019-08-20,46.530757904052734,48.68000030517578,49.849998474121094,48.630001068115234,49.58000183105469,3963100
2019-08-21,47.67778015136719,49.880001068115234,50.099998474121094,49.5099983215332,49.88999938964844,3273600
2019-08-22,47.572628021240234,49.77000045776367,50.63999938964844,48.810001373291016,50.27000045776367,3734400
2019-08-23,43.94996643066406,45.97999954223633,50.0,45.279998779296875,49.06999969482422,7886000
2019-08-26,45.374176025390625,47.470001220703125,47.470001220703125,46.31999969482422,47.13999938964844,4513000
2019-08-27,44.829349517822266,46.900001525878906,48.41999816894531,46.5,48.2400016784668,3888400
2019-08-28,45.775638580322266,47.88999938964844,47.97999954223633,46.119998931884766,46.52000045776367,2704800
2019-08-29,47.48659896850586,49.68000030517578,49.9900016784668,48.7400016784668,49.33000183105469,3399200
2019-08-30,47.4483757019043,49.63999938964844,50.529998779296875,49.099998474121094,50.5099983215332,2942400
2019-09-03,46.626346588134766,48.779998779296875,49.18000030517578,47.9900016784668,48.65999984741211,2787100
2019-09-04,48.1365852355957,50.36000061035156,50.40999984741211,49.529998779296875,49.959999084472656,2422600
2019-09-05,50.010047912597656,52.31999969482422,52.86000061035156,51.7400016784668,51.79999923706055,3338800
2019-09-06,50.1247444152832,52.439998626708984,52.810001373291016,52.119998931884766,52.529998779296875,2455200
2019-09-09,50.143863677978516,52.459999084472656,53.04999923706055,51.959999084472656,53.029998779296875,2289300
2019-09-10,50.20122146606445,52.52000045776367,52.52000045776367,51.369998931884766,52.08000183105469,2827900
2019-09-11,51.252647399902344,53.619998931884766,53.630001068115234,52.279998779296875,52.650001525878906,2772900
2019-09-12,51.71146011352539,54.099998474121094,54.75,53.68000030517578,54.099998474121094,3661300
2019-09-13,51.577640533447266,53.959999084472656,54.56999969482422,53.7599983215332,54.369998931884766,2551400
2019-09-16,51.13795852661133,53.5,53.7400016784668,53.09000015258789,53.290000915527344,2274700
2019-09-17,51.47249221801758,53.849998474121094,53.93000030517578,53.2599983215332,53.34000015258789,2205800
2019-09-18,51.587196350097656,53.970001220703125,54.040000915527344,52.439998626708984,53.650001525878906,4182300
2019-09-19,51.56808090209961,53.95000076293945,54.779998779296875,53.7599983215332,54.189998626708984,3345100
2019-09-20,50.717376708984375,53.060001373291016,54.439998626708984,52.7400016784668,54.279998779296875,3989100
2019-09-23,50.793846130371094,53.13999938964844,53.52000045776367,52.619998931884766,52.75,2208800
2019-09-24,49.54168701171875,51.83000183105469,53.97999954223633,51.279998779296875,53.7599983215332,5967700
2019-09-25,50.44974136352539,52.779998779296875,53.029998779296875,51.04999923706055,51.900001525878906,3930900
2019-09-26,50.08652114868164,52.400001525878906,52.880001068115234,51.61000061035156,52.7599983215332,3742100
2019-09-27,49.24536895751953,51.52000045776367,52.88999938964844,50.66999816894531,52.849998474121094,4937100
2019-09-30,50.000492095947266,52.310001373291016,52.66999816894531,51.81999969482422,51.84000015258789,3086200
2019-10-01,48.165260314941406,50.38999938964844,53.15999984741211,50.279998779296875,52.77000045776367,6224400
2019-10-02,45.670494079589844,47.779998779296875,49.5,47.0099983215332,49.47999954223633,8157500
2019-10-03,46.70280838012695,48.86000061035156,48.869998931884766,46.119998931884766,47.599998474121094,7194000
2019-10-04,48.57627487182617,50.81999969482422,50.959999084472656,49.209999084472656,49.27000045776367,5317500
2019-10-07,47.92629623413086,50.13999938964844,51.29999923706055,50.0099983215332,50.40999984741211,4386700
2019-10-08,45.766082763671875,47.880001068115234,49.529998779296875,47.83000183105469,49.119998931884766,6422500
2019-10-09,46.96088409423828,49.130001068115234,49.70000076293945,48.599998474121094,48.95000076293945,4471100
2019-10-10,47.99320602416992,50.209999084472656,50.650001525878906,49.029998779296875,49.119998931884766,4924000
2019-10-11,49.44609451293945,51.72999954223633,52.959999084472656,51.63999938964844,51.70000076293945,6739500
2019-10-14,49.3122673034668,51.59000015258789,51.900001525878906,51.34000015258789,51.5099983215332,2638300
2019-10-15,50.74605178833008,53.09000015258789,53.4900016784668,52.060001373291016,52.11000061035156,3128800
2019-10-16,50.47842025756836,52.810001373291016,53.189998626708984,52.529998779296875,52.79999923706055,2972300
2019-10-17,50.841636657714844,53.189998626708984,53.7400016784668,52.84000015258789,53.45000076293945,3360000
2019-10-18,50.182098388671875,52.5,53.27000045776367,51.97999954223633,52.93000030517578,2717600
2019-10-21,51.271759033203125,53.63999938964844,53.68000030517578,53.029998779296875,53.31999969482422,2479500
2019-10-22,50.6887092590332,53.029998779296875,54.040000915527344,52.97999954223633,53.93000030517578,3491900
2019-10-23,51.166622161865234,53.529998779296875,53.540000915527344,52.77000045776367,52.90999984741211,2880100
2019-10-24,51.35779571533203,53.72999954223633,54.130001068115234,53.27000045776367,54.029998779296875,3816300
2019-10-25,52.05556106567383,54.459999084472656,54.70000076293945,53.380001068115234,53.380001068115234,3881000
2019-10-28,52.88716506958008,55.33000183105469,55.59000015258789,55.099998474121094,55.099998474121094,3545200
2019-10-29,52.80113220214844,55.2400016784668,55.779998779296875,55.060001373291016,55.150001525878906,3364000
2019-10-30,53.2790641784668,55.7400016784668,55.95000076293945,54.56999969482422,55.380001068115234,3092500
2019-10-31,52.80113220214844,55.2400016784668,55.72999954223633,54.41999816894531,55.72999954223633,3960700
2019-11-01,54.2922477722168,56.79999923706055,56.79999923706055,56.02000045776367,56.130001068115234,3668700
2019-11-04,54.91355895996094,57.45000076293945,57.83000183105469,57.25,57.77000045776367,2765400
2019-11-05,54.731937408447266,57.2599983215332,57.779998779296875,57.099998474121094,57.650001525878906,2370800
2019-11-06,54.79885482788086,57.33000183105469,57.5,56.75,57.290000915527344,2527600
2019-11-07,55.391483306884766,57.95000076293945,58.630001068115234,57.61000061035156,58.150001525878906,3925400
2019-11-08,55.71647262573242,58.290000915527344,58.31999969482422,57.25,57.70000076293945,1814800
2019-11-11,55.401039123535156,57.959999084472656,58.09000015258789,57.36000061035156,57.459999084472656,1823700
2019-11-12,55.71647262573242,58.290000915527344,58.900001525878906,57.86000061035156,58.20000076293945,2829400
2019-11-13,55.79293441772461,58.369998931884766,58.63999938964844,57.56999969482422,57.689998626708984,3553300
2019-11-14,56.051021575927734,58.63999938964844,58.689998626708984,57.810001373291016,58.22999954223633,2674500
2019-11-15,57.255393981933594,59.900001525878906,59.900001525878906,59.029998779296875,59.439998626708984,2334300
2019-11-18,57.303184509277344,59.95000076293945,60.15999984741211,59.43000030517578,59.709999084472656,2396900
2019-11-19,57.255393981933594,59.900001525878906,60.380001068115234,59.529998779296875,60.380001068115234,2652800
2019-11-20,56.65320587158203,59.27000045776367,59.869998931884766,58.27000045776367,59.58000183105469,4098200
2019-11-21,56.38556671142578,58.9900016784668,59.400001525878906,58.459999084472656,59.290000915527344,2751400
2019-11-22,56.71055221557617,59.33000183105469,59.4900016784668,58.689998626708984,59.400001525878906,2318100
2019-11-25,58.0105094909668,60.689998626708984,60.709999084472656,59.900001525878906,59.900001525878906,2161900
2019-11-26,58.392852783203125,61.09000015258789,61.2400016784668,60.54999923706055,60.7599983215332,1739900
2019-11-27,59.147972106933594,61.880001068115234,61.900001525878906,61.279998779296875,61.4900016784668,1718800
2019-11-29,58.51711654663086,61.220001220703125,61.709999084472656,61.08000183105469,61.560001373291016,1221600
2019-12-02,56.978187561035156,59.61000061035156,61.40999984741211,59.380001068115234,61.380001068115234,4023600
2019-12-03,55.8025016784668,58.380001068115234,58.4900016784668,57.04999923706055,57.880001068115234,5039100
2019-12-04,56.834815979003906,59.459999084472656,59.86000061035156,58.880001068115234,59.060001373291016,3084000
2019-12-05,57.21714782714844,59.86000061035156,59.95000076293945,58.9900016784668,59.95000076293945,2618500
2019-12-06,58.69873046875,61.40999984741211,61.689998626708984,61.0,61.0,3133500
2019-12-09,58.19212341308594,60.880001068115234,61.619998931884766,60.810001373291016,61.18000030517578,2375200
2019-12-10,57.98183822631836,60.65999984741211,61.2400016784668,60.22999954223633,60.83000183105469,2694900
2019-12-11,58.46931838989258,61.16999816894531,61.33000183105469,60.68000030517578,60.91999816894531,2403800
2019-12-12,59.96999740600586,62.7400016784668,63.2400016784668,61.0,61.150001525878906,6205900
2019-12-13,60.0273551940918,62.79999923706055,63.61000061035156,62.04999923706055,62.5099983215332,4764600
2019-12-16,61.27950668334961,64.11000061035156,64.5,63.93000030517578,63.939998626708984,2623000
2019-12-17,61.29862976074219,64.12999725341797,64.55000305175781,64.11000061035156,64.33999633789062,1778500
2019-12-18,61.29862976074219,64.12999725341797,64.54000091552734,64.12999725341797,64.38999938964844,1701300
2019-12-19,62.072872161865234,64.94000244140625,64.95999908447266,64.22000122070312,64.23999786376953,2176900
2019-12-20,62.98091506958008,65.88999938964844,66.16999816894531,65.55000305175781,65.58999633789062,2960200
2019-12-23,63.10758972167969,65.76000213623047,66.02999877929688,65.68000030517578,65.98999786376953,1909300
2019-12-24,63.12677764892578,65.77999877929688,65.93000030517578,65.55000305175781,65.91000366210938,941900
2019-12-26,64.08646392822266,66.77999877929688,66.81999969482422,66.0,66.0199966430664,2129800
2019-12-27,64.04806518554688,66.73999786376953,67.30999755859375,66.37000274658203,67.30000305175781,2225900
2019-12-30,62.925262451171875,65.56999969482422,66.83999633789062,65.26000213623047,66.76000213623047,3645400
2019-12-31,63.41468048095703,66.08000183105469,66.22000122070312,64.98999786376953,65.22000122070312,2683000
2020-01-02,65.17090606689453,67.91000366210938,67.91000366210938,66.45999908447266,67.0999984741211,3682700
2020-01-03,63.60662078857422,66.27999877929688,67.12000274658203,65.51000213623047,65.56999969482422,4668100
2020-01-06,64.34558868408203,67.05000305175781,67.11000061035156,65.06999969482422,65.11000061035156,2946000
2020-01-07,63.85613250732422,66.54000091552734,67.0199966430664,66.20999908447266,66.75,2767300
2020-01-08,64.83499145507812,67.55999755859375,68.37999725341797,66.48999786376953,66.66999816894531,3876200
2020-01-09,66.14974212646484,68.93000030517578,68.9800033569336,68.23999786376953,68.6500015258789,2889400
2020-01-10,65.52596282958984,68.27999877929688,69.41000366210938,68.0,69.37000274658203,3883300
2020-01-13,66.94627380371094,69.76000213623047,69.76000213623047,68.44999694824219,68.73999786376953,2859000
2020-01-14,66.58159637451172,69.37999725341797,70.13999938964844,69.01000213623047,69.41999816894531,3751400
2020-01-15,67.05183410644531,69.87000274658203,70.37999725341797,69.26000213623047,69.33000183105469,3346900
2020-01-16,68.62568664550781,71.51000213623047,71.54000091552734,70.6500015258789,70.80000305175781,3158100
2020-01-17,69.33583068847656,72.25,72.33999633789062,71.61000061035156,72.08000183105469,3368900
2020-01-21,68.83682250976562,71.7300033569336,72.30999755859375,71.44999694824219,71.48999786376953,3736300
2020-01-22,68.94236755371094,71.83999633789062,72.81999969482422,71.69000244140625,72.37999725341797,2433100
2020-01-23,69.12468719482422,72.02999877929688,72.12000274658203,70.5,71.30000305175781,3439700
2020-01-24,67.22457122802734,70.05000305175781,72.5,69.16000366210938,72.5,6223400
2020-01-27,64.00965881347656,66.69999694824219,67.70999908447266,66.1500015258789,66.38999938964844,5682800
2020-01-28,65.96739959716797,68.73999786376953,69.3499984741211,67.31999969482422,67.62999725341797,3635700
2020-01-29,65.85226440429688,68.62000274658203,69.8499984741211,68.45999908447266,69.72000122070312,3443600
2020-01-30,66.46646118164062,69.26000213623047,69.38999938964844,66.63999938964844,67.16999816894531,4689600
2020-01-31,62.85808181762695,65.5,68.91000366210938,64.86000061035156,68.80999755859375,8799300
2020-02-03,64.19202423095703,66.88999938964844,68.1500015258789,66.37999725341797,66.41999816894531,4527700
2020-02-04,67.18618774414062,70.01000213623047,70.55000305175781,69.12999725341797,69.3499984741211,4015400
2020-02-05,69.43180084228516,72.3499984741211,72.5199966430664,71.0,72.0199966430664,4014200
2020-02-06,70.18033599853516,73.12999725341797,73.2300033569336,72.33000183105469,73.04000091552734,3119200
2020-02-07,69.0095443725586,71.91000366210938,72.8499984741211,71.55000305175781,72.30999755859375,3236700
2020-02-10,70.5066146850586,73.47000122070312,73.52999877929688,71.25,71.26000213623047,2504100
2020-02-11,70.9384765625,73.91999816894531,75.05000305175781,73.52999877929688,74.48999786376953,3879500
2020-02-12,72.26283264160156,75.30000305175781,75.4800033569336,74.66999816894531,74.93000030517578,2869600
2020-02-13,72.04209899902344,75.06999969482422,75.7699966430664,74.04000091552734,74.27999877929688,4065400
2020-02-14,72.339599609375,75.37999725341797,75.44000244140625,74.44000244140625,75.30000305175781,2484100
2020-02-18,71.68700408935547,74.69999694824219,75.05000305175781,73.76000213623047,74.66999816894531,3819000
2020-02-19,72.77143096923828,75.83000183105469,76.33000183105469,75.2699966430664,75.44999694824219,2099700
2020-02-20,71.90774536132812,74.93000030517578,76.04000091552734,72.70999908447266,75.44000244140625,5317200
2020-02-21,69.58534240722656,72.51000213623047,74.0999984741211,71.95999908447266,73.91000366210938,4788400
2020-02-24,62.6757698059082,65.30999755859375,67.51000213623047,64.55999755859375,65.79000091552734,8863300
2020-02-25,57.01373291015625,59.40999984741211,66.63999938964844,58.779998779296875,66.30999755859375,11042800
2020-02-26,56.3035774230957,58.66999816894531,62.470001220703125,58.2400016784668,60.20000076293945,11818100
2020-02-27,48.79899215698242,50.849998474121094,57.61000061035156,50.84000015258789,55.220001220703125,16237200
2020-02-28,48.232791900634766,50.2599983215332,50.2599983215332,44.61000061035156,46.27000045776367,20096800
2020-03-02,54.240299224853516,56.52000045776367,56.54999923706055,49.15999984741211,51.099998474121094,14869400
2020-03-03,49.624298095703125,51.709999084472656,59.11000061035156,50.16999816894531,56.779998779296875,15354400
2020-03-04,55.814144134521484,58.15999984741211,58.279998779296875,53.27000045776367,54.7400016784668,10415800
2020-03-05,50.20010757446289,52.310001373291016,55.720001220703125,51.0,53.77000045776367,13031000
2020-03-06,47.695377349853516,49.70000076293945,50.400001525878906,45.95000076293945,47.5,13626900
2020-03-09,36.6208381652832,38.15999984741211,43.04999923706055,37.709999084472656,39.849998474121094,18924200
2020-03-10,42.22528839111328,44.0,44.0,37.75,42.38999938964844,21643600
2020-03-11,36.07382583618164,37.59000015258789,40.9900016784668,36.0,40.47999954223633,20910500
2020-03-12,25.728626251220703,26.809999465942383,34.38999938964844,26.760000228881836,29.5,33980800
2020-03-13,32.66701126098633,34.040000915527344,34.15999984741211,27.200000762939453,31.709999084472656,31641100
2020-03-16,21.602073669433594,22.510000228881836,28.829999923706055,22.0,23.100000381469727,42234500
2020-03-17,25.13364028930664,26.190000534057617,26.739999771118164,21.479999542236328,23.719999313354492,41179900
2020-03-18,21.34296226501465,22.239999771118164,23.690000534057617,18.3799991607666,21.440000534057617,54281500
2020-03-19,21.131832122802734,22.020000457763672,23.799999237060547,19.899999618530273,21.610000610351562,50720300
2020-03-20,18.348804473876953,19.1200008392334,23.43000030517578,19.010000228881836,23.0,39904400
2020-03-23,16.842126846313477,17.549999237060547,19.299999237060547,16.510000228881836,19.0,58496200
2020-03-24,21.525299072265625,22.43000030517578,22.59000015258789,20.18000030517578,20.479999542236328,51313500
2020-03-25,22.331417083740234,23.270000457763672,25.969999313354492,21.40999984741211,22.809999465942383,56013000
2020-03-26,26.304431915283203,27.40999984741211,27.850000381469727,23.979999542236328,24.1299991607666,48482500
2020-03-27,23.89566993713379,24.899999618530273,27.280000686645508,24.18000030517578,24.90999984741211,42155000
2020-03-30,26.18927001953125,27.290000915527344,27.559999465942383,24.969999313354492,25.56999969482422,32979600
2020-03-31,24.999284744262695,26.049999237060547,27.899999618530273,25.65999984741211,27.0,43213400
2020-04-01,21.678848266601562,22.59000015258789,24.200000762939453,21.90999984741211,23.149999618530273,38189600
2020-04-02,23.147132873535156,24.1200008392334,24.399999618530273,22.170000076293945,22.360000610351562,41577900
2020-04-03,22.177871704101562,23.110000610351562,24.56999969482422,22.270000457763672,23.829999923706055,40390100
2020-04-06,26.66910743713379,27.790000915527344,28.809999465942383,25.489999771118164,25.809999465942383,39068200
2020-04-07,26.659509658813477,27.780000686645508,31.010000228881836,27.75,30.709999084472656,47873300
2020-04-08,29.375364303588867,30.610000610351562,31.049999237060547,27.979999542236328,28.700000762939453,38576100
2020-04-09,30.690105438232422,31.979999542236328,33.0099983215332,31.100000381469727,31.829999923706055,44859400
2020-04-13,29.83600425720215,31.09000015258789,31.770000457763672,29.670000076293945,31.68000030517578,35165200
2020-04-14,32.51347351074219,33.880001068115234,34.189998626708984,32.56999969482422,32.95000076293945,30687900
2020-04-15,30.42139434814453,31.700000762939453,32.369998931884766,30.889999389648438,31.670000076293945,27931700
2020-04-16,30.88203239440918,32.18000030517578,32.470001220703125,31.030000686645508,32.18000030517578,34532500
2020-04-17,33.357967376708984,34.7599983215332,34.97999954223633,33.310001373291016,34.36000061035156,31562100
2020-04-20,31.611371994018555,32.939998626708984,34.630001068115234,32.83000183105469,33.290000915527344,28604900
2020-04-21,28.732379913330078,29.940000534057617,31.68000030517578,29.579999923706055,31.200000762939453,33679400
2020-04-22,30.622928619384766,31.90999984741211,32.5099983215332,31.18000030517578,31.649999618530273,18343000
2020-04-23,30.56534767150879,31.850000381469727,33.560001373291016,31.780000686645508,32.369998931884766,30495300
2020-04-24,31.8992862701416,33.2400016784668,33.470001220703125,31.68000030517578,32.45000076293945,23981300
2020-04-27,33.26200866699219,34.65999984741211,35.06999969482422,33.79999923706055,33.97999954223633,21158100
2020-04-28,32.82056427001953,34.20000076293945,36.22999954223633,34.04999923706055,36.11000061035156,31452400
2020-04-29,35.35408401489258,36.84000015258789,37.45000076293945,35.849998474121094,36.25,26079300
2020-04-30,34.30803680419922,35.75,36.4900016784668,35.11000061035156,36.22999954223633,25563200
2020-05-01,31.659372329711914,32.9900016784668,34.15999984741211,32.5,33.86000061035156,26388900
2020-05-04,31.880083084106445,33.220001220703125,33.349998474121094,31.690000534057617,32.20000076293945,18849000
2020-05-05,32.75339126586914,34.130001068115234,35.220001220703125,33.97999954223633,34.310001373291016,18649400
2020-05-06,32.11041259765625,33.459999084472656,34.959999084472656,33.400001525878906,34.810001373291016,18055100
2020-05-07,33.271602630615234,34.66999816894531,35.38999938964844,34.470001220703125,34.689998626708984,15240800
2020-05-08,34.92222213745117,36.38999938964844,36.5,35.439998626708984,35.900001525878906,12851900
2020-05-11,34.91263198852539,36.380001068115234,36.959999084472656,35.400001525878906,35.56999969482422,14214100
2020-05-12,32.85894775390625,34.2400016784668,37.040000915527344,34.150001525878906,36.880001068115234,17276100
2020-05-13,31.14113998413086,32.45000076293945,34.38999938964844,31.440000534057617,33.970001220703125,24326900
2020-05-14,32.19677734375,33.54999923706055,33.59000015258789,30.579999923706055,31.459999084472656,32202500
2020-05-15,32.590240478515625,33.959999084472656,33.9900016784668,32.2599983215332,32.650001525878906,22057500
2020-05-18,35.593997955322266,37.09000015258789,37.720001220703125,36.279998779296875,36.43000030517578,18280500
2020-05-19,34.52876663208008,35.97999954223633,37.54999923706055,35.939998626708984,36.900001525878906,18037400
2020-05-20,36.30414962768555,37.83000183105469,38.13999938964844,37.279998779296875,37.38999938964844,17601100
2020-05-21,35.450042724609375,36.939998626708984,38.06999969482422,36.540000915527344,37.72999954223633,17467900
2020-05-22,35.68996047973633,37.189998626708984,37.27000045776367,36.380001068115234,36.880001068115234,12755600
2020-05-26,37.08147430419922,38.63999938964844,39.7599983215332,38.439998626708984,39.709999084472656,13527700
2020-05-27,38.636131286621094,40.2599983215332,40.29999923706055,37.720001220703125,39.7599983215332,17961000
2020-05-28,38.48258590698242,40.099998474121094,41.630001068115234,39.790000915527344,40.7599983215332,16599200
2020-05-29,38.89524841308594,40.529998779296875,40.849998474121094,38.720001220703125,39.880001068115234,21869300
2020-06-01,39.44225311279297,41.099998474121094,41.36000061035156,40.099998474121094,40.31999969482422,11573400
2020-06-02,40.40191650390625,42.099998474121094,42.130001068115234,40.93000030517578,41.5,12075500
2020-06-03,42.033348083496094,43.79999923706055,44.22999954223633,42.900001525878906,43.02000045776367,13047800
2020-06-04,41.67827224731445,43.43000030517578,44.150001525878906,42.5,43.34000015258789,14517800
2020-06-05,44.883548736572266,46.77000045776367,47.61000061035156,45.900001525878906,45.939998626708984,19893800
2020-06-08,46.52457809448242,48.47999954223633,48.56999969482422,46.93000030517578,47.20000076293945,11919400
2020-06-09,45.50733947753906,47.41999816894531,48.130001068115234,46.77000045776367,47.15999984741211,16122200
2020-06-10,44.76839828491211,46.650001525878906,48.119998931884766,46.279998779296875,47.70000076293945,19500600
2020-06-11,37.004703521728516,38.560001373291016,43.56999969482422,38.27000045776367,43.27000045776367,33437300
2020-06-12,38.27146530151367,39.880001068115234,41.77000045776367,37.720001220703125,41.439998626708984,29234100
2020-06-15,39.346290588378906,41.0,41.47999954223633,36.93000030517578,37.43000030517578,26172300
2020-06-16,41.611106872558594,43.36000061035156,44.45000076293945,41.2599983215332,44.38999938964844,24862500
2020-06-17,41.044898986816406,42.77000045776367,43.970001220703125,42.52000045776367,43.84000015258789,14325400
2020-06-18,41.13126754760742,42.86000061035156,43.09000015258789,41.939998626708984,42.150001525878906,11666500
2020-06-19,40.43071365356445,42.130001068115234,44.5,41.54999923706055,44.41999816894531,18463300
2020-06-22,41.20803451538086,42.939998626708984,43.119998931884766,41.36000061035156,41.849998474121094,10016400
2020-06-23,41.76140213012695,43.470001220703125,44.5099983215332,43.31999969482422,44.099998474121094,10428500
2020-06-24,38.59110641479492,40.16999816894531,42.84000015258789,39.34000015258789,42.560001373291016,21619800
2020-06-25,39.820796966552734,41.45000076293945,41.56999969482422,39.04999923706055,39.90999984741211,15448400
2020-06-26,37.02517318725586,38.540000915527344,41.060001373291016,38.25,40.970001220703125,21054100
2020-06-29,38.533470153808594,40.11000061035156,40.220001220703125,38.060001373291016,39.0,14988500
2020-06-30,40.16664123535156,41.810001373291016,42.45000076293945,39.93000030517578,40.0,15209500
2020-07-01,40.91598129272461,42.59000015258789,43.13999938964844,42.0,42.20000076293945,14461100
2020-07-02,41.550052642822266,43.25,44.709999084472656,42.970001220703125,44.119998931884766,14654400
2020-07-06,43.46183395385742,45.2400016784668,45.439998626708984,44.65999984741211,45.029998779296875,10834800
2020-07-07,42.13606262207031,43.86000061035156,45.470001220703125,43.720001220703125,44.560001373291016,11186600
2020-07-08,43.06794357299805,44.83000183105469,44.91999816894531,43.41999816894531,44.2400016784668,9959600
2020-07-09,42.366634368896484,44.099998474121094,45.2599983215332,42.540000915527344,45.15999984741211,15521500
2020-07-10,43.66357421875,45.45000076293945,45.58000183105469,43.41999816894531,44.08000183105469,11063700
2020-07-13,42.54916763305664,44.290000915527344,47.650001525878906,43.970001220703125,46.52000045776367,15115300
2020-07-14,44.20155715942383,46.0099983215332,46.13999938964844,43.06999969482422,43.619998931884766,16153900
2020-07-15,45.383216857910156,47.2400016784668,47.779998779296875,46.150001525878906,47.529998779296875,17449000
2020-07-16,44.93168640136719,46.77000045776367,47.0,46.040000915527344,46.34000015258789,10726900
2020-07-17,45.27754211425781,47.130001068115234,47.54999923706055,46.33000183105469,47.2400016784668,8613000
2020-07-20,46.41115951538086,48.310001373291016,48.68000030517578,46.720001220703125,47.08000183105469,7721300
2020-07-21,46.7089729309082,48.619998931884766,49.5,48.18000030517578,49.279998779296875,10400800
2020-07-22,47.48713684082031,49.43000030517578,49.61000061035156,48.41999816894531,48.47999954223633,8224500
2020-07-23,45.85396194458008,47.72999954223633,49.63999938964844,47.02000045776367,49.27000045776367,14700400
2020-07-24,44.90287399291992,46.7400016784668,47.2599983215332,46.04999923706055,46.790000915527344,12917900
2020-07-27,45.873172760009766,47.75,47.869998931884766,46.720001220703125,47.09000015258789,7674800
2020-07-28,45.07578659057617,46.91999816894531,47.97999954223633,46.7400016784668,47.439998626708984,9458700
2020-07-29,46.66094207763672,48.56999969482422,48.880001068115234,47.27000045776367,47.310001373291016,8089100
2020-07-30,46.16138458251953,48.04999923706055,48.279998779296875,46.150001525878906,47.15999984741211,12924300
2020-07-31,47.275787353515625,49.209999084472656,49.25,46.90999984741211,48.95000076293945,12533800
2020-08-03,48.23648452758789,50.209999084472656,50.599998474121094,49.75,50.040000915527344,6819100
2020-08-04,48.7840690612793,50.779998779296875,50.810001373291016,49.790000915527344,49.79999923706055,7112100
2020-08-05,49.677520751953125,51.709999084472656,51.88999938964844,51.34000015258789,51.459999084472656,7009200
2020-08-06,50.69586181640625,52.77000045776367,52.849998474121094,51.31999969482422,51.47999954223633,7614400
2020-08-07,50.79191970825195,52.869998931884766,52.97999954223633,51.83000183105469,52.31999969482422,10639200
2020-08-10,51.28188705444336,53.380001068115234,53.470001220703125,52.150001525878906,53.13999938964844,8010400
2020-08-11,50.032981872558594,52.08000183105469,54.29999923706055,51.66999816894531,54.0,11505800
2020-08-12,52.04083251953125,54.16999816894531,54.61000061035156,53.290000915527344,53.29999923706055,8178000
2020-08-13,51.83907699584961,53.959999084472656,54.61000061035156,53.45000076293945,53.83000183105469,8707900
2020-08-14,51.791053771972656,53.90999984741211,54.220001220703125,53.380001068115234,53.709999084472656,7373100
2020-08-17,52.26179122924805,54.400001525878906,54.650001525878906,54.2400016784668,54.45000076293945,4216900
2020-08-18,52.588436126708984,54.7400016784668,55.0099983215332,53.81999969482422,54.650001525878906,5337200
2020-08-19,51.94475555419922,54.06999969482422,55.2599983215332,53.810001373291016,55.0099983215332,7030800
2020-08-20,52.425106048583984,54.56999969482422,54.83000183105469,53.130001068115234,53.189998626708984,5167800
2020-08-21,52.96310043334961,55.130001068115234,55.2599983215332,54.25,54.41999816894531,5034200
2020-08-24,54.60588073730469,56.84000015258789,56.880001068115234,55.939998626708984,56.5,5616700
2020-08-25,55.17269515991211,57.43000030517578,57.47999954223633,56.529998779296875,57.189998626708984,5438400
2020-08-26,56.8250846862793,59.150001525878906,59.31999969482422,57.470001220703125,57.77000045776367,5616200
2020-08-27,57.19976043701172,59.540000915527344,60.36000061035156,58.63999938964844,59.65999984741211,8807600
2020-08-28,58.32377624511719,60.709999084472656,60.77000045776367,59.47999954223633,60.130001068115234,5447600
2020-08-31,57.64168167114258,60.0,61.08000183105469,59.939998626708984,60.58000183105469,6578200
2020-09-01,59.303680419921875,61.72999954223633,61.790000915527344,60.02000045776367,60.5099983215332,4946300
2020-09-02,61.88795471191406,64.41999816894531,64.95999908447266,62.20000076293945,62.86000061035156,8019200
2020-09-03,55.518550872802734,57.790000915527344,63.709999084472656,56.25,63.439998626708984,17626100
2020-09-04,54.13513946533203,56.349998474121094,58.97999954223633,52.459999084472656,58.08000183105469,15625400
2020-09-08,49.64870071411133,51.68000030517578,54.099998474121094,51.540000915527344,53.369998931884766,14560300
2020-09-09,52.588436126708984,54.7400016784668,56.0099983215332,53.279998779296875,53.7400016784668,9799900
2020-09-10,49.87926483154297,51.91999816894531,56.08000183105469,51.400001525878906,55.72999954223633,13450600
2020-09-11,49.89847946166992,51.939998626708984,53.31999969482422,50.540000915527344,52.77000045776367,12786100
2020-09-14,51.906333923339844,54.029998779296875,54.900001525878906,53.310001373291016,53.54999923706055,6927400
2020-09-15,52.646060943603516,54.79999923706055,55.7400016784668,54.290000915527344,55.310001373291016,6438100
2020-09-16,52.06003952026367,54.189998626708984,56.2400016784668,54.040000915527344,55.5,7319800
2020-09-17,50.70547103881836,52.779998779296875,53.630001068115234,51.380001068115234,51.65999984741211,10835800
2020-09-18,48.96660614013672,50.970001220703125,53.20000076293945,49.650001525878906,53.16999816894531,9865600
2020-09-21,47.275787353515625,49.209999084472656,49.27000045776367,46.790000915527344,48.65999984741211,12802200
2020-09-22,48.74565887451172,50.7400016784668,50.9900016784668,48.72999954223633,49.939998626708984,8509100
2020-09-23,45.34478759765625,47.20000076293945,51.119998931884766,46.95000076293945,51.0,8842600
2020-09-24,45.681034088134766,47.54999923706055,48.9900016784668,45.93000030517578,46.540000915527344,9661000
2020-09-25,47.890628814697266,49.849998474121094,50.220001220703125,46.720001220703125,47.13999938964844,6858500
2020-09-28,50.301979064941406,52.36000061035156,52.68000030517578,51.40999984741211,51.88999938964844,6069400
2020-09-29,49.437339782714844,51.459999084472656,52.599998474121094,51.130001068115234,52.2400016784668,6052300
2020-09-30,50.590179443359375,52.65999984741211,54.22999954223633,51.689998626708984,51.83000183105469,8486600
2020-10-01,51.5124397277832,53.619998931884766,54.439998626708984,52.70000076293945,53.95000076293945,6991300
2020-10-02,50.12904739379883,52.18000030517578,53.11000061035156,50.849998474121094,51.11000061035156,10064900
2020-10-05,52.6941032409668,54.849998474121094,54.970001220703125,53.15999984741211,53.15999984741211,4891600
2020-10-06,50.494117736816406,52.560001373291016,56.040000915527344,52.279998779296875,54.97999954223633,10028800
2020-10-07,53.059165954589844,55.22999954223633,55.689998626708984,54.029998779296875,54.040000915527344,5798700
2020-10-08,54.4617805480957,56.689998626708984,56.7599983215332,55.83000183105469,56.290000915527344,5091900
2020-10-09,55.93164825439453,58.220001220703125,58.5,57.290000915527344,57.63999938964844,5502300
2020-10-12,58.69844055175781,61.099998474121094,61.86000061035156,59.380001068115234,59.650001525878906,6378500
2020-10-13,57.50718307495117,59.86000061035156,61.02000045776367,59.31999969482422,60.97999954223633,5169000
2020-10-14,56.479244232177734,58.790000915527344,60.790000915527344,58.34000015258789,60.15999984741211,5897400
2020-10-15,56.2486686706543,58.54999923706055,58.79999923706055,56.310001373291016,56.599998474121094,7109000
2020-10-16,56.11417770385742,58.40999984741211,60.16999816894531,58.33000183105469,59.27000045776367,6134400
2020-10-19,53.58755111694336,55.779998779296875,59.41999816894531,55.27000045776367,59.08000183105469,9448100
2020-10-20,54.14475631713867,56.36000061035156,58.099998474121094,56.040000915527344,56.439998626708984,9544600
2020-10-21,53.818115234375,56.02000045776367,57.5099983215332,55.91999816894531,56.36000061035156,7263400
2020-10-22,54.74037551879883,56.97999954223633,57.290000915527344,55.060001373291016,56.16999816894531,7287500
2020-10-23,55.259159088134766,57.52000045776367,57.68000030517578,56.2599983215332,57.66999816894531,5553100
2020-10-26,52.271385192871094,54.40999984741211,56.18000030517578,52.5099983215332,55.7599983215332,11198300
2020-10-27,51.68536376953125,53.79999923706055,54.720001220703125,53.689998626708984,54.54999923706055,7055700
2020-10-28,46.41115951538086,48.310001373291016,51.22999954223633,48.04999923706055,50.900001525878906,15880400
2020-10-29,47.765743255615234,49.720001220703125,51.22999954223633,47.58000183105469,48.400001525878906,9193000
2020-10-30,46.24784469604492,48.13999938964844,49.58000183105469,46.380001068115234,48.939998626708984,13455500
2020-11-02,47.842594146728516,49.79999923706055,50.7400016784668,48.470001220703125,49.79999923706055,10792600
2020-11-03,50.3307991027832,52.38999938964844,53.41999816894531,51.13999938964844,51.349998474121094,10203400
2020-11-04,53.6932258605957,55.88999938964844,57.9900016784668,54.099998474121094,54.66999816894531,14289200
2020-11-05,56.844303131103516,59.16999816894531,60.150001525878906,58.529998779296875,58.709999084472656,9589200
2020-11-06,56.815486907958984,59.13999938964844,59.83000183105469,57.880001068115234,59.06999969482422,7842400
2020-11-09,58.986656188964844,61.400001525878906,66.3499984741211,61.11000061035156,66.26000213623047,15828600
2020-11-10,58.70805358886719,61.11000061035156,61.70000076293945,59.31999969482422,60.83000183105469,10254000
2020-11-11,59.95695114135742,62.40999984741211,62.939998626708984,61.65999984741211,62.349998474121094,6479100
2020-11-12,58.26612854003906,60.650001525878906,62.33000183105469,59.630001068115234,61.900001525878906,8259300
2020-11-13,60.6390380859375,63.119998931884766,63.560001373291016,61.40999984741211,61.709999084472656,6005800
2020-11-16,62.92549514770508,65.5,65.54000091552734,63.959999084472656,64.70999908447266,6675900
2020-11-17,61.91677474975586,64.44999694824219,65.19000244140625,63.2400016784668,64.12999725341797,5704100
2020-11-18,59.7167854309082,62.15999984741211,64.94999694824219,62.119998931884766,64.62999725341797,6593600
2020-11-19,60.418087005615234,62.88999938964844,63.13999938964844,61.02000045776367,61.75,6654200
2020-11-20,59.197998046875,61.619998931884766,62.880001068115234,61.58000183105469,62.7599983215332,5352700
2020-11-23,60.29319381713867,62.7599983215332,63.400001525878906,61.369998931884766,62.63999938964844,7247900
2020-11-24,63.117637634277344,65.69999694824219,66.05999755859375,63.689998626708984,64.18000030517578,6838000
2020-11-25,62.84865188598633,65.41999816894531,65.70999908447266,64.80999755859375,65.69999694824219,4655800
2020-11-27,63.386653900146484,65.9800033569336,66.26000213623047,65.4000015258789,66.08000183105469,2806700
2020-11-30,62.5316162109375,65.08999633789062,65.66999816894531,63.540000915527344,65.52999877929688,6640300
2020-12-01,64.54907989501953,67.19000244140625,68.12000274658203,66.55000305175781,66.9800033569336,6031700
2020-12-02,64.9429702758789,67.5999984741211,67.75,66.25,66.56999969482422,4510900
2020-12-03,64.89494323730469,67.55000305175781,68.43000030517578,66.95999908447266,67.61000061035156,5734200
2020-12-04,66.63378143310547,69.36000061035156,69.36000061035156,67.9000015258789,67.94000244140625,3693900
2020-12-07,66.20147705078125,68.91000366210938,69.22000122070312,68.16999816894531,68.87999725341797,5499000
2020-12-08,66.7298583984375,69.45999908447266,69.8499984741211,68.11000061035156,68.1500015258789,4139500
2020-12-09,64.99099731445312,67.6500015258789,70.01000213623047,67.12000274658203,69.95999908447266,7367600
2020-12-10,64.87571716308594,67.52999877929688,68.16999816894531,66.30000305175781,66.79000091552734,6084100
2020-12-11,64.63553619384766,67.27999877929688,67.47000122070312,65.63999938964844,66.55999755859375,6074500
2020-12-14,63.78053665161133,66.38999938964844,69.25,66.2699966430664,68.63999938964844,6322200
2020-12-15,66.34556579589844,69.05999755859375,69.0999984741211,67.08999633789062,67.94999694824219,5789800
2020-12-16,66.67222595214844,69.4000015258789,69.9800033569336,68.69000244140625,69.25,4884700
2020-12-17,67.83464813232422,70.61000061035156,70.72000122070312,69.93000030517578,70.41999816894531,4843000
2020-12-18,66.97002410888672,69.70999908447266,70.86000061035156,68.51000213623047,70.77999877929688,8421500
2020-12-21,66.29754638671875,69.01000213623047,69.5199966430664,65.70999908447266,67.37000274658203,8951500
2020-12-22,65.93667602539062,68.5199966430664,69.1500015258789,67.8499984741211,69.08000183105469,4767900
2020-12-23,66.05215454101562,68.63999938964844,69.83999633789062,68.61000061035156,69.04000091552734,4395400
2020-12-24,66.8797378540039,69.5,69.5,68.6500015258789,68.9800033569336,2141500
2020-12-28,68.57337188720703,71.26000213623047,71.5,70.66000366210938,71.05000305175781,3672000
2020-12-29,68.20770263671875,70.87999725341797,72.31999969482422,70.51000213623047,72.20999908447266,4877600
2020-12-30,68.43865203857422,71.12000274658203,71.80000305175781,70.91000366210938,71.37999725341797,3954000
2020-12-31,69.52604675292969,72.25,72.66999816894531,70.72000122070312,71.05000305175781,4344600
2021-01-04,66.64879608154297,69.26000213623047,73.12999725341797,66.97000122070312,73.05000305175781,10399100
2021-01-05,67.9959945678711,70.66000366210938,71.36000061035156,68.88999938964844,68.88999938964844,5779400
2021-01-06,69.24698638916016,71.95999908447266,73.91999816894531,69.44000244140625,69.77999877929688,10308400
2021-01-07,72.26860046386719,75.0999984741211,75.62999725341797,73.31999969482422,73.47000122070312,6081900
2021-01-08,73.50035095214844,76.37999725341797,76.55000305175781,73.97000122070312,76.08000183105469,8231200
2021-01-11,72.124267578125,74.94999694824219,76.01000213623047,74.29000091552734,74.41999816894531,5204200
2021-01-12,72.09537506103516,74.91999816894531,75.58000183105469,73.5199966430664,75.02999877929688,5294700
2021-01-13,72.66314697265625,75.51000213623047,76.16000366210938,74.37999725341797,74.91000366210938,4337700
2021-01-14,71.8355712890625,74.6500015258789,76.31999969482422,74.5199966430664,76.0199966430664,4815300
2021-01-15,70.26702880859375,73.0199966430664,74.19999694824219,71.91000366210938,73.69000244140625,7941200
2021-01-19,71.95104217529297,74.7699966430664,75.12000274658203,73.69999694824219,74.62000274658203,4525700
2021-01-20,74.92452239990234,77.86000061035156,78.43000030517578,76.0199966430664,76.23999786376953,4339500
2021-01-21,75.11699676513672,78.05999755859375,78.52999877929688,77.47000122070312,78.2699966430664,3733800
2021-01-22,74.31829071044922,77.2300033569336,77.97000122070312,76.62000274658203,76.87999725341797,4572900
2021-01-25,75.20359802246094,78.1500015258789,78.38999938964844,74.58000183105469,77.7699966430664,6982100
2021-01-26,74.83793640136719,77.7699966430664,79.0199966430664,77.66999816894531,78.76000213623047,4137300
2021-01-27,69.37206268310547,72.08999633789062,75.66000366210938,70.63999938964844,75.63999938964844,9762600
2021-01-28,71.03685760498047,73.81999969482422,76.4000015258789,72.98999786376953,73.20999908447266,6690500
2021-01-29,66.9085922241211,69.52999877929688,73.36000061035156,68.44000244140625,72.73999786376953,11141400
2021-02-01,70.16117858886719,72.91000366210938,73.58000183105469,70.26000213623047,71.55000305175781,6123600
2021-02-02,73.15390014648438,76.0199966430664,77.01000213623047,74.91000366210938,74.94000244140625,5584900
2021-02-03,73.33673095703125,76.20999908447266,77.30999755859375,75.41000366210938,76.62999725341797,5206000
2021-02-04,75.7809829711914,78.75,78.80000305175781,76.77999877929688,76.88999938964844,3503600
2021-02-05,76.68555450439453,79.69000244140625,80.16000366210938,78.9800033569336,80.04000091552734,4033400
2021-02-08,78.37919616699219,81.44999694824219,81.47000122070312,80.12000274658203,80.70999908447266,4063700
2021-02-09,78.18672180175781,81.25,81.66999816894531,80.62000274658203,80.87000274658203,4079200
2021-02-10,78.09049224853516,81.1500015258789,82.55999755859375,79.5999984741211,82.52999877929688,6039900
2021-02-11,78.47541046142578,81.55000305175781,82.16999816894531,79.94999694824219,81.91000366210938,5392100
2021-02-12,79.65904235839844,82.77999877929688,82.91999816894531,80.98999786376953,81.0199966430664,3949200
2021-02-16,79.46659088134766,82.58000183105469,83.73999786376953,82.08999633789062,83.63999938964844,6154500
2021-02-17,79.48583221435547,82.5999984741211,82.76000213623047,80.69000244140625,81.37999725341797,4777300
2021-02-18,78.44654083251953,81.5199966430664,82.05000305175781,79.68000030517578,80.83999633789062,5171700
2021-02-19,78.01351165771484,81.06999969482422,82.58000183105469,80.80999755859375,82.45999908447266,5124000
2021-02-22,76.25251007080078,79.23999786376953,80.8499984741211,79.06999969482422,79.29000091552734,4351800
2021-02-23,76.47383117675781,79.47000122070312,80.4000015258789,75.02999877929688,77.80999755859375,6583100
2021-02-24,78.9854507446289,82.08000183105469,82.43000030517578,78.13999938964844,78.80000305175781,6382600
2021-02-25,73.3078842163086,76.18000030517578,82.20999908447266,75.20999908447266,81.29000091552734,13883600
2021-02-26,72.18199920654297,75.01000213623047,78.12000274658203,73.72000122070312,77.45999908447266,12274600
2021-03-01,77.38801574707031,80.41999816894531,81.2300033569336,78.04000091552734,78.04000091552734,6432600
2021-03-02,75.63662719726562,78.5999984741211,80.76000213623047,78.43000030517578,80.66000366210938,8959700
2021-03-03,72.5861587524414,75.43000030517578,78.76000213623047,75.37999725341797,78.11000061035156,11587200
2021-03-04,69.91097259521484,72.6500015258789,76.95999908447266,69.7699966430664,75.31999969482422,13825200
2021-03-05,73.69279479980469,76.58000183105469,77.29000091552734,70.2699966430664,74.7699966430664,11367200
2021-03-08,72.65351104736328,75.5,79.05000305175781,75.27999877929688,77.2699966430664,11133000
2021-03-09,75.67513275146484,78.63999938964844,80.33000183105469,77.5999984741211,77.94000244140625,7307700
2021-03-10,77.10896301269531,80.12999725341797,81.27999877929688,79.30999755859375,80.23999786376953,10854700
2021-03-11,79.44734954833984,82.55999755859375,83.91999816894531,81.51000213623047,81.80999755859375,6294700
2021-03-12,79.83226013183594,82.95999908447266,83.04000091552734,81.12999725341797,81.69999694824219,4387100
2021-03-15,81.28535461425781,84.47000122070312,84.58999633789062,81.63999938964844,83.11000061035156,4397700
2021-03-16,80.96778106689453,84.13999938964844,85.31999969482422,83.55999755859375,84.8499984741211,5613900
2021-03-17,81.6510009765625,84.8499984741211,85.48999786376953,82.41999816894531,83.18000030517578,6306200
2021-03-18,78.16749572753906,81.2300033569336,84.58999633789062,80.79000091552734,83.13999938964844,7681300
2021-03-19,77.74407196044922,80.79000091552734,82.05000305175781,79.30999755859375,81.04000091552734,5342600
2021-03-22,79.59169006347656,82.70999908447266,83.62000274658203,81.05999755859375,81.05999755859375,4675500
2021-03-23,77.63821411132812,80.68000030517578,83.2300033569336,80.18000030517578,82.27999877929688,6476200
2021-03-24,76.48347473144531,79.4800033569336,82.76000213623047,79.47000122070312,81.69000244140625,6981000
2021-03-25,77.80181884765625,80.8499984741211,81.3499984741211,77.27999877929688,78.55000305175781,9654100
2021-03-26,81.43929290771484,84.62999725341797,84.97000122070312,81.19999694824219,81.61000061035156,7596900
2021-03-29,81.39118957519531,84.58000183105469,85.19999694824219,82.69999694824219,83.72000122070312,6790300
2021-03-30,80.83304595947266,84.0,84.37000274658203,82.81999969482422,83.70999908447266,6451500
2021-03-31,81.74723815917969,84.94999694824219,85.98999786376953,84.30000305175781,84.30999755859375,5711800
2021-04-01,84.23958587646484,87.54000091552734,87.69000244140625,86.06999969482422,86.2300033569336,5257200
2021-04-05,87.99254608154297,91.44000244140625,91.80999755859375,89.48999786376953,89.54000091552734,6772500
2021-04-06,87.72310638427734,91.16000366210938,92.0,90.77999877929688,91.01000213623047,4874200
2021-04-07,88.05028533935547,91.5,91.80999755859375,90.81999969482422,91.13999938964844,4245400
2021-04-08,89.32051086425781,92.81999969482422,92.9000015258789,91.80000305175781,92.4800033569336,4374900
2021-04-09,91.23548126220703,94.80999755859375,94.98999786376953,92.69999694824219,92.80000305175781,4825000
2021-04-12,91.34135437011719,94.91999816894531,95.16000366210938,94.0,94.41000366210938,4585000
2021-04-13,92.18817901611328,95.80000305175781,96.27999877929688,94.62000274658203,94.91999816894531,4530900
2021-04-14,91.32209777832031,94.9000015258789,96.56999969482422,94.41000366210938,95.83999633789062,6974200
2021-04-15,94.20899963378906,97.9000015258789,98.08999633789062,96.4000015258789,96.41000366210938,5868800
2021-04-16,95.19054412841797,98.91999816894531,99.30000305175781,97.77999877929688,98.91000366210938,5883200
2021-04-19,93.70858764648438,97.37999725341797,98.48999786376953,96.37000274658203,98.16999816894531,6569000
2021-04-20,91.63966369628906,95.2300033569336,97.0,94.16000366210938,96.4800033569336,5531200
2021-04-21,94.2186279296875,97.91000366210938,98.08999633789062,94.68000030517578,94.79000091552734,5421100
2021-04-22,91.6974105834961,95.29000091552734,98.44000244140625,94.44999694824219,97.81999969482422,9592600
2021-04-23,94.55541229248047,98.26000213623047,99.36000061035156,95.5999984741211,95.66999816894531,6281500
2021-04-26,95.18091583251953,98.91000366210938,99.37999725341797,98.51000213623047,98.86000061035156,5203300
2021-04-27,95.0750732421875,98.80000305175781,99.30999755859375,98.02999877929688,99.16999816894531,4371200
2021-04-28,95.00769805908203,98.7300033569336,99.93000030517578,98.41999816894531,99.08000183105469,6045100
2021-04-29,96.7783432006836,100.56999969482422,101.12000274658203,98.11000061035156,100.88999938964844,6930800
2021-04-30,94.99808502197266,98.72000122070312,99.58999633789062,98.0,98.93000030517578,6643500
2021-05-03,95.49848175048828,99.23999786376953,100.47000122070312,98.94000244140625,100.16999816894531,5373300
2021-05-04,93.7567138671875,97.43000030517578,98.16999816894531,94.66000366210938,97.80000305175781,9295200
2021-05-05,93.80484008789062,97.4800033569336,98.87000274658203,96.97000122070312,98.72000122070312,5328000
2021-05-06,96.03736114501953,99.80000305175781,99.94999694824219,96.06999969482422,97.62999725341797,8629800
2021-05-07,98.16403198242188,102.01000213623047,102.54000091552734,99.93000030517578,100.44999694824219,7394300
2021-05-10,95.3156509399414,99.05000305175781,102.4800033569336,98.91000366210938,102.33999633789062,6543400
2021-05-11,92.77518463134766,96.41000366210938,97.11000061035156,93.41000366210938,95.52999877929688,11566900
2021-05-12,86.7511978149414,90.1500015258789,95.20999908447266,89.76000213623047,94.25,11115300
2021-05-13,89.86902618408203,93.38999938964844,94.83000183105469,91.27999877929688,91.30000305175781,12278900
2021-05-14,94.07427978515625,97.76000213623047,98.37000274658203,95.43000030517578,95.44000244140625,7710100
2021-05-17,93.28519439697266,96.94000244140625,97.5999984741211,95.47000122070312,96.88999938964844,6784400
2021-05-18,90.94680786132812,94.51000213623047,97.36000061035156,94.33999633789062,97.16999816894531,5095600
2021-05-19,90.23469543457031,93.7699966430664,93.81999969482422,89.91000366210938,90.98999786376953,9320300
2021-05-20,93.04463958740234,96.69000244140625,97.63999938964844,94.27999877929688,94.33999633789062,6486300
2021-05-21,92.80404663085938,96.44000244140625,98.76000213623047,96.13999938964844,97.87999725341797,6723900
2021-05-24,95.68132781982422,99.43000030517578,100.2300033569336,97.97000122070312,98.19000244140625,4733200
2021-05-25,95.0846939086914,98.80999755859375,100.54000091552734,98.3499984741211,100.25,5095800
2021-05-26,95.61395263671875,99.36000061035156,99.7300033569336,98.44000244140625,99.19999694824219,3839100
2021-05-27,95.70055389404297,99.44999694824219,100.5199966430664,99.41000366210938,100.16000366210938,4152700
2021-05-28,96.2779541015625,100.05000305175781,100.88999938964844,99.87999725341797,100.69999694824219,3759400
2021-06-01,96.01812744140625,99.77999877929688,101.94000244140625,99.44000244140625,101.81999969482422,6089700
2021-06-02,96.43190002441406,100.20999908447266,100.87000274658203,99.51000213623047,100.29000091552734,4976400
2021-06-03,95.38300323486328,99.12000274658203,99.98999786376953,97.31999969482422,98.47000122070312,5713700
2021-06-04,97.95234680175781,101.79000091552734,102.01000213623047,100.44000244140625,100.48999786376953,3660300
2021-06-07,97.75027465820312,101.58000183105469,101.94999694824219,100.81999969482422,101.83000183105469,3352300
2021-06-08,97.75027465820312,101.58000183105469,102.2300033569336,100.18000030517578,102.19999694824219,5199000
2021-06-09,97.2979965209961,101.11000061035156,102.26000213623047,100.94999694824219,102.2300033569336,4502000
2021-06-10,98.6548080444336,102.5199966430664,103.25,101.05999755859375,102.05000305175781,5926500
2021-06-11,99.14558410644531,103.02999877929688,103.08999633789062,101.94000244140625,102.95999908447266,3100400
2021-06-14,99.80955505371094,103.72000122070312,103.73999786376953,102.12999725341797,103.11000061035156,3112600
2021-06-15,99.2322006225586,103.12000274658203,103.83999633789062,102.45999908447266,103.83999633789062,4107900
2021-06-16,97.53853607177734,101.36000061035156,103.37000274658203,99.76000213623047,103.20999908447266,6908000
2021-06-17,97.50006103515625,101.31999969482422,102.0199966430664,99.37999725341797,101.0199966430664,6386400
2021-06-18,93.54499816894531,97.20999908447266,99.25,97.02999877929688,98.80999755859375,8814300
2021-06-21,97.5770492553711,101.4000015258789,101.5,97.87999725341797,98.48999786376953,6806300
2021-06-22,99.05091857910156,102.88999938964844,103.55000305175781,100.73999786376953,101.33000183105469,4563700
2021-06-23,98.75248718261719,102.58000183105469,103.5999984741211,102.47000122070312,102.97000122070312,4695100
2021-06-24,100.49494934082031,104.38999938964844,104.69000244140625,104.0199966430664,104.22000122070312,4456500
2021-06-25,101.49614715576172,105.43000030517578,105.77999877929688,104.66999816894531,104.95999908447266,4216000
2021-06-28,102.17002868652344,106.12999725341797,106.19000244140625,104.91000366210938,105.86000061035156,5005200
2021-06-29,102.21817016601562,106.18000030517578,106.87999725341797,105.83000183105469,106.38999938964844,3014800
2021-06-30,102.60325622558594,106.58000183105469,107.05000305175781,105.87000274658203,105.88999938964844,3709200
2021-07-01,104.24943542480469,108.29000091552734,108.41999816894531,107.08999633789062,107.12999725341797,3204300
2021-07-02,106.64652252197266,110.77999877929688,111.0199966430664,108.94000244140625,109.19999694824219,3785400
2021-07-06,105.97264099121094,110.08000183105469,110.95999908447266,107.88999938964844,110.79000091552734,6158700
2021-07-07,107.13749694824219,111.29000091552734,111.51000213623047,109.02999877929688,110.66000366210938,5539000
2021-07-08,104.46123504638672,108.51000213623047,109.19000244140625,105.97000122070312,106.94000244140625,7673200
2021-07-09,107.78251647949219,111.95999908447266,112.22000122070312,109.58999633789062,109.79000091552734,4569100
2021-07-12,109.04361724853516,113.2699966430664,113.44000244140625,111.61000061035156,111.97000122070312,4352100
2021-07-13,107.91728210449219,112.0999984741211,113.83000183105469,111.8499984741211,112.5999984741211,6289500
2021-07-14,108.24459075927734,112.44000244140625,113.8499984741211,111.54000091552734,113.4800033569336,5660500
2021-07-15,107.26264190673828,111.41999816894531,112.0,109.81999969482422,111.44000244140625,7281300
2021-07-16,104.6922607421875,108.75,112.37999725341797,108.43000030517578,112.30999755859375,6291800
2021-07-19,100.15802001953125,104.04000091552734,105.2300033569336,101.66999816894531,104.83999633789062,13982800
2021-07-20,104.40347290039062,108.44999694824219,109.36000061035156,103.83000183105469,104.44000244140625,8119200
2021-07-21,106.8871841430664,111.02999877929688,111.12999725341797,109.19999694824219,109.36000061035156,4571300
2021-07-22,107.57068634033203,111.73999786376953,111.9000015258789,110.33999633789062,111.1500015258789,3831300
2021-07-23,110.82459259033203,115.12000274658203,115.37999725341797,112.73999786376953,113.27999877929688,5189100
2021-07-26,111.62360382080078,115.94999694824219,115.94999694824219,114.58999633789062,114.62000274658203,3245500
2021-07-27,110.03518676757812,114.30000305175781,115.0999984741211,111.98999786376953,115.08999633789062,6186400
2021-07-28,109.96781158447266,114.2300033569336,115.37999725341797,113.04000091552734,114.87000274658203,5684900
2021-07-29,111.3733139038086,115.69000244140625,116.55000305175781,115.0,115.0,4976100
2021-07-30,109.63085174560547,113.87999725341797,115.19000244140625,113.38999938964844,113.5,4179900
2021-08-02,109.04361724853516,113.2699966430664,115.81999969482422,113.01000213623047,115.37000274658203,4638900
2021-08-03,111.65251159667969,115.9800033569336,116.04000091552734,112.05999755859375,113.83999633789062,5010800
2021-08-04,110.03518676757812,114.30000305175781,115.38999938964844,114.06999969482422,114.87999725341797,4198000
2021-08-05,111.99906158447266,116.33999633789062,116.4800033569336,114.94999694824219,115.22000122070312,3082300
2021-08-06,112.66332244873047,117.02999877929688,117.33000183105469,116.44000244140625,116.66000366210938,3275200
2021-08-09,112.35526275634766,116.70999908447266,117.20999908447266,116.02999877929688,116.94000244140625,3102900
2021-08-10,112.74034118652344,117.11000061035156,117.7300033569336,116.4800033569336,117.01000213623047,4221500
2021-08-11,113.56824493408203,117.97000122070312,118.08000183105469,117.06999969482422,118.01000213623047,3684400
2021-08-12,114.52130126953125,118.95999908447266,119.16000366210938,117.0999984741211,117.87000274658203,4313200
2021-08-13,115.20482635498047,119.66999816894531,119.69000244140625,119.0199966430664,119.43000030517578,2980300
2021-08-16,116.07125854492188,120.56999969482422,120.5999984741211,117.20999908447266,118.55000305175781,5006900
2021-08-17,113.72227478027344,118.12999725341797,118.9000015258789,115.56999969482422,118.30000305175781,7677600
2021-08-18,109.95818328857422,114.22000122070312,118.61000061035156,114.04000091552734,117.2699966430664,8226600
2021-08-19,110.5357894897461,114.81999969482422,115.77999877929688,111.83999633789062,111.95999908447266,12093900
2021-08-20,113.19279479980469,117.58000183105469,117.77999877929688,114.6500015258789,115.05000305175781,7774600
2021-08-23,116.0423583984375,120.54000091552734,121.38999938964844,118.91000366210938,118.91000366210938,5414700
2021-08-24,116.67772674560547,121.19999694824219,121.62000274658203,120.73999786376953,121.20999908447266,3534900
2021-08-25,117.39012145996094,121.94000244140625,122.37000274658203,121.02999877929688,121.3499984741211,3057100
2021-08-26,115.29146575927734,119.76000213623047,121.93000030517578,119.68000030517578,121.69000244140625,6338500
2021-08-27,118.34317779541016,122.93000030517578,123.27999877929688,120.38999938964844,120.41999816894531,6340700
2021-08-30,119.94124603271484,124.58999633789062,125.29000091552734,123.3499984741211,123.5199966430664,3879400
2021-08-31,119.45027160644531,124.08000183105469,124.80000305175781,123.5,124.5,4874800
2021-09-01,119.75831604003906,124.4000015258789,125.30000305175781,124.0199966430664,124.87000274658203,5289100
2021-09-02,120.74027252197266,125.41999816894531,126.08999633789062,124.30999755859375,125.44999694824219,4795300
2021-09-03,120.59586334228516,125.2699966430664,125.69999694824219,123.9800033569336,124.33999633789062,3796200
2021-09-07,119.35400390625,123.9800033569336,125.02999877929688,123.30999755859375,124.93000030517578,4966900
2021-09-08,118.85340881347656,123.45999908447266,124.05999755859375,121.7699966430664,123.37000274658203,7544500
2021-09-09,117.21684265136719,121.76000213623047,124.80000305175781,121.62999725341797,123.2300033569336,6556100
2021-09-10,114.57905578613281,119.0199966430664,123.87000274658203,118.8499984741211,123.5,6188700
2021-09-13,115.36846160888672,119.83999633789062,121.72000122070312,117.87999725341797,121.52999877929688,6312000
2021-09-14,113.53936767578125,117.94000244140625,121.25,117.1500015258789,121.05999755859375,6883700
2021-09-15,116.35041046142578,120.86000061035156,121.80000305175781,117.30000305175781,118.26000213623047,6201100
2021-09-16,115.73429870605469,120.22000122070312,121.22000122070312,117.7300033569336,120.37000274658203,5749400
2021-09-17,112.49002838134766,116.8499984741211,119.94999694824219,116.41999816894531,119.58999633789062,8439300
2021-09-20,106.7427978515625,110.87999725341797,112.9000015258789,106.80000305175781,111.58999633789062,16118700
2021-09-21,106.53101348876953,110.66000366210938,113.83000183105469,110.13999938964844,112.7699966430664,10362500
2021-09-22,109.54421997070312,113.79000091552734,115.47000122070312,111.6500015258789,112.45999908447266,9034900
2021-09-23,113.56824493408203,117.97000122070312,119.26000213623047,115.16000366210938,115.3499984741211,6627900
2021-09-24,114.10736083984375,118.52999877929688,119.0999984741211,116.3499984741211,116.55999755859375,5312400
2021-09-27,113.13504028320312,117.5199966430664,118.61000061035156,116.88999938964844,117.62000274658203,5406300
2021-09-28,106.22293090820312,110.33999633789062,115.41000366210938,109.77999877929688,115.12999725341797,12695700
2021-09-29,106.7427978515625,110.87999725341797,112.9000015258789,110.47000122070312,111.48999786376953,10159700
2021-09-30,102.98831939697266,106.9800033569336,112.68000030517578,106.70999908447266,112.12000274658203,12615700
2021-10-01,106.55986785888672,110.69000244140625,111.9800033569336,105.44000244140625,108.19999694824219,11396700
2021-10-04,102.48770141601562,106.45999908447266,110.41999816894531,104.62000274658203,109.69999694824219,10960100
2021-10-05,105.55868530273438,109.6500015258789,111.44000244140625,106.91000366210938,107.55000305175781,8072900
2021-10-06,106.93533325195312,111.08000183105469,111.19000244140625,105.43000030517578,106.76000213623047,12328000
2021-10-07,109.65011596679688,113.9000015258789,116.19999694824219,113.54000091552734,113.7300033569336,7771500
2021-10-08,109.05323791503906,113.27999877929688,114.83000183105469,112.72000122070312,114.51000213623047,7450200
2021-10-11,106.68502807617188,110.81999969482422,115.12000274658203,110.7300033569336,112.72000122070312,5798200
2021-10-12,105.92450714111328,110.02999877929688,111.86000061035156,109.33999633789062,111.55000305175781,7474400
2021-10-13,106.93533325195312,111.08000183105469,111.80999755859375,108.38999938964844,110.80000305175781,6322200
2021-10-14,112.38414764404297,116.73999786376953,116.86000061035156,113.7699966430664,114.13999938964844,5996300
2021-10-15,114.93524932861328,119.38999938964844,119.70999908447266,117.97000122070312,118.55999755859375,4842900
2021-10-18,115.99420166015625,120.48999786376953,120.75,117.30999755859375,117.87000274658203,4172800
2021-10-19,118.61271667480469,123.20999908447266,123.30000305175781,121.3499984741211,121.88999938964844,4177200
2021-10-20,120.07601928710938,124.7300033569336,124.97000122070312,123.54000091552734,123.63999938964844,4475300
2021-10-21,121.0579605102539,125.75,125.83999633789062,123.76000213623047,124.13999938964844,3938600
2021-10-22,120.52848052978516,125.19999694824219,126.5199966430664,123.5199966430664,125.27999877929688,6502900
2021-10-25,122.3768539428711,127.12000274658203,127.54000091552734,124.62999725341797,126.19999694824219,4164100
2021-10-26,122.84854888916016,127.61000061035156,129.7100067138672,127.27999877929688,128.66000366210938,5058400
2021-10-27,121.18309783935547,125.87999725341797,128.60000610351562,125.8499984741211,128.0,4377700
2021-10-28,124.66803741455078,129.5,129.5800018310547,127.12999725341797,127.16999816894531,4920500
2021-10-29,125.37078857421875,130.22999572753906,130.55999755859375,127.19999694824219,127.41000366210938,5797800
2021-11-01,126.05430603027344,130.94000244140625,131.5500030517578,129.4199981689453,131.19000244140625,5712200
2021-11-02,127.536865234375,132.47999572753906,132.8300018310547,131.0,131.11000061035156,4322600
2021-11-03,129.87619018554688,134.91000366210938,135.32000732421875,131.6300048828125,132.0399932861328,4903400
2021-11-04,131.6475372314453,136.75,136.97999572753906,135.22999572753906,135.52000427246094,4972700
2021-11-05,133.0530242919922,138.2100067138672,140.74000549316406,136.8699951171875,139.02999877929688,6861400
2021-11-08,133.52476501464844,138.6999969482422,139.77999877929688,137.97999572753906,139.33999633789062,4918100
2021-11-09,132.17698669433594,137.3000030517578,139.1999969482422,135.89999389648438,138.99000549316406,6974900
2021-11-10,129.0001220703125,134.0,137.25999450683594,132.52999877929688,135.64999389648438,8314100
2021-11-11,129.01939392089844,134.02000427246094,135.36000061035156,134.02000427246094,135.27999877929688,2755500
2021-11-12,131.9652099609375,137.0800018310547,137.60000610351562,134.33999633789062,135.25,4817000
2021-11-15,132.05184936523438,137.1699981689453,138.39999389648438,136.1699981689453,138.32000732421875,4204000
2021-11-16,133.63064575195312,138.80999755859375,139.91000366210938,136.91000366210938,136.9600067138672,4453600
2021-11-17,132.6583251953125,137.8000030517578,138.77000427246094,137.25,138.55999755859375,4660400
2021-11-18,134.03497314453125,139.22999572753906,139.47999572753906,136.22999572753906,138.77999877929688,5128500
2021-11-19,133.3033447265625,138.47000122070312,140.27000427246094,138.1300048828125,139.14999389648438,5414800
2021-11-22,132.18663024902344,137.30999755859375,142.60000610351562,137.0800018310547,140.13999938964844,7615400
2021-11-23,132.802734375,137.9499969482422,138.6199951171875,134.52999877929688,136.9600067138672,8749300
2021-11-24,133.6884002685547,138.8699951171875,139.02000427246094,135.14999389648438,135.97999572753906,6555500
2021-11-26,124.68729400634766,129.52000427246094,133.94000244140625,128.57000732421875,132.66000366210938,10118200
2021-11-29,129.433349609375,134.4499969482422,135.99000549316406,131.92999267578125,133.86000061035156,7920300
2021-11-30,122.0398941040039,126.7699966430664,133.80999755859375,126.26000213623047,132.1199951171875,13180400
2021-12-01,117.77519989013672,122.33999633789062,134.10000610351562,122.05000305175781,131.55999755859375,13099200
2021-12-02,123.01221466064453,127.77999877929688,129.2100067138672,122.0999984741211,122.44000244140625,10999300
2021-12-03,119.7005615234375,124.33999633789062,130.30999755859375,120.76000213623047,129.35000610351562,15928700
2021-12-06,124.11930847167969,128.92999267578125,130.57000732421875,124.58000183105469,126.68000030517578,9729200
2021-12-07,131.84002685546875,136.9499969482422,137.4499969482422,133.61000061035156,133.67999267578125,12174400
2021-12-08,132.83160400390625,137.97999572753906,138.4600067138672,135.69000244140625,137.3000030517578,8039100
2021-12-09,130.22274780273438,135.27000427246094,137.64999389648438,135.0800018310547,136.82000732421875,7510300
2021-12-10,133.9098358154297,139.10000610351562,139.16000366210938,135.33999633789062,137.7100067138672,9002500
2021-12-13,130.3671112060547,135.4199981689453,138.80999755859375,135.0800018310547,138.47000122070312,6281100
2021-12-14,127.6235122680664,132.57000732421875,134.58999633789062,129.80999755859375,132.25999450683594,10135400
2021-12-15,133.57286071777344,138.75,138.9600067138672,130.2899932861328,132.55999755859375,10319900
2021-12-16,130.00132751464844,135.0399932861328,140.72000122070312,133.55999755859375,140.5,10628200
2021-12-17,125.90989685058594,130.7899932861328,134.9199981689453,129.1300048828125,132.1199951171875,13202600
2021-12-20,121.72222900390625,126.44000244140625,126.88999938964844,123.26000213623047,126.06999969482422,11011900
2021-12-21,128.279296875,133.1300048828125,133.25,127.51000213623047,129.41000366210938,7575000
2021-12-22,132.1913299560547,137.19000244140625,137.22999572753906,132.72000122070312,132.8800048828125,8470500
2021-12-23,134.58096313476562,139.6699981689453,141.0399932861328,137.9199981689453,138.00999450683594,7106300
2021-12-27,140.2852783203125,145.58999633789062,145.6199951171875,140.8000030517578,140.8800048828125,5790000
2021-12-28,139.97694396972656,145.27000427246094,146.97999572753906,144.47000122070312,146.0,5386400
2021-12-29,140.4683380126953,145.77999877929688,146.72999572753906,144.32000732421875,145.2899932861328,4199000
2021-12-30,139.3024139404297,144.57000732421875,147.13999938964844,144.10000610351562,146.1300048828125,4315000
2021-12-31,138.18470764160156,143.41000366210938,145.16000366210938,143.16000366210938,143.97999572753906,3783500
2022-01-03,140.6321563720703,145.9499969482422,146.00999450683594,142.39999389648438,144.67999267578125,5746300
2022-01-04,140.4683380126953,145.77999877929688,147.97999572753906,143.94000244140625,147.22999572753906,7599500
2022-01-05,132.30694580078125,137.30999755859375,146.1199951171875,137.25999450683594,145.44000244140625,8885300
2022-01-06,131.95045471191406,136.94000244140625,139.4499969482422,134.75,136.92999267578125,8199400
2022-01-07,130.4376220703125,135.3699951171875,138.0399932861328,134.0399932861328,136.8800048828125,8150700
2022-01-10,129.92694091796875,134.83999633789062,135.00999450683594,127.01000213623047,132.30999755859375,13552100
2022-01-11,133.4246826171875,138.47000122070312,138.5500030517578,131.77999877929688,134.50999450683594,8969600
2022-01-12,134.51353454589844,139.60000610351562,141.5,137.74000549316406,140.0800018310547,7799700
2022-01-13,129.00192260742188,133.8800048828125,141.2100067138672,132.86000061035156,140.60000610351562,9608300
2022-01-14,129.05975341796875,133.94000244140625,134.24000549316406,129.75999450683594,130.8699951171875,11210100
2022-01-18,122.2666244506836,126.88999938964844,129.7899932861328,125.83000183105469,129.58999633789062,13441300
2022-01-19,118.41236114501953,122.88999938964844,129.38999938964844,122.58999633789062,128.05999755859375,9600500
2022-01-20,114.51956176757812,118.8499984741211,128.5500030517578,118.36000061035156,124.45999908447266,10253500
2022-01-21,107.70716857910156,111.77999877929688,119.79000091552734,111.75,117.86000061035156,16252100
2022-01-24,109.17180633544922,113.30000305175781,113.5999984741211,98.55999755859375,107.22000122070312,20937700
2022-01-25,104.83574676513672,108.80000305175781,113.06999969482422,103.37999725341797,107.94000244140625,14093600
2022-01-26,104.4310531616211,108.37999725341797,116.19000244140625,104.80999755859375,113.73999786376953,15475500
2022-01-27,102.66773986816406,106.55000305175781,114.31999969482422,105.22000122070312,111.81999969482422,10835100
2022-01-28,110.4051513671875,114.58000183105469,114.58000183105469,104.0199966430664,107.66999816894531,12638100
2022-01-31,116.350341796875,120.75,120.97000122070312,112.87000274658203,113.97000122070312,8764000
2022-02-01,118.79778289794922,123.29000091552734,123.63999938964844,118.29000091552734,121.3499984741211,7107200
2022-02-02,122.14136505126953,126.76000213623047,127.33999633789062,123.16999816894531,125.16999816894531,10222700
2022-02-03,113.39219665527344,117.68000030517578,123.05999755859375,117.0199966430664,121.37999725341797,8857900
2022-02-04,115.09770965576172,119.44999694824219,122.5999984741211,115.54000091552734,117.5199966430664,8459900
2022-02-07,113.93179321289062,118.23999786376953,121.20999908447266,117.0999984741211,120.0199966430664,7321600
2022-02-08,116.8224868774414,121.23999786376953,121.91999816894531,116.62000274658203,117.77999877929688,8664000
2022-02-09,121.76556396484375,126.37000274658203,126.66999816894531,124.41999816894531,124.55999755859375,9299400
2022-02-10,115.45423126220703,119.81999969482422,126.58999633789062,117.87999725341797,121.30999755859375,11558900
2022-02-11,108.45874786376953,112.55999755859375,121.43000030517578,111.3499984741211,119.66999816894531,12697800
2022-02-14,107.52409362792969,111.58999633789062,113.37999725341797,108.63999938964844,112.11000061035156,12200100
2022-02-15,112.4864501953125,116.73999786376953,116.91999816894531,114.56999969482422,115.0199966430664,9705600
2022-02-16,112.98751068115234,117.26000213623047,118.33000183105469,113.5199966430664,115.05999755859375,7697000
2022-02-17,105.69332122802734,109.69000244140625,114.97000122070312,109.18000030517578,114.4800033569336,8353100
2022-02-18,103.52531433105469,107.44000244140625,110.87000274658203,105.69999694824219,109.94999694824219,9125300
2022-02-22,100.39373016357422,104.19000244140625,108.44999694824219,101.29000091552734,105.77999877929688,11755300
2022-02-23,94.73761749267578,98.31999969482422,106.79000091552734,98.05000305175781,106.26000213623047,15104000
2022-02-24,99.16999816894531,102.91999816894531,103.23999786376953,90.54000091552734,90.75,18091400
2022-02-25,105.62588500976562,109.62000274658203,109.79000091552734,102.61000061035156,103.9000015258789,11338200
2022-02-28,104.81648254394531,108.77999877929688,110.0999984741211,104.41999816894531,105.62999725341797,10903600
2022-03-01,100.21063995361328,104.0,109.29000091552734,101.81999969482422,107.87999725341797,10814000
2022-03-02,105.70296478271484,109.69999694824219,110.86000061035156,105.04000091552734,105.66000366210938,12709200
2022-03-03,103.96854400634766,107.9000015258789,112.02999877929688,106.58999633789062,111.54000091552734,11707600
2022-03-04,101.43437957763672,105.2699966430664,106.22000122070312,102.12000274658203,105.01000213623047,11242700
2022-03-07,92.55994415283203,96.05999755859375,105.05999755859375,95.95999908447266,104.87999725341797,13056900
2022-03-08,90.34375762939453,93.76000213623047,101.31999969482422,93.01000213623047,96.08000183105469,16802400
2022-03-09,97.54158782958984,101.2300033569336,102.75,98.25,99.86000061035156,8842800
2022-03-10,96.38529205322266,100.02999877929688,100.62000274658203,96.4000015258789,97.86000061035156,8077600
2022-03-11,92.66594696044922,96.16999816894531,102.26000213623047,95.75,101.86000061035156,9597500
2022-03-14,90.64244842529297,94.06999969482422,99.19999694824219,93.16999816894531,96.7699966430664,7248000
2022-03-15,96.46239471435547,100.11000061035156,100.66999816894531,94.97000122070312,95.86000061035156,7708600
2022-03-16,103.1013412475586,107.0,107.0,99.2699966430664,102.91000366210938,10438100
2022-03-17,106.8110580444336,110.8499984741211,110.94999694824219,105.11000061035156,105.37999725341797,7506100
2022-03-18,110.22208404541016,114.38999938964844,114.79000091552734,109.05000305175781,109.68000030517578,6148100
2022-03-21,110.29916381835938,114.47000122070312,116.04000091552734,111.58000183105469,114.58999633789062,7506800
2022-03-22,114.05705261230469,118.37000274658203,119.19999694824219,115.5999984741211,115.62000274658203,6513700
2022-03-23,109.74993896484375,113.9000015258789,117.58000183105469,113.83000183105469,116.37000274658203,5069600
2022-03-24,114.66409301757812,119.0,119.0,114.61000061035156,115.43000030517578,4491300
2022-03-25,116.23472595214844,120.62999725341797,120.97000122070312,117.37000274658203,119.5,5748900
2022-03-28,118.75924682617188,123.25,123.30999755859375,118.6500015258789,120.19000244140625,7393200
2022-03-29,123.16272735595703,127.81999969482422,128.3000030517578,124.36000061035156,126.6500015258789,7236100
2022-03-30,120.96583557128906,125.54000091552734,127.55999755859375,123.63999938964844,126.8499984741211,5336000
2022-03-31,115.43496704101562,119.80000305175781,125.54000091552734,119.62999725341797,124.86000061035156,6692700
2022-04-01,116.18653869628906,120.58000183105469,121.08999633789062,117.69999694824219,121.01000213623047,6850500
2022-04-04,119.02904510498047,123.52999877929688,123.88999938964844,120.1500015258789,120.83000183105469,4653600
2022-04-05,114.8857192993164,119.2300033569336,124.61000061035156,118.1500015258789,122.5199966430664,6092400
2022-04-06,111.40725708007812,115.62000274658203,117.43000030517578,113.06999969482422,115.83000183105469,9206700
2022-04-07,112.98751068115234,117.26000213623047,118.73999786376953,113.18000030517578,114.76000213623047,7267200
2022-04-08,112.16846466064453,116.41000366210938,118.66000366210938,115.05000305175781,116.61000061035156,6495300
2022-04-11,106.30036163330078,110.31999969482422,114.27999877929688,109.91000366210938,113.58000183105469,6388400
2022-04-12,105.15372467041016,109.12999725341797,114.66999816894531,107.8499984741211,112.69000244140625,9118900
2022-04-13,108.69001007080078,112.80000305175781,113.37000274658203,108.73999786376953,108.83000183105469,7047500
2022-04-14,104.69122314453125,108.6500015258789,113.87000274658203,108.4800033569336,112.98999786376953,6975100
2022-04-18,104.7490463256836,108.70999908447266,110.02999877929688,106.94000244140625,107.86000061035156,6748300
2022-04-19,109.75956726074219,113.91000366210938,114.5199966430664,108.4800033569336,108.5999984741211,7687700
2022-04-20,109.54759216308594,113.69000244140625,115.9000015258789,112.73999786376953,115.37000274658203,8736500
2022-04-21,104.65267181396484,108.61000061035156,117.7699966430664,107.86000061035156,116.62999725341797,8543600
2022-04-22,96.05768585205078,99.69000244140625,107.94000244140625,99.19999694824219,107.62000274658203,10642300
2022-04-25,97.60902404785156,101.30000305175781,101.47000122070312,94.55999755859375,97.93000030517578,12037500
2022-04-26,89.15857696533203,92.52999877929688,99.55000305175781,92.5,99.51000213623047,11509700
2022-04-27,89.95832061767578,93.36000061035156,97.06999969482422,91.80999755859375,93.2699966430664,10594900
2022-04-28,96.72254943847656,100.37999725341797,101.5999984741211,93.54000091552734,96.77999877929688,10951100
2022-04-29,86.08480072021484,89.33999633789062,99.0,88.70999908447266,97.44999694824219,12550600
2022-05-02,87.50122833251953,90.80999755859375,91.7699966430664,84.70999908447266,89.26000213623047,13005500
2022-05-03,88.73460388183594,92.08999633789062,93.75,90.08999633789062,91.16000366210938,11027900
2022-05-04,96.77072143554688,100.43000030517578,100.87999725341797,90.30000305175781,92.55999755859375,15271500
2022-05-05,86.4605941772461,89.7300033569336,97.37000274658203,86.7300033569336,97.27999877929688,17335800
2022-05-06,85.01525115966797,88.2300033569336,90.4000015258789,84.5,88.01000213623047,13026500
2022-05-09,76.8153076171875,79.72000122070312,84.94000244140625,78.62999725341797,84.13999938964844,12736100
2022-05-10,77.22000122070312,80.13999938964844,84.38999938964844,77.6500015258789,83.5,13279600
2022-05-11,73.61627960205078,76.4000015258789,83.18000030517578,75.88999938964844,79.56999969482422,14137800
2022-05-12,73.31756591796875,76.08999633789062,78.11000061035156,71.93000030517578,74.38999938964844,15103600
2022-05-13,78.49191284179688,81.45999908447266,82.41000366210938,78.0,78.63999938964844,12191800
2022-05-16,77.65361022949219,80.58999633789062,82.93000030517578,79.04000091552734,80.5199966430664,9002900
2022-05-17,82.30760955810547,85.41999816894531,85.6500015258789,82.06999969482422,84.44000244140625,9367400
2022-05-18,72.4889144897461,75.2300033569336,82.66000366210938,74.37000274658203,82.48999786376953,11188000
2022-05-19,71.02429962158203,73.70999908447266,76.44999694824219,72.43000030517578,73.19000244140625,12067600
2022-05-20,71.1592025756836,73.8499984741211,76.23999786376953,68.68000030517578,75.93000030517578,14309600
2022-05-23,75.12907409667969,77.97000122070312,78.44000244140625,74.2699966430664,75.69000244140625,8728100
2022-05-24,73.43318939208984,76.20999908447266,76.94000244140625,72.11000061035156,75.4000015258789,10000200
2022-05-25,75.42778778076172,78.27999877929688,79.41999816894531,75.04000091552734,75.25,9618600
2022-05-26,79.82164001464844,82.83999633789062,83.91999816894531,78.87999725341797,78.98999786376953,10289900
2022-05-27,85.76680755615234,89.01000213623047,89.05999755859375,84.36000061035156,84.48999786376953,9095800
2022-05-31,84.26366424560547,87.44999694824219,89.7300033569336,85.5999984741211,87.81999969482422,9368100
2022-06-01,82.25944519042969,85.37000274658203,89.55999755859375,83.63999938964844,88.87999725341797,12219200
2022-06-02,86.85565185546875,90.13999938964844,90.22000122070312,83.72000122070312,85.25,9263400
2022-06-03,82.62560272216797,85.75,88.0,85.06999969482422,86.94999694824219,8448800
2022-06-06,83.29047393798828,86.44000244140625,89.54000091552734,85.7300033569336,88.4000015258789,7023000
2022-06-07,85.70899200439453,88.94999694824219,89.27999877929688,83.8499984741211,84.18000030517578,6904400
2022-06-08,82.94358825683594,86.08000183105469,89.0199966430664,85.52999877929688,87.80000305175781,6714400
2022-06-09,77.02730560302734,79.94000244140625,86.36000061035156,79.87000274658203,84.8499984741211,9555400
2022-06-10,70.3016357421875,72.95999908447266,76.5,72.87000274658203,75.9800033569336,10201800
2022-06-13,62.28477478027344,64.63999938964844,68.4000015258789,63.61000061035156,67.31999969482422,13407400
2022-06-14,61.696998596191406,64.02999877929688,66.1500015258789,62.279998779296875,65.52999877929688,12747500
2022-06-15,64.2215347290039,66.6500015258789,69.12000274658203,63.06999969482422,65.79000091552734,13417500
2022-06-16,58.04509353637695,60.2400016784668,62.310001373291016,58.70000076293945,62.11000061035156,12441700
2022-06-17,58.2667121887207,60.470001220703125,62.150001525878906,58.59000015258789,60.27000045776367,12106700
2022-06-21,62.5545768737793,64.91999816894531,65.70999908447266,63.369998931884766,63.40999984741211,8899100
2022-06-22,62.24392318725586,64.5199966430664,66.79000091552734,62.33000183105469,62.58000183105469,10063100
2022-06-23,64.0479507446289,66.38999938964844,66.83000183105469,63.7599983215332,65.72000122070312,11448000
2022-06-24,70.12572479248047,72.69000244140625,72.7300033569336,68.1500015258789,68.22000122070312,9278000
2022-06-27,69.40217590332031,71.94000244140625,73.44999694824219,71.26000213623047,73.29000091552734,8297900
2022-06-28,65.20561981201172,67.58999633789062,74.44000244140625,67.43000030517578,72.77999877929688,14727700
2022-06-29,65.00302124023438,67.37999725341797,68.3499984741211,66.30000305175781,67.83999633789062,9291700
2022-06-30,63.27617645263672,65.58999633789062,67.45999908447266,63.150001525878906,65.18000030517578,12643500
2022-07-01,65.28280639648438,67.66999816894531,67.94999694824219,63.84000015258789,65.25,10493100
2022-07-05,65.65904235839844,68.05999755859375,68.11000061035156,63.2599983215332,64.83000183105469,11532800
2022-07-06,66.36329650878906,68.79000091552734,70.16999816894531,66.83000183105469,68.1500015258789,10819900
2022-07-07,69.28640747070312,71.81999969482422,72.29000091552734,69.77999877929688,69.77999877929688,8082100
2022-07-08,69.10311126708984,71.62999725341797,72.7300033569336,69.9800033569336,70.86000061035156,10610000
2022-07-11,66.77812957763672,69.22000122070312,70.62999725341797,68.77999877929688,70.08999633789062,6940000
2022-07-12,65.0126953125,67.38999938964844,70.20999908447266,66.33999633789062,68.87000274658203,8034000
2022-07-13,63.90325927734375,66.23999786376953,67.88999938964844,64.02999877929688,64.29000091552734,11907800
2022-07-14,63.4305419921875,65.75,66.0999984741211,62.15999984741211,63.56999969482422,12825300
2022-07-15,67.08683776855469,69.54000091552734,69.56999969482422,67.08999633789062,68.19999694824219,9905500
2022-07-18,65.43716430664062,67.83000183105469,71.62999725341797,67.06999969482422,71.19999694824219,8195000
2022-07-19,70.64667510986328,73.2300033569336,73.56999969482422,69.5999984741211,69.94000244140625,10098500
2022-07-20,71.98762512207031,74.62000274658203,75.48999786376953,72.56999969482422,73.33000183105469,12396000
2022-07-21,74.15825653076172,76.87000274658203,76.93000030517578,72.86000061035156,74.2699966430664,8852800
2022-07-22,72.16130065917969,74.80000305175781,77.69000244140625,73.4000015258789,76.95999908447266,8868100
2022-07-25,72.33493041992188,74.9800033569336,75.52999877929688,73.66999816894531,75.11000061035156,9424100
2022-07-26,69.78804779052734,72.33999633789062,74.1500015258789,71.80999755859375,74.04000091552734,11276600
2022-07-27,75.2194595336914,77.97000122070312,78.9800033569336,74.08999633789062,74.2699966430664,9784300
2022-07-28,77.97856140136719,80.83000183105469,81.30000305175781,76.26000213623047,78.44000244140625,12277200
2022-07-29,81.49015045166016,84.47000122070312,85.01000213623047,81.27999877929688,81.76000213623047,9893900
2022-08-01,80.70873260498047,83.66000366210938,85.25,82.18000030517578,82.62999725341797,9870600
2022-08-02,79.1072998046875,82.0,84.98999786376953,81.19000244140625,82.61000061035156,7797400
2022-08-03,82.79252624511719,85.81999969482422,86.55999755859375,83.12999725341797,83.27999877929688,7349200
2022-08-04,82.56099700927734,85.58000183105469,86.19000244140625,84.55000305175781,85.75,6793800
2022-08-05,82.05931854248047,85.05999755859375,85.55999755859375,82.73999786376953,82.80000305175781,7612200
2022-08-08,81.87603759765625,84.87000274658203,87.69999694824219,84.11000061035156,86.20999908447266,6500600
2022-08-09,80.84378814697266,83.80000305175781,84.66000366210938,83.0999984741211,84.33999633789062,5581100
2022-08-10,85.8892822265625,89.02999877929688,89.18000030517578,87.08999633789062,88.29000091552734,8169300
2022-08-11,85.91822814941406,89.05999755859375,92.20999908447266,88.55999755859375,90.94999694824219,7822500
2022-08-12,90.17266082763672,93.47000122070312,93.58000183105469,89.66999816894531,90.30000305175781,6495100
2022-08-15,91.32067108154297,94.66000366210938,95.01000213623047,91.93000030517578,91.9800033569336,7073500
2022-08-16,91.85127258300781,95.20999908447266,96.55000305175781,93.33999633789062,93.91999816894531,8066800
2022-08-17,89.94111633300781,93.2300033569336,95.08000183105469,91.7699966430664,92.69999694824219,8655700
2022-08-18,90.61644744873047,93.93000030517578,94.43000030517578,92.4000015258789,93.2300033569336,5583200
2022-08-19,86.90225982666016,90.08000183105469,92.18000030517578,89.52999877929688,92.0199966430664,8116000
2022-08-22,81.50943756103516,84.48999786376953,86.94999694824219,83.87000274658203,86.9000015258789,8334300
2022-08-23,80.89202880859375,83.8499984741211,85.72000122070312,83.48999786376953,84.16000366210938,5783000
2022-08-24,81.60591888427734,84.58999633789062,85.51000213623047,83.2300033569336,83.69000244140625,6041800
2022-08-25,85.04032135009766,88.1500015258789,88.22000122070312,84.87999725341797,85.55000305175781,6901900
2022-08-26,76.42536163330078,79.22000122070312,88.44000244140625,79.18000030517578,88.12000274658203,11030500
2022-08-29,74.88180541992188,77.62000274658203,79.4800033569336,76.75,77.37000274658203,8057100
2022-08-30,72.36387634277344,75.01000213623047,78.43000030517578,73.75,78.33000183105469,10544800
2022-08-31,70.63701629638672,73.22000122070312,76.7300033569336,73.22000122070312,75.98999786376953,9523800
2022-09-01,71.3605728149414,73.97000122070312,74.1500015258789,70.4000015258789,71.97000122070312,11599800
2022-09-02,68.99697875976562,71.5199966430664,76.87000274658203,70.5,76.12000274658203,12264000
2022-09-06,68.21556854248047,70.70999908447266,72.5999984741211,69.47000122070312,72.05000305175781,11998900
2022-09-07,71.89116668701172,74.5199966430664,74.98999786376953,70.44999694824219,70.54000091552734,10334600
2022-09-08,73.3189468383789,76.0,76.26000213623047,72.45999908447266,73.12999725341797,11296900
2022-09-09,76.6858139038086,79.48999786376953,80.0199966430664,77.1500015258789,77.36000061035156,8487900
2022-09-12,79.13621520996094,82.02999877929688,82.5199966430664,80.5999984741211,80.77999877929688,7788200
2022-09-13,68.90049743652344,71.41999816894531,77.31999969482422,70.62999725341797,76.55000305175781,11152800
2022-09-14,69.61441040039062,72.16000366210938,72.98999786376953,70.25,72.05000305175781,7029500
2022-09-15,67.2219009399414,69.68000030517578,72.8499984741211,68.9000015258789,71.19000244140625,12230600
2022-09-16,65.57221221923828,67.97000122070312,68.37999725341797,66.16000366210938,67.20999908447266,12083900
2022-09-19,67.09647369384766,69.55000305175781,69.58999633789062,66.22000122070312,66.2300033569336,8042900
2022-09-20,64.83902740478516,67.20999908447266,68.25,65.63999938964844,67.69000244140625,10868000
2022-09-21,61.42390823364258,63.66999816894531,69.91000366210938,63.650001525878906,68.25,15241600
2022-09-22,59.832122802734375,62.02000045776367,63.7599983215332,61.630001068115234,63.209999084472656,13544300
2022-09-23,56.81254196166992,58.88999938964844,60.20000076293945,56.560001373291016,60.20000076293945,17195900
2022-09-26,55.104976654052734,57.119998931884766,59.93000030517578,56.4900016784668,58.099998474121094,17961500
2022-09-27,54.690147399902344,56.689998626708984,59.959999084472656,55.47999954223633,58.93000030517578,20382900
2022-09-28,57.835140228271484,59.95000076293945,60.79999923706055,56.27000045776367,57.09000015258789,19484000
2022-09-29,54.1884880065918,56.16999816894531,58.29999923706055,54.70000076293945,58.16999816894531,19694400
2022-09-30,51.68985366821289,53.58000183105469,57.599998474121094,53.52000045776367,55.75,19868600
2022-10-03,55.72239685058594,57.7599983215332,58.66999816894531,54.459999084472656,55.369998931884766,16506800
2022-10-04,60.85472869873047,63.08000183105469,63.16999816894531,60.470001220703125,60.47999954223633,16016000
2022-10-05,60.44953918457031,62.65999984741211,63.880001068115234,59.619998931884766,60.83000183105469,20527700
2022-10-06,58.568328857421875,60.709999084472656,63.4900016784668,60.439998626708984,61.95000076293945,15517900
2022-10-07,53.667537689208984,55.630001068115234,58.790000915527344,54.709999084472656,58.61000061035156,16948000
2022-10-10,52.50022888183594,54.41999816894531,56.25,53.2400016784668,56.13999938964844,15983000
2022-10-11,51.40043640136719,53.279998779296875,55.66999816894531,52.349998474121094,53.52000045776367,18223100
2022-10-12,50.90842819213867,52.77000045776367,54.189998626708984,52.630001068115234,53.470001220703125,12665200
2022-10-13,54.8444938659668,56.849998474121094,57.56999969482422,48.970001220703125,49.4900016784668,25478900
2022-10-14,51.111019134521484,52.97999954223633,58.86000061035156,52.68000030517578,58.060001373291016,18814600
2022-10-17,54.98920440673828,57.0,57.54999923706055,55.779998779296875,55.81999969482422,13425000
2022-10-18,56.90900802612305,58.9900016784668,61.040000915527344,57.36000061035156,60.91999816894531,25395900
2022-10-19,55.78993225097656,57.83000183105469,59.369998931884766,56.36000061035156,57.97999954223633,16483800
2022-10-20,54.33320617675781,56.31999969482422,59.70000076293945,55.900001525878906,57.52000045776367,15314200
2022-10-21,58.21138381958008,60.34000015258789,60.61000061035156,55.40999984741211,56.15999984741211,19980700
2022-10-24,60.36272430419922,62.56999969482422,63.15999984741211,59.77000045776367,61.130001068115234,19565700
2022-10-25,63.266536712646484,65.58000183105469,65.7300033569336,62.5,62.529998779296875,18654000
2022-10-26,61.8194465637207,64.08000183105469,66.91999816894531,63.720001220703125,63.880001068115234,19561100
2022-10-27,60.78719711303711,63.0099983215332,65.55000305175781,62.689998626708984,64.58000183105469,14103700
2022-10-28,65.08023071289062,67.45999908447266,67.72000122070312,62.84000015258789,62.91999816894531,16617300
2022-10-31,63.67171859741211,66.0,67.13999938964844,65.48999786376953,66.0999984741211,13927900
2022-11-01,62.84206008911133,65.13999938964844,68.11000061035156,64.5,67.98999786376953,13013100
2022-11-02,58.095611572265625,60.220001220703125,67.20999908447266,60.150001525878906,64.77999877929688,20956900
2022-11-03,56.22404861450195,58.279998779296875,59.84000015258789,57.22999954223633,58.54999923706055,15490300
2022-11-04,58.62621307373047,60.77000045776367,61.9900016784668,57.790000915527344,61.099998474121094,20630700
2022-11-07,60.314476013183594,62.52000045776367,62.81999969482422,60.38999938964844,61.43000030517578,10806700
2022-11-08,61.29850387573242,63.540000915527344,65.05999755859375,61.40999984741211,63.06999969482422,17112900
2022-11-09,57.49748611450195,59.599998474121094,63.06999969482422,59.310001373291016,62.439998626708984,14645000
2022-11-10,66.89389038085938,69.33999633789062,69.54000091552734,65.05999755859375,66.19999694824219,18469400
2022-11-11,68.87158203125,71.38999938964844,71.81999969482422,68.7699966430664,69.8499984741211,16787600
2022-11-14,67.08683776855469,69.54000091552734,72.25,69.37999725341797,70.3499984741211,11720600
2022-11-15,68.78474426269531,71.30000305175781,73.30000305175781,69.18000030517578,72.66000366210938,18633600
2022-11-16,67.2411880493164,69.69999694824219,70.87999725341797,69.29000091552734,70.4000015258789,13779600
2022-11-17,66.52728271484375,68.95999908447266,69.33999633789062,66.80000305175781,66.97000122070312,13413600
2022-11-18,67.45343017578125,69.91999816894531,70.80999755859375,68.29000091552734,70.77999877929688,12012100
2022-11-21,66.6527099609375,69.08999633789062,69.7300033569336,68.04000091552734,69.13999938964844,8489200
2022-11-22,69.34429168701172,71.87999725341797,71.95999908447266,69.3499984741211,70.05999755859375,11029400
2022-11-23,70.55017852783203,73.12999725341797,73.44999694824219,71.51000213623047,71.6500015258789,12872500
2022-11-25,70.50196838378906,73.08000183105469,73.41000366210938,72.66999816894531,72.83000183105469,3990700
2022-11-28,67.14471435546875,69.5999984741211,72.23999786376953,69.12999725341797,71.30000305175781,9502300
2022-11-29,66.76847076416016,69.20999908447266,70.27999877929688,68.18000030517578,69.62000274658203,10442100
2022-11-30,72.92340850830078,75.58999633789062,75.66999816894531,68.26000213623047,69.30999755859375,15591700
2022-12-01,72.88481903076172,75.55000305175781,77.0199966430664,74.05999755859375,76.37000274658203,13780700
2022-12-02,72.53752136230469,75.19000244140625,75.73999786376953,72.55999755859375,72.58999633789062,13710900
2022-12-05,68.6400375366211,71.1500015258789,74.12000274658203,70.3499984741211,73.5999984741211,12565200
2022-12-06,65.66869354248047,68.06999969482422,71.33000183105469,66.86000061035156,71.01000213623047,14167700
2022-12-07,65.24421691894531,67.62999725341797,68.94999694824219,67.05000305175781,67.5199966430664,16501500
2022-12-08,66.78778076171875,69.2300033569336,69.80000305175781,67.79000091552734,68.6500015258789,16590200
2022-12-09,65.27315521240234,67.66000366210938,69.9000015258789,67.58000183105469,68.5,10681100
2022-12-12,68.01297760009766,70.5,70.54000091552734,67.68000030517578,68.02999877929688,8340400
2022-12-13,69.546875,72.08999633789062,76.62999725341797,70.5999984741211,76.56999969482422,22673500
2022-12-14,68.2445068359375,70.73999786376953,74.11000061035156,69.05000305175781,71.9000015258789,17011800
2022-12-15,63.1796989440918,65.48999786376953,68.47000122070312,64.55999755859375,67.98999786376953,17687900
2022-12-16,60.8740119934082,63.099998474121094,64.79000091552734,62.0,64.11000061035156,16196200
2022-12-19,59.349754333496094,61.52000045776367,63.369998931884766,60.63999938964844,63.2400016784668,12163300
2022-12-20,59.556617736816406,61.61000061035156,62.41999816894531,60.31999969482422,60.970001220703125,14691000
2022-12-21,62.214969635009766,64.36000061035156,64.93000030517578,62.619998931884766,62.91999816894531,15715800
2022-12-22,59.54696273803711,61.599998474121094,62.88999938964844,58.61000061035156,62.720001220703125,22328200
2022-12-23,60.445953369140625,62.529998779296875,62.630001068115234,60.20000076293945,61.02000045776367,12906400
2022-12-27,59.75962829589844,61.81999969482422,62.66999816894531,60.95000076293945,62.5,9214400
2022-12-28,57.54594802856445,59.529998779296875,62.7599983215332,59.41999816894531,61.77000045776367,14031200
2022-12-29,60.523292541503906,62.61000061035156,63.099998474121094,60.619998931884766,60.869998931884766,12007000
2022-12-30,60.03996276855469,62.11000061035156,62.150001525878906,60.15999984741211,61.22999954223633,11174400
2023-01-03,59.31495666503906,61.36000061035156,64.04000091552734,59.880001068115234,63.029998779296875,18048500
2023-01-04,60.619956970214844,62.709999084472656,63.75,60.900001525878906,62.439998626708984,17139400
2023-01-05,58.51261901855469,60.529998779296875,61.7400016784668,60.25,61.689998626708984,15680900
2023-01-06,62.48563766479492,64.63999938964844,65.22000122070312,60.529998779296875,62.04999923706055,18489900
2023-01-09,62.408294677734375,64.55999755859375,67.44999694824219,64.44000244140625,65.80000305175781,11824200
2023-01-10,63.68431091308594,65.87999725341797,65.91999816894531,63.720001220703125,64.20999908447266,11130700
2023-01-11,66.10099029541016,68.37999725341797,68.41999816894531,66.27999877929688,66.70999908447266,12485900
2023-01-12,66.7583236694336,69.05999755859375,69.86000061035156,66.7300033569336,68.91000366210938,18862000
2023-01-13,67.45433044433594,69.77999877929688,70.11000061035156,67.12000274658203,67.26000213623047,11262000
2023-01-17,67.10630798339844,69.41999816894531,70.69000244140625,69.02999877929688,69.80000305175781,9122800
2023-01-18,63.91630172729492,66.12000274658203,70.62999725341797,66.0199966430664,70.04000091552734,16848500
2023-01-19,62.5146369934082,64.66999816894531,65.8499984741211,63.93000030517578,64.95999908447266,14128500
2023-01-20,65.85929870605469,68.12999725341797,68.2699966430664,64.44000244140625,65.33000183105469,9568900
2023-01-23,68.23734283447266,70.58999633789062,71.66000366210938,68.08000183105469,68.58000183105469,11032800
2023-01-24,68.02466583251953,70.37000274658203,70.87999725341797,69.0199966430664,69.70999908447266,9483300
2023-01-25,68.12134552001953,70.47000122070312,70.62999725341797,66.86000061035156,68.0999984741211,16059100
2023-01-26,70.22866821289062,72.6500015258789,72.79000091552734,70.23999786376953,71.86000061035156,13947200
2023-01-27,70.70234680175781,73.13999938964844,74.51000213623047,71.97000122070312,72.08999633789062,13196400
2023-01-30,68.07300567626953,70.41999816894531,72.86000061035156,70.23999786376953,71.58999633789062,11013700
2023-01-31,71.00201416015625,73.44999694824219,73.48999786376953,70.45999908447266,70.66000366210938,10904800
2023-02-01,73.29302215576172,75.81999969482422,77.38999938964844,71.2300033569336,72.80000305175781,17770400
2023-02-02,76.39604187011719,79.02999877929688,79.91999816894531,76.91999816894531,77.98999786376953,16604600
2023-02-03,73.97935485839844,76.52999877929688,79.16999816894531,75.80000305175781,76.12999725341797,13377300
2023-02-06,72.64535522460938,75.1500015258789,75.9000015258789,74.12000274658203,75.04000091552734,9206900
2023-02-07,75.40036010742188,78.0,78.7300033569336,73.83000183105469,74.54000091552734,15933100
2023-02-08,72.98368835449219,75.5,77.62999725341797,75.05000305175781,76.8499984741211,14326300
2023-02-09,71.01168823242188,73.45999908447266,77.55999755859375,72.70999908447266,77.48999786376953,13055200
2023-02-10,71.39835357666016,73.86000061035156,74.11000061035156,72.26000213623047,72.72000122070312,10542400
2023-02-13,73.90202331542969,76.44999694824219,76.54000091552734,73.97000122070312,74.26000213623047,10826700
2023-02-14,73.7956771850586,76.33999633789062,77.69000244140625,74.04000091552734,75.55999755859375,18702000
2023-02-15,74.49169921875,77.05999755859375,77.12999725341797,74.58000183105469,75.06999969482422,14441800
2023-02-16,71.3886947631836,73.8499984741211,76.41999816894531,73.75,74.12999725341797,16007700
2023-02-17,70.7603530883789,73.19999694824219,73.33999633789062,71.45999908447266,72.62000274658203,11919400
2023-02-21,66.48763275146484,68.77999877929688,71.5,68.62999725341797,70.91999816894531,15302900
2023-02-22,66.21698760986328,68.5,69.81999969482422,67.72000122070312,68.9800033569336,22711300
2023-02-23,67.17398834228516,69.48999786376953,70.31999969482422,67.25,69.98999786376953,15793700
2023-02-24,64.98931121826172,67.2300033569336,67.70999908447266,65.81999969482422,66.7300033569336,19089700
2023-02-27,65.60798645019531,67.87000274658203,69.72000122070312,67.41999816894531,69.0199966430664,12635100
2023-02-28,64.89264678955078,67.12999725341797,68.66999816894531,67.08000183105469,67.6500015258789,13500300
2023-03-01,64.20630645751953,66.41999816894531,67.3499984741211,65.6500015258789,66.68000030517578,19913800
2023-03-02,65.55965423583984,67.81999969482422,68.29000091552734,65.0999984741211,65.2699966430664,16244500
2023-03-03,68.64334869384766,71.01000213623047,71.20999908447266,68.41000366210938,68.80000305175781,16509000
2023-03-06,68.8463363647461,71.22000122070312,72.77999877929688,70.98999786376953,71.5199966430664,12063200
2023-03-07,65.65631103515625,67.91999816894531,71.30000305175781,67.56999969482422,71.12000274658203,18030500
2023-03-08,65.9366683959961,68.20999908447266,68.62999725341797,67.02999877929688,67.95999908447266,17279500
2023-03-09,62.28263473510742,64.43000030517578,69.48999786376953,63.849998474121094,68.58999633789062,19511800
2023-03-10,59.537288665771484,61.59000015258789,65.13999938964844,60.779998779296875,64.08000183105469,28624600
2023-03-13,59.247291564941406,61.290000915527344,63.70000076293945,59.060001373291016,59.61000061035156,22789800
2023-03-14,62.08930587768555,64.2300033569336,65.12000274658203,62.04999923706055,63.72999954223633,18774200
2023-03-15,61.03563690185547,63.13999938964844,63.16999816894531,60.310001373291016,61.34000015258789,31288500
2023-03-16,64.09032440185547,66.30000305175781,66.47000122070312,61.56999969482422,61.849998474121094,23814300
2023-03-17,61.87663269042969,64.01000213623047,66.18000030517578,63.2400016784668,65.6500015258789,19615100
2023-03-20,63.577980041503906,65.7699966430664,66.0,63.9900016784668,64.33000183105469,14210100
2023-03-21,66.08390045166016,68.08999633789062,68.36000061035156,66.41999816894531,67.29000091552734,10938300
2023-03-22,62.77436828613281,64.68000030517578,69.91999816894531,64.58999633789062,68.0,16604200
2023-03-23,63.11405563354492,65.02999877929688,68.11000061035156,63.70000076293945,66.02999877929688,18413100
2023-03-24,64.3563461303711,66.30999755859375,66.37999725341797,63.16999816894531,64.41999816894531,14070100
2023-03-27,64.68633270263672,66.6500015258789,67.9000015258789,66.20999908447266,67.51000213623047,11815200
2023-03-28,64.26900482177734,66.22000122070312,66.66000366210938,65.23999786376953,66.30999755859375,10817000
2023-03-29,67.0738525390625,69.11000061035156,69.2300033569336,67.76000213623047,68.37999725341797,11417500
2023-03-30,68.1608657836914,70.2300033569336,70.5999984741211,69.25,70.47000122070312,13065200
2023-03-31,71.02393341064453,73.18000030517578,73.31999969482422,70.6500015258789,70.70999908447266,10711800
2023-04-03,71.7712631225586,73.94999694824219,74.20999908447266,72.62999725341797,72.87000274658203,12177900
2023-04-04,70.61630249023438,72.76000213623047,74.5,71.95999908447266,74.3499984741211,13972700
2023-04-05,69.98545837402344,72.11000061035156,72.69999694824219,71.19999694824219,72.25,11163000
2023-04-06,70.71334838867188,72.86000061035156,73.04000091552734,71.02999877929688,71.63999938964844,10565400
2023-04-10,70.95598602294922,73.11000061035156,73.13999938964844,71.1500015258789,71.4800033569336,9575800
2023-04-11,70.93658447265625,73.08999633789062,73.9000015258789,72.70999908447266,73.4000015258789,8626100
2023-04-12,70.13104248046875,72.26000213623047,74.41999816894531,71.91000366210938,74.2699966430664,17729600
2023-04-13,72.78060913085938,74.98999786376953,75.2300033569336,72.52999877929688,72.80000305175781,10435000
2023-04-14,72.30504608154297,74.5,75.87000274658203,73.12999725341797,74.6500015258789,11725200
2023-04-17,73.03294372558594,75.25,75.29000091552734,73.68000030517578,74.37000274658203,10242600
2023-04-18,73.13001251220703,75.3499984741211,76.18000030517578,74.56999969482422,76.12000274658203,9345700
2023-04-19,73.13001251220703,75.3499984741211,75.81999969482422,74.2300033569336,74.2699966430664,11041200
2023-04-20,71.81007385253906,73.98999786376953,75.01000213623047,73.13999938964844,73.6500015258789,11843300
2023-04-21,71.93624877929688,74.12000274658203,74.38999938964844,73.04000091552734,74.08999633789062,9073600
2023-04-24,72.14006042480469,74.33000183105469,74.58999633789062,73.23999786376953,73.98999786376953,7780300
2023-04-25,68.74317932128906,70.83000183105469,73.5199966430664,70.76000213623047,73.25,11346600
2023-04-26,67.84058380126953,69.9000015258789,71.68000030517578,69.58000183105469,71.13999938964844,12637700
2023-04-27,71.81007385253906,73.98999786376953,74.13999938964844,71.08000183105469,71.19000244140625,12998600
2023-04-28,73.63469696044922,75.87000274658203,75.87000274658203,73.44000244140625,73.48999786376953,9661000
2023-05-01,73.35323333740234,75.58000183105469,76.75,75.44999694824219,75.55000305175781,7783300
2023-05-02,70.91716766357422,73.06999969482422,75.18000030517578,71.37000274658203,75.16999816894531,13992500
2023-05-03,69.36432647705078,71.47000122070312,74.61000061035156,71.36000061035156,73.27999877929688,20785000
2023-05-04,67.89881896972656,69.95999908447266,71.04000091552734,69.19000244140625,70.87000274658203,15061700
2023-05-05,71.54803466796875,73.72000122070312,74.30999755859375,71.69000244140625,71.86000061035156,10082500
2023-05-08,71.62567138671875,73.80000305175781,74.05000305175781,73.0199966430664,73.87000274658203,7587800
2023-05-09,70.69395446777344,72.83999633789062,73.4000015258789,72.66000366210938,72.87999725341797,5791000
2023-05-10,71.64508056640625,73.81999969482422,74.69000244140625,71.69000244140625,74.3499984741211,16785600
2023-05-11,71.16950988769531,73.33000183105469,73.51000213623047,72.19999694824219,73.27999877929688,9695100
2023-05-12,70.85894012451172,73.01000213623047,74.08999633789062,71.66000366210938,73.98999786376953,10101000
2023-05-15,71.538330078125,73.70999908447266,73.95999908447266,72.2699966430664,73.33000183105469,8893000
2023-05-16,70.121337890625,72.25,73.5999984741211,72.2300033569336,73.08999633789062,7032600
2023-05-17,72.63504028320312,74.83999633789062,75.19000244140625,72.44000244140625,73.33000183105469,11161200
2023-05-18,74.64405059814453,76.91000366210938,77.18000030517578,74.5,74.62000274658203,11482500
2023-05-19,74.34317779541016,76.5999984741211,77.70999908447266,75.86000061035156,77.41999816894531,9511500
2023-05-22,74.40142059326172,76.66000366210938,77.51000213623047,75.86000061035156,76.55999755859375,8110000
2023-05-23,71.87801361083984,74.05999755859375,76.23999786376953,73.80000305175781,75.68000030517578,8885700
2023-05-24,70.29603576660156,72.43000030517578,73.31999969482422,71.75,73.13999938964844,16363700
2023-05-25,72.02359771728516,74.20999908447266,75.02999877929688,73.05000305175781,74.25,11940300
2023-05-26,74.79933166503906,77.06999969482422,77.44000244140625,74.47000122070312,74.52999877929688,13126000
2023-05-30,74.80904388427734,77.08000183105469,78.43000030517578,76.30999755859375,78.12999725341797,9094100
2023-05-31,73.59586334228516,75.83000183105469,76.55999755859375,74.91000366210938,75.9800033569336,12182400
2023-06-01,75.63399505615234,77.93000030517578,78.5,75.19000244140625,75.87999725341797,11584500
2023-06-02,78.85618591308594,81.25,81.69999694824219,79.04000091552734,79.37000274658203,10481200
2023-06-05,78.34178924560547,80.72000122070312,82.16999816894531,80.33000183105469,81.44000244140625,10645600
2023-06-06,78.87560272216797,81.2699966430664,81.55999755859375,80.08999633789062,80.45999908447266,7150300
2023-06-07,78.09915924072266,80.47000122070312,82.13999938964844,80.13999938964844,81.44999694824219,14289000
2023-06-08,79.3220443725586,81.7300033569336,82.04000091552734,79.93000030517578,80.37999725341797,8148100
2023-06-09,79.78789520263672,82.20999908447266,83.36000061035156,81.58000183105469,82.2300033569336,8884800
2023-06-12,81.8551254272461,84.33999633789062,84.41000366210938,82.30999755859375,82.75,6507300
2023-06-13,83.46623229980469,86.0,86.41000366210938,84.8499984741211,85.2699966430664,10559700
2023-06-14,83.88356018066406,86.43000030517578,87.44999694824219,84.19999694824219,86.22000122070312,20155900
2023-06-15,86.76606750488281,89.4000015258789,90.22000122070312,85.69999694824219,85.76000213623047,13981000
2023-06-16,85.85375213623047,88.45999908447266,90.69999694824219,88.16000366210938,90.66000366210938,10017400
2023-06-20,84.5726318359375,87.13999938964844,87.7699966430664,85.7699966430664,87.22000122070312,6915800
2023-06-21,83.23711395263672,85.51000213623047,86.66999816894531,85.08000183105469,86.16999816894531,10555800
2023-06-22,83.98664093017578,86.27999877929688,86.33999633789062,84.5999984741211,84.81999969482422,9987200
2023-06-23,82.0787353515625,84.31999969482422,85.37999725341797,83.8499984741211,84.12000274658203,8737800
2023-06-26,81.0177230834961,83.2300033569336,85.08000183105469,83.0999984741211,83.94000244140625,9601100
2023-06-27,83.68488311767578,85.97000122070312,86.31999969482422,83.45999908447266,83.73999786376953,11297600
2023-06-28,83.860107421875,86.1500015258789,86.68000030517578,84.87999725341797,85.2699966430664,14974900
2023-06-29,84.72647094726562,87.04000091552734,87.11000061035156,85.5199966430664,85.7300033569336,8989900
2023-06-30,87.58829498291016,89.9800033569336,90.5999984741211,88.72000122070312,88.91999816894531,8264600
2023-07-03,87.89981079101562,90.30000305175781,90.44000244140625,89.55999755859375,89.73999786376953,3604500
2023-07-05,87.4812240600586,89.87000274658203,90.31999969482422,89.0999984741211,89.0999984741211,12400100
2023-07-06,85.28128051757812,87.61000061035156,87.94000244140625,86.08999633789062,87.5199966430664,14827000
2023-07-07,84.59989929199219,86.91000366210938,89.37999725341797,86.77999877929688,86.9800033569336,8788800
2023-07-10,85.20341491699219,87.52999877929688,87.68000030517578,86.33000183105469,86.6500015258789,6371500
2023-07-11,86.88744354248047,89.26000213623047,89.52999877929688,87.4000015258789,88.0,10022700
2023-07-12,88.90241241455078,91.33000183105469,92.2300033569336,90.68000030517578,91.56999969482422,20474600
2023-07-13,90.87846374511719,93.36000061035156,93.94000244140625,92.18000030517578,92.41000366210938,7872500
2023-07-14,90.6935043334961,93.16999816894531,94.5,92.70999908447266,93.97000122070312,7729100
2023-07-17,91.62799835205078,94.12999725341797,94.81999969482422,93.01000213623047,93.04000091552734,7687300
2023-07-18,93.60404205322266,96.16000366210938,96.62000274658203,93.62000274658203,93.91000366210938,10001400
2023-07-19,94.12968444824219,96.69999694824219,97.58999633789062,96.2699966430664,96.70999908447266,11096800
2023-07-20,92.3191146850586,94.83999633789062,96.68000030517578,94.31999969482422,96.05999755859375,10804600
2023-07-21,92.2509765625,94.7699966430664,96.01000213623047,94.73999786376953,95.86000061035156,7187700
2023-07-24,93.40934753417969,95.95999908447266,96.51000213623047,95.08000183105469,95.47000122070312,5986500
2023-07-25,94.19781494140625,96.7699966430664,97.55999755859375,95.75,95.77999877929688,6582100
2023-07-26,94.25624084472656,96.83000183105469,97.69999694824219,95.41000366210938,96.0999984741211,15197000
2023-07-27,92.2899169921875,94.80999755859375,99.19999694824219,94.16000366210938,98.94000244140625,11782900
2023-07-28,94.88895416259766,97.4800033569336,98.05000305175781,96.3499984741211,96.83999633789062,8873600
2023-07-31,95.48273468017578,98.08999633789062,98.27999877929688,96.91999816894531,97.77999877929688,5720700
2023-08-01,94.53850555419922,97.12000274658203,97.6500015258789,96.54000091552734,97.02999877929688,5450100
2023-08-02,90.63510131835938,93.11000061035156,95.25,92.58999633789062,95.05000305175781,9704600
2023-08-03,89.7882308959961,92.23999786376953,93.41000366210938,91.29000091552734,91.7300033569336,7617400
2023-08-04,88.48384857177734,90.9000015258789,94.66000366210938,90.56999969482422,93.33000183105469,10493700
2023-08-07,90.75192260742188,93.2300033569336,93.33999633789062,91.5999984741211,92.02999877929688,6696200
2023-08-08,89.59354400634766,92.04000091552734,92.29000091552734,89.83999633789062,91.61000061035156,8697300
2023-08-09,87.79273223876953,90.19000244140625,92.2300033569336,89.63999938964844,92.19000244140625,10228400
2023-08-10,87.77324676513672,90.16999816894531,93.66000366210938,89.4000015258789,91.51000213623047,15466100
2023-08-11,87.54936981201172,89.94000244140625,90.56999969482422,88.52999877929688,88.87999725341797,9366200
2023-08-14,88.92189025878906,91.3499984741211,91.38999938964844,89.12999725341797,89.29000091552734,6042800
2023-08-15,85.88481903076172,88.2300033569336,90.44999694824219,87.81999969482422,90.25,8806300
2023-08-16,83.95745086669922,86.25,88.9000015258789,86.16000366210938,87.83999633789062,9315300
2023-08-17,81.90353393554688,84.13999938964844,87.16000366210938,83.80999755859375,87.0199966430664,11069200
2023-08-18,81.91326141357422,84.1500015258789,84.83000183105469,82.19000244140625,82.33999633789062,8221100
2023-08-21,83.55833435058594,85.83999633789062,86.27999877929688,83.48999786376953,84.76000213623047,6650500
2023-08-22,82.79906463623047,85.05999755859375,86.87999725341797,84.76000213623047,86.77999877929688,7012000
2023-08-23,85.53438568115234,87.87000274658203,88.27999877929688,85.62000274658203,85.66000366210938,6090900
2023-08-24,81.98139190673828,84.22000122070312,89.13999938964844,84.13999938964844,88.81999969482422,6831200
2023-08-25,83.64595031738281,85.93000030517578,86.69000244140625,83.04000091552734,85.18000030517578,10681400
2023-08-28,85.13528442382812,87.45999908447266,87.9000015258789,86.41000366210938,87.20999908447266,5712900
2023-08-29,88.84400939941406,91.2699966430664,91.47000122070312,87.33000183105469,87.44999694824219,7596400
2023-08-30,90.01212310791016,92.47000122070312,92.80000305175781,91.0199966430664,91.52999877929688,7348800
2023-08-31,89.46700286865234,91.91000366210938,93.41000366210938,91.79000091552734,92.70999908447266,5453400
2023-09-01,89.9147720336914,92.37000274658203,93.87999725341797,91.44000244140625,93.62000274658203,5485400
2023-09-05,88.71746063232422,91.13999938964844,92.26000213623047,91.0999984741211,92.06999969482422,4136800
2023-09-06,86.91664123535156,89.29000091552734,90.66000366210938,87.80999755859375,90.5999984741211,6308600
2023-09-07,85.98216247558594,88.33000183105469,88.79000091552734,87.12000274658203,87.33999633789062,5910700
2023-09-08,86.36180114746094,88.72000122070312,89.66000366210938,88.12000274658203,88.38999938964844,5419300
2023-09-11,88.03607940673828,90.44000244140625,90.62999725341797,89.23999786376953,90.27999877929688,5197400
2023-09-12,86.54674530029297,88.91000366210938,90.44999694824219,88.55999755859375,89.48999786376953,5367300
2023-09-13,86.87770080566406,89.25,89.91999816894531,88.33999633789062,89.0,6003100
2023-09-14,88.999755859375,91.43000030517578,91.8499984741211,89.83000183105469,90.68000030517578,5651200
2023-09-15,85.72905731201172,88.06999969482422,90.58000183105469,87.80000305175781,90.44000244140625,9077400
2023-09-18,85.89454650878906,88.23999786376953,88.9800033569336,87.55999755859375,87.8499984741211,5653800
2023-09-19,85.35213470458984,87.48999786376953,87.76000213623047,85.7699966430664,87.37999725341797,7027700
2023-09-20,82.88395690917969,84.95999908447266,88.41000366210938,84.88999938964844,88.12999725341797,10040700
2023-09-21,78.76708984375,80.73999786376953,83.36000061035156,80.5999984741211,83.19999694824219,10337700
2023-09-22,78.12320709228516,80.08000183105469,82.16999816894531,79.87999725341797,81.25,10096700
2023-09-25,79.09876251220703,81.08000183105469,81.11000061035156,79.13999938964844,79.36000061035156,8551700
2023-09-26,75.57698059082031,77.47000122070312,79.69999694824219,77.0199966430664,79.29000091552734,13269800
2023-09-27,75.61601257324219,77.51000213623047,78.44000244140625,75.51000213623047,78.12000274658203,14746900
2023-09-28,76.94277954101562,78.87000274658203,79.77999877929688,76.83999633789062,77.25,11895200
2023-09-29,76.28913879394531,78.19999694824219,80.62000274658203,77.37000274658203,80.54000091552734,15546100
2023-10-02,76.20134735107422,78.11000061035156,78.80999755859375,76.55999755859375,77.72000122070312,13468200
2023-10-03,73.09905242919922,74.93000030517578,77.70999908447266,74.16999816894531,76.83000183105469,13343700
2023-10-04,74.74774932861328,76.62000274658203,76.97000122070312,74.36000061035156,75.16000366210938,12714500
2023-10-05,74.5428695678711,76.41000366210938,76.86000061035156,74.62000274658203,76.33000183105469,8347300
2023-10-06,77.08909606933594,79.0199966430664,79.91000366210938,74.23999786376953,75.0,12329600
2023-10-09,78.55245208740234,80.5199966430664,80.88999938964844,77.63999938964844,77.94000244140625,9563600
2023-10-10,79.79142761230469,81.79000091552734,83.27999877929688,80.6500015258789,80.91000366210938,9483900
2023-10-11,80.77674102783203,82.80000305175781,82.91999816894531,80.9800033569336,82.4000015258789,8294000
2023-10-12,79.25485229492188,81.23999786376953,83.2699966430664,79.80000305175781,83.05000305175781,11726300
2023-10-13,77.96711730957031,79.91999816894531,82.69999694824219,79.0,82.02999877929688,13110800
2023-10-16,80.41577911376953,82.43000030517578,83.02999877929688,81.02999877929688,81.18000030517578,11148700
2023-10-17,80.35724639892578,82.37000274658203,83.55999755859375,80.3499984741211,80.55999755859375,14245700
2023-10-18,77.13789367675781,79.06999969482422,81.87000274658203,78.41999816894531,81.30999755859375,14273500
2023-10-19,75.03067016601562,76.91000366210938,80.4000015258789,76.51000213623047,79.36000061035156,14782300
2023-10-20,72.21128845214844,74.0199966430664,76.9000015258789,73.93000030517578,76.62999725341797,16557500
2023-10-23,71.78203582763672,73.58000183105469,75.69000244140625,72.18000030517578,73.12000274658203,17597900
2023-10-24,73.41121673583984,75.25,75.8499984741211,73.70999908447266,74.69000244140625,13914400
2023-10-25,70.21136474609375,71.97000122070312,74.30999755859375,71.69000244140625,74.30999755859375,14034300
2023-10-26,67.67491149902344,69.37000274658203,71.77999877929688,68.81999969482422,71.3499984741211,13897800
2023-10-27,66.66031646728516,68.33000183105469,70.30000305175781,67.5999984741211,70.0999984741211,16908800
2023-10-30,69.05046081542969,70.77999877929688,71.29000091552734,69.06999969482422,69.73999786376953,13486500
2023-10-31,70.27967071533203,72.04000091552734,72.22000122070312,70.02999877929688,71.0199966430664,14616400
2023-11-01,72.5234603881836,74.33999633789062,74.77999877929688,72.26000213623047,72.54000091552734,14963500
2023-11-02,76.65010070800781,78.56999969482422,78.6500015258789,76.36000061035156,76.4000015258789,10974000
2023-11-03,78.69879150390625,80.66999816894531,81.55000305175781,79.76000213623047,79.83000183105469,13149800
2023-11-06,79.21581268310547,81.19999694824219,81.45999908447266,80.08999633789062,81.08000183105469,11053500
2023-11-07,79.86946868896484,81.87000274658203,82.2300033569336,80.5199966430664,81.16999816894531,8066300
2023-11-08,79.99628448486328,82.0,82.48999786376953,80.68000030517578,82.18000030517578,9689000
2023-11-09,78.06465911865234,80.0199966430664,82.63999938964844,79.77999877929688,82.62999725341797,13341500
2023-11-10,81.66450500488281,83.70999908447266,83.91000366210938,80.31999969482422,81.1500015258789,11454200
2023-11-13,81.371826171875,83.41000366210938,84.12999725341797,82.47000122070312,82.93000030517578,10214800
2023-11-14,86.13258361816406,88.29000091552734,89.05999755859375,86.80000305175781,86.97000122070312,10930700
2023-11-15,86.66914367675781,88.83999633789062,89.83999633789062,88.33000183105469,89.08000183105469,8035400
2023-11-16,86.8740234375,89.05000305175781,89.29000091552734,87.86000061035156,88.51000213623047,8829600
2023-11-17,87.34228515625,89.52999877929688,89.76000213623047,88.51000213623047,89.05000305175781,10775100
2023-11-20,89.16659545898438,91.4000015258789,91.94999694824219,89.20999908447266,89.20999908447266,10069200
2023-11-21,88.52272033691406,90.73999786376953,91.04000091552734,90.0,90.72000122070312,12771000
2023-11-22,89.5177993774414,91.76000213623047,92.56999969482422,91.08000183105469,91.70999908447266,8061700
2023-11-24,89.60559844970703,91.8499984741211,91.95999908447266,91.5199966430664,91.69999694824219,2941200
2023-11-27,89.09829711914062,91.33000183105469,91.95999908447266,91.0999984741211,91.41000366210938,6130200
2023-11-28,89.34220123291016,91.58000183105469,92.4000015258789,90.72000122070312,91.05000305175781,6739200
2023-11-29,89.18611145019531,91.41999816894531,93.58999633789062,91.12999725341797,92.9000015258789,7805900
2023-11-30,90.13240051269531,92.38999938964844,92.58999633789062,90.52999877929688,91.83000183105469,10001900
2023-12-01,91.62501525878906,93.91999816894531,94.30999755859375,91.58999633789062,91.95999908447266,10621300
2023-12-04,90.23970794677734,92.5,92.63999938964844,91.02999877929688,91.80000305175781,11775000
2023-12-05,90.15190887451172,92.41000366210938,92.9800033569336,91.33000183105469,91.52999877929688,10406000
2023-12-06,88.97148132324219,91.19999694824219,93.70999908447266,90.95999908447266,93.68000030517578,9167000
2023-12-07,90.94212341308594,93.22000122070312,93.63999938964844,92.05999755859375,92.44000244140625,7221800
2023-12-08,92.03475189208984,94.33999633789062,94.69999694824219,92.55999755859375,92.70999908447266,9790700
2023-12-11,93.13715362548828,95.47000122070312,95.55999755859375,93.91000366210938,94.23999786376953,6082500
2023-12-12,94.37610626220703,96.73999786376953,96.79000091552734,94.56999969482422,95.20999908447266,6052000
2023-12-13,98.20032501220703,100.66000366210938,100.87999725341797,96.70999908447266,96.94000244140625,10743200
2023-12-14,99.0685806274414,101.55000305175781,102.68000030517578,99.79000091552734,101.88999938964844,10282000
2023-12-15,98.64909362792969,101.12000274658203,101.87000274658203,100.47000122070312,101.12999725341797,9053500
2023-12-18,100.2197494506836,102.7300033569336,103.37000274658203,101.9800033569336,102.12000274658203,7070200
2023-12-19,101.97575378417969,104.52999877929688,104.5999984741211,103.0,103.08000183105469,5429400
2023-12-20,97.5954818725586,100.04000091552734,105.20999908447266,99.91999816894531,103.9000015258789,11952500
2023-12-21,100.30992889404297,102.51000213623047,102.7300033569336,100.12000274658203,101.69999694824219,8639100
2023-12-22,100.9264144897461,103.13999938964844,104.26000213623047,101.87999725341797,103.27999877929688,6531300
2023-12-26,102.12022399902344,104.36000061035156,105.01000213623047,103.30000305175781,103.37999725341797,4480100
2023-12-27,102.74649810791016,105.0,105.08000183105469,103.91000366210938,104.23999786376953,7931500
2023-12-28,102.74649810791016,105.0,105.4800033569336,104.6500015258789,105.01000213623047,5232600
2023-12-29,101.75816345214844,103.98999786376953,105.11000061035156,102.6500015258789,104.6500015258789,8692600
2024-01-02,99.92829895019531,102.12000274658203,102.83999633789062,100.76000213623047,101.87999725341797,8732800
2024-01-03,97.49175262451172,99.62999725341797,101.19999694824219,99.25,100.69999694824219,11632600
2024-01-04,96.51319885253906,98.62999725341797,100.93000030517578,98.44000244140625,99.2699966430664,7422300
2024-01-05,96.80677032470703,98.93000030517578,100.55000305175781,98.0,98.6500015258789,10967400
2024-01-08,100.88726806640625,103.0999984741211,103.2300033569336,99.1500015258789,99.22000122070312,8596400
2024-01-09,100.35885620117188,102.55999755859375,103.33000183105469,100.98999786376953,101.31999969482422,11699800
2024-01-10,102.12022399902344,104.36000061035156,104.93000030517578,102.5999984741211,102.80000305175781,9823600
2024-01-11,101.84623718261719,104.08000183105469,105.22000122070312,101.37999725341797,104.87000274658203,8716900
2024-01-12,102.01258850097656,104.25,105.4800033569336,103.29000091552734,104.97000122070312,6557100
2024-01-16,100.8481216430664,103.05999755859375,104.1500015258789,101.81999969482422,103.26000213623047,13261800
2024-01-17,99.14546966552734,101.31999969482422,101.62000274658203,99.72000122070312,100.95999908447266,8442300
2024-01-18,101.67008972167969,103.9000015258789,104.22000122070312,101.2699966430664,102.27999877929688,7684400
2024-01-19,105.34939575195312,107.66000366210938,107.91000366210938,104.13999938964844,104.5999984741211,10010800
2024-01-22,106.02458190917969,108.3499984741211,109.55999755859375,107.91999816894531,108.70999908447266,12762900
2024-01-23,106.8954849243164,109.23999786376953,109.43000030517578,107.95999908447266,108.68000030517578,6720800
2024-01-24,107.1988525390625,109.55000305175781,111.87000274658203,109.3499984741211,111.18000030517578,7679600
2024-01-25,108.93085479736328,111.31999969482422,111.4800033569336,109.51000213623047,110.94999694824219,6089600
2024-01-26,108.53943634033203,110.91999816894531,111.9800033569336,110.2300033569336,110.93000030517578,10774900
2024-01-29,110.9466323852539,113.37999725341797,113.51000213623047,110.61000061035156,110.95999908447266,5696300
2024-01-30,110.71177673339844,113.13999938964844,113.61000061035156,112.56999969482422,112.87999725341797,4861300
2024-01-31,105.25154876708984,107.55999755859375,111.83000183105469,107.48999786376953,111.5,10411500
2024-02-01,109.21460723876953,111.61000061035156,111.68000030517578,108.02999877929688,108.58000183105469,15098100
2024-02-02,112.63951110839844,115.11000061035156,116.30000305175781,111.68000030517578,111.91000366210938,9528000
2024-02-05,111.37718963623047,113.81999969482422,114.95999908447266,112.2300033569336,114.63999938964844,11377300
2024-02-06,112.27745056152344,114.73999786376953,115.0199966430664,113.44999694824219,114.47000122070312,6819200
2024-02-07,115.04672241210938,117.56999969482422,117.93000030517578,115.73999786376953,116.36000061035156,5542800
2024-02-08,115.1837158203125,117.70999908447266,117.94000244140625,116.91999816894531,117.52999877929688,4075700
2024-02-09,117.05272674560547,119.62000274658203,119.98999786376953,117.73999786376953,118.0,5414900
2024-02-12,116.85699462890625,119.41999816894531,121.26000213623047,118.93000030517578,119.6500015258789,5474100
2024-02-13,112.05238342285156,114.51000213623047,115.75,112.08999633789062,114.80000305175781,9210600
2024-02-14,115.03693389892578,117.55999755859375,117.93000030517578,114.66000366210938,116.33999633789062,6561800
2024-02-15,117.24842071533203,119.81999969482422,119.98999786376953,117.58999633789062,117.98999786376953,6601900
2024-02-16,115.4381332397461,117.97000122070312,120.4000015258789,117.47000122070312,119.61000061035156,6946900
2024-02-20,113.46147918701172,115.94999694824219,117.19000244140625,114.38999938964844,116.70999908447266,6589200
2024-02-21,113.75503540039062,116.25,116.38999938964844,113.7300033569336,115.0199966430664,6509200
2024-02-22,120.75159454345703,123.4000015258789,124.0999984741211,120.2699966430664,120.91000366210938,6293300
2024-02-23,120.87879180908203,123.52999877929688,125.27999877929688,123.05999755859375,124.62999725341797,6649300
2024-02-26,119.60671997070312,122.2300033569336,124.22000122070312,122.12000274658203,123.87999725341797,4292600
2024-02-27,120.17424774169922,122.80999755859375,123.0199966430664,121.27999877929688,122.69000244140625,4652400
2024-02-28,119.62628173828125,122.25,122.76000213623047,121.37999725341797,121.68000030517578,3882300
2024-02-29,120.78095245361328,123.43000030517578,124.73999786376953,121.56999969482422,123.55000305175781,6950900
2024-03-01,124.3134765625,127.04000091552734,127.30999755859375,123.83000183105469,124.16000366210938,6119100
2024-03-04,123.77528381347656,126.48999786376953,127.94000244140625,126.31999969482422,126.37999725341797,4766400
2024-03-05,120.06661224365234,122.69999694824219,125.31999969482422,121.0,124.94000244140625,6849300
2024-03-06,121.86712646484375,124.54000091552734,126.19999694824219,123.54000091552734,125.12000274658203,6240700
2024-03-07,125.39962768554688,128.14999389648438,128.92999267578125,126.22000122070312,126.93000030517578,5795800
2024-03-08,123.03158569335938,125.7300033569336,130.60000610351562,125.29000091552734,128.57000732421875,9774600
2024-03-11,122.6793212890625,125.37000274658203,125.80000305175781,123.33000183105469,124.75,7690100
2024-03-12,126.6130599975586,129.38999938964844,129.80999755859375,125.0,126.91999816894531,6147900
2024-03-13,125.94763946533203,128.7100067138672,129.7100067138672,127.62000274658203,129.5500030517578,3708000
2024-03-14,125.05716705322266,127.80000305175781,129.4600067138672,125.48999786376953,129.3300018310547,5564600
2024-03-15,122.34661102294922,125.02999877929688,126.52999877929688,124.05000305175781,125.41000366210938,6092300
2024-03-18,124.55811309814453,127.29000091552734,129.24000549316406,126.9800033569336,128.1699981689453,6188800
2024-03-19,126.69305419921875,129.07000732421875,129.2100067138672,125.58000183105469,126.33999633789062,5291800
2024-03-20,130.01080322265625,132.4499969482422,132.63999938964844,128.47999572753906,129.02000427246094,6279100
2024-03-21,131.22796630859375,133.69000244140625,135.1999969482422,133.50999450683594,134.6699981689453,4330600
2024-03-22,130.4917755126953,132.94000244140625,133.99000549316406,132.75,133.49000549316406,4111700
2024-03-25,129.45132446289062,131.8800048828125,132.67999267578125,131.64999389648438,131.75999450683594,5737500
2024-03-26,128.40101623535156,130.80999755859375,133.08999633789062,130.67999267578125,132.8699951171875,6567800
2024-03-27,131.61077880859375,134.0800018310547,134.13999938964844,131.33999633789062,133.0,4600500
2024-03-28,131.56170654296875,134.02999877929688,135.16000366210938,133.77999877929688,134.1300048828125,3843700
2024-04-01,130.8942413330078,133.35000610351562,134.9499969482422,132.3300018310547,134.5399932861328,5667000
2024-04-02,128.27337646484375,130.67999267578125,130.75,128.8300018310547,130.16000366210938,3696600
2024-04-03,128.63656616210938,131.0500030517578,132.19000244140625,129.72000122070312,129.74000549316406,4613100
2024-04-04,123.85626220703125,126.18000030517578,134.3000030517578,125.87000274658203,134.02999877929688,7072700
2024-04-05,127.53720092773438,129.92999267578125,131.47999572753906,126.73999786376953,127.0999984741211,6946100
2024-04-08,127.67463684082031,130.07000732421875,131.27000427246094,129.5500030517578,130.5,6096000
2024-04-09,128.11634826660156,130.52000427246094,131.6699981689453,126.83999633789062,131.47999572753906,5409100
2024-04-10,124.27836608886719,126.61000061035156,128.1300048828125,125.08000183105469,126.11000061035156,7529400
2024-04-11,127.01697540283203,129.39999389648438,130.42999267578125,124.9800033569336,127.61000061035156,5004700
2024-04-12,121.55936431884766,123.83999633789062,127.62999725341797,122.58999633789062,126.56999969482422,8850300
2024-04-15,117.06371307373047,119.26000213623047,127.0999984741211,118.5999984741211,127.01000213623047,8718500
2024-04-16,116.33732604980469,118.5199966430664,120.62000274658203,117.58999633789062,119.52999877929688,5997700
2024-04-17,114.2072982788086,116.3499984741211,120.36000061035156,115.36000061035156,120.26000213623047,6666500
2024-04-18,113.40239715576172,115.52999877929688,118.72000122070312,114.83999633789062,117.22000122070312,5587900
2024-04-19,110.47727966308594,112.55000305175781,116.0999984741211,111.54000091552734,115.37999725341797,11659000
2024-04-22,113.3238754272461,115.44999694824219,117.30999755859375,112.56999969482422,114.20999908447266,6315100
2024-04-23,117.3091049194336,119.51000213623047,119.87000274658203,116.5,116.87999725341797,5019700
2024-04-24,117.15204620361328,119.3499984741211,120.72000122070312,117.73999786376953,120.1500015258789,10395500
2024-04-25,115.66986083984375,117.83999633789062,118.41999816894531,113.5999984741211,114.79000091552734,6755700
2024-04-26,118.90908813476562,121.13999938964844,122.30999755859375,119.37999725341797,119.8499984741211,6060500
2024-04-29,120.10662841796875,122.36000061035156,122.88999938964844,120.38999938964844,122.41000366210938,3177100
2024-04-30,114.47232818603516,116.62000274658203,122.0,116.54000091552734,121.2699966430664,5167600
2024-05-01,113.2257080078125,115.3499984741211,120.8499984741211,115.02999877929688,116.06999969482422,6631100
2024-05-02,116.25882720947266,118.44000244140625,119.06999969482422,114.70999908447266,117.88999938964844,4396500
2024-05-03,120.597412109375,122.86000061035156,123.63999938964844,120.94000244140625,122.7699966430664,4857700
2024-05-06,124.28816986083984,126.62000274658203,126.62999725341797,124.30000305175781,124.55999755859375,3515200
2024-05-07,124.75933074951172,127.0999984741211,128.0500030517578,126.5,127.30999755859375,7257900
2024-05-08,124.69062042236328,127.02999877929688,127.37999725341797,125.47000122070312,125.58000183105469,2878500
2024-05-09,126.72248840332031,129.10000610351562,129.11000061035156,126.54000091552734,127.01000213623047,3182100
2024-05-10,127.16421508789062,129.5500030517578,130.86000061035156,128.55999755859375,130.22000122070312,3421400
2024-05-13,127.18385314941406,129.57000732421875,130.82000732421875,128.6300048828125,130.75999450683594,2517700
2024-05-14,128.79364013671875,131.2100067138672,131.6300048828125,129.2100067138672,129.60000610351562,3804900
2024-05-15,133.58377075195312,136.08999633789062,136.32000732421875,132.6300048828125,133.13999938964844,3676600
2024-05-16,132.5825653076172,135.07000732421875,137.3000030517578,134.97000122070312,136.02999877929688,10316300
2024-05-17,133.0929718017578,135.58999633789062,135.69000244140625,134.0,135.13999938964844,3344400
2024-05-20,133.6033935546875,136.11000061035156,137.22999572753906,135.38999938964844,135.69000244140625,2645700
2024-05-21,134.4770050048828,137.0,137.16000366210938,135.27999877929688,135.41000366210938,2329900
2024-05-22,133.28927612304688,135.7899932861328,136.99000549316406,134.0800018310547,136.42999267578125,4506300
2024-05-23,130.2267608642578,132.6699981689453,138.1199951171875,131.6999969482422,138.0800018310547,4623300
2024-05-24,132.73959350585938,135.22999572753906,135.8300018310547,133.27999877929688,134.0500030517578,2688100
2024-05-28,133.004638671875,135.5,136.00999450683594,133.41000366210938,135.8300018310547,2587100
2024-05-29,130.20709228515625,132.64999389648438,133.5,132.0500030517578,132.2899932861328,6054300
2024-05-30,127.58626556396484,129.97999572753906,131.8699951171875,128.97999572753906,131.3699951171875,4307800
2024-05-31,130.8451385498047,133.3000030517578,133.49000549316406,126.61000061035156,130.52000427246094,5937800
2024-06-03,131.10035705566406,133.55999755859375,134.64999389648438,129.67999267578125,134.57000732421875,4743100
2024-06-04,131.47335815429688,133.94000244140625,134.58999633789062,131.38999938964844,132.61000061035156,3825400
2024-06-05,136.13589477539062,138.69000244140625,138.75,134.24000549316406,135.72999572753906,3774200
2024-06-06,136.08680725097656,138.63999938964844,139.2899932861328,137.13999938964844,138.97999572753906,2680500
2024-06-07,135.42913818359375,137.97000122070312,140.2899932861328,136.89999389648438,137.8000030517578,3539000
2024-06-10,136.67576599121094,139.24000549316406,139.5399932861328,136.89999389648438,137.3800048828125,2695200
2024-06-11,137.57882690429688,140.16000366210938,140.2899932861328,136.39999389648438,138.02999877929688,2803400
2024-06-12,140.92601013183594,143.57000732421875,145.77000427246094,142.8000030517578,143.85000610351562,4086600
2024-06-13,141.79959106445312,144.4600067138672,145.14999389648438,142.1999969482422,145.02000427246094,6772000
2024-06-14,141.90760803222656,144.57000732421875,144.6300048828125,142.25,143.10000610351562,6709800
2024-06-17,145.225341796875,147.9499969482422,149.0800018310547,143.60000610351562,144.02000427246094,2904900
2024-06-18,146.28546142578125,149.02999877929688,149.14999389648438,147.63999938964844,147.97000122070312,2066300
2024-06-20,145.0682830810547,147.7899932861328,150.33999633789062,146.3300018310547,149.7899932861328,3665200
2024-06-21,144.03762817382812,146.74000549316406,147.97000122070312,145.85000610351562,147.02000427246094,2250300
2024-06-24,142.8106689453125,145.49000549316406,148.9499969482422,145.4600067138672,146.82000732421875,8573400
2024-06-25,144.4901123046875,146.86000061035156,147.1699981689453,144.92999267578125,146.13999938964844,2334300
2024-06-26,145.0509033203125,147.42999267578125,147.9499969482422,145.33999633789062,145.89999389648438,6060000
2024-06-27,145.5428466796875,147.92999267578125,148.47999572753906,146.57000732421875,147.22999572753906,2235000
2024-06-28,143.71286010742188,146.07000732421875,151.0,145.10000610351562,148.4600067138672,3460700
2024-07-01,144.61801147460938,146.99000549316406,147.35000610351562,144.63999938964844,147.1699981689453,2699400
2024-07-02,147.3531494140625,149.77000427246094,149.82000732421875,145.47999572753906,145.5399932861328,2550600
2024-07-03,149.22247314453125,151.6699981689453,152.00999450683594,149.44000244140625,149.47000122070312,5058400
2024-07-05,151.7215118408203,154.2100067138672,154.5500030517578,151.25999450683594,151.82000732421875,2321600
2024-07-08,152.19378662109375,154.69000244140625,155.5,153.75999450683594,154.85000610351562,2247500
2024-07-09,152.567626953125,155.07000732421875,156.22000122070312,154.80999755859375,155.4600067138672,2039400
2024-07-10,156.97532653808594,159.5500030517578,159.9199981689453,155.82000732421875,156.07000732421875,2631300
2024-07-11,152.92181396484375,155.42999267578125,160.4499969482422,154.88999938964844,159.6699981689453,4128400
2024-07-12,155.60775756835938,158.16000366210938,161.3300018310547,155.9600067138672,156.24000549316406,3862600
2024-07-15,156.876953125,159.4499969482422,162.27000427246094,157.85000610351562,159.88999938964844,7173000
2024-07-16,159.6416015625,162.25999450683594,162.49000549316406,159.89999389648438,160.5500030517578,2921800
2024-07-17,152.8824462890625,155.38999938964844,158.39999389648438,155.0500030517578,157.00999450683594,3420700
2024-07-18,149.28152465820312,151.72999572753906,157.42999267578125,149.8800048828125,156.60000610351562,4144000
2024-07-19,146.15283203125,148.5500030517578,152.6999969482422,147.63999938964844,151.32000732421875,3471000
2024-07-22,150.54086303710938,153.00999450683594,153.55999755859375,150.1199951171875,151.77000427246094,2958300
2024-07-23,149.75376892089844,152.2100067138672,154.75999450683594,151.8800048828125,152.9199981689453,2358100
2024-07-24,139.61997985839844,141.91000366210938,148.39999389648438,141.0800018310547,148.14999389648438,4813500
2024-07-25,137.3275909423828,139.5800018310547,146.7100067138672,138.8300018310547,141.89999389648438,5296400
2024-07-26,141.71559143066406,144.0399932861328,146.27000427246094,141.83999633789062,142.4499969482422,3872600
2024-07-29,141.96157836914062,144.2899932861328,146.14999389648438,142.74000549316406,145.36000061035156,2990200
2024-07-30,139.77740478515625,142.07000732421875,146.3300018310547,139.32000732421875,145.5,4576900
2024-07-31,146.31027221679688,148.7100067138672,151.0800018310547,146.42999267578125,147.47999572753906,5787400
2024-08-01,140.22996520996094,142.52999877929688,152.1999969482422,139.69000244140625,150.3300018310547,8116300
2024-08-02,132.33941650390625,134.50999450683594,137.67999267578125,131.0800018310547,136.69000244140625,10774900
2024-08-05,120.75933074951172,122.73999786376953,127.3499984741211,117.29000091552734,118.26000213623047,11317000
2024-08-06,123.91753387451172,125.94999694824219,131.3699951171875,122.95999908447266,123.91000366210938,5711200
2024-08-07,121.44804382324219,123.44000244140625,132.75999450683594,122.95999908447266,130.5500030517578,10799500
2024-08-08,129.6928253173828,131.82000732421875,132.3300018310547,125.5999984741211,127.06999969482422,4320700
2024-08-09,131.1981201171875,133.35000610351562,134.6199951171875,130.1699981689453,131.14999389648438,8065000
2024-08-12,131.44410705566406,133.60000610351562,135.5,131.88999938964844,134.3699951171875,3327100
2024-08-13,137.86871337890625,140.1300048828125,140.35000610351562,135.88999938964844,136.08999633789062,3235200
2024-08-14,139.22642517089844,141.50999450683594,142.39999389648438,138.6699981689453,140.82000732421875,2989300
2024-08-15,146.27090454101562,148.6699981689453,148.94000244140625,145.44000244140625,145.9199981689453,3578500
2024-08-16,147.0678253173828,149.47999572753906,150.1199951171875,147.1199951171875,147.25999450683594,2597600
2024-08-19,151.30828857421875,153.7899932861328,153.7899932861328,149.19000244140625,149.8699951171875,2768100
2024-08-20,150.5113525390625,152.97999572753906,154.77999877929688,151.8800048828125,153.41000366210938,2297900
2024-08-21,152.0166473388672,154.50999450683594,155.72000122070312,152.38999938964844,153.77000427246094,3040600
2024-08-22,148.32716369628906,150.75999450683594,156.5500030517578,149.7899932861328,156.0500030517578,3765200
2024-08-23,152.8726348876953,155.3800048828125,156.25,151.5500030517578,153.3699951171875,4743200
2024-08-26,151.80018615722656,154.2899932861328,156.86000061035156,152.83999633789062,156.27000427246094,2804300
2024-08-27,152.370849609375,154.8699951171875,155.27000427246094,152.2100067138672,153.17999267578125,3837300
2024-08-28,149.70455932617188,152.16000366210938,154.88999938964844,149.41000366210938,154.50999450683594,3511300
2024-08-29,149.70455932617188,152.16000366210938,156.47000122070312,151.14999389648438,153.74000549316406,4573200
2024-08-30,153.6597137451172,156.17999267578125,156.67999267578125,150.92999267578125,153.88999938964844,3453600
2024-09-03,144.2342987060547,146.60000610351562,153.80999755859375,144.38999938964844,153.50999450683594,10244100
2024-09-04,143.13235473632812,145.47999572753906,148.3699951171875,144.41000366210938,145.0,3761000
2024-09-05,142.06979370117188,144.39999389648438,147.77000427246094,142.47000122070312,145.50999450683594,3801300
2024-09-06,134.91712951660156,137.1300048828125,145.91000366210938,136.25999450683594,144.60000610351562,6112800
2024-09-09,139.29531860351562,141.5800018310547,142.52999877929688,138.72000122070312,140.25,3600400
2024-09-10,141.0564422607422,143.3699951171875,143.6300048828125,139.22000122070312,143.0399932861328,3421000
2024-09-11,145.2870330810547,147.6699981689453,148.44000244140625,136.35000610351562,143.22999572753906,5710000
2024-09-12,148.90765380859375,151.35000610351562,151.6300048828125,146.32000732421875,148.11000061035156,3872100
2024-09-13,151.052490234375,153.52999877929688,154.4499969482422,151.5399932861328,151.74000549316406,3245400
2024-09-16,151.6919708251953,154.17999267578125,154.4499969482422,151.83999633789062,153.3699951171875,5514200
2024-09-17,151.88877868652344,154.3800048828125,157.25,152.47000122070312,156.0500030517578,2924900
2024-09-18,150.3834686279297,152.85000610351562,158.94000244140625,152.4499969482422,154.8800048828125,5223200
2024-09-19,158.04774475097656,160.63999938964844,162.27999877929688,158.3300018310547,160.74000549316406,3716300
2024-09-20,156.97532653808594,159.5500030517578,160.6199951171875,157.1300048828125,159.3800048828125,3322900
2024-09-23,158.22483825683594,160.82000732421875,161.39999389648438,159.52999877929688,160.5800018310547,2099500
2024-09-24,159.5083465576172,161.92999267578125,162.0500030517578,158.83999633789062,161.32000732421875,2788500
2024-09-25,158.37554931640625,160.77999877929688,162.42999267578125,159.9199981689453,161.7899932861328,5808500
2024-09-26,160.33578491210938,162.77000427246094,164.77000427246094,160.72000122070312,164.5500030517578,3407200
2024-09-27,159.41969299316406,161.83999633789062,164.25,161.0,163.5399932861328,2367600
2024-09-30,161.49813842773438,163.9499969482422,164.30999755859375,159.02000427246094,160.9499969482422,2960000
2024-10-01,156.93736267089844,159.32000732421875,163.4600067138672,157.0500030517578,163.38999938964844,4132200
2024-10-02,157.0654296875,159.4499969482422,160.3300018310547,156.44000244140625,158.50999450683594,2898700
2024-10-03,156.1394805908203,158.50999450683594,160.2100067138672,156.60000610351562,158.19000244140625,2641100
2024-10-04,160.2077178955078,162.63999938964844,163.0399932861328,158.6999969482422,162.1999969482422,3457000
2024-10-07,155.91290283203125,158.27999877929688,161.7899932861328,157.25999450683594,161.27000427246094,3427800
2024-10-08,160.2077178955078,162.63999938964844,163.13999938964844,159.66000366210938,160.3699951171875,2280700
2024-10-09,163.4386749267578,165.9199981689453,166.47999572753906,162.1300048828125,162.6699981689453,2653200
2024-10-10,162.58168029785156,165.0500030517578,166.33999633789062,163.6699981689453,164.8000030517578,3037400
2024-10-11,165.26101684570312,167.77000427246094,168.47999572753906,164.72000122070312,164.82000732421875,2558400
2024-10-14,169.32923889160156,171.89999389648438,172.7100067138672,168.94000244140625,169.2100067138672,2107300
2024-10-15,165.3890380859375,167.89999389648438,172.4199981689453,166.80999755859375,172.1699981689453,2916300
2024-10-16,167.4084014892578,169.9499969482422,170.5,167.14999389648438,167.8699951171875,2130800
2024-10-17,167.49705505371094,170.0399932861328,173.3300018310547,169.8800048828125,173.19000244140625,2881400
2024-10-18,169.19134521484375,171.75999450683594,172.52999877929688,170.08999633789062,171.3800048828125,1942400
2024-10-21,168.41314697265625,170.97000122070312,171.99000549316406,168.25999450683594,171.16000366210938,2997100
2024-10-22,167.98959350585938,170.5399932861328,171.58999633789062,167.97000122070312,168.60000610351562,2744700
2024-10-23,163.31060791015625,165.7899932861328,169.08999633789062,162.67999267578125,168.69000244140625,4029100
2024-10-24,164.33506774902344,166.8300018310547,167.5500030517578,164.6199951171875,167.5399932861328,2580500
2024-10-25,164.04940795898438,166.5399932861328,171.25999450683594,165.7100067138672,168.7100067138672,3395400
2024-10-28,165.55654907226562,168.07000732421875,169.58999633789062,167.7899932861328,169.58999633789062,2245000
2024-10-29,166.2657470703125,168.7899932861328,169.8000030517578,165.9499969482422,167.2100067138672,2111100
2024-10-30,164.748779296875,167.25,170.13999938964844,166.66000366210938,168.38999938964844,2960500
2024-10-31,154.97714233398438,157.3300018310547,163.42999267578125,157.2100067138672,163.36000061035156,4449600
2024-11-01,156.79946899414062,159.17999267578125,162.99000549316406,158.83999633789062,159.41000366210938,2965300
2024-11-04,155.79473876953125,158.16000366210938,160.38999938964844,156.52000427246094,159.25,2184900
2024-11-05,161.3503875732422,163.8000030517578,163.80999755859375,158.75,158.9199981689453,2332900
2024-11-06,173.3482208251953,175.97999572753906,176.77999877929688,171.19000244140625,174.47000122070312,4871700
2024-11-07,177.39675903320312,180.08999633789062,180.97000122070312,177.6999969482422,177.75999450683594,3284300
2024-11-08,179.5047607421875,182.22999572753906,183.5,180.36000061035156,180.3800048828125,2296600
2024-11-11,179.96774291992188,182.6999969482422,183.9600067138672,181.10000610351562,183.66000366210938,2620300
2024-11-12,178.15524291992188,180.86000061035156,183.1199951171875,178.61000061035156,182.60000610351562,2664100
2024-11-13,178.4507598876953,181.16000366210938,182.97999572753906,179.10000610351562,181.25,2840800
2024-11-14,174.89474487304688,177.5500030517578,181.6199951171875,176.9600067138672,181.14999389648438,2691600
2024-11-15,167.99942016601562,170.5500030517578,174.5800018310547,168.8800048828125,174.16000366210938,4853700
2024-11-18,170.10743713378906,172.69000244140625,173.8000030517578,170.16000366210938,170.9499969482422,2639600
2024-11-19,171.8706512451172,174.47999572753906,175.0800018310547,168.91000366210938,169.5,3473700
2024-11-20,171.89035034179688,174.5,174.74000549316406,169.27999877929688,174.38999938964844,3790800
2024-11-21,174.5105743408203,177.16000366210938,178.52000427246094,171.75,177.02000427246094,4258700
2024-11-22,176.0669708251953,178.74000549316406,179.35000610351562,176.67999267578125,177.1300048828125,2961800
2024-11-25,177.731689453125,180.42999267578125,183.5,178.42999267578125,182.32000732421875,3279800
2024-11-26,180.57847595214844,183.32000732421875,183.92999267578125,180.97000122070312,181.63999938964844,2197000
2024-11-27,178.70687866210938,181.4199981689453,183.4499969482422,180.0800018310547,183.02000427246094,2578700
2024-11-29,181.92799377441406,184.69000244140625,185.44000244140625,181.88999938964844,182.08999633789062,1492700
2024-12-02,182.9031524658203,185.67999267578125,186.3000030517578,184.6300048828125,185.0800018310547,2172200
2024-12-03,183.08045959472656,185.86000061035156,186.11000061035156,184.42999267578125,185.41000366210938,1916700
2024-12-04,186.34097290039062,189.1699981689453,189.47999572753906,186.77000427246094,187.39999389648438,2323000
2024-12-05,185.47413635253906,188.2899932861328,189.97000122070312,187.9600067138672,189.17999267578125,2068900
2024-12-06,186.39022827148438,189.22000122070312,190.33999633789062,188.4199981689453,188.82000732421875,2718100
2024-12-09,183.37599182128906,186.16000366210938,189.16000366210938,185.61000061035156,189.0,2350200
2024-12-10,181.7211151123047,184.47999572753906,187.0500030517578,183.74000549316406,186.75,2396300
2024-12-11,185.81890869140625,188.63999938964844,189.52000427246094,186.77000427246094,187.10000610351562,2438600
2024-12-12,182.9130401611328,185.69000244140625,188.25,185.64999389648438,187.72000122070312,2141900
2024-12-13,182.64706420898438,185.4199981689453,188.02999877929688,184.0500030517578,187.39999389648438,2494500
2024-12-16,184.84368896484375,187.64999389648438,188.55999755859375,186.19000244140625,186.9199981689453,6451400
2024-12-17,182.38107299804688,185.14999389648438,186.07000732421875,183.97000122070312,185.14999389648438,3083100
2024-12-18,166.20663452148438,168.72999572753906,187.13999938964844,168.19000244140625,184.88999938964844,4801400
2024-12-19,165.85203552246094,168.3699951171875,174.36000061035156,168.17999267578125,172.8800048828125,4162000
2024-12-20,171.3387451171875,173.94000244140625,178.2100067138672,165.39999389648438,166.1300048828125,4783800
2024-12-23,174.7838897705078,177.11000061035156,177.57000732421875,170.77999877929688,173.63999938964844,7031100
2024-12-24,180.24127197265625,182.63999938964844,182.75,177.57000732421875,178.07000732421875,2183200
2024-12-26,180.25111389160156,182.64999389648438,183.7899932861328,179.80999755859375,181.07000732421875,2446700
2024-12-27,174.56678771972656,176.88999938964844,179.3300018310547,172.94000244140625,179.0500030517578,4005300
2024-12-30,168.49757385253906,170.74000549316406,173.8000030517578,167.3000030517578,170.42999267578125,3726900
2024-12-31,166.4843292236328,168.6999969482422,172.6699981689453,167.30999755859375,172.08999633789062,3802500
2025-01-02,165.1125946044922,167.30999755859375,173.0399932861328,163.82000732421875,171.52999877929688,5967200
2025-01-03,171.09300231933594,173.3699951171875,174.0500030517578,168.75999450683594,169.72999572753906,7668000
2025-01-06,174.15231323242188,176.47000122070312,180.2899932861328,174.91000366210938,177.24000549316406,3588000
2025-01-07,168.29031372070312,170.52999877929688,178.5500030517578,168.77999877929688,178.2100067138672,4255700
2025-01-08,168.72451782226562,170.97000122070312,172.0,167.36000061035156,170.38999938964844,4246400
2025-01-10,160.94802856445312,163.08999633789062,167.75,161.3800048828125,167.72999572753906,7967500
2025-01-13,161.63882446289062,163.7899932861328,164.0,158.63999938964844,158.97999572753906,3609100
2025-01-14,162.06320190429688,164.22000122070312,166.74000549316406,161.13999938964844,166.1999969482422,3542200
2025-01-15,170.87588500976562,173.14999389648438,174.22999572753906,170.25,171.25,2980000
2025-01-16,170.03709411621094,172.3000030517578,174.6199951171875,171.61000061035156,174.3699951171875,2327800
2025-01-17,174.7838897705078,177.11000061035156,178.72999572753906,175.4199981689453,176.6300048828125,2967800
2025-01-21,179.45176696777344,181.83999633789062,181.94000244140625,178.14999389648438,179.92999267578125,4732500
2025-01-22,182.36302185058594,184.7899932861328,186.2100067138672,184.0800018310547,184.50999450683594,2074800
2025-01-23,185.36306762695312,187.8300018310547,187.89999389648438,184.10000610351562,184.3300018310547,1996100
2025-01-24,183.5472869873047,185.99000549316406,188.72000122070312,184.99000549316406,187.8300018310547,2318400
2025-01-27,175.8595733642578,178.1999969482422,178.4199981689453,173.77000427246094,173.94000244140625,3714300
2025-01-28,180.1228485107422,182.52000427246094,183.38999938964844,176.25,179.1699981689453,2542500
2025-01-29,177.8629150390625,180.22999572753906,182.22999572753906,177.82000732421875,181.8000030517578,2515300
2025-01-30,180.6261444091797,183.02999877929688,184.4199981689453,179.14999389648438,182.0500030517578,2688300
2025-01-31,177.61618041992188,179.97999572753906,187.3800048828125,179.25999450683594,185.1999969482422,3496200
2025-02-03,173.83648681640625,176.14999389648438,178.4600067138672,169.6999969482422,171.6300048828125,4077300
2025-02-04,177.17208862304688,179.52999877929688,180.13999938964844,175.72000122070312,176.2100067138672,2073400
2025-02-05,179.43203735351562,181.82000732421875,181.9600067138672,176.8300018310547,178.6999969482422,2030500
2025-02-06,181.25772094726562,183.6699981689453,183.74000549316406,180.36000061035156,183.30999755859375,2003300
2025-02-07,176.14576721191406,178.49000549316406,185.10000610351562,177.7899932861328,183.94000244140625,3280600
2025-02-10,179.5504608154297,181.94000244140625,182.6199951171875,180.1199951171875,181.2899932861328,4471300
2025-02-11,179.9254608154297,182.32000732421875,182.88999938964844,179.77999877929688,179.8699951171875,1807900
2025-02-12,178.28726196289062,180.66000366210938,181.64999389648438,176.25,176.7899932861328,2622700
2025-02-13,183.69529724121094,186.13999938964844,186.41000366210938,180.39999389648438,181.55999755859375,2325600
2025-02-14,183.52752685546875,185.97000122070312,187.13999938964844,185.39999389648438,186.1699981689453,1542800
2025-02-18,184.9486083984375,187.41000366210938,187.47999572753906,184.6999969482422,187.00999450683594,1500000
2025-02-19,186.27102661132812,188.75,189.07000732421875,185.7100067138672,186.17999267578125,1804400
2025-02-20,183.87294006347656,186.32000732421875,187.57000732421875,183.30999755859375,187.47999572753906,2364200
2025-02-21,174.43849182128906,176.75999450683594,186.0500030517578,176.25,186.02000427246094,3413500
2025-02-24,171.90223693847656,174.19000244140625,179.32000732421875,173.5500030517578,178.38999938964844,2548900
2025-02-25,169.24757385253906,171.5,174.7100067138672,167.44000244140625,174.11000061035156,3707600
2025-02-26,169.37586975097656,171.6300048828125,176.1199951171875,169.42999267578125,172.9600067138672,3217300
2025-02-27,161.40199279785156,163.5500030517578,174.67999267578125,163.10000610351562,173.66000366210938,3875300
2025-02-28,168.62583923339844,170.8699951171875,171.3699951171875,161.1199951171875,163.75999450683594,6333800
2025-03-03,159.87234497070312,162.0,173.6199951171875,158.57000732421875,172.58999633789062,4012000
2025-03-04,154.15838623046875,156.2100067138672,163.1300048828125,152.2100067138672,158.4600067138672,5799400
2025-03-05,158.39205932617188,160.5,162.50999450683594,152.9600067138672,155.85000610351562,4771000
2025-03-06,150.5365753173828,152.5399932861328,158.58999633789062,150.3000030517578,154.67999267578125,5562300
2025-03-07,152.66822814941406,154.6999969482422,155.9600067138672,146.66000366210938,150.80999755859375,6690100
2025-03-10,140.62844848632812,142.5,149.61000061035156,138.35000610351562,148.02999877929688,6907200
2025-03-11,136.97705078125,138.8000030517578,144.0500030517578,135.80999755859375,141.41000366210938,5825000
2025-03-12,139.00999450683594,140.86000061035156,144.1300048828125,137.07000732421875,143.44000244140625,5739400
2025-03-13,133.56248474121094,135.33999633789062,141.02000427246094,133.94000244140625,140.58999633789062,6311200
2025-03-14,141.51661682128906,143.39999389648438,144.24000549316406,138.16000366210938,138.5800018310547,4291700
2025-03-17,144.61537170410156,146.5399932861328,148.77000427246094,143.10000610351562,143.44000244140625,10771000
2025-03-18,140.22381591796875,142.08999633789062,145.0500030517578,140.47000122070312,144.91000366210938,4032600
2025-03-19,144.49696350097656,146.4199981689453,149.47000122070312,142.4199981689453,143.27000427246094,4179300
2025-03-20,143.49034118652344,145.39999389648438,149.1699981689453,143.0,143.5500030517578,4695700
2025-03-21,143.41140747070312,145.32000732421875,145.9199981689453,140.63999938964844,141.58999633789062,3962500
2025-03-24,150.91160583496094,152.9199981689453,153.80999755859375,150.0,150.47999572753906,3407300
2025-03-25,151.99473571777344,153.52000427246094,154.33999633789062,152.1699981689453,153.4499969482422,2468800
2025-03-26,146.68800354003906,148.16000366210938,154.14999389648438,146.92999267578125,153.33999633789062,3513500
2025-03-27,145.3414764404297,146.8000030517578,149.7899932861328,145.14999389648438,146.92999267578125,3465300
2025-03-28,136.55960083007812,137.92999267578125,146.02999877929688,137.36000061035156,145.44000244140625,7069400
2025-03-31,138.99517822265625,140.38999938964844,141.47999572753906,131.24000549316406,133.4199981689453,5325900
2025-04-01,140.30206298828125,141.7100067138672,143.16000366210938,136.19000244140625,139.0399932861328,3831700
2025-04-02,142.91583251953125,144.35000610351562,146.52000427246094,136.97999572753906,137.13999938964844,4748400
2025-04-03,122.58979797363281,123.81999969482422,131.5800018310547,123.11000061035156,129.3800048828125,7706000
2025-04-04,100.49156188964844,101.5,115.37999725341797,101.12000274658203,113.88999938964844,17536900
2025-04-07,99.7490234375,100.75,111.93000030517578,87.08000183105469,91.45999908447266,19566300
2025-04-08,95.15511322021484,96.11000061035156,112.94000244140625,91.56999969482422,111.0999984741211,19905100
2025-04-09,121.3819351196289,122.5999984741211,124.66000366210938,93.83000183105469,94.08000183105469,22776600
2025-04-10,108.9962158203125,110.08999633789062,116.16999816894531,99.94000244140625,115.31999969482422,16152200
2025-04-11,114.59007263183594,115.73999786376953,117.5199966430664,107.19000244140625,109.06999969482422,9627100
2025-04-14,117.956298828125,119.13999938964844,122.66000366210938,115.88999938964844,122.54000091552734,6601600
2025-04-15,117.11474609375,118.29000091552734,121.94999694824219,117.7300033569336,119.62999725341797,5973800
2025-04-16,109.29324340820312,110.38999938964844,116.56999969482422,106.80999755859375,114.2699966430664,8068400
2025-04-17,109.54075622558594,110.63999938964844,113.5999984741211,109.08000183105469,111.37000274658203,6780000
2025-04-21,101.73905181884766,102.76000213623047,107.61000061035156,99.30999755859375,107.31999969482422,7740100
2025-04-22,109.33284759521484,110.43000030517578,111.91000366210938,105.8499984741211,106.4800033569336,6813100
2025-04-23,114.68909454345703,115.83999633789062,122.0199966430664,114.81999969482422,118.9800033569336,7358700
2025-04-24,121.7878646850586,123.01000213623047,123.5,115.80000305175781,116.56999969482422,4818000
2025-04-25,124.3719253540039,125.62000274658203,125.91000366210938,120.95999908447266,123.01000213623047,5054200
2025-04-28,124.56993865966797,125.81999969482422,127.56999969482422,121.7699966430664,126.11000061035156,5281800
2025-04-29,126.73817443847656,128.00999450683594,128.83999633789062,124.19999694824219,124.41000366210938,3640400
2025-04-30,126.8173828125,128.08999633789062,129.47000122070312,119.19000244140625,123.4000015258789,6637100
2025-05-01,129.50045776367188,130.8000030517578,134.77999877929688,130.47000122070312,132.22999572753906,4671300
2025-05-02,135.1933135986328,136.5500030517578,137.75,133.50999450683594,135.22000122070312,9120400
2025-05-05,132.89637756347656,134.22999572753906,136.52000427246094,132.89999389648438,133.5399932861328,7693300
2025-05-06,129.5895538330078,130.88999938964844,134.02999877929688,129.49000549316406,130.1699981689453,3660700
2025-05-07,131.18356323242188,132.5,134.2899932861328,128.82000732421875,131.74000549316406,5290900
2025-05-08,133.8567352294922,135.1999969482422,138.89999389648438,132.75999450683594,135.30999755859375,5376700
2025-05-09,133.18348693847656,134.52000427246094,136.77000427246094,133.44000244140625,136.07000732421875,3287000
2025-05-12,146.26223754882812,147.72999572753906,147.8000030517578,143.5800018310547,146.72999572753906,4961600
2025-05-13,149.15322875976562,150.64999389648438,152.4199981689453,147.6999969482422,148.14999389648438,4033000
2025-05-14,149.69778442382812,151.1999969482422,152.32000732421875,149.6300048828125,151.47000122070312,3133600
2025-05-15,151.80662536621094,153.3300018310547,153.80999755859375,149.25999450683594,149.60000610351562,3577900
2025-05-16,154.69760131835938,156.25,156.42999267578125,152.3699951171875,153.88999938964844,3894300
2025-05-19,155.12332153320312,156.67999267578125,157.19000244140625,151.30999755859375,151.3800048828125,3712200
2025-05-20,153.39071655273438,154.92999267578125,155.97000122070312,152.50999450683594,155.22999572753906,3303300
2025-05-21,145.75730895996094,147.22000122070312,154.77999877929688,146.3000030517578,151.50999450683594,6423800
2025-05-22,145.68801879882812,147.14999389648438,149.9199981689453,146.0399932861328,146.94000244140625,3330800
2025-05-23,142.71780395507812,144.14999389648438,146.1199951171875,141.3800048828125,141.72999572753906,5231900
2025-05-27,151.49969482421875,153.02000427246094,153.14999389648438,147.97000122070312,149.3000030517578,7967800
2025-05-28,148.6879119873047,150.17999267578125,154.27999877929688,149.7899932861328,153.3699951171875,9107900
2025-05-29,150.7076416015625,152.22000122070312,154.49000549316406,149.00999450683594,154.39999389648438,9198800
2025-05-30,149.93540954589844,151.44000244140625,152.75999450683594,146.6999969482422,151.0800018310547,4948600
2025-06-02,152.4303741455078,153.9600067138672,154.02000427246094,148.05999755859375,150.1300048828125,3406700
2025-06-03,155.0540313720703,156.61000061035156,157.3300018310547,153.25,153.64999389648438,3018300
2025-06-04,154.7471160888672,156.3000030517578,157.97000122070312,156.0500030517578,157.22000122070312,7565500
2025-06-05,152.5194549560547,154.0500030517578,158.72000122070312,152.50999450683594,157.74000549316406,3782100
2025-06-06,156.99456787109375,158.57000732421875,159.97999572753906,156.88999938964844,158.27999877929688,2813200
2025-06-09,157.41038513183594,158.99000549316406,160.3000030517578,158.13999938964844,159.0800018310547,2091900
2025-06-10,160.06373596191406,161.6699981689453,162.00999450683594,158.52999877929688,159.4199981689453,2635100
2025-06-11,158.737060546875,160.3300018310547,163.3000030517578,158.6300048828125,162.5500030517578,3205600
2025-06-12,160.420166015625,162.02999877929688,162.1300048828125,158.77999877929688,159.1999969482422,2346200
2025-06-13,155.0045166015625,156.55999755859375,160.4600067138672,155.35000610351562,157.82000732421875,4041600
2025-06-16,159.4300994873047,161.02999877929688,162.39999389648438,159.13999938964844,159.25999450683594,2247500
2025-06-17,155.2718505859375,156.8300018310547,160.2100067138672,156.22999572753906,158.99000549316406,2824600
2025-06-18,155.07383728027344,156.6300048828125,159.64999389648438,155.94000244140625,157.47000122070312,2670000
2025-06-20,153.5293426513672,155.07000732421875,159.52999877929688,154.3000030517578,158.66000366210938,3006900
2025-06-23,158.38063049316406,159.97000122070312,160.32000732421875,153.4600067138672,155.9499969482422,8424500
2025-06-24,163.4213104248047,164.47000122070312,165.49000549316406,161.99000549316406,162.66000366210938,7873600
2025-06-25,163.69949340820312,164.75,165.97999572753906,163.60000610351562,165.52000427246094,5010800
2025-06-26,167.60443115234375,168.67999267578125,169.00999450683594,165.8699951171875,166.35000610351562,2286500
2025-06-27,169.84010314941406,170.92999267578125,172.2899932861328,167.69000244140625,169.49000549316406,3089300
2025-06-30,172.42352294921875,173.52999877929688,174.57000732421875,171.16000366210938,173.0800018310547,2878100
2025-07-01,172.1254425048828,173.22999572753906,174.22999572753906,171.5,172.1300048828125,2748400
2025-07-02,174.31141662597656,175.42999267578125,175.50999450683594,172.36000061035156,172.83999633789062,2045000
2025-07-03,178.26605224609375,179.41000366210938,180.24000549316406,177.0399932861328,177.0800018310547,4986000
2025-07-07,174.2915496826172,175.41000366210938,178.30999755859375,172.97000122070312,177.7100067138672,7478400
2025-07-08,173.95372009277344,175.07000732421875,176.5800018310547,174.38999938964844,175.9499969482422,2787500
2025-07-09,176.98426818847656,178.1199951171875,178.75,175.52999877929688,177.08999633789062,2502000
2025-07-10,178.49456787109375,179.63999938964844,180.5500030517578,177.25,178.25,2247700
2025-07-11,176.407958984375,177.5399932861328,178.63999938964844,175.85000610351562,176.86000061035156,2303400
2025-07-14,177.35191345214844,178.49000549316406,178.85000610351562,176.0,177.14999389648438,2292400
2025-07-15,175.05662536621094,176.17999267578125,181.08999633789062,176.14999389648438,180.8699951171875,2427800
2025-07-16,176.72592163085938,177.86000061035156,178.3300018310547,172.7100067138672,177.55999755859375,2619500
2025-07-17,179.88563537597656,181.0399932861328,181.4600067138672,177.8699951171875,178.11000061035156,2268000
2025-07-18,179.44847106933594,180.60000610351562,182.1300048828125,179.6300048828125,182.0500030517578,1946600
2025-07-21,180.39239501953125,181.5500030517578,184.0,181.2100067138672,181.60000610351562,2388300
2025-07-22,180.3824462890625,181.5399932861328,182.2899932861328,179.3699951171875,181.77999877929688,1938600
2025-07-23,184.953125,186.13999938964844,186.17999267578125,182.3000030517578,183.91000366210938,2472000
2025-07-24,185.18165588378906,186.3699951171875,187.8000030517578,185.9600067138672,186.5,2018400
2025-07-25,187.228515625,188.42999267578125,188.91000366210938,186.5500030517578,186.77999877929688,1606600
2025-07-28,187.08941650390625,188.2899932861328,189.30999755859375,187.13999938964844,188.83999633789062,1925700
2025-07-29,185.5691680908203,186.75999450683594,189.7899932861328,185.97000122070312,189.55999755859375,2123900
2025-07-30,184.87364196777344,186.05999755859375,188.8699951171875,183.4199981689453,187.39999389648438,2895500
2025-07-31,182.6280517578125,183.8000030517578,190.72000122070312,182.7100067138672,190.3699951171875,3018700
2025-08-01,173.53639221191406,174.64999389648438,178.7100067138672,172.6300048828125,178.7100067138672,4788400
2025-08-04,181.36614990234375,182.52999877929688,182.6300048828125,177.89999389648438,178.02000427246094,2112600
2025-08-05,178.683349609375,179.8300018310547,183.83999633789062,179.0,183.14999389648438,1928100
2025-08-06,182.5883026123047,183.75999450683594,184.41000366210938,179.9199981689453,180.7100067138672,1941900
2025-08-07,182.26039123535156,183.42999267578125,187.47999572753906,180.66000366210938,186.86000061035156,2431100
2025-08-08,186.20509338378906,187.39999389648438,187.8800048828125,184.52999877929688,184.75999450683594,1965600
2025-08-11,185.1021728515625,186.2899932861328,188.99000549316406,185.24000549316406,187.66000366210938,5326300
2025-08-12,190.9248046875,192.14999389648438,192.3800048828125,187.0500030517578,188.33999633789062,7123800
2025-08-13,192.8822479248047,194.1199951171875,195.27999877929688,192.17999267578125,194.1300048828125,2437500
2025-08-14,192.80274963378906,194.0399932861328,194.72000122070312,191.74000549316406,192.22000122070312,2379700
2025-08-15,191.3917999267578,192.6199951171875,194.99000549316406,191.77999877929688,194.88999938964844,2427700
2025-08-18,191.20301818847656,192.42999267578125,193.0,191.42999267578125,192.0399932861328,1579800
2025-08-19,188.00355529785156,189.2100067138672,193.10000610351562,188.0800018310547,192.22999572753906,3094100
2025-08-20,186.33425903320312,187.52999877929688,188.88999938964844,183.0500030517578,188.75,2976400
2025-08-21,184.05886840820312,185.24000549316406,187.39999389648438,183.77000427246094,185.91000366210938,2419600
2025-08-22,192.35562133789062,193.58999633789062,194.6999969482422,186.6999969482422,187.08999633789062,3025000
2025-08-25,189.9510498046875,191.1699981689453,193.6199951171875,191.0399932861328,192.4600067138672,1914400
2025-08-26,192.1867218017578,193.4199981689453,193.75,190.22999572753906,190.75,2166600
2025-08-27,193.41880798339844,194.66000366210938,195.36000061035156,192.7899932861328,192.7899932861328,2090000
2025-08-28,195.41598510742188,196.6699981689453,197.19000244140625,193.47999572753906,195.2100067138672,2710000
2025-08-29,191.77932739257812,193.00999450683594,195.49000549316406,191.25999450683594,195.1999969482422,2888100
2025-09-02,187.39744567871094,188.60000610351562,188.75,183.86000061035156,186.13999938964844,4055100
2025-09-03,190.32864379882812,191.5500030517578,192.0,188.75,190.66000366210938,2654700
2025-09-04,194.96885681152344,196.22000122070312,196.35000610351562,191.36000061035156,192.22000122070312,2387200
2025-09-05,192.9816131591797,194.22000122070312,199.02999877929688,190.9499969482422,198.32000732421875,6581800
2025-09-08,194.7005615234375,195.9499969482422,196.77000427246094,194.44000244140625,195.6699981689453,2170300
2025-09-09,195.90286254882812,197.16000366210938,197.6199951171875,194.3699951171875,195.92999267578125,3257300
2025-09-10,197.64169311523438,198.91000366210938,200.9499969482422,197.39999389648438,200.0800018310547,3512900
2025-09-11,202.34153747558594,203.63999938964844,204.33999633789062,200.0800018310547,200.60000610351562,3043100
2025-09-12,202.05340576171875,203.35000610351562,205.0,202.89999389648438,203.50999450683594,2928700
2025-09-15,205.16343688964844,206.47999572753906,206.72000122070312,205.16000366210938,205.39999389648438,2710500
2025-09-16,204.2691650390625,205.5800018310547,207.32000732421875,204.97000122070312,207.0399932861328,2334300
2025-09-17,203.55377197265625,204.86000061035156,207.1699981689453,200.35000610351562,205.6300048828125,3528200
2025-09-18,206.36570739746094,207.69000244140625,210.07000732421875,205.75999450683594,207.3000030517578,2118800
2025-09-19,209.07830810546875,210.4199981689453,211.27000427246094,207.39999389648438,209.17999267578125,2527500
2025-09-22,211.97967529296875,213.33999633789062,213.85000610351562,208.97999572753906,209.0,2941900
2025-09-23,208.44166564941406,209.5,213.57000732421875,208.47999572753906,213.0,4738400
2025-09-24,206.5015106201172,207.5500030517578,210.8300018310547,206.27000427246094,210.8000030517578,3007500
2025-09-25,203.526611328125,204.55999755859375,205.92999267578125,201.2899932861328,204.57000732421875,3809300
2025-09-26,206.9392852783203,207.99000549316406,208.5,204.39999389648438,205.8800048828125,2133300
2025-09-29,208.58094787597656,209.63999938964844,211.10000610351562,207.97999572753906,210.33999633789062,2324500
2025-09-30,210.82952880859375,211.89999389648438,212.39999389648438,207.67999267578125,208.88999938964844,2285300
2025-10-01,213.05821228027344,214.13999938964844,214.97999572753906,208.97999572753906,209.0399932861328,2315400
2025-10-02,213.63528442382812,214.72000122070312,216.0800018310547,212.44000244140625,215.9499969482422,1928300
2025-10-03,213.43630981445312,214.52000427246094,217.92999267578125,213.63999938964844,215.35000610351562,4442200
2025-10-06,215.7644805908203,216.86000061035156,217.7100067138672,214.77999877929688,216.83999633789062,2879000
2025-10-07,213.3069610595703,214.38999938964844,218.13999938964844,212.99000549316406,217.7100067138672,2993700
2025-10-08,217.00816345214844,218.11000061035156,218.22999572753906,214.61000061035156,215.44000244140625,2730000
2025-10-09,215.1575469970703,216.25,218.8800048828125,214.32000732421875,218.52000427246094,2284200
2025-10-10,197.5967254638672,198.60000610351562,218.72000122070312,198.35000610351562,217.0,6283900
2025-10-13,206.52142333984375,207.57000732421875,209.0,204.6199951171875,205.39999389648438,2536200
2025-10-14,205.7552947998047,206.8000030517578,210.14999389648438,198.3000030517578,202.0500030517578,3213600
2025-10-15,208.40187072753906,209.4600067138672,214.22999572753906,203.67999267578125,211.02999877929688,2773100
2025-10-16,204.1036834716797,205.13999938964844,212.72999572753906,201.8000030517578,210.97999572753906,3655600
2025-10-17,207.3671112060547,208.4199981689453,209.64999389648438,202.7100067138672,203.89999389648438,3382300
2025-10-20,213.70492553710938,214.7899932861328,215.69000244140625,211.0500030517578,211.08999633789062,1847500
2025-10-21,213.53578186035156,214.6199951171875,216.3699951171875,213.5,214.8800048828125,2023400
2025-10-22,210.23257446289062,211.3000030517578,215.33999633789062,206.97000122070312,215.33999633789062,3336000
2025-10-23,213.7546844482422,214.83999633789062,215.92999267578125,211.36000061035156,211.55999755859375,2436700
2025-10-24,218.88861083984375,220.0,221.27999877929688,218.61000061035156,219.35000610351562,2482600
2025-10-27,226.7089080810547,227.86000061035156,228.17999267578125,224.85000610351562,225.4600067138672,4133200
2025-10-28,228.390380859375,229.5500030517578,231.4499969482422,227.42999267578125,229.6199951171875,2562400
2025-10-29,228.73861694335938,229.89999389648438,232.19000244140625,225.3800048828125,231.1999969482422,4267200
2025-10-30,221.27647399902344,222.39999389648438,228.33999633789062,222.3300018310547,226.3699951171875,3652900
2025-10-31,223.10720825195312,224.24000549316406,227.3300018310547,221.61000061035156,227.2899932861328,3639600
2025-11-03,224.33099365234375,225.47000122070312,227.88999938964844,222.13999938964844,227.75,2692200
2025-11-04,216.46095275878906,217.55999755859375,222.0500030517578,216.74000549316406,218.2899932861328,3289300
2025-11-05,218.45083618164062,219.55999755859375,222.77000427246094,216.30999755859375,217.0800018310547,5505100
2025-11-06,211.28721618652344,212.36000061035156,219.30999755859375,210.92999267578125,218.44000244140625,3689800
2025-11-07,211.8842010498047,212.9600067138672,213.0399932861328,203.6300048828125,209.99000549316406,6900300
2025-11-10,221.53517150878906,222.66000366210938,223.50999450683594,216.75999450683594,218.8300018310547,3136600
2025-11-11,223.02760314941406,224.16000366210938,224.8300018310547,220.1300048828125,221.3000030517578,4998900
2025-11-12,223.38577270507812,224.52000427246094,226.14999389648438,222.22000122070312,226.02999877929688,2485100
2025-11-13,212.31201171875,213.38999938964844,222.0399932861328,211.88999938964844,221.77000427246094,5224100
2025-11-14,212.04335021972656,213.1199951171875,216.64999389648438,204.8300018310547,206.88999938964844,4485200
2025-11-17,206.02394104003906,207.07000732421875,214.7100067138672,203.7899932861328,210.91000366210938,4342500
2025-11-18,200.90988159179688,201.92999267578125,206.5,197.9199981689453,203.6699981689453,8626400
2025-11-19,203.0988006591797,204.1300048828125,208.42999267578125,200.55999755859375,202.3800048828125,4469800
2025-11-20,193.73634338378906,194.72000122070312,216.02000427246094,194.1300048828125,213.5800018310547,9485500
2025-11-21,199.41746520996094,200.42999267578125,205.25999450683594,192.8800048828125,196.74000549316406,7134000
2025-11-24,208.12326049804688,209.17999267578125,210.30999755859375,202.60000610351562,203.5800018310547,2778700
2025-11-25,213.88401794433594,214.97000122070312,216.05999755859375,205.14999389648438,208.97000122070312,2974400
2025-11-26,218.13246154785156,219.24000549316406,221.19000244140625,216.49000549316406,217.32000732421875,2289300
2025-11-28,221.60482788085938,222.72999572753906,222.9199981689453,219.97000122070312,220.2899932861328,1185200
2025-12-01,218.52049255371094,219.6300048828125,222.25,218.07000732421875,218.16000366210938,1946100
2025-12-02,219.60498046875,220.72000122070312,222.97000122070312,218.6300048828125,221.11000061035156,2185000
2025-12-03,221.8535614013672,222.97999572753906,223.97999572753906,218.9199981689453,219.80999755859375,4354400
2025-12-04,222.42066955566406,223.5500030517578,224.3300018310547,220.4499969482422,224.3000030517578,5639600
2025-12-05,223.39572143554688,224.52999877929688,227.19000244140625,223.49000549316406,224.3699951171875,2444500
2025-12-08,221.3461456298828,222.47000122070312,225.3800048828125,220.39999389648438,225.35000610351562,2490500
2025-12-09,220.649658203125,221.77000427246094,224.05999755859375,221.3800048828125,221.8699951171875,1995300
2025-12-10,224.83839416503906,225.97999572753906,227.4600067138672,220.00999450683594,221.24000549316406,2900600
2025-12-11,226.4203643798828,227.57000732421875,227.7100067138672,220.74000549316406,223.67999267578125,5215200
2025-12-12,218.97816467285156,220.08999633789062,227.1699981689453,217.5800018310547,226.5,4527700
2025-12-15,217.95335388183594,219.05999755859375,223.9199981689453,217.6699981689453,223.91000366210938,2664500
2025-12-16,216.01321411132812,217.11000061035156,219.25999450683594,213.4600067138672,217.4600067138672,3353600
2025-12-17,208.6704864501953,209.72999572753906,218.61000061035156,209.67999267578125,218.0800018310547,4089200
2025-12-18,213.50595092773438,214.58999633789062,218.5800018310547,213.1199951171875,215.66000366210938,3063300
2025-12-19,219.07766723632812,220.19000244140625,220.74000549316406,216.36000061035156,216.4600067138672,1868000
2025-12-22,223.08729553222656,224.22000122070312,224.8000030517578,222.2100067138672,223.44000244140625,1551300
2025-12-23,226.126220703125,227.10000610351562,227.3300018310547,223.1199951171875,223.13999938964844,1414800
2025-12-24,228.39645385742188,229.3800048828125,229.83999633789062,226.86000061035156,226.97999572753906,895000
2025-12-26,228.13755798339844,229.1199951171875,230.5,228.16000366210938,229.5,1314600
2025-12-29,225.6482696533203,226.6199951171875,227.9499969482422,224.8800048828125,226.36000061035156,1546600
2025-12-30,224.67247009277344,225.63999938964844,227.2899932861328,225.3800048828125,226.1999969482422,1453100
2025-12-31,219.66404724121094,220.61000061035156,225.97000122070312,220.39999389648438,225.75999450683594,1749900
2026-01-02,220.6896209716797,221.63999938964844,225.22999572753906,218.44000244140625,224.10000610351562,2844300
2026-01-05,225.06080627441406,226.02999877929688,227.67999267578125,224.74000549316406,224.8800048828125,1967600
2026-01-06,229.01377868652344,230.0,230.47000122070312,226.02999877929688,226.17999267578125,1793400
2026-01-07,226.79335021972656,227.77000427246094,232.07000732421875,227.5,230.2899932861328,2176400
2026-01-08,226.5742950439453,227.5500030517578,228.64999389648438,225.52999877929688,226.85000610351562,1533600
2026-01-09,230.82598876953125,231.82000732421875,233.0800018310547,227.08999633789062,228.47999572753906,2272500
2026-01-12,231.96109008789062,232.9600067138672,233.83999633789062,228.44000244140625,228.4499969482422,1523600
2026-01-13,230.39781188964844,231.38999938964844,233.77999877929688,229.05999755859375,233.1999969482422,2087900
2026-01-14,227.0323028564453,228.00999450683594,229.3000030517578,223.7899932861328,228.6300048828125,2980700
2026-01-15,228.77479553222656,229.75999450683594,232.9499969482422,228.89999389648438,232.07000732421875,2112500
2026-01-16,227.92845153808594,228.91000366210938,231.52000427246094,227.47999572753906,231.0,1726700
2026-01-20,213.94863891601562,214.8699951171875,221.99000549316406,213.88999938964844,218.72000122070312,4337000
2026-01-21,221.18746948242188,222.13999938964844,225.38999938964844,215.32000732421875,216.74000549316406,4193500
2026-01-22,224.53306579589844,225.5,227.75,223.60000610351562,226.50999450683594,2424000
2026-01-23,224.6326446533203,225.60000610351562,227.39999389648438,223.6999969482422,224.6300048828125,1704000
2026-01-26,228.1475067138672,229.1300048828125,230.42999267578125,226.35000610351562,226.86000061035156,1666400
2026-01-27,230.90562438964844,231.89999389648438,232.8000030517578,229.8800048828125,230.4199981689453,1563400
2026-01-28,230.78614807128906,231.77999877929688,234.08999633789062,230.1999969482422,233.25999450683594,1844300
2026-01-29,229.15316772460938,230.13999938964844,233.16000366210938,221.02999877929688,232.5,3463200
2026-01-30,226.99249267578125,227.97000122070312,230.25999450683594,223.19000244140625,227.89999389648438,3154100
2026-02-02,230.30821228027344,231.3000030517578,232.75,225.4499969482422,225.5500030517578,1810800
2026-02-03,224.3638153076172,225.3300018310547,232.74000549316406,219.9499969482422,232.07000732421875,4209500
2026-02-04,221.0082550048828,221.9600067138672,227.16000366210938,217.67999267578125,226.11000061035156,4885600
2026-02-05,212.55465698242188,213.47000122070312,219.4499969482422,211.8699951171875,216.86000061035156,6840300
2026-02-06,224.831787109375,225.8000030517578,227.35000610351562,216.55999755859375,217.10000610351562,2726000
2026-02-09,227.9882049560547,228.97000122070312,230.8300018310547,223.47000122070312,224.5500030517578,2003400
2026-02-10,226.0067138671875,226.97999572753906,231.4499969482422,226.61000061035156,229.86000061035156,1596400
2026-02-11,225.89718627929688,226.8699951171875,231.9600067138672,224.14999389648438,231.2899932861328,2002600
2026-02-12,215.40240478515625,216.3300018310547,230.1199951171875,215.4600067138672,229.0399932861328,3511100
2026-02-13,215.4820556640625,216.41000366210938,220.82000732421875,212.5,216.4499969482422,3122200
2026-02-17,216.5275421142578,217.4600067138672,219.4199981689453,210.75999450683594,214.91000366210938,3297200
2026-02-18,219.79348754882812,220.74000549316406,223.44000244140625,217.42999267578125,218.57000732421875,2447000
2026-02-19,217.99124145507812,218.92999267578125,220.5500030517578,216.1199951171875,218.3300018310547,2402700
2026-02-20,222.48190307617188,223.44000244140625,224.0,216.1999969482422,216.6199951171875,5183600
2026-02-23,215.69114685058594,216.6199951171875,224.0,214.6699981689453,221.85000610351562,2959400
2026-02-24,220.3610382080078,221.30999755859375,222.14999389648438,214.32000732421875,216.00999450683594,2497900
2026-02-25,225.76776123046875,226.74000549316406,227.27000427246094,223.8800048828125,223.8800048828125,1543700
2026-02-26,221.99400329589844,222.9499969482422,226.83999633789062,218.1199951171875,226.83999633789062,2919200
2026-02-27,218.78781127929688,219.72999572753906,220.3300018310547,215.36000061035156,216.6699981689453,2720500
2026-03-02,218.86746215820312,219.80999755859375,222.0,211.8800048828125,212.5,2866200
2026-03-03,213.02264404296875,213.94000244140625,216.19000244140625,203.74000549316406,208.88999938964844,6179200
2026-03-04,217.41372680664062,218.35000610351562,220.30999755859375,213.30999755859375,215.16000366210938,3064200
2026-03-05,213.96856689453125,214.88999938964844,218.77000427246094,209.3000030517578,215.47000122070312,5008600
2026-03-06,205.28594970703125,206.1699981689453,209.6300048828125,203.66000366210938,207.08999633789062,4380500
2026-03-09,210.6229705810547,211.52999877929688,212.97000122070312,196.88999938964844,200.52000427246094,5762800
2026-03-10,209.408203125,210.30999755859375,216.2100067138672,208.1699981689453,210.94000244140625,3961400
2026-03-11,208.64151000976562,209.5399932861328,213.0,206.7899932861328,210.72999572753906,3004900
2026-03-12,199.0528106689453,199.91000366210938,205.1300048828125,199.77999877929688,204.63999938964844,4041500
2026-03-13,195.50807189941406,196.35000610351562,205.44000244140625,195.57000732421875,202.61000061035156,5109500
2026-03-16,201.39273071289062,202.25999450683594,205.0,200.6199951171875,201.74000549316406,3695700
2026-03-17,202.97592163085938,203.85000610351562,207.16000366210938,203.19000244140625,205.27999877929688,2752800
2026-03-18,194.5023956298828,195.33999633789062,202.8000030517578,195.0800018310547,201.5800018310547,3272700
2026-03-19,192.91921997070312,193.75,196.5500030517578,189.63999938964844,191.19000244140625,5214500
2026-03-20,184.3262176513672,185.1199951171875,192.35000610351562,181.9199981689453,192.27000427246094,5306900
2026-03-23,190.19094848632812,191.00999450683594,197.1999969482422,189.80999755859375,193.25999450683594,7420400
2026-03-24,188.19482421875,188.55999755859375,191.97999572753906,185.77000427246094,186.97999572753906,3828100
2026-03-25,191.28883361816406,191.66000366210938,195.2100067138672,189.47999572753906,193.25999450683594,2634100
2026-03-26,181.15847778320312,181.50999450683594,189.97000122070312,181.2100067138672,187.42999267578125,3254400
2026-03-27,171.71681213378906,172.0500030517578,179.1999969482422,171.19000244140625,179.07000732421875,4875900
2026-03-30,169.87039184570312,170.1999969482422,177.0,168.0399932861328,176.77999877929688,3828200
2026-03-31,184.5319366455078,184.88999938964844,185.92999267578125,175.0500030517578,175.77999877929688,4984400
2026-04-01,188.77371215820312,189.13999938964844,191.91000366210938,187.25,187.9600067138672,3446000
2026-04-02,189.23281860351562,189.60000610351562,191.16000366210938,180.1999969482422,181.30999755859375,3724000
2026-04-06,191.6082000732422,191.97999572753906,192.75,189.1699981689453,189.39999389648438,2377800
2026-04-07,191.9475555419922,192.32000732421875,192.5399932861328,185.1699981689453,190.02000427246094,3658500
2026-04-08,206.4993133544922,206.89999389648438,207.86000061035156,202.99000549316406,207.22999572753906,5166400
2026-04-09,210.06240844726562,210.47000122070312,211.5800018310547,204.88999938964844,205.85000610351562,2594600
2026-04-10,209.35377502441406,209.75999450683594,212.1999969482422,208.9499969482422,211.58999633789062,3916900
2026-04-13,215.4918670654297,215.91000366210938,216.0800018310547,207.14999389648438,207.9199981689453,2474000
2026-04-14,223.23683166503906,223.6699981689453,223.88999938964844,217.38999938964844,217.38999938964844,2760300
2026-04-15,228.5565185546875,229.0,229.30999755859375,223.5800018310547,224.58999633789062,2798500
2026-04-16,230.17337036132812,230.6199951171875,231.72999572753906,227.58999633789062,230.0,2107100
2026-04-17,238.26766967773438,238.72999572753906,241.05999755859375,234.52000427246094,234.92999267578125,3534800
2026-04-20,236.87039184570312,237.3300018310547,238.5,234.72999572753906,237.35000610351562,2085400
2026-04-21,232.22938537597656,232.67999267578125,239.8300018310547,231.19000244140625,238.75999450683594,2841700
2026-04-22,239.22581481933594,239.69000244140625,239.91000366210938,236.7100067138672,237.57000732421875,2439200
2026-04-23,236.16175842285156,236.6199951171875,240.75999450683594,230.64999389648438,237.74000549316406,3101100
2026-04-24,241.6710662841797,242.13999938964844,242.60000610351562,237.17999267578125,238.89999389648438,2241800
2026-04-27,242.82882690429688,243.3000030517578,243.72000122070312,240.4499969482422,241.30999755859375,1327200
2026-04-28,239.2457733154297,239.7100067138672,240.8699951171875,237.22000122070312,239.82000732421875,1877600
2026-04-29,239.135986328125,239.60000610351562,240.1199951171875,236.2899932861328,238.8699951171875,1717600
2026-04-30,245.8928680419922,246.3699951171875,247.60000610351562,238.39999389648438,242.5800018310547,2600800
2026-05-01,247.998779296875,248.47999572753906,252.8000030517578,248.2899932861328,249.0500030517578,2197800
2026-05-04,245.2541046142578,245.72999572753906,249.8800048828125,242.30999755859375,247.77000427246094,2017500
2026-05-05,250.96302795410156,251.4499969482422,252.7899932861328,249.25,249.47999572753906,1542900
2026-05-06,261.4327392578125,261.94000244140625,262.7200012207031,255.6999969482422,256.04998779296875,2037500
2026-05-07,258.877685546875,259.3800048828125,264.3399963378906,257.5199890136719,263.20001220703125,2415900
2026-05-08,265.04571533203125,265.55999755859375,266.1400146484375,262.489990234375,262.7900085449219,1479100
2026-05-11,266.75238037109375,267.2699890136719,269.010009765625,264.3800048828125,264.4599914550781,1499100
2026-05-12,265.67449951171875,266.19000244140625,266.8299865722656,259.260009765625,264.8699951171875,2477700
2026-05-13,270.05596923828125,270.5799865722656,272.2099914550781,263.19000244140625,266.4100036621094,1737600
2026-05-14,276.3637390136719,276.8999938964844,278.44000244140625,271.92999267578125,272.0299987792969,2033700
2026-05-15,266.0837097167969,266.6000061035156,271.489990234375,265.3999938964844,269.69000244140625,2322800
2026-05-18,265.3551025390625,265.8699951171875,269.0400085449219,260.3699951171875,267.32000732421875,3031300
2026-05-19,260.19512939453125,260.70001220703125,264.8599853515625,258.32000732421875,261.8299865722656,2938400
2026-05-20,268.1297302246094,268.6499938964844,269.25,260.80999755859375,262.54998779296875,2081700
2026-05-21,269.7166442871094,270.239990234375,272.5,264.1499938964844,265.6400146484375,2323000
2026-05-22,272.5511474609375,273.0799865722656,276.69000244140625,271.8500061035156,273.7099914550781,1898800
2026-05-26,277.85089111328125,278.3900146484375,280.1700134277344,276.07000732421875,277.8800048828125,1714300
2026-05-27,277.8309020996094,278.3699951171875,279.25,275.92999267578125,278.760009765625,1878300
2026-05-28,282.36212158203125,282.9100036621094,283.4599914550781,276.8599853515625,277.82000732421875,1607300
2026-05-29,284.0987243652344,284.6499938964844,286.5,282.7799987792969,284.1000061035156,2267000
2026-06-01,286.304443359375,286.8599853515625,288.9100036621094,282.7200012207031,283.489990234375,1840800
2026-06-02,287.4721984863281,288.0299987792969,289.0,284.9200134277344,285.17999267578125,1147500
2026-06-03,281.48382568359375,282.0299987792969,287.1600036621094,281.29998779296875,286.3999938964844,2044200
2026-06-04,284.5079345703125,285.05999755859375,286.45001220703125,278.7799987792969,279.489990234375,1202900
2026-06-05,262.051513671875,262.55999755859375,280.0799865722656,260.510009765625,279.4599914550781,4850800
2026-06-08,264.0177001953125,264.5299987792969,271.04998779296875,263.45001220703125,268.8699951171875,2328300
2026-06-09,261.552490234375,262.05999755859375,272.55999755859375,246.55999755859375,269.1600036621094,3786100
2026-06-10,249.1864776611328,249.6699981689453,263.45001220703125,249.5,258.1000061035156,3270200
2026-06-11,261.7121887207031,262.2200012207031,264.5199890136719,248.5,252.91000366210938,3313100
2026-06-12,265.75433349609375,266.2699890136719,269.1499938964844,259.239990234375,265.30999755859375,2576200
2026-06-15,279.6773376464844,280.2200012207031,282.3399963378906,277.0799865722656,277.2099914550781,3371700
2026-06-16,274.766845703125,275.29998779296875,280.92999267578125,274.7799987792969,279.9599914550781,1470700
2026-06-17,264.4369201660156,264.95001220703125,277.0400085449219,262.9800109863281,276.20001220703125,2199700
2026-06-18,272.092041015625,272.6199951171875,274.2799987792969,269.70001220703125,273.8399963378906,1592200
2026-06-22,269.5369873046875,270.05999755859375,276.5,268.7200012207031,273.7799987792969,1594500
2026-06-23,257.9700012207031,257.9700012207031,264.3299865722656,256.3999938964844,257.7799987792969,1969200
2026-06-24,257.1199951171875,257.1199951171875,264.44000244140625,254.80999755859375,259.3699951171875,1679000
2026-06-25,257.5299987792969,257.5299987792969,263.70001220703125,253.42999267578125,263.260009765625,1895700
2026-06-26,251.64999389648438,251.64999389648438,260.5199890136719,250.3699951171875,252.36000061035156,1889500
2026-06-29,265.1300048828125,265.1300048828125,265.70001220703125,255.86000061035156,260.3800048828125,1373600
2026-06-30,270.6700134277344,270.6700134277344,272.5400085449219,265.0,265.19000244140625,1356700
2026-07-01,269.989990234375,269.989990234375,274.07000732421875,266.4100036621094,269.2200012207031,1660700
2026-07-02,268.80999755859375,268.80999755859375,275.75,263.57000732421875,271.6600036621094,2686900
2026-07-06,275.80999755859375,275.80999755859375,276.9700012207031,271.6099853515625,272.8599853515625,1419900
2026-07-07,271.55999755859375,271.55999755859375,275.32000732421875,268.989990234375,274.5199890136719,1660700
2026-07-08,269.1000061035156,269.1000061035156,269.9200134277344,262.7099914550781,266.6700134277344,1797100
2026-07-09,275.7900085449219,275.7900085449219,276.20001220703125,269.25,271.1700134277344,1387700
2026-07-10,279.17999267578125,279.17999267578125,279.7699890136719,271.8299865722656,276.1400146484375,1364300
2026-07-13,272.7200012207031,272.7200012207031,278.010009765625,271.45001220703125,276.4200134277344,1488200
2026-07-14,275.6300048828125,275.6300048828125,277.17999267578125,272.25,274.6499938964844,1605700
2026-07-15,278.7099914550781,278.7099914550781,279.6400146484375,273.75,278.07000732421875,1529700
2026-07-16,274.239990234375,274.239990234375,278.3399963378906,271.04998779296875,276.510009765625,1513200
2026-07-17,265.7300109863281,265.7300109863281,270.1700134277344,263.07000732421875,264.5199890136719,1785400
2026-07-20,264.5400085449219,264.5400085449219,271.510009765625,263.8599853515625,269.7699890136719,1592800
2026-07-21,271.0400085449219,271.0400085449219,271.7900085449219,266.6000061035156,268.9100036621094,1229900
2026-07-22,269.9700012207031,269.9700012207031,272.79998779296875,268.8299865722656,269.17999267578125,1106300
2026-07-23,260.04998779296875,260.04998779296875,264.5899963378906,256.67999267578125,261.2200012207031,1869000
2026-07-24,260.3999938964844,260.3999938964844,265.489990234375,258.7699890136719,260.0299987792969,1803400
2026-07-27,260.5799865722656,260.5799865722656,267.4100036621094,257.260009765625,266.8699951171875,1589200
2026-07-28,262.4200134277344,262.4200134277344,264.4200134277344,257.2799987792969,260.57000732421875,1764500
2026-07-29,250.1999969482422,250.1999969482422,264.260009765625,249.8800048828125,261.32000732421875,2631800
2026-07-30,262.9100036621094,262.9100036621094,263.5400085449219,255.4600067138672,256.9200134277344,2036400
2026-07-31,268.20001220703125,268.20001220703125,270.20001220703125,258.44000244140625,265.8900146484375,2493000
2026-08-03,279.67999267578125,279.67999267578125,280.6499938964844,270.42999267578125,270.67999267578125,2080400
2026-08-04,294.55999755859375,294.55999755859375,296.9599914550781,282.75,282.8999938964844,4497400
2026-08-05,292.8500061035156,292.8500061035156,300.9599914550781,292.5,299.7699890136719,2087300
2026-08-06,291.20001220703125,291.20001220703125,295.07000732421875,290.19000244140625,293.2099914550781,1477200
