Price,Adj Close,Close,High,Low,Open,Volume
Ticker,SPXS,SPXS,SPXS,SPXS,SPXS,SPXS
Date,,,,,,
2008-11-19,1088795.125,1285000.0,1300000.0,1074125.0,1112750.0,175
2008-11-20,1284948.0,1516500.0,1586750.0,1232000.0,1362375.0,202
2008-11-21,1083393.625,1278625.0,1644750.0,1268125.0,1437625.0,206
2008-11-24,896667.375,1058250.0,1235375.0,960750.0,1183000.0,222
2008-11-25,847946.9375,1000750.0,1084625.0,962500.0,974875.0,266
2008-11-26,752942.0,888625.0,1062375.0,888000.0,1061250.0,254
2008-11-28,733983.625,866250.0,907750.0,864500.0,905000.0,63
2008-12-01,918697.5625,1084250.0,1088625.0,934125.0,937500.0,207
2008-12-02,814478.1875,961250.0,1083750.0,956375.0,1027625.0,352
2008-12-03,753259.75,889000.0,1042250.0,882625.0,1042250.0,537
2008-12-04,812254.0,958625.0,1004625.0,871000.0,935000.0,512
2008-12-05,721485.625,851500.0,1059625.0,851500.0,1010375.0,549
2008-12-08,654018.625,771875.0,807250.0,735000.0,789250.0,389
2008-12-09,683780.375,807000.0,821000.0,741125.0,789625.0,470
2008-12-10,660267.5625,779250.0,817500.0,754500.0,783250.0,329
2008-12-11,714283.625,843000.0,858750.0,763125.0,800000.0,329
2008-12-12,694795.5,820000.0,925000.0,811125.0,921750.0,334
2008-12-15,722333.125,852500.0,887125.0,804750.0,806750.0,192
2008-12-16,614618.4375,725375.0,832625.0,721875.0,831625.0,238
2008-12-17,629658.25,743125.0,762625.0,706875.0,750000.0,271
2008-12-18,663762.625,783375.0,807625.0,725000.0,728125.0,280
2008-12-19,661962.125,781250.0,793000.0,734000.0,772625.0,268
2008-12-22,695854.5,821250.0,862375.0,777000.0,777625.0,262
2008-12-23,712377.125,840750.0,853125.0,795250.0,807625.0,216
2008-12-24,703056.625,829750.0,850000.0,823750.0,833750.0,84
2008-12-26,688864.125,813000.0,833625.0,809750.0,812500.0,58
2008-12-29,695536.8125,820875.0,857875.0,808750.0,813125.0,142
2008-12-30,649570.25,766625.0,818750.0,762500.0,804500.0,179
2008-12-31,618537.4375,730000.0,764250.0,711500.0,760625.0,145
2009-01-02,564309.5625,666000.0,738250.0,654000.0,723250.0,257
2009-01-05,564944.9375,666750.0,686250.0,647875.0,671250.0,266
2009-01-06,549693.375,648750.0,666500.0,629000.0,646875.0,262
2009-01-07,598095.9375,705875.0,715500.0,673125.0,681250.0,341
2009-01-08,589834.75,696125.0,728250.0,694875.0,718500.0,375
2009-01-09,624150.9375,736625.0,745000.0,689250.0,690750.0,345
2009-01-12,672553.375,793750.0,808625.0,745000.0,748875.0,373
2009-01-13,667363.625,787625.0,814750.0,773750.0,804000.0,427
2009-01-14,733877.75,866125.0,881375.0,826000.0,831125.0,554
2009-01-15,728476.0625,859750.0,946375.0,833000.0,873125.0,669
2009-01-16,711635.75,839875.0,900500.0,812500.0,816000.0,595
2009-01-20,824857.75,973500.0,975000.0,856250.0,863750.0,587
2009-01-21,720320.5625,850125.0,978125.0,842500.0,924500.0,612
2009-01-22,751989.0,887500.0,936000.0,848750.0,897125.0,710
2009-01-23,741397.5625,875000.0,960250.0,848250.0,950500.0,688
2009-01-26,728899.6875,860250.0,885875.0,805125.0,860875.0,502
2009-01-27,702739.0,829375.0,862875.0,816625.0,847000.0,470
2009-01-28,633577.0625,747750.0,787375.0,734125.0,778250.0,513
2009-01-29,693736.375,818750.0,822000.0,775750.0,782500.0,464
2009-01-30,735890.0,868500.0,887000.0,798625.0,809625.0,593
2009-02-02,741715.3125,875375.0,918625.0,859000.0,909625.0,517
2009-02-03,709623.3125,837500.0,889000.0,823375.0,860625.0,520
2009-02-04,720744.4375,850625.0,861125.0,794625.0,825000.0,556
2009-02-05,688334.75,812375.0,887500.0,793125.0,873250.0,707
2009-02-06,629234.75,742625.0,807250.0,734125.0,802750.0,651
2009-02-09,624680.5625,737250.0,757750.0,722125.0,743375.0,362
2009-02-10,710258.8125,838250.0,854250.0,739500.0,760000.0,867
2009-02-11,697972.875,823750.0,860000.0,809500.0,827625.0,659
2009-02-12,696172.3125,821625.0,898125.0,815625.0,864375.0,907
2009-02-13,714919.0625,843750.0,846875.0,805000.0,825250.0,596
2009-02-17,809076.5625,954875.0,954875.0,911375.0,919625.0,821
2009-02-18,815219.5625,962125.0,988250.0,928875.0,930000.0,887
2009-02-19,842015.875,993750.0,1000000.0,921250.0,933375.0,908
2009-02-20,872730.75,1030000.0,1086750.0,988625.0,1050500.0,1174
2009-02-23,954708.1875,1126750.0,1137500.0,987500.0,987750.0,1131
2009-02-24,848264.5,1001125.0,1127000.0,985750.0,1104625.0,1001
2009-02-25,870824.375,1027750.0,1074000.0,968250.0,1019125.0,1261
2009-02-26,911707.25,1076000.0,1081625.0,969250.0,990125.0,934
2009-02-27,959368.375,1132250.0,1152500.0,1075250.0,1141625.0,963
2009-03-02,1100975.25,1299375.0,1313625.0,1192125.0,1210000.0,1058
2009-03-03,1127771.625,1331000.0,1358375.0,1243000.0,1246875.0,1028
2009-03-04,1043464.125,1231500.0,1309125.0,1169750.0,1264250.0,1054
2009-03-05,1167807.0,1378250.0,1418750.0,1277000.0,1317250.0,1180
2009-03-06,1165159.125,1375125.0,1487500.0,1286375.0,1346750.0,1076
2009-03-09,1205088.625,1422250.0,1450000.0,1314000.0,1440875.0,927
2009-03-10,984999.625,1162500.0,1345875.0,1158250.0,1329750.0,1004
2009-03-11,973031.375,1148375.0,1179125.0,1089000.0,1123750.0,956
2009-03-12,854831.25,1008875.0,1176375.0,994500.0,1147375.0,731
2009-03-13,829729.75,979250.0,1037000.0,947250.0,984250.0,868
2009-03-16,841380.3125,993000.0,996875.0,914750.0,950000.0,703
2009-03-17,766605.125,904750.0,1012625.0,901125.0,989875.0,686
2009-03-18,712059.375,840375.0,940875.0,807875.0,916625.0,854
2009-03-19,735360.5,867875.0,876000.0,807500.0,809125.0,687
2009-03-20,781962.5625,922875.0,930750.0,851875.0,856125.0,628
2009-03-23,618537.4375,730000.0,864125.0,730000.0,852125.0,691
2009-03-24,646075.125,762500.0,771500.0,723875.0,755125.0,566
2009-03-25,636542.8125,751250.0,814125.0,709750.0,751375.0,760
2009-03-26,591529.4375,698125.0,745125.0,694125.0,723000.0,702
2009-03-27,622667.9375,734875.0,742250.0,713375.0,723625.0,552
2009-03-30,685369.1875,808875.0,834500.0,788250.0,789750.0,476
2009-03-31,669799.6875,790500.0,802625.0,742250.0,786375.0,642
2009-04-01,628705.1875,742000.0,826250.0,733375.0,819000.0,742
2009-04-02,575006.9375,678625.0,694750.0,645625.0,683375.0,828
2009-04-03,554035.75,653875.0,694125.0,652750.0,675875.0,617
2009-04-06,568122.375,670500.0,699250.0,664500.0,675750.0,564
2009-04-07,608157.75,717750.0,720000.0,692375.0,703750.0,526
2009-04-08,585280.625,690750.0,719875.0,684500.0,707625.0,631
2009-04-09,516542.125,609625.0,647625.0,609375.0,639625.0,621
2009-04-13,514741.625,607500.0,635875.0,594250.0,628500.0,509
2009-04-14,544927.3125,643125.0,646125.0,611125.0,631125.0,648
2009-04-15,523638.46875,618000.0,658125.0,616375.0,653125.0,634
2009-04-16,498536.90625,588375.0,629125.0,577500.0,605875.0,668
2009-04-17,490487.46875,578875.0,598375.0,567500.0,584875.0,622
2009-04-20,551388.0625,650750.0,652875.0,606625.0,608250.0,680
2009-04-21,520249.375,614000.0,669750.0,611875.0,667875.0,818
2009-04-22,526921.9375,621875.0,635125.0,583125.0,633000.0,941
2009-04-23,513682.4375,606250.0,642625.0,604000.0,617125.0,905
2009-04-24,489322.34375,577500.0,599750.0,562750.0,593875.0,895
2009-04-27,501502.5,591875.0,599500.0,569500.0,596250.0,832
2009-04-28,504997.6875,596000.0,614375.0,577500.0,609500.0,742
2009-04-29,472376.0625,557500.0,582875.0,539125.0,579125.0,863
2009-04-30,472376.0625,557500.0,564875.0,526000.0,536250.0,786
2009-05-01,463161.65625,546625.0,569375.0,541625.0,555375.0,623
2009-05-04,415924.0,490875.0,538000.0,490625.0,535625.0,808
2009-05-05,418465.96875,493875.0,507000.0,489000.0,495375.0,701
2009-05-06,400142.875,472250.0,496250.0,469000.0,478125.0,778
2009-05-07,416771.34375,491875.0,501000.0,455375.0,457375.0,945
2009-05-08,385844.5,455375.0,483625.0,453125.0,473375.0,971
2009-05-11,406285.8125,479500.0,485125.0,469125.0,475000.0,606
2009-05-12,412322.96875,486625.0,505375.0,472250.0,475625.0,952
2009-05-13,444414.875,524500.0,528125.0,504000.0,509000.0,948
2009-05-14,433929.40625,512125.0,529875.0,500000.0,524875.0,864
2009-05-15,443991.1875,524000.0,533500.0,501375.0,512125.0,931
2009-05-18,403320.28125,476000.0,511500.0,475375.0,508500.0,867
2009-05-19,405014.875,478000.0,483875.0,464750.0,477500.0,685
2009-05-20,412322.96875,486625.0,488125.0,450375.0,465625.0,887
2009-05-21,430222.375,507750.0,523125.0,498000.0,504125.0,866
2009-05-22,432446.625,510375.0,517000.0,494375.0,504250.0,677
2009-05-26,399613.25,471625.0,522250.0,467500.0,522000.0,822
2009-05-27,419101.46875,494625.0,497750.0,463875.0,469250.0,802
2009-05-28,400884.3125,473125.0,505625.0,469625.0,482000.0,962
2009-05-29,382137.46875,451000.0,478750.0,446375.0,468000.0,655
2009-06-01,352905.15625,416500.0,437250.0,410375.0,433625.0,839
2009-06-02,351634.25,415000.0,424250.0,407750.0,420375.0,702
2009-06-03,365509.0,431375.0,442875.0,424000.0,425250.0,757
2009-06-04,354599.84375,418500.0,436250.0,417000.0,426750.0,604
2009-06-05,354811.65625,418750.0,428625.0,403000.0,404875.0,836
2009-06-08,357989.0625,422500.0,438750.0,412125.0,426750.0,704
2009-06-09,351952.0625,415375.0,425250.0,410000.0,418125.0,658
2009-06-10,356188.5625,420375.0,435375.0,405125.0,405125.0,818
2009-06-11,349621.875,412625.0,418000.0,397500.0,418000.0,855
2009-06-12,347291.8125,409875.0,425250.0,409875.0,418750.0,642
2009-06-15,372499.3125,439625.0,446250.0,424500.0,425375.0,747
2009-06-16,388598.25,458625.0,459125.0,433500.0,435125.0,825
2009-06-17,389233.65625,459375.0,471000.0,448250.0,458750.0,1036
2009-06-18,382878.875,451875.0,465000.0,444125.0,457750.0,767
2009-06-19,377900.90625,446000.0,452750.0,435875.0,438125.0,701
2009-06-22,411052.0,485125.0,485625.0,458375.0,459625.0,860
2009-06-23,410416.5,484375.0,493250.0,476250.0,483000.0,881
2009-06-24,400460.59375,472625.0,480000.0,456875.0,472375.0,866
2009-06-25,374088.03125,441500.0,480875.0,440000.0,479125.0,1188
2009-06-26,375570.8125,443250.0,451625.0,437125.0,445750.0,674
2009-06-29,365403.0625,431250.0,446875.0,429625.0,438750.0,676
2009-06-30,372287.5625,439375.0,449875.0,426000.0,431625.0,933
2009-07-01,368262.78125,434625.0,435750.0,422000.0,434625.0,868
2009-07-02,397812.75,469500.0,470000.0,451125.0,451750.0,1018
2009-07-06,398554.1875,470375.0,489375.0,469875.0,485000.0,1032
2009-07-07,422172.96875,498250.0,499625.0,471750.0,473625.0,1227
2009-07-08,424503.0625,501000.0,518375.0,487750.0,491250.0,1640
2009-07-09,421537.5,497500.0,501750.0,485000.0,489625.0,1047
2009-07-10,424291.25,500750.0,511250.0,491875.0,506125.0,1148
2009-07-13,393682.125,464625.0,508000.0,464125.0,494000.0,899
2009-07-14,385420.75,454875.0,470375.0,454625.0,460750.0,1030
2009-07-15,352163.90625,415625.0,439375.0,412625.0,437250.0,1025
2009-07-16,340831.0625,402250.0,421750.0,398500.0,419625.0,961
2009-07-17,341466.53125,403000.0,411375.0,401000.0,404500.0,757
2009-07-20,330875.125,390500.0,402250.0,388125.0,395125.0,801
2009-07-21,326214.90625,385000.0,399375.0,380250.0,381000.0,986
2009-07-22,325367.625,384000.0,393125.0,377750.0,392625.0,1027
2009-07-23,302702.0625,357250.0,384625.0,353500.0,383750.0,1213
2009-07-24,298571.40625,352375.0,368750.0,352250.0,363625.0,941
2009-07-27,296982.59375,350500.0,361250.0,348875.0,354125.0,852
2009-07-28,299206.8125,353125.0,364125.0,350000.0,357875.0,1175
2009-07-29,302913.875,357500.0,365250.0,355375.0,360250.0,1101
2009-07-30,293805.25,346750.0,347875.0,334125.0,345375.0,1237
2009-07-31,292746.125,345500.0,349875.0,338375.0,347125.0,1069
2009-08-03,278341.78125,328500.0,339750.0,326875.0,334125.0,916
2009-08-04,274528.9375,324000.0,334000.0,322875.0,332000.0,972
2009-08-05,277176.78125,327125.0,335625.0,323000.0,324125.0,888
2009-08-06,281731.0625,332500.0,336750.0,320875.0,323250.0,777
2009-08-07,269974.65625,318625.0,327500.0,310750.0,322500.0,1060
2009-08-10,272410.6875,321500.0,327250.0,318375.0,322375.0,628
2009-08-11,282154.78125,333000.0,335625.0,324375.0,325250.0,790
2009-08-12,272304.75,321375.0,335000.0,314500.0,334625.0,1031
2009-08-13,266373.5625,314375.0,327125.0,314250.0,317250.0,875
2009-08-14,273152.03125,322375.0,331875.0,314375.0,315250.0,825
2009-08-17,293487.5,346375.0,348125.0,340250.0,341375.0,803
2009-08-18,285967.5625,337500.0,346125.0,334375.0,344125.0,757
2009-08-19,278024.0625,328125.0,346875.0,325875.0,346500.0,986
2009-08-20,270398.28125,319125.0,329875.0,316625.0,327000.0,711
2009-08-21,254934.890625,300875.0,313000.0,298750.0,311375.0,878
2009-08-24,255146.6875,301125.0,303875.0,291750.0,296250.0,756
2009-08-25,253134.375,298750.0,301000.0,290625.0,297375.0,851
2009-08-26,253240.234375,298875.0,304500.0,294750.0,301500.0,938
2009-08-27,250910.125,296125.0,310000.0,294125.0,299375.0,978
2009-08-28,251651.46875,297000.0,302750.0,288125.0,289875.0,646
2009-08-31,257794.53125,304250.0,310375.0,304000.0,305875.0,628
2009-09-01,275270.34375,324875.0,326875.0,297750.0,309375.0,1104
2009-09-02,278871.34375,329125.0,331250.0,323000.0,329500.0,607
2009-09-03,271033.75,319875.0,331000.0,318875.0,322875.0,608
2009-09-04,260124.6875,307000.0,321375.0,306250.0,318625.0,690
2009-09-08,252604.71875,298125.0,303125.0,297000.0,298000.0,571
2009-09-09,245826.28125,290125.0,299250.0,287250.0,296375.0,806
2009-09-10,238624.09375,281625.0,294750.0,280625.0,290125.0,598
2009-09-11,238306.3125,281250.0,285500.0,276750.0,279750.0,555
2009-09-14,234069.796875,276250.0,288500.0,275375.0,288125.0,633
2009-09-15,230892.34375,272500.0,280125.0,269375.0,274875.0,864
2009-09-16,219983.203125,259625.0,271875.0,259375.0,269000.0,877
2009-09-17,221571.96875,261500.0,265625.0,254125.0,260625.0,1223
2009-09-18,221148.296875,261000.0,263500.0,257500.0,258125.0,897
2009-09-21,222842.90625,263000.0,275750.0,260875.0,266625.0,738
2009-09-22,218182.6875,257500.0,261625.0,255625.0,257625.0,629
2009-09-23,224007.984375,264375.0,265750.0,251250.0,256000.0,1077
2009-09-24,232057.390625,273875.0,277500.0,261500.0,262750.0,1101
2009-09-25,235870.3125,278375.0,281250.0,271625.0,276375.0,930
2009-09-28,223478.390625,263750.0,275500.0,261625.0,275000.0,560
2009-09-29,224325.703125,264750.0,267000.0,257875.0,261875.0,730
2009-09-30,226761.734375,267625.0,275500.0,261750.0,262625.0,1058
2009-10-01,244343.46875,288375.0,289000.0,269875.0,270125.0,1116
2009-10-02,248368.109375,293125.0,297500.0,287500.0,296875.0,1010
2009-10-05,236188.03125,278750.0,291875.0,277125.0,289000.0,673
2009-10-06,226867.65625,267750.0,273875.0,262500.0,273250.0,931
2009-10-07,224537.515625,265000.0,270750.0,264625.0,269125.0,700
2009-10-08,219453.65625,259000.0,262375.0,254375.0,258250.0,765
2009-10-09,215111.1875,253875.0,260500.0,253875.0,258625.0,498
2009-10-12,212357.421875,250625.0,253750.0,247375.0,250000.0,422
2009-10-13,213628.390625,252125.0,257375.0,251000.0,253125.0,666
2009-10-14,202931.109375,239500.0,246750.0,238500.0,243125.0,786
2009-10-15,200600.953125,236750.0,243250.0,236625.0,242750.0,714
2009-10-16,204837.53125,241750.0,246500.0,239750.0,242250.0,817
2009-10-19,199753.6875,235750.0,243125.0,233750.0,240875.0,699
2009-10-20,203037.0,239625.0,243375.0,234125.0,234125.0,865
2009-10-21,208650.453125,246250.0,246875.0,232625.0,241250.0,1016
2009-10-22,202507.4375,239000.0,251750.0,236875.0,247000.0,1146
2009-10-23,209391.84375,247125.0,250000.0,236250.0,236500.0,1180
2009-10-26,216593.953125,255625.0,257625.0,238750.0,246875.0,1235
2009-10-27,219771.4375,259375.0,261375.0,252125.0,254750.0,1072
2009-10-28,233540.25,275625.0,276000.0,259625.0,262000.0,1184
2009-10-29,218288.578125,257625.0,270750.0,256250.0,269375.0,932
2009-10-30,235976.234375,278500.0,280875.0,257750.0,259500.0,1528
2009-11-02,232269.28125,274125.0,284500.0,265250.0,276000.0,1330
2009-11-03,228985.9375,270250.0,280500.0,269500.0,279000.0,1073
2009-11-04,228244.5,269375.0,270875.0,257875.0,263750.0,1006
2009-11-05,215005.28125,253750.0,264875.0,253375.0,263375.0,867
2009-11-06,213204.734375,251625.0,259375.0,249625.0,258375.0,793
2009-11-09,198588.640625,234375.0,246125.0,234375.0,245375.0,821
2009-11-10,198376.828125,234125.0,238125.0,232125.0,235500.0,848
2009-11-11,195411.203125,230625.0,234000.0,226250.0,229125.0,809
2009-11-12,201554.265625,237875.0,239750.0,228000.0,232000.0,939
2009-11-13,197847.234375,233500.0,239875.0,231000.0,236125.0,859
2009-11-16,189374.109375,223500.0,229375.0,220625.0,228750.0,867
2009-11-17,188844.5625,222875.0,227750.0,222500.0,225375.0,690
2009-11-18,189056.375,223125.0,227250.0,222125.0,223500.0,612
2009-11-19,196999.90625,232500.0,236500.0,227750.0,228000.0,812
2009-11-20,198694.5625,234500.0,237875.0,233000.0,236250.0,657
2009-11-23,191492.421875,226000.0,227875.0,221125.0,226125.0,695
2009-11-24,191280.5625,225750.0,231000.0,224750.0,225375.0,713
2009-11-25,188844.5625,222875.0,226500.0,222125.0,224250.0,377
2009-11-27,197953.140625,233625.0,241625.0,229250.0,240750.0,562
2009-11-30,195834.875,231125.0,237500.0,230375.0,233625.0,814
2009-12-01,188950.453125,223000.0,226250.0,220375.0,224625.0,709
2009-12-02,187997.25,221875.0,224375.0,217875.0,222250.0,661
2009-12-03,192763.34375,227500.0,228125.0,216750.0,220125.0,837
2009-12-04,189268.1875,223375.0,229625.0,215000.0,218125.0,1180
2009-12-07,190115.53125,224375.0,226375.0,220125.0,224125.0,728
2009-12-08,196152.609375,231500.0,233875.0,227625.0,229000.0,853
2009-12-09,194246.171875,229250.0,235500.0,228125.0,231625.0,800
2009-12-10,190645.09375,225000.0,226250.0,222250.0,224875.0,571
2009-12-11,187891.3125,221750.0,225125.0,220625.0,222250.0,460
2009-12-14,183760.65625,216875.0,220375.0,216500.0,217250.0,350
2009-12-15,186090.75,219625.0,221625.0,216625.0,219375.0,353
2009-12-16,184713.90625,218000.0,219625.0,214875.0,216875.0,368
2009-12-17,191386.53125,225875.0,226625.0,221625.0,223250.0,502
2009-12-18,188103.125,222000.0,227875.0,221625.0,222250.0,422
2009-12-21,182383.796875,215250.0,218750.0,213125.0,218750.0,423
2009-12-22,180159.59375,212625.0,214375.0,211375.0,213625.0,318
2009-12-23,178465.015625,210625.0,213625.0,210000.0,211125.0,233
2009-12-24,175605.28125,207250.0,209625.0,207125.0,209625.0,147
2009-12-28,175075.75,206625.0,208875.0,205000.0,205375.0,189
2009-12-29,175923.0625,207625.0,207625.0,204625.0,204625.0,151
2009-12-30,176240.796875,208000.0,209875.0,207250.0,209625.0,220
2009-12-31,181218.734375,213875.0,214000.0,206375.0,206375.0,200
2010-01-04,172216.03125,203250.0,208625.0,202875.0,208625.0,428
2010-01-05,170627.375,201375.0,206000.0,201125.0,203625.0,358
2010-01-06,169886.0,200500.0,202250.0,199250.0,202000.0,351
2010-01-07,167767.671875,198000.0,203500.0,197500.0,201625.0,531
2010-01-08,165967.140625,195875.0,201000.0,195750.0,200125.0,320
2010-01-11,165437.5625,195250.0,197625.0,193000.0,193375.0,251
2010-01-12,170203.703125,200875.0,203125.0,198125.0,199250.0,447
2010-01-13,165755.3125,195625.0,202625.0,194125.0,199375.0,534
2010-01-14,164590.234375,194250.0,196625.0,193375.0,196375.0,290
2010-01-15,169991.90625,200625.0,202875.0,194625.0,195250.0,427
2010-01-19,163954.78125,193500.0,201250.0,193125.0,201000.0,473
2010-01-20,168509.078125,198875.0,203625.0,197250.0,197375.0,461
2010-01-21,177829.515625,209875.0,210625.0,196875.0,199125.0,740
2010-01-22,189585.953125,223750.0,224625.0,210500.0,212750.0,897
2010-01-25,186832.1875,220500.0,223000.0,216875.0,217750.0,761
2010-01-26,189585.953125,223750.0,225000.0,216500.0,223125.0,630
2010-01-27,186832.1875,220500.0,229625.0,219125.0,224250.0,739
2010-01-28,193398.84375,228250.0,232250.0,218000.0,218000.0,805
2010-01-29,199965.515625,236000.0,237125.0,220625.0,225375.0,1107
2010-02-01,190856.921875,225250.0,231625.0,225000.0,231125.0,719
2010-02-02,183442.9375,216500.0,226000.0,215250.0,223500.0,807
2010-02-03,186302.609375,219875.0,221625.0,216375.0,219500.0,581
2010-02-04,203672.53125,240375.0,240500.0,225000.0,225125.0,1328
2010-02-05,202189.6875,238625.0,253500.0,237500.0,239625.0,1741
2010-02-08,206955.8125,244250.0,244375.0,234375.0,238750.0,960
2010-02-09,199012.296875,234875.0,241375.0,228625.0,235500.0,1492
2010-02-10,199965.515625,236000.0,242125.0,232125.0,236250.0,937
2010-02-11,193504.78125,228375.0,241000.0,227625.0,236750.0,824
2010-02-12,193504.78125,228375.0,238125.0,228000.0,235375.0,1028
2010-02-16,184184.328125,217375.0,225375.0,216500.0,223125.0,539
2010-02-17,181218.734375,213875.0,216750.0,213000.0,213875.0,586
2010-02-18,177829.515625,209875.0,215125.0,208750.0,215000.0,569
2010-02-19,176770.359375,208625.0,213125.0,206250.0,211625.0,533
2010-02-22,176982.203125,208875.0,210250.0,206125.0,206250.0,428
2010-02-23,183760.65625,216875.0,218125.0,208625.0,210375.0,685
2010-02-24,178570.90625,210750.0,216375.0,209875.0,214875.0,577
2010-02-25,178888.640625,211125.0,221375.0,211000.0,219750.0,711
2010-02-26,178465.015625,210625.0,214500.0,208875.0,210750.0,445
2010-03-01,172745.640625,203875.0,208000.0,203250.0,207750.0,396
2010-03-02,171051.0,201875.0,202875.0,199000.0,201000.0,375
2010-03-03,170627.375,201375.0,202750.0,197625.0,200000.0,415
2010-03-04,169250.4375,199750.0,202875.0,198750.0,200750.0,383
2010-03-05,161836.546875,191000.0,197125.0,190625.0,195750.0,446
2010-03-08,161624.6875,190750.0,191875.0,189625.0,190750.0,280
2010-03-09,160883.28125,189875.0,192750.0,187125.0,192750.0,397
2010-03-10,158341.328125,186875.0,190000.0,185625.0,189375.0,406
2010-03-11,156646.71875,184875.0,190125.0,184625.0,188250.0,367
2010-03-12,156328.953125,184500.0,186125.0,182125.0,182125.0,417
2010-03-15,156434.921875,184625.0,188750.0,184125.0,185500.0,339
2010-03-16,152410.171875,179875.0,184500.0,179375.0,183000.0,336
2010-03-17,149550.484375,176500.0,178500.0,174875.0,178125.0,448
2010-03-18,150080.046875,177125.0,179125.0,175750.0,176500.0,342
2010-03-19,152516.09375,180000.0,182000.0,175500.0,180000.0,416
2010-03-22,149868.203125,176875.0,183625.0,175875.0,183375.0,509
2010-03-23,146584.875,173000.0,177625.0,172500.0,175875.0,440
2010-03-24,148491.296875,175250.0,176500.0,173250.0,175000.0,526
2010-03-25,149762.3125,176750.0,177250.0,170000.0,171875.0,548
2010-03-26,149656.40625,176625.0,179125.0,173125.0,175750.0,654
2010-03-29,146902.625,173375.0,175250.0,172625.0,174375.0,478
2010-03-30,146584.875,173000.0,175375.0,171250.0,173000.0,543
2010-03-31,148173.59375,174875.0,176500.0,172500.0,175375.0,498
2010-04-01,144996.171875,171125.0,174250.0,169375.0,171500.0,430
2010-04-05,141077.390625,166500.0,170500.0,166250.0,168750.0,336
2010-04-06,140124.109375,165375.0,168500.0,164250.0,167875.0,274
2010-04-07,142348.328125,168000.0,170375.0,165000.0,166250.0,525
2010-04-08,141077.390625,166500.0,171500.0,165750.0,170000.0,317
2010-04-09,138217.703125,163125.0,166375.0,163000.0,165375.0,283
2010-04-12,137370.390625,162125.0,163000.0,161000.0,162625.0,222
2010-04-13,137052.65625,161750.0,165250.0,161125.0,162875.0,334
2010-04-14,132392.4375,156250.0,160750.0,156125.0,160000.0,351
2010-04-15,131862.859375,155625.0,157125.0,154750.0,157000.0,319
2010-04-16,138217.703125,163125.0,165500.0,156500.0,157625.0,905
2010-04-19,136840.8125,161500.0,167125.0,161125.0,164625.0,597
2010-04-20,133133.8125,157125.0,160250.0,156875.0,158875.0,356
2010-04-21,133557.46875,157625.0,160375.0,155750.0,156875.0,412
2010-04-22,132286.53125,156125.0,163875.0,155500.0,161250.0,461
2010-04-23,129320.90625,152625.0,157500.0,152500.0,156250.0,349
2010-04-26,130803.6953125,154375.0,154875.0,151500.0,152500.0,282
2010-04-27,140124.109375,165375.0,166250.0,154625.0,157250.0,770
2010-04-28,137264.46875,162000.0,166250.0,160750.0,163125.0,738
2010-04-29,131968.75,155750.0,159125.0,154750.0,159125.0,392
2010-04-30,138535.453125,163500.0,163625.0,155000.0,155500.0,530
2010-05-03,133133.8125,157125.0,162000.0,156000.0,161250.0,436
2010-05-04,142560.1875,168250.0,170750.0,162500.0,162750.0,960
2010-05-05,145525.75,171750.0,175625.0,167375.0,173125.0,970
2010-05-06,160036.0,188875.0,224750.0,171125.0,174250.0,1813
2010-05-07,168720.90625,199125.0,206375.0,185125.0,191250.0,2209
2010-05-10,145525.75,171750.0,178375.0,169625.0,173500.0,1247
2010-05-11,146478.9375,172875.0,177625.0,166500.0,176875.0,954
2010-05-12,140124.109375,165375.0,171625.0,164625.0,171125.0,685
2010-05-13,144784.359375,170875.0,171750.0,164000.0,166000.0,619
2010-05-14,152833.8125,180375.0,185125.0,174250.0,175000.0,1069
2010-05-17,152622.015625,180125.0,191000.0,177375.0,179250.0,803
2010-05-18,159082.703125,187750.0,189625.0,174125.0,175750.0,1036
2010-05-19,162048.28125,191250.0,198500.0,186000.0,190625.0,1223
2010-05-20,180583.28125,213125.0,213250.0,201125.0,203625.0,1835
2010-05-21,172533.828125,203625.0,224375.0,201875.0,222875.0,1645
2010-05-24,179100.4375,211375.0,211750.0,201875.0,207000.0,779
2010-05-25,178570.90625,210750.0,231000.0,210500.0,226625.0,1323
2010-05-26,181324.6875,214000.0,215625.0,200375.0,206375.0,976
2010-05-27,162577.890625,191875.0,203875.0,191750.0,201750.0,888
2010-05-28,168085.421875,198375.0,201750.0,192250.0,192500.0,763
2010-06-01,177405.828125,209375.0,210250.0,196000.0,204625.0,756
2010-06-02,163954.78125,193500.0,209000.0,193250.0,206250.0,689
2010-06-03,161518.78125,190625.0,196625.0,189125.0,191250.0,533
2010-06-04,178888.640625,211125.0,212750.0,197625.0,201625.0,898
2010-06-07,185773.046875,219250.0,219875.0,206250.0,208875.0,835
2010-06-08,180689.171875,213250.0,225125.0,211875.0,219000.0,1165
2010-06-09,183019.296875,216000.0,218375.0,202500.0,209250.0,842
2010-06-10,166496.75,196500.0,205750.0,196250.0,205000.0,834
2010-06-11,163954.78125,193500.0,202375.0,193125.0,201875.0,539
2010-06-14,164484.359375,194125.0,194625.0,185500.0,188500.0,462
2010-06-15,153363.375,181000.0,191000.0,180250.0,190125.0,536
2010-06-16,153575.25,181250.0,184750.0,178750.0,183625.0,438
2010-06-17,152939.75,180500.0,185750.0,179250.0,179500.0,485
2010-06-18,152727.890625,180250.0,181875.0,178250.0,179625.0,287
2010-06-21,154422.484375,182250.0,184875.0,172875.0,173500.0,541
2010-06-22,162048.28125,191250.0,191875.0,179375.0,181875.0,624
2010-06-23,163637.0625,193125.0,197000.0,188875.0,190625.0,686
2010-06-24,171580.59375,202500.0,204000.0,194875.0,195625.0,784
2010-06-25,169144.546875,199625.0,206250.0,196875.0,201125.0,625
2010-06-28,171262.8125,202125.0,204250.0,197500.0,199125.0,413
2010-06-29,187255.8125,221000.0,224875.0,210500.0,210500.0,990
2010-06-30,193292.9375,228125.0,229500.0,216500.0,223000.0,918
2010-07-01,194881.640625,230000.0,241875.0,225625.0,227625.0,1417
2010-07-02,198164.9375,233875.0,238125.0,226000.0,228250.0,920
2010-07-06,195517.125,230750.0,237000.0,219500.0,224375.0,836
2010-07-07,176558.546875,208375.0,229500.0,207750.0,229000.0,690
2010-07-08,171474.6875,202375.0,209375.0,201375.0,203375.0,668
2010-07-09,167449.921875,197625.0,203625.0,197375.0,202500.0,447
2010-07-12,167344.015625,197500.0,202125.0,195625.0,199500.0,457
2010-07-13,159612.34375,188375.0,192500.0,185875.0,191375.0,582
2010-07-14,159506.359375,188250.0,192250.0,186125.0,189875.0,524
2010-07-15,159188.640625,187875.0,195875.0,186375.0,188375.0,709
2010-07-16,172639.71875,203750.0,204750.0,190750.0,191375.0,780
2010-07-19,169462.3125,200000.0,206500.0,198250.0,201250.0,614
2010-07-20,163848.828125,193375.0,208625.0,192625.0,208125.0,803
2010-07-21,169991.90625,200625.0,202750.0,189625.0,190000.0,743
2010-07-22,158447.28125,187000.0,193625.0,184750.0,193625.0,704
2010-07-23,154104.78125,181875.0,189875.0,181250.0,188250.0,719
2010-07-26,148809.078125,175625.0,182500.0,175375.0,180750.0,394
2010-07-27,149656.40625,176625.0,178375.0,172375.0,173000.0,476
2010-07-28,152516.09375,180000.0,181875.0,175875.0,177500.0,525
2010-07-29,154846.140625,182750.0,187250.0,175375.0,176375.0,688
2010-07-30,154422.484375,182250.0,189375.0,179750.0,188375.0,586
2010-08-02,144466.578125,170500.0,176250.0,169625.0,173750.0,429
2010-08-03,146373.0625,172750.0,174750.0,170500.0,171500.0,337
2010-08-04,143513.375,169375.0,173125.0,168625.0,171500.0,348
2010-08-05,143831.140625,169750.0,173125.0,169625.0,172625.0,287
2010-08-06,145419.859375,171625.0,178375.0,171000.0,175000.0,639
2010-08-09,143195.65625,169000.0,172125.0,168125.0,169500.0,287
2010-08-10,145737.609375,172000.0,176250.0,169375.0,173125.0,546
2010-08-11,158023.609375,186500.0,187250.0,180250.0,180375.0,601
2010-08-12,160777.40625,189750.0,195250.0,187750.0,194875.0,550
2010-08-13,162260.171875,191500.0,191875.0,188125.0,191625.0,435
2010-08-16,162154.25,191375.0,197250.0,189750.0,195250.0,456
2010-08-17,155905.3125,184000.0,188125.0,180125.0,186500.0,526
2010-08-18,155163.90625,183125.0,187500.0,180250.0,184500.0,356
2010-08-19,162789.75,192125.0,194625.0,184375.0,186000.0,681
2010-08-20,164484.359375,194125.0,198625.0,193375.0,194375.0,487
2010-08-23,166602.609375,196625.0,196875.0,188500.0,191375.0,431
2010-08-24,174122.515625,205500.0,208875.0,200875.0,203375.0,932
2010-08-25,172427.890625,203500.0,213000.0,200875.0,209250.0,769
2010-08-26,175711.21875,207375.0,209125.0,199375.0,200125.0,640
2010-08-27,166814.5,196875.0,212500.0,196375.0,203375.0,969
2010-08-30,174228.46875,205625.0,205625.0,196625.0,198625.0,477
2010-08-31,174440.265625,205875.0,210625.0,201625.0,208000.0,862
2010-09-01,158553.15625,187125.0,197625.0,186250.0,197250.0,961
2010-09-02,153681.109375,181375.0,186875.0,181250.0,185750.0,363
2010-09-03,147644.0,174250.0,179000.0,173625.0,175875.0,606
2010-09-07,152516.09375,180000.0,180625.0,176250.0,176875.0,418
2010-09-08,149762.3125,176750.0,179500.0,174500.0,179375.0,408
2010-09-09,147749.953125,174375.0,175875.0,170500.0,170750.0,373
2010-09-10,145631.65625,171875.0,174625.0,171125.0,173375.0,377
2010-09-13,140441.859375,165750.0,168500.0,164875.0,166750.0,360
2010-09-14,140653.71875,166000.0,168625.0,163125.0,166750.0,519
2010-09-15,138959.0625,164000.0,168875.0,163500.0,167500.0,619
2010-09-16,139170.890625,164250.0,167000.0,163875.0,165625.0,514
2010-09-17,138959.0625,164000.0,165375.0,161250.0,161625.0,543
2010-09-20,132392.4375,156250.0,163250.0,155250.0,162125.0,619
2010-09-21,133345.625,157375.0,159125.0,153875.0,156000.0,732
2010-09-22,135146.1875,159500.0,161000.0,155500.0,158125.0,663
2010-09-23,138535.453125,163500.0,164750.0,158500.0,163750.0,650
2010-09-24,129956.3828125,153375.0,158375.0,153000.0,157875.0,507
2010-09-27,131545.125,155250.0,155625.0,152375.0,153000.0,385
2010-09-28,129638.625,153000.0,159750.0,152125.0,154500.0,603
2010-09-29,130485.9453125,154000.0,155750.0,152375.0,154625.0,429
2010-09-30,131545.125,155250.0,157375.0,148750.0,151375.0,760
2010-10-01,129850.4765625,153250.0,156000.0,151250.0,151750.0,392
2010-10-04,132921.96875,156875.0,159000.0,152375.0,154375.0,337
2010-10-05,124766.59375,147250.0,153125.0,146250.0,152500.0,642
2010-10-06,125084.3671875,147625.0,149500.0,146375.0,147500.0,422
2010-10-07,125508.0,148125.0,150750.0,145750.0,145875.0,517
2010-10-08,123072.0,145250.0,149125.0,144250.0,147750.0,522
2010-10-11,122754.25,144875.0,146375.0,143750.0,144750.0,235
2010-10-12,121377.359375,143250.0,148750.0,142250.0,146250.0,519
2010-10-13,118835.4296875,140250.0,142125.0,137875.0,140875.0,473
2010-10-14,120000.5078125,141625.0,144250.0,139750.0,140500.0,513
2010-10-15,119259.1015625,140750.0,144250.0,138500.0,138625.0,510
2010-10-18,117988.1171875,139250.0,141625.0,137750.0,140875.0,372
2010-10-19,122542.4296875,144625.0,147000.0,140500.0,142875.0,619
2010-10-20,118729.4921875,140125.0,144000.0,138125.0,143750.0,589
2010-10-21,118094.015625,139375.0,142500.0,135750.0,138000.0,732
2010-10-22,117034.8984375,138125.0,139625.0,137750.0,138625.0,307
2010-10-25,116081.6875,137000.0,137125.0,133250.0,135500.0,427
2010-10-26,116081.6875,137000.0,139875.0,136250.0,139000.0,436
2010-10-27,116823.0390625,137875.0,141625.0,137375.0,139750.0,551
2010-10-28,116505.328125,137500.0,139750.0,135125.0,135625.0,589
2010-10-29,116081.6875,137000.0,138625.0,136500.0,138000.0,395
2010-11-01,116187.5859375,137125.0,139375.0,132750.0,135125.0,531
2010-11-02,113221.984375,133625.0,135125.0,132875.0,133750.0,399
2010-11-03,111951.046875,132125.0,137125.0,132000.0,133125.0,661
2010-11-04,105702.125,124750.0,128250.0,124375.0,127750.0,709
2010-11-05,104219.3203125,123000.0,124750.0,122500.0,124250.0,510
2010-11-08,104748.8828125,123625.0,125500.0,123125.0,124250.0,334
2010-11-09,107078.984375,126375.0,127875.0,122250.0,122625.0,588
2010-11-10,105596.1953125,124625.0,129250.0,124625.0,126375.0,696
2010-11-11,106549.421875,125750.0,129000.0,125250.0,127875.0,406
2010-11-12,110680.0703125,130625.0,132250.0,126875.0,128375.0,815
2010-11-15,110891.8828125,130875.0,131125.0,127625.0,129125.0,465
2010-11-16,116293.4921875,137250.0,139125.0,132750.0,133500.0,790
2010-11-17,115763.9453125,136625.0,138125.0,135125.0,137000.0,483
2010-11-18,110785.984375,130750.0,132750.0,129125.0,132625.0,580
2010-11-19,109620.9453125,129375.0,133000.0,129250.0,131000.0,414
2010-11-22,109832.7578125,129625.0,134000.0,129375.0,131250.0,590
2010-11-23,114281.1328125,134875.0,136500.0,133125.0,134000.0,663
2010-11-24,108985.4453125,128625.0,132375.0,128625.0,132375.0,514
2010-11-26,112480.6171875,132750.0,132750.0,129875.0,131875.0,229
2010-11-29,111845.1171875,132000.0,136625.0,131000.0,134000.0,648
2010-11-30,113751.5625,134250.0,136500.0,132000.0,135875.0,535
2010-12-01,106443.515625,125625.0,128625.0,125000.0,128500.0,734
2010-12-02,102418.765625,120875.0,125250.0,120750.0,125250.0,508
2010-12-03,101465.5546875,119750.0,122375.0,119250.0,122250.0,349
2010-12-06,101677.3828125,120000.0,120875.0,119250.0,120375.0,202
2010-12-07,101677.3828125,120000.0,120125.0,116250.0,116500.0,618
2010-12-08,100724.1484375,118875.0,121250.0,118375.0,119500.0,347
2010-12-09,99559.09375,117500.0,119250.0,116750.0,116875.0,266
2010-12-10,97864.5078125,115500.0,117625.0,115000.0,116750.0,339
2010-12-13,97758.5625,115375.0,115500.0,113500.0,113875.0,368
2010-12-14,97546.71875,115125.0,116000.0,113500.0,114875.0,392
2010-12-15,98711.7890625,116500.0,117125.0,114000.0,115500.0,333
2010-12-16,97017.1796875,114500.0,117875.0,114125.0,116500.0,324
2010-12-17,96381.671875,113750.0,115125.0,113375.0,114500.0,228
2010-12-20,95852.109375,113125.0,114750.0,112250.0,113000.0,228
2010-12-21,93945.65625,110875.0,112375.0,110500.0,112000.0,242
2010-12-22,93098.359375,109875.0,110750.0,109500.0,110500.0,167
2010-12-23,93310.171875,110125.0,111000.0,109750.0,110250.0,145
2010-12-27,93310.171875,110125.0,111750.0,109875.0,111500.0,139
2010-12-28,93204.265625,110000.0,110750.0,109250.0,109625.0,125
2010-12-29,92780.6171875,109500.0,109625.0,108625.0,109375.0,117
2010-12-30,92992.453125,109750.0,110250.0,108875.0,109500.0,176
2010-12-31,92886.5234375,109625.0,110875.0,109375.0,110250.0,186
2011-01-03,90344.5859375,106625.0,107500.0,104875.0,107500.0,431
2011-01-04,90662.34375,107000.0,108750.0,105625.0,105625.0,410
2011-01-05,89179.53125,105250.0,108125.0,105000.0,108000.0,387
2011-01-06,89497.265625,105625.0,106625.0,104625.0,105125.0,384
2011-01-07,90132.75,106375.0,108875.0,104625.0,105375.0,402
2011-01-10,90344.5859375,106625.0,108750.0,106000.0,107750.0,297
2011-01-11,89179.53125,105250.0,106500.0,104500.0,105375.0,281
2011-01-12,86743.5078125,102375.0,104000.0,102250.0,103375.0,317
2011-01-13,87167.1796875,102875.0,103750.0,102250.0,102375.0,270
2011-01-14,85472.546875,100875.0,103500.0,100625.0,103500.0,400
2011-01-18,84837.0625,100125.0,101250.0,99875.0,101000.0,314
2011-01-19,87378.9921875,103125.0,104000.0,100000.0,100250.0,459
2011-01-20,88120.3984375,104000.0,106125.0,103125.0,103875.0,401
2011-01-21,87590.8203125,103375.0,103625.0,101250.0,102000.0,313
2011-01-24,85790.296875,101250.0,103625.0,101000.0,103500.0,286
2011-01-25,85790.296875,101250.0,103625.0,101125.0,102125.0,411
2011-01-26,84519.34375,99750.0,101000.0,99000.0,100625.0,392
2011-01-27,83989.75,99125.0,100250.0,98375.0,99750.0,260
2011-01-28,88332.2265625,104250.0,104500.0,98125.0,98625.0,828
2011-01-31,86213.9453125,101750.0,103875.0,101375.0,103375.0,327
2011-02-01,81977.390625,96750.0,100000.0,96250.0,99750.0,509
2011-02-02,82612.8828125,97500.0,97750.0,96500.0,97625.0,235
2011-02-03,81977.390625,96750.0,99500.0,96250.0,97625.0,408
2011-02-04,81235.984375,95875.0,97875.0,95750.0,96500.0,387
2011-02-07,79753.1796875,94125.0,95250.0,93000.0,95125.0,323
2011-02-08,78482.2265625,92625.0,94500.0,92500.0,93750.0,279
2011-02-09,79117.7109375,93375.0,94750.0,92500.0,93250.0,355
2011-02-10,78905.875,93125.0,95375.0,92750.0,94750.0,491
2011-02-11,77317.1796875,91250.0,94375.0,91000.0,94250.0,363
2011-02-14,76681.6875,90500.0,91750.0,90375.0,91625.0,211
2011-02-15,77423.0703125,91375.0,92125.0,91000.0,91375.0,285
2011-02-16,75940.2734375,89625.0,91000.0,89375.0,90500.0,430
2011-02-17,75304.8046875,88875.0,90625.0,88500.0,90625.0,402
2011-02-18,74987.0703125,88500.0,89375.0,88000.0,88750.0,348
2011-02-22,79647.28125,94000.0,94500.0,89750.0,91250.0,1050
2011-02-23,81235.984375,95875.0,97625.0,93250.0,94000.0,1030
2011-02-24,81257.171875,95900.0,98625.0,94750.0,96050.0,781
2011-02-25,78376.328125,92500.0,94825.0,92450.0,94725.0,571
2011-02-28,77062.9765625,90950.0,92500.0,90525.0,91425.0,462
2011-03-01,80918.2734375,95500.0,95500.0,89750.0,89925.0,547
2011-03-02,80388.703125,94875.0,96150.0,93500.0,95850.0,632
2011-03-03,76173.3046875,89900.0,92300.0,89550.0,92300.0,720
2011-03-04,77783.1796875,91800.0,93525.0,89850.0,90000.0,794
2011-03-07,79753.1796875,94125.0,95575.0,90425.0,91125.0,653
2011-03-08,77634.8984375,91625.0,94950.0,90725.0,93600.0,669
2011-03-09,78058.5703125,92125.0,93675.0,91225.0,92225.0,637
2011-03-10,82273.953125,97100.0,97375.0,94950.0,94950.0,956
2011-03-11,80621.6953125,95150.0,98325.0,94150.0,98125.0,739
2011-03-14,81977.390625,96750.0,98925.0,95875.0,97025.0,967
2011-03-15,84688.765625,99950.0,104825.0,98300.0,104575.0,1389
2011-03-16,89158.359375,105225.0,107325.0,99850.0,100775.0,1157
2011-03-17,85980.9296875,101475.0,103125.0,99900.0,100850.0,797
2011-03-18,84921.796875,100225.0,100850.0,97600.0,97725.0,1179
2011-03-21,80960.6171875,95550.0,96925.0,95000.0,96675.0,872
2011-03-22,81744.375,96475.0,96800.0,95175.0,95575.0,675
2011-03-23,81130.0859375,95750.0,98725.0,95025.0,97250.0,1033
2011-03-24,78757.59375,92950.0,95800.0,92575.0,94375.0,855
2011-03-25,77952.65625,92000.0,92850.0,90725.0,92100.0,1034
2011-03-28,78524.59375,92675.0,92775.0,90700.0,91325.0,380
2011-03-29,76893.5234375,90750.0,93825.0,90700.0,92800.0,451
2011-03-30,75283.625,88850.0,89700.0,88025.0,89375.0,535
2011-03-31,75410.71875,89000.0,89325.0,88300.0,89050.0,539
2011-04-01,74351.59375,87750.0,88375.0,86575.0,87300.0,615
2011-04-04,74139.7734375,87500.0,88225.0,86700.0,87150.0,498
2011-04-05,74097.390625,87450.0,88100.0,86250.0,87950.0,542
2011-04-06,73504.28125,86750.0,87750.0,85900.0,86150.0,779
2011-04-07,74033.84375,87375.0,88675.0,86200.0,87225.0,894
2011-04-08,74881.15625,88375.0,89475.0,86125.0,86350.0,670
2011-04-11,75643.734375,89275.0,89950.0,87275.0,88025.0,502
2011-04-12,77401.9140625,91350.0,92275.0,90275.0,90750.0,625
2011-04-13,77168.8828125,91075.0,92300.0,89750.0,90050.0,583
2011-04-14,77105.34375,91000.0,93650.0,90625.0,92775.0,685
2011-04-15,76152.1171875,89875.0,91350.0,89275.0,90550.0,653
2011-04-18,78757.59375,92950.0,95100.0,92475.0,92925.0,763
2011-04-19,77486.640625,91450.0,93200.0,91325.0,92650.0,565
2011-04-20,74097.390625,87450.0,88225.0,86975.0,88125.0,648
2011-04-21,72953.5234375,86100.0,87100.0,86025.0,86400.0,426
2011-04-25,73165.34375,86350.0,87200.0,85925.0,86275.0,341
2011-04-26,71258.8828125,84100.0,85775.0,83550.0,85500.0,600
2011-04-27,69882.0234375,82475.0,84650.0,82125.0,83575.0,579
2011-04-28,69225.34375,81700.0,82900.0,81350.0,82850.0,535
2011-04-29,68653.421875,81025.0,81900.0,80800.0,81575.0,342
2011-05-02,69077.0703125,81525.0,81925.0,79725.0,79975.0,464
2011-05-03,69945.5625,82550.0,83800.0,81600.0,82100.0,654
2011-05-04,71407.171875,84275.0,85375.0,82500.0,82725.0,1057
2011-05-05,73144.171875,86325.0,87450.0,83925.0,85725.0,1122
2011-05-06,72254.4765625,85275.0,86225.0,82450.0,83850.0,1062
2011-05-09,71174.1640625,84000.0,85500.0,83325.0,85200.0,496
2011-05-10,69310.078125,81800.0,83475.0,81400.0,83150.0,582
2011-05-11,71534.2734375,84425.0,85525.0,82125.0,82225.0,691
2011-05-12,70517.5,83225.0,86425.0,82700.0,84975.0,966
2011-05-13,72212.1328125,85225.0,86075.0,82800.0,83175.0,780
2011-05-16,73588.984375,86850.0,87275.0,84125.0,86150.0,1021
2011-05-17,73779.6640625,87075.0,89125.0,86700.0,87825.0,1008
2011-05-18,71661.3828125,84575.0,87450.0,84325.0,86875.0,671
2011-05-19,71216.5390625,84050.0,85375.0,83300.0,83750.0,653
2011-05-20,72720.515625,85825.0,86475.0,84250.0,84650.0,818
2011-05-23,75368.359375,88950.0,89825.0,88150.0,89050.0,871
2011-05-24,75601.3671875,89225.0,89750.0,87575.0,88175.0,696
2011-05-25,74732.8671875,88200.0,90350.0,87125.0,90350.0,749
2011-05-26,73652.5546875,86925.0,89325.0,86450.0,88925.0,827
2011-05-27,72635.78125,85725.0,86350.0,85050.0,86075.0,525
2011-05-31,70432.765625,83125.0,85125.0,83050.0,83475.0,713
2011-06-01,75114.1640625,88650.0,88875.0,83625.0,83775.0,928
2011-06-02,75325.96875,88900.0,90450.0,87850.0,88525.0,899
2011-06-03,77592.5390625,91575.0,92325.0,89550.0,92075.0,967
2011-06-06,80240.421875,94700.0,95000.0,91750.0,92275.0,1014
2011-06-07,80409.859375,94900.0,94900.0,92375.0,93275.0,782
2011-06-08,81405.453125,96075.0,96550.0,94375.0,95250.0,1213
2011-06-09,79689.6484375,94050.0,96000.0,92825.0,95200.0,762
2011-06-10,82994.171875,97950.0,98650.0,95050.0,95275.0,1094
2011-06-13,82994.171875,97950.0,99450.0,96500.0,97425.0,822
2011-06-14,79668.4453125,94025.0,95325.0,93025.0,95250.0,683
2011-06-15,83841.484375,98950.0,99750.0,95475.0,96400.0,1327
2011-06-16,83502.546875,98550.0,100825.0,96900.0,98825.0,1133
2011-06-17,82782.328125,97700.0,98650.0,95550.0,95550.0,770
2011-06-20,81426.6484375,96100.0,98675.0,95575.0,98575.0,777
2011-06-21,77931.4765625,91975.0,95025.0,91500.0,94625.0,1032
2011-06-22,79265.9921875,93550.0,93750.0,91200.0,92875.0,836
2011-06-23,79859.1171875,94250.0,98950.0,94175.0,96875.0,1506
2011-06-24,82612.8828125,97500.0,97925.0,94050.0,94250.0,1004
2011-06-27,80536.9609375,95050.0,98075.0,93975.0,97425.0,902
2011-06-28,77317.1796875,91250.0,94250.0,91225.0,93950.0,982
2011-06-29,75220.0859375,88775.0,91050.0,88375.0,89975.0,1252
2011-06-30,73207.7109375,86400.0,88325.0,85950.0,88050.0,1066
2011-07-01,69903.203125,82500.0,86675.0,82200.0,86250.0,1231
2011-07-05,70030.2890625,82650.0,83400.0,82125.0,82800.0,826
2011-07-06,69627.828125,82175.0,83875.0,81875.0,83200.0,881
2011-07-07,67403.6328125,79550.0,80475.0,79000.0,80000.0,894
2011-07-08,68844.0546875,81250.0,83125.0,81200.0,82325.0,1278
2011-07-11,72678.1484375,85775.0,86350.0,83475.0,84150.0,969
2011-07-12,73652.5546875,86925.0,87025.0,84375.0,86350.0,1096
2011-07-13,72953.5234375,86100.0,86600.0,83300.0,85525.0,1090
2011-07-14,74457.515625,87875.0,88450.0,84175.0,85350.0,1435
2011-07-15,73101.7890625,86275.0,88475.0,85950.0,86425.0,1017
2011-07-18,75135.3515625,88675.0,90500.0,87200.0,87575.0,1478
2011-07-19,71407.171875,84275.0,87200.0,83975.0,87200.0,1090
2011-07-20,71513.0859375,84400.0,84900.0,83275.0,83550.0,635
2011-07-21,68632.234375,81000.0,83525.0,80425.0,83000.0,1248
2011-07-22,68420.40625,80750.0,82275.0,80500.0,81025.0,850
2011-07-25,69585.4453125,82125.0,83375.0,80950.0,83075.0,976
2011-07-26,70453.953125,83150.0,83675.0,82000.0,82275.0,965
2011-07-27,74902.3359375,88400.0,88725.0,84375.0,84500.0,1437
2011-07-28,75686.09375,89325.0,89625.0,85975.0,88400.0,1548
2011-07-29,77041.7890625,90925.0,93275.0,88550.0,91925.0,2083
2011-08-01,78058.5703125,92125.0,94675.0,87200.0,87575.0,1857
2011-08-02,84138.03125,99300.0,99325.0,92525.0,94050.0,1883
2011-08-03,82761.140625,97675.0,104300.0,97425.0,98850.0,2236
2011-08-04,95025.9765625,112150.0,112500.0,101575.0,101700.0,2522
2011-08-05,96000.3828125,113300.0,122175.0,106975.0,108100.0,3513
2011-08-08,115403.828125,136200.0,136700.0,118750.0,122250.0,3159
2011-08-09,98012.7421875,115675.0,142500.0,115675.0,129100.0,3214
2011-08-10,111019.0,131025.0,131800.0,119175.0,122775.0,2164
2011-08-11,95640.28125,112875.0,129050.0,107575.0,127475.0,2546
2011-08-12,93564.3671875,110425.0,113000.0,107525.0,109450.0,1581
2011-08-15,87421.3515625,103175.0,107975.0,103000.0,107600.0,1508
2011-08-16,90026.828125,106250.0,109325.0,103200.0,106225.0,2446
2011-08-17,89815.0078125,106000.0,108650.0,101900.0,104425.0,2180
2011-08-18,101740.9296875,120075.0,123200.0,114325.0,114600.0,3087
2011-08-19,106782.4453125,126025.0,126750.0,115825.0,125025.0,2020
2011-08-22,106867.1640625,126125.0,127225.0,117600.0,118150.0,1431
2011-08-23,96106.3046875,113425.0,126675.0,113225.0,124825.0,1590
2011-08-24,92123.9296875,108725.0,114975.0,108225.0,114225.0,738
2011-08-25,96445.2265625,113825.0,114925.0,104975.0,107075.0,1466
2011-08-26,91615.546875,108125.0,120825.0,106875.0,115775.0,1832
2011-08-29,83587.2734375,98650.0,104200.0,98400.0,104000.0,1266
2011-08-30,82909.4375,97850.0,101975.0,95825.0,99850.0,1688
2011-08-31,81532.5546875,96225.0,98600.0,93150.0,95775.0,1787
2011-09-01,84434.578125,99650.0,99950.0,93650.0,96125.0,2074
2011-09-02,90980.0625,107375.0,108375.0,104100.0,105775.0,1825
2011-09-06,92822.9609375,109550.0,116850.0,109150.0,116750.0,1725
2011-09-07,84625.21875,99875.0,105500.0,99850.0,104500.0,1468
2011-09-08,87378.9921875,103125.0,103825.0,98350.0,101775.0,2002
2011-09-09,94242.234375,111225.0,112975.0,105425.0,106675.0,1632
2011-09-12,92484.03125,109150.0,116800.0,108950.0,115600.0,2299
2011-09-13,89857.3671875,106050.0,110425.0,104750.0,108200.0,2036
2011-09-14,85980.9296875,101475.0,108750.0,97625.0,104425.0,2659
2011-09-15,81596.1171875,96300.0,100975.0,96150.0,98250.0,1920
2011-09-16,80303.9453125,94775.0,97500.0,93550.0,95125.0,2202
2011-09-19,82591.6640625,97475.0,101325.0,96050.0,99525.0,2099
2011-09-20,83290.7265625,98300.0,98400.0,93525.0,96400.0,2209
2011-09-21,90852.984375,107225.0,107350.0,97250.0,98175.0,2871
2011-09-22,99537.9140625,117475.0,121950.0,113700.0,116375.0,4427
2011-09-23,97906.8359375,115550.0,120325.0,113625.0,119925.0,2100
2011-09-26,91022.4375,107425.0,117450.0,106975.0,111800.0,2152
2011-09-27,87929.75,103775.0,105500.0,97900.0,101275.0,2547
2011-09-28,93712.6484375,110600.0,110750.0,101200.0,103025.0,2245
2011-09-29,91403.7421875,107875.0,114100.0,103250.0,104650.0,2696
2011-09-30,98033.953125,115700.0,116175.0,109675.0,112400.0,2190
2011-10-03,107333.1640625,126675.0,126900.0,113650.0,118200.0,2560
2011-10-04,99940.3984375,117950.0,135350.0,117025.0,131725.0,2480
2011-10-05,93988.015625,110925.0,120125.0,110075.0,116775.0,2352
2011-10-06,88734.6953125,104725.0,113550.0,104325.0,111125.0,2130
2011-10-07,90619.9609375,106950.0,108725.0,102600.0,103000.0,2561
2011-10-10,81511.359375,96200.0,102100.0,96150.0,101375.0,1447
2011-10-11,81299.5546875,95950.0,98225.0,94975.0,98000.0,661
2011-10-12,78905.875,93125.0,94275.0,90000.0,93775.0,1296
2011-10-13,79329.5234375,93625.0,97025.0,92775.0,94975.0,1296
2011-10-14,75198.8984375,88750.0,92000.0,88725.0,90500.0,925
2011-10-17,79647.28125,94000.0,94650.0,89750.0,89825.0,1347
2011-10-18,74965.875,88475.0,96500.0,86275.0,94050.0,1594
2011-10-19,77592.5390625,91575.0,92450.0,87275.0,88675.0,1188
2011-10-20,76596.9609375,90400.0,94750.0,89475.0,90950.0,1146
2011-10-21,72190.9453125,85200.0,88000.0,84875.0,87125.0,1193
2011-10-24,69034.7109375,81475.0,84950.0,81000.0,84725.0,1075
2011-10-25,73250.09375,86450.0,86875.0,82500.0,82675.0,1274
2011-10-26,70792.8671875,83550.0,88225.0,82675.0,83550.0,1390
2011-10-27,63400.0859375,74825.0,79000.0,73250.0,76750.0,1386
2011-10-28,63400.0859375,74825.0,76350.0,74450.0,75925.0,536
2011-10-31,68060.296875,80325.0,80525.0,77175.0,77450.0,941
2011-11-01,73758.4609375,87050.0,88000.0,84175.0,87175.0,1475
2011-11-02,70072.65625,82700.0,85325.0,81750.0,83275.0,932
2011-11-03,66153.84375,78075.0,83575.0,77600.0,80000.0,1073
2011-11-04,67170.6015625,79275.0,82225.0,78850.0,79825.0,821
2011-11-07,66047.9296875,77950.0,81850.0,77775.0,79450.0,807
2011-11-08,63654.2734375,75125.0,79150.0,74850.0,76875.0,937
2011-11-09,70771.6953125,83525.0,84025.0,79425.0,80425.0,1714
2011-11-10,68992.359375,81425.0,83950.0,79925.0,80225.0,1177
2011-11-11,64988.80078125,76700.0,78500.0,75975.0,78150.0,949
2011-11-14,66704.609375,78725.0,79700.0,77125.0,77600.0,776
2011-11-15,65666.6484375,77500.0,80200.0,76325.0,79500.0,642
2011-11-16,68738.1484375,81125.0,81500.0,77000.0,79775.0,1139
2011-11-17,72127.3984375,85125.0,86725.0,81000.0,81575.0,1447
2011-11-18,72487.5,85550.0,86500.0,83800.0,84225.0,1034
2011-11-21,76342.765625,90100.0,92325.0,88750.0,89250.0,1278
2011-11-22,77232.4453125,91150.0,92725.0,89200.0,90875.0,1162
2011-11-23,82401.046875,97250.0,97350.0,93525.0,93750.0,1062
2011-11-25,82930.6171875,97875.0,98150.0,94500.0,98150.0,468
2011-11-28,75580.1875,89200.0,91525.0,88050.0,89675.0,763
2011-11-29,75092.9765625,88625.0,89575.0,86825.0,88575.0,685
2011-11-30,65772.5625,77625.0,81500.0,77200.0,80975.0,952
2011-12-01,65772.5625,77625.0,78475.0,76175.0,77850.0,585
2011-12-02,65730.203125,77575.0,77825.0,74550.0,75400.0,998
2011-12-05,63717.8203125,75200.0,76500.0,73250.0,74050.0,1209
2011-12-06,63548.35546875,75000.0,76000.0,73700.0,75250.0,1208
2011-12-07,63018.7890625,74375.0,77550.0,73550.0,76075.0,1129
2011-12-08,67234.171875,79350.0,79925.0,75400.0,75950.0,1853
2011-12-09,63781.3828125,75275.0,78525.0,74650.0,78500.0,719
2011-12-12,66598.6796875,78600.0,80450.0,77375.0,77475.0,983
2011-12-13,68611.0546875,80975.0,82175.0,76075.0,77450.0,1383
2011-12-14,70877.625,83650.0,84350.0,81200.0,82300.0,1360
2011-12-15,70178.578125,82825.0,83325.0,80800.0,81200.0,700
2011-12-16,69479.53125,82000.0,82850.0,79475.0,81100.0,591
2011-12-19,71894.375,84850.0,85425.0,80725.0,81575.0,971
2011-12-20,65391.27734375,77175.0,81075.0,76800.0,81075.0,1075
2011-12-21,64988.80078125,76700.0,79525.0,76375.0,77450.0,898
2011-12-22,63124.7109375,74500.0,76325.0,74375.0,76025.0,762
2011-12-23,61641.890625,72750.0,74400.0,72650.0,73950.0,458
2011-12-27,61493.63671875,72575.0,73300.0,71875.0,73250.0,361
2011-12-28,63739.00390625,75225.0,75575.0,72450.0,72500.0,853
2011-12-29,61853.74609375,73000.0,74825.0,72825.0,74700.0,667
2011-12-30,62552.76953125,73825.0,73925.0,72675.0,73325.0,382
2012-01-03,59671.90625,70425.0,70800.0,69025.0,69850.0,926
2012-01-04,59671.90625,70425.0,71975.0,70150.0,71300.0,646
2012-01-05,59036.4296875,69675.0,72600.0,69350.0,71525.0,682
2012-01-06,59269.42578125,69950.0,70850.0,69325.0,69400.0,510
2012-01-09,59015.25390625,69650.0,70625.0,69250.0,69550.0,526
2012-01-10,57278.2578125,67600.0,67975.0,66875.0,67325.0,493
2012-01-11,57129.96875,67425.0,68550.0,67175.0,68350.0,626
2012-01-12,56685.140625,66900.0,68450.0,66650.0,66925.0,553
2012-01-13,57299.43359375,67625.0,69675.0,67625.0,68300.0,723
2012-01-17,56960.51171875,67225.0,67650.0,65650.0,66000.0,792
2012-01-18,55032.87890625,64950.0,67600.0,64775.0,67250.0,796
2012-01-19,53973.73828125,63700.0,64725.0,63550.0,64275.0,647
2012-01-20,53931.3671875,63650.0,64550.0,63650.0,64075.0,421
2012-01-23,53931.3671875,63650.0,64525.0,62625.0,63750.0,529
2012-01-24,53910.19921875,63625.0,65050.0,63625.0,64800.0,497
2012-01-25,52448.5859375,61900.0,64625.0,61525.0,64025.0,684
2012-01-26,53295.89453125,62900.0,63600.0,60725.0,61025.0,686
2012-01-27,53359.44921875,62975.0,63975.0,62500.0,63850.0,478
2012-01-30,53804.28515625,63500.0,65375.0,63375.0,64625.0,464
2012-01-31,53931.3671875,63650.0,64750.0,62250.0,62500.0,623
2012-02-01,52279.1171875,61700.0,62400.0,60850.0,62225.0,648
2012-02-02,52088.47265625,61475.0,62075.0,60875.0,61450.0,431
2012-02-03,49779.546875,58750.0,59825.0,58625.0,59550.0,750
2012-02-06,49843.09375,58825.0,59700.0,58750.0,59500.0,366
2012-02-07,49482.9921875,58400.0,59850.0,58125.0,59225.0,643
2012-02-08,49059.33984375,57900.0,59050.0,57775.0,58275.0,523
2012-02-09,48847.51171875,57650.0,58725.0,57400.0,57650.0,476
2012-02-10,49885.48046875,58875.0,59625.0,58775.0,59225.0,497
2012-02-13,48868.69140625,57675.0,58475.0,57450.0,57725.0,442
2012-02-14,48995.77734375,57825.0,59000.0,57750.0,58050.0,449
2012-02-15,49652.45703125,58600.0,58925.0,56950.0,57300.0,818
2012-02-16,47873.10546875,56500.0,58750.0,56375.0,58600.0,704
2012-02-17,47682.453125,56275.0,56700.0,55875.0,55925.0,392
2012-02-21,47555.359375,56125.0,56725.0,55425.0,55850.0,590
2012-02-22,48106.10546875,56775.0,57025.0,56050.0,56525.0,388
2012-02-23,47343.52734375,55875.0,57400.0,55825.0,56825.0,517
2012-02-24,47068.15625,55550.0,55875.0,55200.0,55600.0,429
2012-02-27,46835.14453125,55275.0,56975.0,54875.0,56550.0,660
2012-02-28,46517.39453125,54900.0,55600.0,54725.0,55325.0,548
2012-02-29,47491.81640625,56050.0,56050.0,54125.0,54650.0,845
2012-03-01,46263.203125,54600.0,55350.0,54300.0,55150.0,712
2012-03-02,46750.40625,55175.0,55575.0,54475.0,54750.0,447
2012-03-05,47322.359375,55850.0,56500.0,55325.0,55550.0,482
2012-03-06,49567.72265625,58500.0,58925.0,57600.0,57650.0,901
2012-03-07,48445.02734375,57175.0,58175.0,56850.0,58000.0,695
2012-03-08,46941.06640625,55400.0,56500.0,55050.0,56050.0,657
2012-03-09,46305.57421875,54650.0,55275.0,54250.0,55125.0,596
2012-03-12,46347.9375,54700.0,55275.0,54450.0,54700.0,411
2012-03-13,43806.00390625,51700.0,54125.0,51700.0,53900.0,849
2012-03-14,44039.0078125,51975.0,52475.0,51350.0,51675.0,568
2012-03-15,43318.79296875,51125.0,52150.0,50975.0,51700.0,531
2012-03-16,43106.97265625,50875.0,51175.0,50650.0,50750.0,409
2012-03-19,42619.765625,50300.0,51075.0,49800.0,50900.0,595
2012-03-20,43043.4296875,50800.0,51650.0,50600.0,51175.0,523
2012-03-21,43191.703125,50975.0,51325.0,50525.0,50650.0,507
2012-03-22,44166.11328125,52125.0,52650.0,51725.0,52050.0,822
2012-03-23,43700.08984375,51575.0,52900.0,51375.0,52000.0,480
2012-03-26,41899.5546875,49450.0,50475.0,49450.0,50400.0,458
2012-03-27,42302.0234375,49925.0,49975.0,49200.0,49275.0,526
2012-03-28,42937.515625,50675.0,51525.0,49725.0,49925.0,661
2012-03-29,43128.1484375,50900.0,52175.0,50675.0,51575.0,522
2012-03-30,42704.5078125,50400.0,51100.0,50000.0,50025.0,413
2012-04-02,41708.90625,49225.0,50750.0,48800.0,50500.0,595
2012-04-03,42090.203125,49675.0,50575.0,49100.0,49400.0,809
2012-04-04,43467.0703125,51300.0,51750.0,50725.0,50850.0,741
2012-04-05,43509.44140625,51350.0,51850.0,50850.0,51750.0,399
2012-04-09,44949.8828125,53050.0,53525.0,52475.0,53225.0,691
2012-04-10,47301.16015625,55825.0,56000.0,52925.0,53400.0,1085
2012-04-11,46220.84765625,54550.0,54725.0,53775.0,54075.0,522
2012-04-12,44250.83984375,52225.0,54350.0,52050.0,54350.0,1022
2012-04-13,45754.82421875,54000.0,54125.0,52600.0,52600.0,753
2012-04-16,45945.45703125,54225.0,54750.0,52950.0,53150.0,737
2012-04-17,43827.18359375,51725.0,53300.0,51400.0,53150.0,806
2012-04-18,44272.02734375,52250.0,52525.0,51750.0,52350.0,613
2012-04-19,45013.4140625,53125.0,53875.0,51500.0,52225.0,840
2012-04-20,44865.14453125,52950.0,52975.0,51875.0,52450.0,601
2012-04-23,46030.1953125,54325.0,55350.0,54175.0,54475.0,736
2012-04-24,45564.171875,53775.0,54300.0,53275.0,54200.0,582
2012-04-25,43572.99609375,51425.0,52275.0,51425.0,52175.0,764
2012-04-26,42640.9453125,50325.0,51875.0,50150.0,51750.0,853
2012-04-27,42386.76171875,50025.0,50725.0,49625.0,49950.0,575
2012-04-30,42937.515625,50675.0,51000.0,50225.0,50375.0,424
2012-05-01,42153.74609375,49750.0,50825.0,48675.0,50625.0,827
2012-05-02,42450.3125,50100.0,51025.0,49925.0,50625.0,617
2012-05-03,43509.44140625,51350.0,51625.0,49975.0,50025.0,691
2012-05-04,45585.359375,53800.0,53950.0,52075.0,52125.0,1073
2012-05-07,45479.4453125,53675.0,54500.0,53200.0,54450.0,607
2012-05-08,46051.375,54350.0,56350.0,54125.0,54650.0,828
2012-05-09,46813.953125,55250.0,56875.0,54275.0,56125.0,1058
2012-05-10,46559.76953125,54950.0,55300.0,53950.0,54000.0,710
2012-05-11,46919.87109375,55375.0,56050.0,53900.0,56000.0,597
2012-05-14,48423.8515625,57150.0,57500.0,56125.0,56875.0,1071
2012-05-15,49334.71484375,58225.0,58500.0,56375.0,57375.0,1472
2012-05-16,49885.48046875,58875.0,58950.0,56650.0,57400.0,1460
2012-05-17,52363.84765625,61800.0,61925.0,58700.0,58925.0,1599
2012-05-18,53655.9921875,63325.0,63750.0,60750.0,61075.0,1193
2012-05-21,50859.875,60025.0,63225.0,60000.0,62975.0,921
2012-05-22,50648.04296875,59775.0,60875.0,58325.0,59650.0,829
2012-05-23,50436.21484375,59525.0,62750.0,59300.0,61025.0,1328
2012-05-24,50182.02734375,59225.0,60700.0,58775.0,59000.0,996
2012-05-25,50542.1328125,59650.0,60125.0,58825.0,59250.0,662
2012-05-29,48783.9609375,57575.0,58850.0,57225.0,58300.0,738
2012-05-30,50923.42578125,60100.0,60500.0,58975.0,59075.0,792
2012-05-31,51304.71484375,60550.0,62225.0,59300.0,60275.0,1194
2012-06-01,55308.26171875,65275.0,65275.0,62950.0,63400.0,1338
2012-06-04,55477.7265625,65475.0,67075.0,64375.0,65000.0,1231
2012-06-05,54206.75390625,63975.0,66000.0,63650.0,65975.0,863
2012-06-06,50457.40234375,59550.0,62625.0,59550.0,62550.0,1010
2012-06-07,50499.76953125,59600.0,59900.0,57425.0,57675.0,1231
2012-06-08,49249.9765625,58125.0,60700.0,58125.0,59950.0,1019
2012-06-11,51283.52734375,60525.0,60675.0,56600.0,56675.0,1217
2012-06-12,49504.17578125,58425.0,60875.0,58375.0,59975.0,1196
2012-06-13,50563.3046875,59675.0,60250.0,57925.0,59025.0,988
2012-06-14,48995.77734375,57825.0,59825.0,57150.0,59375.0,1335
2012-06-15,47597.72265625,56175.0,57475.0,55975.0,57125.0,1081
2012-06-18,47110.5234375,55600.0,57150.0,55250.0,56775.0,1015
2012-06-19,45733.63671875,53975.0,54950.0,53325.0,54775.0,944
2012-06-20,45945.45703125,54225.0,55400.0,53475.0,53900.0,1279
2012-06-21,49038.15234375,57875.0,58000.0,53875.0,54075.0,1119
2012-06-22,48042.5625,56700.0,57700.0,56300.0,57025.0,898
2012-06-25,50372.66796875,59450.0,60000.0,58300.0,58450.0,809
2012-06-26,49504.17578125,58425.0,59900.0,57875.0,58875.0,908
2012-06-27,48233.2109375,56925.0,58050.0,56525.0,57900.0,650
2012-06-28,48423.8515625,57150.0,59250.0,57050.0,58125.0,787
2012-06-29,44886.3203125,52975.0,54675.0,52950.0,54225.0,427
2012-07-02,44547.41015625,52575.0,53700.0,52375.0,52550.0,275
2012-07-03,43721.26953125,51600.0,52725.0,51425.0,52525.0,237
2012-07-05,44250.83984375,52225.0,52750.0,51525.0,52000.0,261
2012-07-06,45437.078125,53625.0,54425.0,53375.0,53675.0,316
2012-07-09,45670.0859375,53900.0,54625.0,53600.0,53800.0,345
2012-07-10,46813.953125,55250.0,55825.0,52825.0,53050.0,454
2012-07-11,46708.046875,55125.0,56225.0,54725.0,55225.0,763
2012-07-12,47407.07421875,55950.0,57150.0,55300.0,56250.0,492
2012-07-13,45119.34375,53250.0,55550.0,53075.0,55550.0,504
2012-07-16,45394.70703125,53575.0,54175.0,53125.0,53650.0,380
2012-07-17,44420.30078125,52425.0,54650.0,52150.0,52900.0,517
2012-07-18,43467.0703125,51300.0,52950.0,51025.0,52850.0,451
2012-07-19,43170.51953125,50950.0,51500.0,50400.0,51025.0,494
2012-07-20,44272.02734375,52250.0,52475.0,51550.0,51775.0,467
2012-07-23,45627.7265625,53850.0,55300.0,53475.0,54600.0,628
2012-07-24,46792.77734375,55225.0,56325.0,53725.0,53725.0,794
2012-07-25,46835.14453125,55275.0,56100.0,54475.0,54900.0,771
2012-07-26,44547.41015625,52575.0,53600.0,52150.0,52825.0,932
2012-07-27,41899.5546875,49450.0,51950.0,49150.0,51700.0,1188
2012-07-30,42026.64453125,49600.0,50025.0,48900.0,49725.0,596
2012-07-31,42831.6015625,50550.0,50550.0,49375.0,49800.0,480
2012-08-01,42916.32421875,50650.0,51000.0,49500.0,49600.0,600
2012-08-02,43848.375,51750.0,52900.0,50750.0,51925.0,742
2012-08-03,41285.2578125,48725.0,49675.0,48375.0,49600.0,974
2012-08-06,41073.43359375,48475.0,48500.0,47875.0,48350.0,580
2012-08-07,40437.94140625,47725.0,47875.0,47100.0,47875.0,755
2012-08-08,40226.11328125,47475.0,48225.0,47350.0,48225.0,582
2012-08-09,40204.9296875,47450.0,47875.0,47125.0,47725.0,351
2012-08-10,39950.73828125,47150.0,48175.0,47100.0,47950.0,453
2012-08-13,39993.09765625,47200.0,47950.0,47175.0,47350.0,363
2012-08-14,40035.46484375,47250.0,47600.0,46600.0,46725.0,586
2012-08-15,39844.82421875,47025.0,47425.0,46800.0,47325.0,424
2012-08-16,39039.87109375,46075.0,47175.0,45800.0,46875.0,777
2012-08-17,38806.8671875,45800.0,46100.0,45675.0,45750.0,415
2012-08-20,38743.3203125,45725.0,46350.0,45725.0,46000.0,400
2012-08-21,39145.7890625,46200.0,46475.0,44925.0,45425.0,598
2012-08-22,39124.6171875,46175.0,46850.0,45925.0,46550.0,690
2012-08-23,40014.28515625,47225.0,47500.0,46450.0,46500.0,582
2012-08-24,39272.88671875,46350.0,47725.0,46100.0,47625.0,620
2012-08-27,39315.25390625,46400.0,46575.0,45825.0,46050.0,309
2012-08-28,39421.1640625,46525.0,46900.0,46075.0,46750.0,506
2012-08-29,39315.25390625,46400.0,46775.0,46025.0,46375.0,290
2012-08-30,40204.9296875,47450.0,47675.0,46950.0,46975.0,511
2012-08-31,39548.26953125,46675.0,47500.0,46025.0,46575.0,797
2012-09-04,39781.27734375,46950.0,47700.0,46425.0,46775.0,314
2012-09-05,39781.27734375,46950.0,47225.0,46375.0,46800.0,320
2012-09-06,37366.43359375,44100.0,46125.0,44075.0,46125.0,988
2012-09-07,36858.05078125,43500.0,43950.0,43500.0,43850.0,453
2012-09-10,37557.08203125,44325.0,44325.0,43450.0,43725.0,459
2012-09-11,37218.1640625,43925.0,44225.0,43475.0,44175.0,612
2012-09-12,36836.875,43475.0,43925.0,43325.0,43450.0,440
2012-09-13,35078.69921875,41400.0,43675.0,41075.0,43500.0,1100
2012-09-14,34655.0390625,40900.0,41300.0,40175.0,41175.0,922
2012-09-17,34930.4140625,41225.0,41625.0,40950.0,41175.0,433
2012-09-18,35015.14453125,41325.0,41750.0,41300.0,41525.0,463
2012-09-19,35015.14453125,41325.0,41575.0,40950.0,41325.0,425
2012-09-20,35036.328125,41350.0,42250.0,41250.0,41900.0,675
2012-09-21,35078.69921875,41400.0,41425.0,40700.0,40750.0,456
2012-09-24,35269.34765625,41625.0,42075.0,41300.0,42000.0,562
2012-09-25,36264.92578125,42800.0,42925.0,41075.0,41300.0,669
2012-09-26,36942.78515625,43600.0,43925.0,42900.0,42925.0,893
2012-09-27,35862.4609375,42325.0,43400.0,42100.0,43050.0,652
2012-09-28,36392.03125,42950.0,43400.0,42450.0,42850.0,854
2012-10-01,36116.64453125,42625.0,42900.0,41450.0,42500.0,553
2012-10-02,35989.55859375,42475.0,43075.0,41900.0,42125.0,651
2012-10-03,35565.89453125,41975.0,42800.0,41675.0,42150.0,704
2012-10-04,34739.765625,41000.0,41650.0,40900.0,41500.0,613
2012-10-05,34803.3203125,41075.0,41400.0,40175.0,40425.0,794
2012-10-08,35163.4296875,41500.0,41750.0,41275.0,41550.0,369
2012-10-09,36116.64453125,42625.0,42725.0,41450.0,41500.0,886
2012-10-10,36858.05078125,43500.0,43650.0,42600.0,42725.0,991
2012-10-11,36752.140625,43375.0,43425.0,42400.0,42600.0,654
2012-10-12,37133.421875,43825.0,44125.0,42900.0,43325.0,890
2012-10-15,36243.75,42775.0,43925.0,42625.0,43500.0,724
2012-10-16,35078.69921875,41400.0,42250.0,41350.0,42175.0,797
2012-10-17,34633.86328125,40875.0,41550.0,40775.0,41375.0,633
2012-10-18,34888.05859375,41175.0,41600.0,40625.0,41200.0,824
2012-10-19,36667.41015625,43275.0,43525.0,41450.0,41450.0,1316
2012-10-22,36625.046875,43225.0,44275.0,43000.0,43450.0,1088
2012-10-23,38213.74609375,45100.0,45550.0,44450.0,44650.0,1254
2012-10-24,38467.94140625,45400.0,45600.0,44375.0,44525.0,872
2012-10-25,38129.0234375,45000.0,45825.0,44200.0,44425.0,1014
2012-10-26,38234.9375,45125.0,45975.0,44625.0,45125.0,1016
2012-10-31,38298.48046875,45200.0,45725.0,44425.0,44625.0,660
2012-11-01,36985.14453125,43650.0,44900.0,43475.0,44750.0,641
2012-11-02,37959.55078125,44800.0,44925.0,42825.0,42825.0,622
2012-11-05,37662.984375,44450.0,45375.0,44225.0,45000.0,649
2012-11-06,36879.23046875,43525.0,44275.0,42975.0,44125.0,750
2012-11-07,39378.796875,46475.0,47000.0,44675.0,44675.0,1717
2012-11-08,40798.05859375,48150.0,48150.0,45750.0,46425.0,922
2012-11-09,40713.32421875,48050.0,48600.0,46625.0,48500.0,1297
2012-11-12,40565.04296875,47875.0,48150.0,47275.0,47500.0,439
2012-11-13,40946.33203125,48325.0,48800.0,46825.0,48600.0,820
2012-11-14,42640.9453125,50325.0,50625.0,47675.0,47850.0,1104
2012-11-15,42831.6015625,50550.0,51150.0,49700.0,50250.0,1014
2012-11-16,42280.8359375,49900.0,51650.0,49500.0,50325.0,964
2012-11-19,39675.35546875,46825.0,48175.0,46775.0,48150.0,1141
2012-11-20,39611.8203125,46750.0,47800.0,46475.0,47025.0,748
2012-11-21,39357.6171875,46450.0,46875.0,46350.0,46575.0,399
2012-11-23,37811.28125,44625.0,45850.0,44525.0,45725.0,612
2012-11-26,37874.81640625,44700.0,45650.0,44700.0,45225.0,604
2012-11-27,38510.30859375,45450.0,45625.0,44500.0,44950.0,729
2012-11-28,37620.6328125,44400.0,46800.0,44375.0,46100.0,1340
2012-11-29,37069.88671875,43750.0,44475.0,42225.0,43850.0,872
2012-11-30,37175.796875,43875.0,44225.0,43500.0,43775.0,627
2012-12-03,37662.984375,44450.0,44525.0,43050.0,43125.0,738
2012-12-04,37811.28125,44625.0,44975.0,44050.0,44425.0,702
2012-12-05,37620.6328125,44400.0,45425.0,43725.0,44525.0,814
2012-12-06,37239.3359375,43950.0,44650.0,43850.0,44500.0,576
2012-12-07,36836.875,43475.0,44150.0,43225.0,43350.0,653
2012-12-10,36773.32421875,43400.0,43700.0,43125.0,43600.0,474
2012-12-11,36095.47265625,42600.0,42925.0,41950.0,42850.0,859
2012-12-12,35968.37109375,42450.0,42650.0,41550.0,42025.0,872
2012-12-13,36603.85546875,43200.0,43550.0,42200.0,42550.0,760
2012-12-14,37048.6953125,43725.0,43950.0,43275.0,43550.0,853
2012-12-17,35692.99609375,42125.0,43425.0,42100.0,43375.0,855
2012-12-18,34506.7578125,40725.0,42150.0,40650.0,41950.0,861
2012-12-19,35269.34765625,41625.0,41675.0,40575.0,40575.0,798
2012-12-20,34676.2265625,40925.0,41950.0,40925.0,41600.0,687
2012-12-21,35587.08203125,42000.0,42775.0,41800.0,42600.0,1087
2012-12-24,35989.55859375,42475.0,42575.0,42250.0,42325.0,397
2012-12-26,36413.21484375,42975.0,43325.0,42125.0,42200.0,726
2012-12-27,36519.12109375,43100.0,44650.0,42700.0,42900.0,1449
2012-12-28,37811.28125,44625.0,44625.0,43275.0,43950.0,1087
2012-12-31,35820.08984375,42275.0,44950.0,42125.0,44850.0,2851
2013-01-02,33129.87890625,39100.0,40250.0,39000.0,39875.0,1646
2013-01-03,33256.97265625,39250.0,39575.0,38775.0,39100.0,1014
2013-01-04,32769.7734375,38675.0,39325.0,38550.0,39100.0,941
2013-01-07,33129.87890625,39100.0,39475.0,38975.0,39175.0,560
2013-01-08,33362.89453125,39375.0,39850.0,39125.0,39250.0,665
2013-01-09,33108.703125,39075.0,39300.0,38775.0,39150.0,562
2013-01-10,32367.294921875,38200.0,39050.0,38150.0,38450.0,754
2013-01-11,32303.75390625,38125.0,38525.0,38125.0,38150.0,420
2013-01-14,32430.845703125,38275.0,38675.0,38175.0,38300.0,411
2013-01-15,32346.11328125,38175.0,38850.0,38050.0,38800.0,657
2013-01-16,32346.11328125,38175.0,38525.0,38000.0,38400.0,475
2013-01-17,31731.81640625,37450.0,37975.0,37100.0,37675.0,1028
2013-01-18,31498.806640625,37175.0,37850.0,37075.0,37450.0,663
2013-01-22,31011.595703125,36600.0,37425.0,36600.0,37150.0,591
2013-01-23,30863.3203125,36425.0,36775.0,36300.0,36550.0,608
2013-01-24,30842.142578125,36400.0,36650.0,35850.0,36575.0,966
2013-01-25,30333.755859375,35800.0,36325.0,35775.0,36000.0,653
2013-01-28,30418.482421875,35900.0,36275.0,35700.0,35700.0,689
2013-01-29,30058.373046875,35475.0,36125.0,35325.0,36100.0,982
2013-01-30,30354.935546875,35825.0,35950.0,35275.0,35475.0,1131
2013-01-31,30587.947265625,36100.0,36200.0,35625.0,36000.0,1041
2013-02-01,29677.080078125,35025.0,35625.0,34875.0,35425.0,1187
2013-02-04,30651.48828125,36175.0,36250.0,35450.0,35625.0,1063
2013-02-05,29783.0,35150.0,35625.0,34775.0,35550.0,1117
2013-02-06,29677.080078125,35025.0,35500.0,34950.0,35450.0,924
2013-02-07,29740.640625,35100.0,35900.0,34875.0,34975.0,1094
2013-02-08,29295.7890625,34575.0,34950.0,34475.0,34950.0,821
2013-02-11,29295.7890625,34575.0,34825.0,34500.0,34600.0,611
2013-02-12,29147.521484375,34400.0,34675.0,34200.0,34575.0,533
2013-02-13,29083.9609375,34325.0,34600.0,34000.0,34200.0,653
2013-02-14,28978.056640625,34200.0,34725.0,34075.0,34625.0,678
2013-02-15,29083.9609375,34325.0,34700.0,34000.0,34125.0,671
2013-02-19,28469.662109375,33600.0,34150.0,33525.0,34150.0,685
2013-02-20,29528.806640625,34850.0,34850.0,33600.0,33650.0,1153
2013-02-21,29994.828125,35400.0,35750.0,35075.0,35075.0,1606
2013-02-22,29126.33203125,34375.0,35200.0,34375.0,34900.0,985
2013-02-25,30799.7734375,36350.0,36350.0,33750.0,33900.0,1888
2013-02-26,30143.107421875,35575.0,36550.0,35475.0,35850.0,2465
2013-02-27,29062.783203125,34300.0,35775.0,33950.0,35725.0,1706
2013-02-28,29253.423828125,34525.0,34550.0,33625.0,34300.0,1449
2013-03-01,28935.685546875,34150.0,35275.0,33950.0,34825.0,1894
2013-03-04,28469.662109375,33600.0,34525.0,33600.0,34375.0,1237
2013-03-05,27685.90234375,32675.0,33100.0,32400.0,33100.0,1752
2013-03-06,27537.625,32500.0,32750.0,32275.0,32325.0,1112
2013-03-07,27389.34375,32325.0,32525.0,32225.0,32400.0,753
2013-03-08,27050.416015625,31925.0,32425.0,31800.0,31950.0,1285
2013-03-11,26753.859375,31575.0,32125.0,31575.0,32000.0,553
2013-03-12,26880.953125,31725.0,32075.0,31525.0,31650.0,850
2013-03-13,26817.412109375,31650.0,32025.0,31500.0,31725.0,1044
2013-03-14,26393.748046875,31150.0,31450.0,31100.0,31375.0,809
2013-03-15,26499.666015625,31275.0,31550.0,31125.0,31225.0,838
2013-03-18,26880.953125,31725.0,32200.0,31350.0,32175.0,1174
2013-03-19,27071.603515625,31950.0,32600.0,31425.0,31525.0,1283
2013-03-20,26542.03125,31325.0,31575.0,31175.0,31400.0,927
2013-03-21,27198.69921875,32100.0,32300.0,31550.0,31900.0,888
2013-03-22,26584.400390625,31375.0,31900.0,31350.0,31825.0,794
2013-03-25,26859.775390625,31700.0,32075.0,30925.0,31075.0,1207
2013-03-26,26245.470703125,30975.0,31425.0,30950.0,31350.0,895
2013-03-27,26266.658203125,31000.0,31675.0,30950.0,31525.0,1017
2013-03-28,26097.1953125,30800.0,31150.0,30600.0,31000.0,993
2013-04-01,26287.837890625,31025.0,31275.0,30525.0,30750.0,811
2013-04-02,25906.546875,30575.0,30825.0,30350.0,30725.0,1043
2013-04-03,26711.49609375,31525.0,31725.0,30450.0,30525.0,1520
2013-04-04,26393.748046875,31150.0,31575.0,30950.0,31400.0,1256
2013-04-05,26711.49609375,31525.0,32375.0,31450.0,32275.0,1532
2013-04-08,26181.923828125,30900.0,31775.0,30900.0,31475.0,842
2013-04-09,25885.369140625,30550.0,31050.0,30225.0,30700.0,981
2013-04-10,24932.140625,29425.0,30350.0,29350.0,30325.0,1890
2013-04-11,24699.12890625,29150.0,29500.0,28875.0,29450.0,1102
2013-04-12,24847.408203125,29325.0,29850.0,29250.0,29450.0,6330
2013-04-15,26542.03125,31325.0,31400.0,29725.0,29825.0,2266
2013-04-16,25440.529296875,30025.0,30900.0,29950.0,30650.0,1176
2013-04-17,26563.212890625,31350.0,31800.0,30625.0,30650.0,1800
2013-04-18,27050.416015625,31925.0,32250.0,31150.0,31150.0,1392
2013-04-19,26330.20703125,31075.0,31900.0,31025.0,31675.0,995
2013-04-22,25991.28125,30675.0,31500.0,30450.0,30925.0,857
2013-04-23,25186.333984375,29725.0,30650.0,29625.0,30200.0,2154
2013-04-24,25143.966796875,29675.0,29825.0,29425.0,29650.0,753
2013-04-25,24826.228515625,29300.0,29525.0,28875.0,29425.0,871
2013-04-26,24953.32421875,29450.0,29725.0,29250.0,29425.0,549
2013-04-29,24487.30078125,28900.0,29350.0,28650.0,29200.0,1298
2013-04-30,24317.83984375,28700.0,29225.0,28625.0,28850.0,1067
2013-05-01,24910.958984375,29400.0,29500.0,28775.0,28850.0,1167
2013-05-02,24254.294921875,28625.0,29225.0,28500.0,29150.0,830
2013-05-03,23491.712890625,27725.0,27875.0,27425.0,27825.0,1411
2013-05-06,23301.06640625,27500.0,27675.0,27350.0,27625.0,762
2013-05-07,22940.958984375,27075.0,27550.0,27025.0,27300.0,865
2013-05-08,22623.21875,26700.0,27200.0,26675.0,27200.0,959
2013-05-09,22771.5,26875.0,27125.0,26500.0,26750.0,756
2013-05-10,22559.671875,26625.0,27100.0,26600.0,26850.0,568
2013-05-13,22496.12109375,26550.0,26925.0,26450.0,26750.0,836
2013-05-14,21818.26953125,25750.0,26525.0,25700.0,26525.0,1051
2013-05-15,21458.162109375,25325.0,25900.0,25175.0,25875.0,914
2013-05-16,21797.087890625,25725.0,25775.0,25225.0,25475.0,1158
2013-05-17,21119.23828125,24925.0,25475.0,24875.0,25400.0,1006
2013-05-20,21076.873046875,24875.0,25075.0,24625.0,25025.0,941
2013-05-21,21034.5078125,24825.0,25125.0,24525.0,24850.0,935
2013-05-22,21500.53125,25375.0,25700.0,23975.0,24750.0,2464
2013-05-23,21606.44140625,25500.0,26300.0,25375.0,26175.0,1662
2013-05-24,21733.53515625,25650.0,26275.0,25650.0,26075.0,968
2013-05-28,21373.4375,25225.0,25425.0,24500.0,24825.0,1297
2013-05-29,21754.720703125,25675.0,26075.0,25425.0,25600.0,1202
2013-05-30,21521.71484375,25400.0,25700.0,25050.0,25625.0,788
2013-05-31,22453.751953125,26500.0,26575.0,25175.0,25625.0,1374
2013-06-03,22051.283203125,26025.0,26875.0,26000.0,26300.0,1693
2013-06-04,22411.388671875,26450.0,26825.0,25675.0,26025.0,1783
2013-06-05,23364.615234375,27575.0,27600.0,26500.0,26650.0,2377
2013-06-06,22729.126953125,26825.0,28050.0,26800.0,27575.0,1868
2013-06-07,21860.634765625,25800.0,26575.0,25700.0,26175.0,1853
2013-06-10,21839.45703125,25775.0,25950.0,25475.0,25525.0,1318
2013-06-11,22496.12109375,26550.0,26725.0,25875.0,26475.0,2689
2013-06-12,23046.87109375,27200.0,27300.0,25925.0,26000.0,1992
2013-06-13,22030.099609375,26000.0,27450.0,25825.0,27275.0,2074
2013-06-14,22390.20703125,26425.0,26600.0,25750.0,26075.0,2419
2013-06-17,21903.001953125,25850.0,26250.0,25475.0,25900.0,2207
2013-06-18,21394.61328125,25250.0,25800.0,25125.0,25775.0,1751
2013-06-19,22199.560546875,26200.0,26300.0,25150.0,25300.0,2745
2013-06-20,23915.3671875,28225.0,28425.0,26925.0,27050.0,3469
2013-06-21,23682.35546875,27950.0,28825.0,27575.0,27650.0,2689
2013-06-24,24593.216796875,29025.0,29700.0,28300.0,28850.0,4535
2013-06-25,23851.818359375,28150.0,28775.0,27850.0,28175.0,1867
2013-06-26,23173.96875,27350.0,27800.0,27175.0,27500.0,1949
2013-06-27,22771.5,26875.0,26925.0,26500.0,26825.0,1702
2013-06-28,23173.96875,27350.0,27450.0,26675.0,27100.0,2471
2013-07-01,22623.21875,26700.0,26850.0,26125.0,26725.0,1842
2013-07-02,22707.953125,26800.0,27125.0,26225.0,26850.0,1780
2013-07-03,22623.21875,26700.0,27300.0,26500.0,27150.0,1440
2013-07-05,21924.1875,25875.0,26725.0,25825.0,26125.0,1870
2013-07-08,21585.259765625,25475.0,25625.0,25200.0,25475.0,1006
2013-07-09,21119.23828125,24925.0,25275.0,24775.0,24975.0,1250
2013-07-10,21055.69140625,24850.0,25100.0,24625.0,24950.0,1390
2013-07-11,20187.1953125,23825.0,24225.0,23750.0,24000.0,1521
2013-07-12,20166.009765625,23800.0,23950.0,23650.0,23825.0,726
2013-07-15,19911.8203125,23500.0,23725.0,23425.0,23575.0,1013
2013-07-16,20144.83203125,23775.0,23975.0,23450.0,23475.0,892
2013-07-17,19996.548828125,23600.0,23700.0,23375.0,23500.0,894
2013-07-18,19657.626953125,23200.0,23500.0,23050.0,23450.0,1059
2013-07-19,19551.712890625,23075.0,23450.0,23075.0,23375.0,1101
2013-07-22,19445.794921875,22950.0,23150.0,22850.0,23000.0,661
2013-07-23,19572.89453125,23100.0,23150.0,22825.0,22825.0,547
2013-07-24,19763.537109375,23325.0,23500.0,22800.0,22825.0,915
2013-07-25,19636.443359375,23175.0,23600.0,23125.0,23475.0,1292
2013-07-26,19572.89453125,23100.0,23750.0,23075.0,23475.0,1326
2013-07-29,19763.537109375,23325.0,23500.0,23125.0,23275.0,910
2013-07-30,19742.35546875,23300.0,23475.0,23050.0,23075.0,784
2013-07-31,19699.990234375,23250.0,23350.0,22775.0,23175.0,1480
2013-08-01,19043.326171875,22475.0,22750.0,22375.0,22750.0,1326
2013-08-02,18937.408203125,22350.0,22675.0,22325.0,22600.0,591
2013-08-05,18958.59375,22375.0,22550.0,22325.0,22450.0,631
2013-08-06,19297.521484375,22775.0,22950.0,22500.0,22550.0,864
2013-08-07,19488.1640625,23000.0,23275.0,22925.0,23000.0,1024
2013-08-08,19297.521484375,22775.0,23125.0,22625.0,22700.0,951
2013-08-09,19445.794921875,22950.0,23200.0,22650.0,22850.0,997
2013-08-12,19530.529296875,23050.0,23350.0,22950.0,23325.0,733
2013-08-13,19339.88671875,22825.0,23325.0,22725.0,22925.0,856
2013-08-14,19636.443359375,23175.0,23200.0,22775.0,22850.0,1107
2013-08-15,20504.9375,24200.0,24300.0,23750.0,23775.0,1687
2013-08-16,20632.029296875,24350.0,24550.0,24050.0,24300.0,1295
2013-08-19,21055.69140625,24850.0,24850.0,24225.0,24500.0,354
2013-08-20,20767.6015625,24510.0,24825.0,24225.0,24745.0,2145
2013-08-21,21127.71484375,24935.0,25100.0,24305.0,24705.0,2806
2013-08-22,20585.431640625,24295.0,24800.0,24175.0,24790.0,1988
2013-08-23,20356.662109375,24025.0,24395.0,23935.0,24060.0,1674
2013-08-26,20589.66796875,24300.0,24335.0,23730.0,23940.0,2653
2013-08-27,21589.49609375,25480.0,25515.0,24740.0,25020.0,3161
2013-08-28,21369.189453125,25220.0,25600.0,24925.0,25495.0,2484
2013-08-29,21242.099609375,25070.0,25425.0,24675.0,25370.0,1751
2013-08-30,21458.162109375,25325.0,25530.0,24920.0,24920.0,5273
2013-09-03,21170.080078125,24985.0,25280.0,24415.0,24575.0,5453
2013-09-04,20627.798828125,24345.0,25080.0,24220.0,24940.0,6166
2013-09-05,20598.142578125,24310.0,24350.0,24060.0,24290.0,1833
2013-09-06,20547.3046875,24250.0,24890.0,23800.0,24010.0,2920
2013-09-09,19907.58203125,23495.0,24020.0,23470.0,24010.0,2223
2013-09-10,19488.1640625,23000.0,23240.0,22975.0,23090.0,2618
2013-09-11,19289.044921875,22765.0,23200.0,22765.0,23080.0,2649
2013-09-12,19420.376953125,22920.0,23035.0,22705.0,22780.0,2425
2013-09-13,19310.23046875,22790.0,23025.0,22740.0,22870.0,1122
2013-09-16,18962.830078125,22380.0,22500.0,22015.0,22045.0,2076
2013-09-17,18717.109375,22090.0,22325.0,22080.0,22325.0,1408
2013-09-18,18047.736328125,21300.0,22280.0,21130.0,22110.0,4553
2013-09-19,18128.23046875,21395.0,21485.0,21115.0,21150.0,2998
2013-09-20,18556.125,21900.0,21915.0,21275.0,21275.0,3595
2013-09-23,18763.712890625,22145.0,22375.0,21900.0,21965.0,4507
2013-09-24,18890.8125,22295.0,22445.0,21935.0,22185.0,3406
2013-09-25,19051.794921875,22485.0,22575.0,22170.0,22290.0,4543
2013-09-26,18865.388671875,22265.0,22505.0,22060.0,22390.0,3323
2013-09-27,19085.69140625,22525.0,22730.0,22475.0,22590.0,3708
2013-09-30,19390.71875,22885.0,23260.0,22705.0,23125.0,5470
2013-10-01,18937.408203125,22350.0,22915.0,22310.0,22865.0,4279
2013-10-02,19013.669921875,22440.0,22970.0,22420.0,22775.0,4313
2013-10-03,19526.296875,23045.0,23355.0,22530.0,22585.0,4646
2013-10-04,19094.16015625,22535.0,23080.0,22460.0,22980.0,4097
2013-10-07,19568.654296875,23095.0,23180.0,22700.0,23115.0,3766
2013-10-08,20280.400390625,23935.0,23960.0,23040.0,23105.0,6461
2013-10-09,20225.32421875,23870.0,24325.0,23600.0,23755.0,6291
2013-10-10,18895.046875,22300.0,23150.0,22285.0,23140.0,6429
2013-10-11,18539.17578125,21880.0,22470.0,21855.0,22415.0,4958
2013-10-14,18310.396484375,21610.0,22335.0,21570.0,22290.0,5363
2013-10-15,18704.3984375,22075.0,22170.0,21535.0,21790.0,5275
2013-10-16,17937.5859375,21170.0,21720.0,21130.0,21690.0,5553
2013-10-17,17560.529296875,20725.0,21425.0,20700.0,21425.0,5249
2013-10-18,17221.603515625,20325.0,20620.0,20275.0,20495.0,4286
2013-10-21,17213.13671875,20315.0,20445.0,20190.0,20285.0,2957
2013-10-22,16899.62890625,19945.0,20220.0,19775.0,20130.0,4599
2013-10-23,17115.69140625,20200.0,20445.0,20135.0,20165.0,3557
2013-10-24,16958.939453125,20015.0,20260.0,19965.0,20115.0,2000
2013-10-25,16751.345703125,19770.0,20025.0,19765.0,19915.0,1885
2013-10-28,16662.375,19665.0,19845.0,19590.0,19780.0,3268
2013-10-29,16395.474609375,19350.0,19615.0,19325.0,19530.0,3427
2013-10-30,16611.54296875,19605.0,19835.0,19240.0,19270.0,5170
2013-10-31,16802.1875,19830.0,19890.0,19435.0,19680.0,3813
2013-11-01,16675.0859375,19680.0,19990.0,19530.0,19710.0,3540
2013-11-04,16484.447265625,19455.0,19680.0,19425.0,19490.0,1870
2013-11-05,16632.72265625,19630.0,19855.0,19480.0,19675.0,2330
2013-11-06,16378.5283203125,19330.0,19545.0,19225.0,19370.0,2555
2013-11-07,16992.833984375,20055.0,20120.0,19180.0,19205.0,5226
2013-11-08,16310.7431640625,19250.0,20085.0,19250.0,20060.0,3924
2013-11-11,16306.5087890625,19245.0,19370.0,19170.0,19295.0,1385
2013-11-12,16395.474609375,19350.0,19545.0,19220.0,19360.0,2301
2013-11-13,16001.4775390625,18885.0,19635.0,18880.0,19635.0,2938
2013-11-14,15755.7548828125,18595.0,18925.0,18550.0,18830.0,3215
2013-11-15,15543.9296875,18345.0,18570.0,18340.0,18510.0,2644
2013-11-18,15717.626953125,18550.0,18665.0,18220.0,18260.0,2974
2013-11-19,15819.302734375,18670.0,18760.0,18405.0,18565.0,3606
2013-11-20,15954.8720703125,18830.0,18995.0,18385.0,18545.0,5084
2013-11-21,15569.3505859375,18375.0,18710.0,18340.0,18675.0,2718
2013-11-22,15340.5791015625,18105.0,18420.0,18100.0,18350.0,2220
2013-11-25,15365.99609375,18135.0,18230.0,17990.0,18000.0,2034
2013-11-26,15378.7060546875,18150.0,18220.0,17980.0,18135.0,1566
2013-11-27,15251.6103515625,18000.0,18150.0,17965.0,18075.0,1417
2013-11-29,15306.6787109375,18065.0,18095.0,17815.0,17950.0,1351
2013-12-02,15399.88671875,18175.0,18255.0,17910.0,18015.0,1875
2013-12-03,15577.822265625,18385.0,18585.0,18225.0,18355.0,2804
2013-12-04,15620.1875,18435.0,18840.0,18190.0,18605.0,3550
2013-12-05,15793.8857421875,18640.0,18700.0,18420.0,18515.0,2910
2013-12-06,15285.5,18040.0,18275.0,17975.0,18100.0,3306
2013-12-09,15166.8779296875,17900.0,17955.0,17810.0,17865.0,1751
2013-12-10,15306.6787109375,18065.0,18110.0,17905.0,18015.0,2243
2013-12-11,15832.01171875,18685.0,18755.0,18055.0,18055.0,3201
2013-12-12,15984.5302734375,18865.0,18995.0,18650.0,18710.0,3433
2013-12-13,15997.240234375,18880.0,18990.0,18705.0,18750.0,2466
2013-12-16,15692.2099609375,18520.0,18620.0,18340.0,18595.0,1861
2013-12-17,15857.431640625,18715.0,18820.0,18475.0,18480.0,1514
2013-12-18,15031.3037109375,17740.0,19125.0,17725.0,18620.0,5848
2013-12-19,15065.1953125,17780.0,18025.0,17740.0,17885.0,2923
2013-12-20,14823.7177734375,17495.0,17745.0,17355.0,17740.0,2279
2013-12-23,14577.994140625,17205.0,17340.0,17185.0,17230.0,1615
2013-12-24,14472.080078125,17080.0,17205.0,17070.0,17195.0,1174
2013-12-26,14260.2529296875,16830.0,16980.0,16805.0,16965.0,1535
2013-12-27,14256.0126953125,16825.0,16885.0,16740.0,16750.0,1721
2013-12-30,14268.724609375,16840.0,16905.0,16785.0,16825.0,1939
2013-12-31,14073.84375,16610.0,16800.0,16605.0,16760.0,1806
2014-01-02,14459.37109375,17065.0,17195.0,16770.0,16800.0,2885
2014-01-03,14476.314453125,17085.0,17155.0,16885.0,16990.0,2485
2014-01-06,14594.94140625,17225.0,17305.0,16895.0,16915.0,2337
2014-01-07,14332.2744140625,16915.0,17050.0,16830.0,17005.0,1970
2014-01-08,14323.7998046875,16905.0,17070.0,16815.0,16930.0,2487
2014-01-09,14285.6728515625,16860.0,17095.0,16735.0,16745.0,1922
2014-01-10,14183.9931640625,16740.0,17035.0,16705.0,16770.0,2622
2014-01-13,14734.7451171875,17390.0,17485.0,16715.0,16850.0,3537
2014-01-14,14251.77734375,16820.0,17320.0,16800.0,17235.0,2827
2014-01-15,14018.7666015625,16545.0,16730.0,16480.0,16715.0,2653
2014-01-16,14073.84375,16610.0,16775.0,16600.0,16650.0,2002
2014-01-17,14256.0126953125,16825.0,16910.0,16610.0,16700.0,2380
2014-01-21,14137.3916015625,16685.0,16990.0,16520.0,16540.0,2925
2014-01-22,14095.025390625,16635.0,16750.0,16580.0,16590.0,1785
2014-01-23,14442.4228515625,17045.0,17310.0,16890.0,16905.0,3385
2014-01-24,15382.9384765625,18155.0,18155.0,17370.0,17385.0,7699
2014-01-27,15599.00390625,18410.0,18680.0,17955.0,18090.0,8584
2014-01-28,15310.919921875,18070.0,18370.0,18010.0,18335.0,4020
2014-01-29,15776.9404296875,18620.0,18740.0,18240.0,18505.0,10564
2014-01-30,15234.6650390625,17980.0,18310.0,17830.0,18130.0,5873
2014-01-31,15539.6923828125,18340.0,18700.0,17990.0,18660.0,6075
2014-02-03,16556.466796875,19540.0,19665.0,18265.0,18385.0,12941
2014-02-04,16221.7783203125,19145.0,19495.0,18990.0,19285.0,6676
2014-02-05,16298.0322265625,19235.0,19695.0,19090.0,19350.0,7029
2014-02-06,15658.318359375,18480.0,19075.0,18460.0,19075.0,4251
2014-02-07,15035.5439453125,17745.0,18370.0,17710.0,18185.0,6884
2014-02-10,14963.517578125,17660.0,17905.0,17645.0,17760.0,2601
2014-02-11,14467.8427734375,17075.0,17645.0,16950.0,17610.0,4275
2014-02-12,14425.478515625,17025.0,17155.0,16840.0,17005.0,3485
2014-02-13,14226.3603515625,16790.0,17405.0,16740.0,17400.0,3735
2014-02-14,14001.8212890625,16525.0,16875.0,16415.0,16820.0,4452
2014-02-18,13929.80078125,16440.0,16600.0,16375.0,16465.0,2889
2014-02-19,14205.1767578125,16765.0,16810.0,16250.0,16565.0,7595
2014-02-20,13959.453125,16475.0,16880.0,16360.0,16700.0,6605
2014-02-21,13993.349609375,16515.0,16550.0,16260.0,16375.0,3911
2014-02-24,13811.17578125,16300.0,16435.0,15915.0,16425.0,5600
2014-02-25,13789.994140625,16275.0,16425.0,16070.0,16220.0,6502
2014-02-26,13777.2841796875,16260.0,16395.0,16070.0,16185.0,4000
2014-02-27,13578.1669921875,16025.0,16385.0,16000.0,16325.0,5676
2014-02-28,13476.490234375,15905.0,16200.0,15660.0,16015.0,7851
2014-03-03,13739.1552734375,16215.0,16525.0,16100.0,16295.0,8487
2014-03-04,13124.8544921875,15490.0,15740.0,15420.0,15730.0,6952
2014-03-05,13133.3291015625,15500.0,15555.0,15405.0,15495.0,3812
2014-03-06,13018.9443359375,15365.0,15445.0,15265.0,15370.0,5191
2014-03-07,13006.232421875,15350.0,15555.0,15175.0,15195.0,6105
2014-03-10,13014.705078125,15360.0,15640.0,15360.0,15435.0,3685
2014-03-11,13218.05859375,15600.0,15705.0,15240.0,15300.0,5576
2014-03-12,13213.8232421875,15595.0,15935.0,15575.0,15830.0,4322
2014-03-13,13641.716796875,16100.0,16235.0,15410.0,15445.0,7707
2014-03-14,13764.576171875,16245.0,16305.0,15955.0,16195.0,8357
2014-03-17,13404.4697265625,15820.0,16020.0,15685.0,16005.0,4923
2014-03-18,13086.7236328125,15445.0,15755.0,15405.0,15705.0,5062
2014-03-19,13311.26171875,15710.0,16000.0,15395.0,15450.0,6870
2014-03-20,13078.251953125,15435.0,15895.0,15400.0,15815.0,5413
2014-03-21,13222.2978515625,15605.0,15650.0,15125.0,15245.0,5702
2014-03-24,13387.5205078125,15800.0,16005.0,15395.0,15455.0,9423
2014-03-25,13188.404296875,15565.0,15845.0,15425.0,15570.0,7453
2014-03-26,13480.7236328125,15910.0,15920.0,15325.0,15405.0,5733
2014-03-27,13552.7470703125,15995.0,16180.0,15820.0,15970.0,5885
2014-03-28,13366.33984375,15775.0,15910.0,15535.0,15870.0,4718
2014-03-31,13040.1259765625,15390.0,15520.0,15315.0,15475.0,4052
2014-04-01,12777.45703125,15080.0,15280.0,15060.0,15245.0,3995
2014-04-02,12654.59765625,14935.0,15105.0,14870.0,15030.0,4174
2014-04-03,12705.4365234375,14995.0,15120.0,14850.0,14865.0,2951
2014-04-04,13133.3291015625,15500.0,15580.0,14730.0,14745.0,8471
2014-04-07,13578.1669921875,16025.0,16115.0,15545.0,15630.0,10253
2014-04-08,13412.94140625,15830.0,16215.0,15745.0,16065.0,4262
2014-04-09,12968.1025390625,15305.0,15830.0,15300.0,15700.0,4906
2014-04-10,13802.703125,16290.0,16330.0,15290.0,15320.0,8297
2014-04-11,14167.048828125,16720.0,16770.0,16210.0,16555.0,8353
2014-04-14,13828.1220703125,16320.0,16730.0,16205.0,16325.0,5781
2014-04-15,13535.8017578125,15975.0,16700.0,15950.0,16205.0,8846
2014-04-16,13112.146484375,15475.0,15865.0,15475.0,15665.0,6244
2014-04-17,13061.306640625,15415.0,15615.0,15285.0,15535.0,4644
2014-04-21,12913.0263671875,15240.0,15455.0,15240.0,15405.0,3371
2014-04-22,12747.8017578125,15045.0,15225.0,14915.0,15185.0,3498
2014-04-23,12836.7705078125,15150.0,15185.0,15030.0,15065.0,2037
2014-04-24,12756.2744140625,15055.0,15270.0,14920.0,14920.0,3502
2014-04-25,13057.0703125,15410.0,15520.0,15180.0,15210.0,4597
2014-04-28,12934.2119140625,15265.0,15745.0,15075.0,15230.0,7693
2014-04-29,12760.5107421875,15060.0,15220.0,14985.0,15120.0,3966
2014-04-30,12633.4150390625,14910.0,15190.0,14880.0,15145.0,3433
2014-05-01,12641.88671875,14920.0,15060.0,14805.0,14935.0,3578
2014-05-02,12684.25390625,14970.0,15045.0,14725.0,14920.0,4335
2014-05-05,12612.2333984375,14885.0,15315.0,14865.0,15200.0,3349
2014-05-06,12929.974609375,15260.0,15280.0,14965.0,15000.0,3652
2014-05-07,12713.9091796875,15005.0,15465.0,14990.0,15130.0,5207
2014-05-08,12752.0390625,15050.0,15200.0,14740.0,15065.0,4424
2014-05-09,12688.48828125,14975.0,15260.0,14975.0,15050.0,5910
2014-05-12,12328.380859375,14550.0,14800.0,14530.0,14795.0,3946
2014-05-13,12298.728515625,14515.0,14555.0,14405.0,14500.0,2924
2014-05-14,12459.71484375,14705.0,14770.0,14525.0,14550.0,3099
2014-05-15,12794.4052734375,15100.0,15310.0,14790.0,14800.0,6324
2014-05-16,12646.1220703125,14925.0,15260.0,14925.0,15075.0,4138
2014-05-19,12506.3173828125,14760.0,15065.0,14740.0,15025.0,2782
2014-05-20,12752.0390625,15050.0,15170.0,14795.0,14805.0,3703
2014-05-21,12438.533203125,14680.0,14930.0,14655.0,14930.0,4471
2014-05-22,12341.0927734375,14565.0,14740.0,14475.0,14665.0,2896
2014-05-23,12192.8115234375,14390.0,14540.0,14365.0,14530.0,2743
2014-05-27,11959.8037109375,14115.0,14245.0,14105.0,14240.0,3230
2014-05-28,11985.2216796875,14145.0,14220.0,14050.0,14125.0,2610
2014-05-29,11807.287109375,13935.0,14160.0,13925.0,14045.0,2652
2014-05-30,11760.68359375,13880.0,14000.0,13830.0,13970.0,2964
2014-06-02,11701.3720703125,13810.0,14010.0,13790.0,13805.0,1992
2014-06-03,11714.0810546875,13825.0,13950.0,13810.0,13925.0,1489
2014-06-04,11642.0615234375,13740.0,13945.0,13725.0,13910.0,1749
2014-06-05,11417.521484375,13475.0,13845.0,13435.0,13705.0,3808
2014-06-06,11248.060546875,13275.0,13400.0,13275.0,13395.0,2542
2014-06-09,11209.931640625,13230.0,13315.0,13135.0,13285.0,2321
2014-06-10,11214.16796875,13235.0,13375.0,13235.0,13290.0,2908
2014-06-11,11315.8447265625,13355.0,13460.0,13330.0,13385.0,3520
2014-06-12,11561.5634765625,13645.0,13740.0,13395.0,13415.0,3646
2014-06-13,11459.8876953125,13525.0,13705.0,13485.0,13570.0,2635
2014-06-16,11425.99609375,13485.0,13620.0,13410.0,13570.0,2140
2014-06-17,11341.2646484375,13385.0,13590.0,13350.0,13540.0,2175
2014-06-18,11078.595703125,13075.0,13460.0,13065.0,13370.0,3648
2014-06-19,11044.705078125,13035.0,13170.0,13015.0,13040.0,1951
2014-06-20,10968.4453125,12945.0,13005.0,12930.0,12940.0,2331
2014-06-23,10985.39453125,12965.0,13040.0,12940.0,12950.0,1307
2014-06-24,11180.2734375,13195.0,13245.0,12845.0,13040.0,3311
2014-06-25,11044.705078125,13035.0,13295.0,12985.0,13295.0,2911
2014-06-26,11044.705078125,13035.0,13315.0,13015.0,13015.0,3004
2014-06-27,10981.1572265625,12960.0,13160.0,12960.0,13145.0,2284
2014-06-30,10998.10546875,12980.0,13025.0,12900.0,12995.0,1703
2014-07-01,10773.5673828125,12715.0,12900.0,12605.0,12890.0,3150
2014-07-02,10748.1455078125,12685.0,12740.0,12645.0,12715.0,1667
2014-07-03,10582.9208984375,12490.0,12605.0,12485.0,12575.0,1432
2014-07-07,10697.306640625,12625.0,12675.0,12540.0,12570.0,1815
2014-07-08,10892.189453125,12855.0,12960.0,12680.0,12690.0,3618
2014-07-09,10752.3828125,12690.0,12850.0,12660.0,12770.0,3015
2014-07-10,10892.189453125,12855.0,13100.0,12750.0,13065.0,3579
2014-07-11,10832.876953125,12785.0,12955.0,12765.0,12865.0,2091
2014-07-14,10671.88671875,12595.0,12665.0,12545.0,12590.0,2257
2014-07-15,10731.201171875,12665.0,12835.0,12500.0,12570.0,3784
2014-07-16,10608.33984375,12520.0,12635.0,12470.0,12500.0,2940
2014-07-17,10968.4453125,12945.0,13005.0,12500.0,12650.0,5676
2014-07-18,10637.9970703125,12555.0,12850.0,12520.0,12830.0,4084
2014-07-21,10697.306640625,12625.0,12795.0,12590.0,12680.0,2912
2014-07-22,10557.5029296875,12460.0,12525.0,12390.0,12500.0,2259
2014-07-23,10477.0068359375,12365.0,12475.0,12335.0,12405.0,2084
2014-07-24,10485.4794921875,12375.0,12405.0,12295.0,12340.0,2714
2014-07-25,10616.8134765625,12530.0,12620.0,12445.0,12480.0,3291
2014-07-28,10625.2861328125,12540.0,12750.0,12470.0,12545.0,2279
2014-07-29,10748.1455078125,12685.0,12695.0,12410.0,12455.0,3616
2014-07-30,10735.4375,12670.0,12840.0,12505.0,12560.0,4208
2014-07-31,11383.6318359375,13435.0,13450.0,12910.0,12940.0,8566
2014-08-01,11489.5439453125,13560.0,13755.0,13295.0,13545.0,11829
2014-08-04,11231.1123046875,13255.0,13650.0,13180.0,13485.0,5098
2014-08-05,11570.0390625,13655.0,13790.0,13320.0,13430.0,7823
2014-08-06,11557.3291015625,13640.0,13855.0,13460.0,13840.0,6681
2014-08-07,11743.7353515625,13860.0,13960.0,13415.0,13455.0,4938
2014-08-08,11332.79296875,13375.0,13870.0,13350.0,13755.0,6688
2014-08-11,11235.3515625,13260.0,13275.0,13085.0,13215.0,3167
2014-08-12,11277.71484375,13310.0,13430.0,13185.0,13300.0,2989
2014-08-13,11036.2294921875,13025.0,13215.0,13000.0,13145.0,2423
2014-08-14,10896.4267578125,12860.0,13015.0,12860.0,12980.0,2433
2014-08-15,10887.951171875,12850.0,13135.0,12675.0,12700.0,9299
2014-08-18,10625.2861328125,12540.0,12665.0,12515.0,12645.0,3172
2014-08-19,10455.82421875,12340.0,12475.0,12315.0,12440.0,3301
2014-08-20,10371.09375,12240.0,12395.0,12200.0,12390.0,3402
2014-08-21,10277.8876953125,12130.0,12235.0,12085.0,12205.0,2534
2014-08-22,10328.7275390625,12190.0,12270.0,12095.0,12155.0,3477
2014-08-25,10167.73828125,12000.0,12060.0,11940.0,12005.0,2513
2014-08-26,10142.3212890625,11970.0,11995.0,11885.0,11990.0,2463
2014-08-27,10159.263671875,11990.0,12045.0,11935.0,11965.0,1557
2014-08-28,10167.73828125,12000.0,12140.0,11985.0,12120.0,2667
2014-08-29,10074.533203125,11890.0,12065.0,11890.0,11945.0,2540
2014-09-02,10099.9521484375,11920.0,12055.0,11850.0,11850.0,3066
2014-09-03,10116.8984375,11940.0,11990.0,11775.0,11785.0,2155
2014-09-04,10150.794921875,11980.0,12085.0,11750.0,11885.0,3758
2014-09-05,10023.6943359375,11830.0,12130.0,11815.0,12005.0,4089
2014-09-08,10087.2431640625,11905.0,12020.0,11810.0,11850.0,2582
2014-09-09,10282.1259765625,12135.0,12215.0,11925.0,11950.0,4490
2014-09-10,10167.73828125,12000.0,12240.0,11985.0,12135.0,3325
2014-09-11,10138.0830078125,11965.0,12175.0,11955.0,12145.0,2316
2014-09-12,10303.3076171875,12160.0,12270.0,12000.0,12005.0,3770
2014-09-15,10337.2001953125,12200.0,12310.0,12140.0,12170.0,2470
2014-09-16,10095.7158203125,11915.0,12280.0,11855.0,12280.0,4528
2014-09-17,10057.5888671875,11870.0,12045.0,11710.0,11870.0,5062
2014-09-18,9896.5966796875,11680.0,11805.0,11675.0,11755.0,3780
2014-09-19,9913.5439453125,11700.0,11780.0,11535.0,11570.0,4174
2014-09-22,10150.794921875,11980.0,12050.0,11765.0,11780.0,3329
2014-09-23,10328.7275390625,12190.0,12190.0,11960.0,12115.0,4052
2014-09-24,10078.771484375,11895.0,12275.0,11870.0,12170.0,3394
2014-09-25,10561.736328125,12465.0,12480.0,11985.0,11985.0,5668
2014-09-26,10307.5419921875,12165.0,12450.0,12080.0,12410.0,4361
2014-09-29,10375.3291015625,12245.0,12515.0,12175.0,12480.0,5337
2014-09-30,10455.82421875,12340.0,12410.0,12095.0,12205.0,6546
2014-10-01,10879.48046875,12840.0,12920.0,12385.0,12400.0,7796
2014-10-02,10866.767578125,12825.0,13230.0,12700.0,12865.0,8843
2014-10-03,10510.9013671875,12405.0,12690.0,12325.0,12570.0,5021
2014-10-06,10553.2646484375,12455.0,12575.0,12200.0,12240.0,6019
2014-10-07,11036.2294921875,13025.0,13030.0,12560.0,12645.0,7449
2014-10-08,10451.587890625,12335.0,13205.0,12285.0,13005.0,10837
2014-10-09,11078.595703125,13075.0,13100.0,12350.0,12400.0,12225
2014-10-10,11459.8876953125,13525.0,13525.0,12885.0,13075.0,13313
2014-10-13,12010.640625,14175.0,14205.0,13390.0,13545.0,10667
2014-10-14,11921.6728515625,14070.0,14265.0,13635.0,13965.0,14940
2014-10-15,12226.7060546875,14430.0,15415.0,14300.0,14695.0,27188
2014-10-16,12235.17578125,14440.0,15220.0,14135.0,15185.0,21826
2014-10-17,11777.630859375,13900.0,14115.0,13620.0,13950.0,13149
2014-10-20,11442.94140625,13505.0,14000.0,13485.0,13990.0,7377
2014-10-21,10769.3291015625,12710.0,13260.0,12690.0,13215.0,8714
2014-10-22,10989.6298828125,12970.0,13000.0,12550.0,12650.0,7006
2014-10-23,10612.578125,12525.0,12665.0,12280.0,12595.0,7005
2014-10-24,10383.80078125,12255.0,12605.0,12230.0,12470.0,5132
2014-10-27,10417.6943359375,12295.0,12500.0,12235.0,12375.0,4754
2014-10-28,10053.3525390625,11865.0,12180.0,11860.0,12160.0,5082
2014-10-29,10087.2431640625,11905.0,12150.0,11740.0,11850.0,7264
2014-10-30,9888.125,11670.0,12040.0,11585.0,12020.0,5529
2014-10-31,9566.146484375,11290.0,11435.0,11245.0,11255.0,5653
2014-11-03,9553.4365234375,11275.0,11340.0,11145.0,11240.0,3233
2014-11-04,9638.16796875,11375.0,11550.0,11295.0,11355.0,3885
2014-11-05,9451.7587890625,11155.0,11315.0,11120.0,11140.0,4098
2014-11-06,9350.080078125,11035.0,11280.0,11015.0,11145.0,5073
2014-11-07,9311.9541015625,10990.0,11115.0,10955.0,11030.0,3400
2014-11-10,9244.1669921875,10910.0,11035.0,10885.0,10995.0,2588
2014-11-11,9197.5654296875,10855.0,10945.0,10840.0,10885.0,2035
2014-11-12,9222.984375,10885.0,11000.0,10855.0,10990.0,2192
2014-11-13,9193.3310546875,10850.0,11010.0,10755.0,10855.0,5108
2014-11-14,9180.6201171875,10835.0,10930.0,10805.0,10865.0,3187
2014-11-17,9167.91015625,10820.0,10940.0,10790.0,10915.0,2796
2014-11-18,9011.158203125,10635.0,10820.0,10580.0,10820.0,3389
2014-11-19,9053.521484375,10685.0,10830.0,10635.0,10685.0,5354
2014-11-20,9006.9208984375,10630.0,10850.0,10615.0,10850.0,2793
2014-11-21,8867.11328125,10465.0,10565.0,10300.0,10305.0,4322
2014-11-24,8782.3837890625,10365.0,10425.0,10350.0,10380.0,1635
2014-11-25,8795.09375,10380.0,10435.0,10290.0,10335.0,2664
2014-11-26,8731.5439453125,10305.0,10405.0,10295.0,10370.0,1722
2014-11-28,8786.6201171875,10370.0,10420.0,10275.0,10335.0,1380
2014-12-01,8973.02734375,10590.0,10645.0,10480.0,10480.0,5439
2014-12-02,8795.09375,10380.0,10585.0,10345.0,10585.0,2782
2014-12-03,8697.654296875,10265.0,10380.0,10220.0,10355.0,2651
2014-12-04,8718.8359375,10290.0,10440.0,10205.0,10315.0,3320
2014-12-05,8672.232421875,10235.0,10305.0,10175.0,10260.0,2786
2014-12-08,8850.16796875,10445.0,10550.0,10230.0,10310.0,4044
2014-12-09,8867.11328125,10465.0,10860.0,10445.0,10785.0,5724
2014-12-10,9299.244140625,10975.0,11010.0,10545.0,10560.0,6560
2014-12-11,9155.1982421875,10805.0,10885.0,10480.0,10850.0,5924
2014-12-12,9595.8017578125,11325.0,11335.0,10865.0,11065.0,8968
2014-12-15,9799.16015625,11565.0,11690.0,11045.0,11155.0,11739
2014-12-16,10023.6943359375,11830.0,11850.0,11065.0,11740.0,11270
2014-12-17,9430.5771484375,11130.0,11775.0,11040.0,11745.0,10909
2014-12-18,8735.78125,10310.0,10780.0,10310.0,10630.0,8891
2014-12-19,8629.8642578125,10185.0,10315.0,10055.0,10200.0,6343
2014-12-22,8511.244140625,10045.0,10185.0,10030.0,10140.0,2801
2014-12-23,8460.404296875,9985.0,10030.0,9920.0,9920.0,2611
2014-12-24,8456.16796875,9980.0,9995.0,9910.0,9940.0,656
2014-12-26,8384.1484375,9895.0,9910.0,9835.0,9910.0,1445
2014-12-29,8346.0185546875,9850.0,9940.0,9820.0,9930.0,1825
2014-12-30,8477.3505859375,10005.0,10025.0,9905.0,9945.0,2347
2014-12-31,8727.30859375,10300.0,10325.0,9925.0,9960.0,3549
2015-01-02,8756.9619140625,10335.0,10510.0,10105.0,10185.0,4516
2015-01-05,9227.22265625,10890.0,10935.0,10485.0,10525.0,5597
2015-01-06,9472.94140625,11180.0,11340.0,10725.0,10825.0,10767
2015-01-07,9129.7802734375,10775.0,11010.0,10700.0,10910.0,6008
2015-01-08,8634.1025390625,10190.0,10500.0,10155.0,10495.0,5721
2015-01-09,8850.16796875,10445.0,10545.0,10125.0,10125.0,7308
2015-01-12,9066.2314453125,10700.0,10795.0,10385.0,10425.0,6844
2015-01-13,9125.5419921875,10770.0,11020.0,10240.0,10450.0,9633
2015-01-14,9290.771484375,10965.0,11335.0,10930.0,11160.0,17944
2015-01-15,9557.6748046875,11280.0,11290.0,10775.0,10845.0,14963
2015-01-16,9176.384765625,10830.0,11350.0,10790.0,11305.0,9205
2015-01-20,9117.0712890625,10760.0,11055.0,10650.0,10700.0,6794
2015-01-21,8964.5546875,10580.0,10930.0,10500.0,10845.0,8100
2015-01-22,8566.31640625,10110.0,10705.0,10095.0,10445.0,9458
2015-01-23,8723.0712890625,10295.0,10310.0,10115.0,10170.0,4866
2015-01-26,8659.5234375,10220.0,10450.0,10195.0,10320.0,3638
2015-01-27,8994.2119140625,10615.0,10760.0,10410.0,10580.0,10669
2015-01-28,9354.318359375,11040.0,11055.0,10365.0,10375.0,9595
2015-01-29,9087.4140625,10725.0,11260.0,10660.0,10985.0,11032
2015-01-30,9434.8125,11135.0,11170.0,10685.0,10955.0,13336
2015-02-02,9078.9443359375,10715.0,11380.0,10690.0,11015.0,12397
2015-02-03,8676.470703125,10240.0,10595.0,10235.0,10530.0,8409
2015-02-04,8778.1435546875,10360.0,10435.0,10155.0,10370.0,10275
2015-02-05,8502.76953125,10035.0,10245.0,10015.0,10245.0,6373
2015-02-06,8583.2666015625,10130.0,10210.0,9875.0,9970.0,9678
2015-02-09,8701.890625,10270.0,10325.0,10105.0,10250.0,6686
2015-02-10,8418.0390625,9935.0,10225.0,9885.0,10070.0,6426
2015-02-11,8396.8564453125,9910.0,10065.0,9840.0,9955.0,6780
2015-02-12,8168.0830078125,9640.0,9800.0,9615.0,9770.0,6071
2015-02-13,8049.4609375,9500.0,9645.0,9495.0,9610.0,5720
2015-02-17,8015.564453125,9460.0,9595.0,9430.0,9570.0,3510
2015-02-18,8007.09228515625,9450.0,9560.0,9440.0,9525.0,3720
2015-02-19,8024.041015625,9470.0,9575.0,9415.0,9545.0,3336
2015-02-20,7884.232421875,9305.0,9640.0,9290.0,9545.0,5700
2015-02-23,7896.94287109375,9320.0,9400.0,9310.0,9340.0,2883
2015-02-24,7812.21142578125,9220.0,9355.0,9195.0,9320.0,3191
2015-02-25,7833.39404296875,9245.0,9305.0,9170.0,9240.0,2730
2015-02-26,7858.8134765625,9275.0,9375.0,9240.0,9265.0,3189
2015-02-27,7935.07177734375,9365.0,9380.0,9255.0,9305.0,2994
2015-03-02,7791.02783203125,9195.0,9360.0,9190.0,9360.0,4079
2015-03-03,7892.7080078125,9315.0,9445.0,9250.0,9255.0,4121
2015-03-04,7990.1474609375,9430.0,9575.0,9390.0,9405.0,5346
2015-03-05,7964.7275390625,9400.0,9475.0,9350.0,9380.0,3525
2015-03-06,8290.9423828125,9785.0,9840.0,9465.0,9530.0,6866
2015-03-09,8185.02880859375,9660.0,9775.0,9605.0,9760.0,4706
2015-03-10,8600.2109375,10150.0,10150.0,9885.0,9900.0,8644
2015-03-11,8655.2880859375,10215.0,10225.0,10060.0,10095.0,5605
2015-03-12,8320.59765625,9820.0,10100.0,9805.0,10100.0,6518
2015-03-13,8464.640625,9990.0,10175.0,9840.0,9865.0,7836
2015-03-16,8125.716796875,9590.0,9875.0,9580.0,9870.0,5761
2015-03-17,8201.9736328125,9680.0,9815.0,9615.0,9710.0,5536
2015-03-18,7901.177734375,9325.0,9865.0,9220.0,9760.0,10544
2015-03-19,8007.09228515625,9450.0,9515.0,9350.0,9395.0,5851
2015-03-20,7803.73876953125,9210.0,9310.0,9125.0,9300.0,6795
2015-03-23,7837.63232421875,9250.0,9260.0,9115.0,9215.0,4002
2015-03-24,7977.43603515625,9415.0,9430.0,9210.0,9280.0,4753
2015-03-25,8329.072265625,9830.0,9830.0,9345.0,9395.0,9933
2015-03-26,8388.3837890625,9900.0,10060.0,9740.0,9940.0,7972
2015-03-27,8337.54296875,9840.0,9950.0,9795.0,9910.0,3583
2015-03-30,8015.564453125,9460.0,9650.0,9420.0,9640.0,5040
2015-03-31,8231.6298828125,9715.0,9720.0,9490.0,9600.0,5529
2015-04-01,8303.650390625,9800.0,9985.0,9720.0,9720.0,5830
2015-04-02,8235.8701171875,9720.0,9860.0,9635.0,9830.0,5772
2015-04-06,8057.93310546875,9510.0,9885.0,9430.0,9865.0,7264
2015-04-07,8129.95556640625,9595.0,9595.0,9385.0,9510.0,8822
2015-04-08,8040.9853515625,9490.0,9620.0,9425.0,9555.0,6880
2015-04-09,7939.30859375,9370.0,9600.0,9330.0,9515.0,7981
2015-04-10,7812.21142578125,9220.0,9360.0,9210.0,9330.0,3337
2015-04-13,7905.41455078125,9330.0,9345.0,9135.0,9235.0,3966
2015-04-14,7867.287109375,9285.0,9470.0,9255.0,9365.0,5675
2015-04-15,7752.89892578125,9150.0,9220.0,9075.0,9200.0,5627
2015-04-16,7769.84619140625,9170.0,9240.0,9090.0,9205.0,4230
2015-04-17,8032.51513671875,9480.0,9600.0,9315.0,9355.0,10431
2015-04-20,7807.9755859375,9215.0,9335.0,9165.0,9320.0,6206
2015-04-21,7833.39404296875,9245.0,9295.0,9085.0,9115.0,3688
2015-04-22,7723.244140625,9115.0,9340.0,9090.0,9190.0,4966
2015-04-23,7663.9296875,9045.0,9195.0,8950.0,9175.0,7870
2015-04-24,7608.857421875,8980.0,9050.0,8940.0,8985.0,6203
2015-04-27,7706.29638671875,9095.0,9125.0,8880.0,8895.0,5320
2015-04-28,7630.0390625,9005.0,9280.0,9000.0,9095.0,7880
2015-04-29,7727.4814453125,9120.0,9245.0,9030.0,9150.0,11905
2015-04-30,7960.49169921875,9395.0,9500.0,9145.0,9205.0,8745
2015-05-01,7706.29638671875,9095.0,9275.0,9080.0,9260.0,6442
2015-05-04,7625.80517578125,9000.0,9035.0,8920.0,9015.0,4718
2015-05-05,7888.47021484375,9310.0,9335.0,8995.0,9045.0,8912
2015-05-06,7990.1474609375,9430.0,9600.0,9180.0,9240.0,8243
2015-05-07,7884.232421875,9305.0,9500.0,9250.0,9450.0,5951
2015-05-08,7579.19921875,8945.0,9055.0,8920.0,9045.0,8841
2015-05-11,7693.587890625,9080.0,9090.0,8915.0,8965.0,6836
2015-05-12,7757.13671875,9155.0,9335.0,9070.0,9205.0,10161
2015-05-13,7752.89892578125,9150.0,9185.0,8995.0,9085.0,5678
2015-05-14,7511.41796875,8865.0,9030.0,8850.0,8985.0,8052
2015-05-15,7481.7587890625,8830.0,8910.0,8815.0,8840.0,5463
2015-05-18,7418.21142578125,8755.0,8870.0,8710.0,8860.0,6370
2015-05-19,7422.44873046875,8760.0,8805.0,8690.0,8735.0,4393
2015-05-20,7439.396484375,8780.0,8825.0,8665.0,8750.0,4413
2015-05-21,7375.8466796875,8705.0,8820.0,8670.0,8800.0,3887
2015-05-22,7426.68408203125,8765.0,8770.0,8695.0,8750.0,3519
2015-05-26,7655.4599609375,9035.0,9100.0,8820.0,8825.0,10629
2015-05-27,7439.396484375,8780.0,9015.0,8745.0,8970.0,6058
2015-05-28,7469.05029296875,8815.0,8915.0,8795.0,8830.0,5116
2015-05-29,7600.38232421875,8970.0,9015.0,8820.0,8825.0,7419
2015-06-01,7558.017578125,8920.0,9040.0,8825.0,8875.0,6989
2015-06-02,7574.96435546875,8940.0,9080.0,8840.0,8990.0,5270
2015-06-03,7519.89013671875,8875.0,8950.0,8780.0,8870.0,6153
2015-06-04,7702.060546875,9090.0,9150.0,8895.0,8980.0,9954
2015-06-05,7744.42724609375,9140.0,9245.0,9040.0,9135.0,7151
2015-06-08,7892.7080078125,9315.0,9325.0,9135.0,9160.0,6250
2015-06-09,7888.47021484375,9310.0,9415.0,9230.0,9305.0,6050
2015-06-10,7608.857421875,8980.0,9200.0,8925.0,9190.0,7465
2015-06-11,7549.544921875,8910.0,8950.0,8840.0,8910.0,4274
2015-06-12,7706.29638671875,9095.0,9140.0,8995.0,9025.0,6109
2015-06-15,7807.9755859375,9215.0,9385.0,9170.0,9280.0,6408
2015-06-16,7676.6435546875,9060.0,9270.0,9055.0,9240.0,3579
2015-06-17,7642.75,9020.0,9175.0,8930.0,9015.0,5192
2015-06-18,7418.21142578125,8755.0,8945.0,8670.0,8930.0,8859
2015-06-19,7541.07177734375,8900.0,8910.0,8765.0,8775.0,5002
2015-06-22,7384.3193359375,8715.0,8750.0,8630.0,8710.0,6748
2015-06-23,7363.13818359375,8690.0,8760.0,8650.0,8690.0,4717
2015-06-24,7524.12646484375,8880.0,8885.0,8680.0,8745.0,6057
2015-06-25,7596.146484375,8965.0,8975.0,8790.0,8805.0,5012
2015-06-26,7596.146484375,8965.0,9055.0,8870.0,8915.0,7072
2015-06-29,8079.11474609375,9535.0,9540.0,9095.0,9200.0,15587
2015-06-30,8015.564453125,9460.0,9550.0,9270.0,9270.0,13243
2015-07-01,7829.1591796875,9240.0,9370.0,9175.0,9200.0,7930
2015-07-02,7858.8134765625,9275.0,9335.0,9140.0,9165.0,6090
2015-07-06,7926.60107421875,9355.0,9510.0,9230.0,9480.0,9699
2015-07-07,7769.84619140625,9170.0,9700.0,9150.0,9320.0,13384
2015-07-08,8159.60693359375,9630.0,9670.0,9340.0,9390.0,10474
2015-07-09,8117.24365234375,9580.0,9590.0,9235.0,9275.0,8366
2015-07-10,7812.21142578125,9220.0,9360.0,9150.0,9240.0,10506
2015-07-13,7553.78125,8915.0,9025.0,8900.0,9020.0,8655
2015-07-14,7456.34130859375,8800.0,8930.0,8750.0,8925.0,5755
2015-07-15,7464.81396484375,8810.0,8880.0,8725.0,8790.0,7378
2015-07-16,7286.88037109375,8600.0,8685.0,8595.0,8650.0,6154
2015-07-17,7269.93212890625,8580.0,8650.0,8565.0,8600.0,5155
2015-07-20,7248.74853515625,8555.0,8600.0,8490.0,8545.0,4411
2015-07-21,7333.48046875,8655.0,8700.0,8545.0,8590.0,6240
2015-07-22,7380.08251953125,8710.0,8765.0,8655.0,8755.0,5087
2015-07-23,7494.46875,8845.0,8905.0,8675.0,8680.0,8365
2015-07-24,7727.4814453125,9120.0,9175.0,8830.0,8840.0,9677
2015-07-27,7875.76220703125,9295.0,9350.0,9185.0,9275.0,8462
2015-07-28,7587.67431640625,8955.0,9280.0,8920.0,9145.0,8238
2015-07-29,7426.68408203125,8765.0,8940.0,8720.0,8925.0,6578
2015-07-30,7422.44873046875,8760.0,8925.0,8725.0,8825.0,5135
2015-07-31,7447.8671875,8790.0,8835.0,8670.0,8680.0,4714
2015-08-03,7524.12646484375,8880.0,9020.0,8790.0,8795.0,6674
2015-08-04,7570.7294921875,8935.0,9000.0,8815.0,8885.0,7342
2015-08-05,7485.99609375,8835.0,8880.0,8680.0,8795.0,6233
2015-08-06,7655.4599609375,9035.0,9145.0,8800.0,8815.0,7364
2015-08-07,7723.244140625,9115.0,9250.0,9060.0,9080.0,8209
2015-08-10,7426.68408203125,8765.0,8930.0,8750.0,8930.0,6049
2015-08-11,7625.80517578125,9000.0,9110.0,8900.0,8965.0,7892
2015-08-12,7596.146484375,8965.0,9425.0,8940.0,9205.0,9847
2015-08-13,7625.80517578125,9000.0,9080.0,8885.0,8990.0,5589
2015-08-14,7541.07177734375,8900.0,9055.0,8890.0,9030.0,4550
2015-08-17,7422.44873046875,8760.0,9065.0,8755.0,8995.0,6641
2015-08-18,7481.7587890625,8830.0,8865.0,8740.0,8795.0,4452
2015-08-19,7655.4599609375,9035.0,9155.0,8820.0,8945.0,11894
2015-08-20,8138.42578125,9605.0,9610.0,9190.0,9275.0,13909
2015-08-21,8896.7705078125,10500.0,10515.0,9755.0,9925.0,24606
2015-08-24,10010.9853515625,11815.0,12625.0,10790.0,12250.0,51672
2015-08-25,10354.1484375,12220.0,12275.0,10675.0,10675.0,28476
2015-08-26,9129.7802734375,10775.0,12010.0,10750.0,11290.0,41362
2015-08-27,8477.3505859375,10005.0,10680.0,9980.0,10375.0,27684
2015-08-28,8464.640625,9990.0,10205.0,9915.0,10130.0,19950
2015-08-31,8680.70703125,10245.0,10340.0,10025.0,10190.0,12123
2015-09-01,9472.94140625,11180.0,11325.0,10700.0,10965.0,21724
2015-09-02,8926.427734375,10535.0,11050.0,10525.0,10665.0,16842
2015-09-03,8909.4814453125,10515.0,10600.0,10100.0,10385.0,13575
2015-09-04,9307.7158203125,10985.0,11140.0,10775.0,10930.0,17252
2015-09-08,8591.73828125,10140.0,10535.0,10130.0,10400.0,11987
2015-09-09,8956.0830078125,10570.0,10625.0,9835.0,9855.0,17214
2015-09-10,8786.6201171875,10370.0,10645.0,10160.0,10595.0,15604
2015-09-11,8672.232421875,10235.0,10590.0,10235.0,10460.0,8854
2015-09-14,8778.1435546875,10360.0,10445.0,10195.0,10205.0,6385
2015-09-15,8447.6953125,9970.0,10340.0,9880.0,10255.0,8773
2015-09-16,8227.392578125,9710.0,9970.0,9670.0,9905.0,10679
2015-09-17,8278.2333984375,9770.0,9835.0,9310.0,9730.0,20413
2015-09-18,8684.94140625,10250.0,10310.0,9930.0,10210.0,22745
2015-09-21,8540.8974609375,10080.0,10285.0,9895.0,10090.0,12896
2015-09-22,8875.5859375,10475.0,10680.0,10395.0,10475.0,15683
2015-09-23,8922.19140625,10530.0,10640.0,10355.0,10450.0,12279
2015-09-24,9002.6845703125,10625.0,11025.0,10550.0,10775.0,17645
2015-09-25,9019.6328125,10645.0,10820.0,10290.0,10350.0,16797
2015-09-28,9705.9521484375,11455.0,11510.0,10805.0,10825.0,18213
2015-09-29,9701.716796875,11450.0,11640.0,11130.0,11385.0,17592
2015-09-30,9142.490234375,10790.0,11190.0,10755.0,11015.0,17294
2015-10-01,9061.99609375,10695.0,11090.0,10645.0,10720.0,16857
2015-10-02,8676.470703125,10240.0,11200.0,10230.0,11100.0,22618
2015-10-05,8201.9736328125,9680.0,10015.0,9635.0,9985.0,16405
2015-10-06,8278.2333984375,9770.0,9895.0,9600.0,9700.0,14773
2015-10-07,8070.6416015625,9525.0,9820.0,9470.0,9610.0,19346
2015-10-08,7858.8134765625,9275.0,9650.0,9225.0,9605.0,18538
2015-10-09,7833.39404296875,9245.0,9355.0,9180.0,9255.0,11077
2015-10-12,7812.21142578125,9220.0,9315.0,9195.0,9255.0,5982
2015-10-13,7973.19970703125,9410.0,9430.0,9140.0,9350.0,13108
2015-10-14,8083.35107421875,9540.0,9590.0,9315.0,9420.0,15916
2015-10-15,7710.53564453125,9100.0,9485.0,9100.0,9425.0,15029
2015-10-16,7621.56689453125,8995.0,9155.0,8970.0,9030.0,9639
2015-10-19,7600.38232421875,8970.0,9125.0,8955.0,9075.0,8510
2015-10-20,7617.33251953125,8990.0,9065.0,8895.0,9025.0,8770
2015-10-21,7761.37451171875,9160.0,9190.0,8905.0,8920.0,10355
2015-10-22,7371.60888671875,8700.0,9030.0,8660.0,9005.0,16941
2015-10-23,7113.18017578125,8395.0,8560.0,8350.0,8440.0,15994
2015-10-26,7176.7265625,8470.0,8515.0,8420.0,8425.0,7787
2015-10-27,7210.62060546875,8510.0,8610.0,8465.0,8560.0,6680
2015-10-28,6964.900390625,8220.0,8560.0,8220.0,8465.0,12687
2015-10-29,6969.13623046875,8225.0,8310.0,8185.0,8300.0,7057
2015-10-30,7075.05126953125,8350.0,8365.0,8170.0,8205.0,6530
2015-11-02,6825.0927734375,8055.0,8310.0,8020.0,8300.0,7077
2015-11-03,6761.5458984375,7980.0,8125.0,7900.0,8100.0,8415
2015-11-04,6816.6201171875,8045.0,8115.0,7925.0,7940.0,9251
2015-11-05,6842.041015625,8075.0,8195.0,7975.0,8040.0,9053
2015-11-06,6846.275390625,8080.0,8265.0,8055.0,8125.0,9856
2015-11-09,7036.921875,8305.0,8435.0,8150.0,8165.0,9771
2015-11-10,6994.556640625,8255.0,8415.0,8245.0,8380.0,6420
2015-11-11,7075.05126953125,8350.0,8355.0,8205.0,8210.0,5443
2015-11-12,7363.13818359375,8690.0,8700.0,8430.0,8500.0,11960
2015-11-13,7617.33251953125,8990.0,9005.0,8720.0,8755.0,15425
2015-11-16,7265.69580078125,8575.0,9040.0,8575.0,9020.0,16203
2015-11-17,7291.11669921875,8605.0,8670.0,8400.0,8520.0,12273
2015-11-18,6947.955078125,8200.0,8530.0,8165.0,8520.0,10898
2015-11-19,6956.42822265625,8210.0,8250.0,8150.0,8210.0,7169
2015-11-20,6875.93212890625,8115.0,8170.0,8025.0,8105.0,7156
2015-11-23,6905.587890625,8150.0,8210.0,8035.0,8105.0,5920
2015-11-24,6880.169921875,8120.0,8340.0,8060.0,8290.0,11037
2015-11-25,6871.69580078125,8110.0,8145.0,8070.0,8100.0,4046
2015-11-27,6858.98583984375,8095.0,8165.0,8055.0,8105.0,2813
2015-11-30,6935.244140625,8185.0,8200.0,8045.0,8070.0,4951
2015-12-01,6736.12646484375,7950.0,8135.0,7935.0,8090.0,9951
2015-12-02,6939.482421875,8190.0,8225.0,7915.0,7960.0,9757
2015-12-03,7236.0400390625,8540.0,8640.0,8120.0,8145.0,16317
2015-12-04,6803.91064453125,8030.0,8490.0,7990.0,8470.0,18824
2015-12-07,6926.771484375,8175.0,8310.0,8075.0,8075.0,10908
2015-12-08,7066.578125,8340.0,8480.0,8215.0,8395.0,10107
2015-12-09,7236.0400390625,8540.0,8675.0,8125.0,8425.0,14945
2015-12-10,7176.7265625,8470.0,8555.0,8275.0,8535.0,10343
2015-12-11,7604.62060546875,8975.0,9010.0,8685.0,8775.0,18968
2015-12-14,7469.05029296875,8815.0,9220.0,8815.0,8925.0,22043
2015-12-15,7244.51416015625,8550.0,8615.0,8410.0,8590.0,12032
2015-12-16,6926.771484375,8175.0,8575.0,8130.0,8390.0,14007
2015-12-17,7236.0400390625,8540.0,8550.0,8115.0,8125.0,12021
2015-12-18,7625.80517578125,9000.0,9020.0,8635.0,8650.0,16232
2015-12-21,7439.396484375,8780.0,8990.0,8750.0,8805.0,11253
2015-12-22,7231.8046875,8535.0,8790.0,8495.0,8655.0,7866
2015-12-23,6969.13623046875,8225.0,8405.0,8220.0,8390.0,6098
2015-12-24,7007.265625,8270.0,8295.0,8190.0,8260.0,2230
2015-12-28,7045.39404296875,8315.0,8475.0,8315.0,8365.0,5390
2015-12-29,6820.8583984375,8050.0,8165.0,8010.0,8160.0,6678
2015-12-30,6960.66357421875,8215.0,8240.0,8080.0,8100.0,5302
2015-12-31,7168.25634765625,8460.0,8465.0,8230.0,8310.0,10463
2016-01-04,7473.2890625,8820.0,9125.0,8820.0,8890.0,17708
2016-01-05,7426.68408203125,8765.0,8950.0,8705.0,8770.0,11273
2016-01-06,7723.244140625,9115.0,9265.0,8950.0,9175.0,15771
2016-01-07,8278.2333984375,9770.0,9825.0,9300.0,9610.0,22445
2016-01-08,8545.1357421875,10085.0,10140.0,9500.0,9595.0,22287
2016-01-11,8532.427734375,10070.0,10415.0,9855.0,9910.0,18051
2016-01-12,8312.1259765625,9810.0,10205.0,9675.0,9780.0,21302
2016-01-13,8930.6630859375,10540.0,10615.0,9635.0,9685.0,24091
2016-01-14,8498.53515625,10030.0,10745.0,9805.0,10420.0,22847
2016-01-15,9032.33984375,10660.0,11030.0,10525.0,10845.0,23537
2016-01-19,9006.9208984375,10630.0,10945.0,10285.0,10300.0,21552
2016-01-20,9333.1357421875,11015.0,11825.0,10725.0,11145.0,33589
2016-01-21,9193.3310546875,10850.0,11220.0,10475.0,10950.0,21356
2016-01-22,8634.1025390625,10190.0,10475.0,10150.0,10320.0,17915
2016-01-25,9015.3916015625,10640.0,10685.0,10245.0,10300.0,14503
2016-01-26,8642.5771484375,10200.0,10580.0,10155.0,10530.0,10488
2016-01-27,8930.6630859375,10540.0,10715.0,9990.0,10315.0,16126
2016-01-28,8790.857421875,10375.0,10705.0,10195.0,10235.0,12772
2016-01-29,8138.42578125,9605.0,10250.0,9605.0,10220.0,13142
2016-02-01,8151.1357421875,9620.0,9895.0,9495.0,9810.0,10379
2016-02-02,8591.73828125,10140.0,10235.0,9875.0,9895.0,12476
2016-02-03,8460.404296875,9985.0,10635.0,9885.0,9940.0,22730
2016-02-04,8405.328125,9920.0,10170.0,9735.0,10060.0,13076
2016-02-05,8871.3525390625,10470.0,10600.0,10000.0,10020.0,13565
2016-02-08,9244.1669921875,10910.0,11340.0,10785.0,10845.0,17312
2016-02-09,9239.9306640625,10905.0,11300.0,10640.0,11285.0,19119
2016-02-10,9256.876953125,10925.0,10955.0,10390.0,10715.0,17587
2016-02-11,9600.0380859375,11330.0,11665.0,11140.0,11470.0,20273
2016-02-12,9023.8681640625,10650.0,11155.0,10650.0,10975.0,14033
2016-02-16,8574.7900390625,10120.0,10485.0,10120.0,10275.0,12154
2016-02-17,8159.60693359375,9630.0,9925.0,9550.0,9900.0,15809
2016-02-18,8261.2890625,9750.0,9795.0,9565.0,9565.0,15797
2016-02-19,8257.05078125,9745.0,9990.0,9725.0,9900.0,13213
2016-02-22,7905.41455078125,9330.0,9480.0,9300.0,9470.0,11267
2016-02-23,8197.7373046875,9675.0,9700.0,9395.0,9445.0,12380
2016-02-24,8083.35107421875,9540.0,10135.0,9500.0,9940.0,20986
2016-02-25,7803.73876953125,9210.0,9600.0,9200.0,9460.0,13916
2016-02-26,7846.10498046875,9260.0,9290.0,9040.0,9040.0,12547
2016-02-29,8053.6962890625,9505.0,9505.0,9105.0,9260.0,12449
2016-03-01,7456.34130859375,8800.0,9345.0,8800.0,9270.0,16819
2016-03-02,7363.13818359375,8690.0,8920.0,8680.0,8845.0,12979
2016-03-03,7282.64208984375,8595.0,8805.0,8585.0,8725.0,12744
2016-03-04,7214.85693359375,8515.0,8680.0,8385.0,8550.0,14576
2016-03-07,7189.43798828125,8485.0,8650.0,8420.0,8645.0,14158
2016-03-08,7426.68408203125,8765.0,8785.0,8565.0,8640.0,15701
2016-03-09,7303.8251953125,8620.0,8750.0,8570.0,8635.0,13696
2016-03-10,7299.58740234375,8615.0,8890.0,8410.0,8555.0,23820
2016-03-11,6939.482421875,8190.0,8400.0,8180.0,8380.0,17284
2016-03-14,6960.66357421875,8215.0,8310.0,8150.0,8265.0,8044
2016-03-15,6994.556640625,8255.0,8395.0,8255.0,8360.0,10114
2016-03-16,6867.458984375,8105.0,8335.0,8060.0,8325.0,14590
2016-03-17,6736.12646484375,7950.0,8185.0,7885.0,8135.0,12818
2016-03-18,6655.630859375,7855.0,7935.0,7815.0,7890.0,13307
2016-03-21,6634.44873046875,7830.0,7930.0,7800.0,7900.0,8568
2016-03-22,6638.685546875,7835.0,7955.0,7765.0,7930.0,14163
2016-03-23,6778.4921875,8000.0,8025.0,7870.0,7900.0,17875
2016-03-24,6778.4921875,8000.0,8170.0,8000.0,8150.0,14411
2016-03-28,6770.01904296875,7990.0,8055.0,7925.0,7950.0,10967
2016-03-29,6587.84619140625,7775.0,8090.0,7760.0,8050.0,12743
2016-03-30,6498.87890625,7670.0,7715.0,7570.0,7635.0,11202
2016-03-31,6537.00927734375,7715.0,7745.0,7625.0,7680.0,7626
2016-04-01,6409.91259765625,7565.0,7895.0,7540.0,7855.0,10240
2016-04-04,6469.2236328125,7635.0,7680.0,7550.0,7575.0,8690
2016-04-05,6664.10546875,7865.0,7900.0,7750.0,7820.0,10430
2016-04-06,6443.8037109375,7605.0,7890.0,7600.0,7860.0,11468
2016-04-07,6672.57763671875,7875.0,7975.0,7710.0,7750.0,12922
2016-04-08,6621.740234375,7815.0,7890.0,7665.0,7725.0,9971
2016-04-11,6664.10546875,7865.0,7885.0,7640.0,7735.0,12625
2016-04-12,6486.1689453125,7655.0,7910.0,7615.0,7860.0,13486
2016-04-13,6282.81494140625,7415.0,7550.0,7410.0,7535.0,15590
2016-04-14,6282.81494140625,7415.0,7465.0,7360.0,7400.0,9235
2016-04-15,6308.234375,7445.0,7485.0,7410.0,7425.0,7701
2016-04-18,6176.9013671875,7290.0,7525.0,7285.0,7520.0,10888
2016-04-19,6117.587890625,7220.0,7315.0,7185.0,7230.0,13457
2016-04-20,6104.87939453125,7205.0,7270.0,7110.0,7215.0,10806
2016-04-21,6198.08447265625,7315.0,7345.0,7175.0,7185.0,9392
2016-04-22,6198.08447265625,7315.0,7425.0,7280.0,7360.0,8782
2016-04-25,6231.9775390625,7355.0,7460.0,7350.0,7395.0,7495
2016-04-26,6193.8466796875,7310.0,7375.0,7250.0,7290.0,5729
2016-04-27,6155.71875,7265.0,7405.0,7220.0,7380.0,8432
2016-04-28,6320.943359375,7460.0,7520.0,7230.0,7365.0,12144
2016-04-29,6422.62109375,7580.0,7725.0,7500.0,7550.0,19909
2016-05-02,6270.10546875,7400.0,7580.0,7380.0,7525.0,15913
2016-05-03,6435.33056640625,7595.0,7690.0,7530.0,7565.0,17828
2016-05-04,6541.24365234375,7720.0,7790.0,7635.0,7730.0,12345
2016-05-05,6545.48095703125,7725.0,7790.0,7615.0,7640.0,7844
2016-05-06,6477.69677734375,7645.0,7855.0,7645.0,7835.0,9858
2016-05-09,6456.51318359375,7620.0,7685.0,7570.0,7665.0,6494
2016-05-10,6223.50341796875,7345.0,7540.0,7340.0,7535.0,9140
2016-05-11,6397.20263671875,7550.0,7550.0,7355.0,7405.0,8406
2016-05-12,6384.49267578125,7535.0,7675.0,7440.0,7460.0,10294
2016-05-13,6566.66455078125,7750.0,7785.0,7515.0,7585.0,11420
2016-05-16,6367.5458984375,7515.0,7725.0,7450.0,7720.0,9676
2016-05-17,6537.00927734375,7715.0,7790.0,7510.0,7550.0,10136
2016-05-18,6528.53515625,7705.0,7860.0,7560.0,7770.0,19588
2016-05-19,6604.7919921875,7795.0,7955.0,7760.0,7820.0,16646
2016-05-20,6486.1689453125,7655.0,7720.0,7575.0,7710.0,11027
2016-05-23,6507.3525390625,7680.0,7705.0,7605.0,7650.0,6223
2016-05-24,6257.3955078125,7385.0,7575.0,7340.0,7570.0,12928
2016-05-25,6121.8251953125,7225.0,7295.0,7175.0,7285.0,12113
2016-05-26,6117.587890625,7220.0,7260.0,7180.0,7200.0,6681
2016-05-27,6045.56787109375,7135.0,7205.0,7130.0,7200.0,6499
2016-05-31,6062.5126953125,7155.0,7235.0,7075.0,7095.0,7566
2016-06-01,6037.09521484375,7125.0,7265.0,7100.0,7240.0,8894
2016-06-02,5977.78369140625,7055.0,7225.0,7055.0,7170.0,6545
2016-06-03,6037.09521484375,7125.0,7260.0,7075.0,7125.0,10992
2016-06-06,5939.65380859375,7010.0,7090.0,6970.0,7070.0,7930
2016-06-07,5909.998046875,6975.0,6995.0,6910.0,6990.0,7657
2016-06-08,5854.921875,6910.0,6975.0,6895.0,6960.0,7487
2016-06-09,5884.57861328125,6945.0,7020.0,6920.0,6995.0,9959
2016-06-10,6041.33203125,7130.0,7200.0,7055.0,7100.0,12077
2016-06-13,6181.13671875,7295.0,7310.0,7100.0,7205.0,14714
2016-06-14,6219.2666015625,7340.0,7460.0,7270.0,7345.0,14357
2016-06-15,6244.685546875,7370.0,7395.0,7210.0,7280.0,13923
2016-06-16,6185.3740234375,7300.0,7600.0,7280.0,7485.0,17141
2016-06-17,6248.92236328125,7375.0,7465.0,7310.0,7310.0,9973
2016-06-20,6134.5361328125,7240.0,7255.0,7055.0,7140.0,11326
2016-06-21,6096.40576171875,7195.0,7250.0,7130.0,7195.0,9859
2016-06-22,6113.35302734375,7215.0,7235.0,7075.0,7160.0,9360
2016-06-23,5871.86767578125,6930.0,7215.0,6930.0,7215.0,12905
2016-06-24,6498.87890625,7670.0,7730.0,7315.0,7630.0,43066
2016-06-27,6863.2236328125,8100.0,8200.0,7860.0,7860.0,34001
2016-06-28,6490.40625,7660.0,7905.0,7655.0,7860.0,20597
2016-06-29,6159.9541015625,7270.0,7485.0,7235.0,7470.0,18343
2016-06-30,5901.52490234375,6965.0,7275.0,6960.0,7210.0,21193
2016-07-01,5871.86767578125,6930.0,6995.0,6865.0,6980.0,14649
2016-07-05,5994.72998046875,7075.0,7145.0,7010.0,7020.0,13000
2016-07-06,5884.57861328125,6945.0,7210.0,6930.0,7135.0,17693
2016-07-07,5897.2880859375,6960.0,7045.0,6850.0,6925.0,11797
2016-07-08,5634.62060546875,6650.0,6835.0,6620.0,6805.0,16150
2016-07-11,5575.3095703125,6580.0,6615.0,6515.0,6590.0,12619
2016-07-12,5456.6865234375,6440.0,6495.0,6400.0,6475.0,11982
2016-07-13,5452.44921875,6435.0,6490.0,6390.0,6390.0,9543
2016-07-14,5363.4814453125,6330.0,6370.0,6275.0,6300.0,10536
2016-07-15,5384.66455078125,6355.0,6400.0,6265.0,6270.0,9250
2016-07-18,5333.82568359375,6295.0,6370.0,6285.0,6345.0,8624
2016-07-19,5355.00927734375,6320.0,6370.0,6315.0,6345.0,7027
2016-07-20,5295.697265625,6250.0,6315.0,6215.0,6275.0,8710
2016-07-21,5346.53466796875,6310.0,6355.0,6230.0,6250.0,6236
2016-07-22,5278.75146484375,6230.0,6325.0,6220.0,6305.0,6337
2016-07-25,5321.1162109375,6280.0,6335.0,6235.0,6245.0,5627
2016-07-26,5312.64306640625,6270.0,6355.0,6230.0,6290.0,5700
2016-07-27,5321.1162109375,6280.0,6365.0,6225.0,6225.0,7385
2016-07-28,5312.64306640625,6270.0,6355.0,6235.0,6305.0,5184
2016-07-29,5278.75146484375,6230.0,6320.0,6200.0,6295.0,8011
2016-08-01,5299.9326171875,6255.0,6300.0,6190.0,6230.0,8384
2016-08-02,5393.1376953125,6365.0,6455.0,6260.0,6275.0,13341
2016-08-03,5346.53466796875,6310.0,6410.0,6310.0,6380.0,7666
2016-08-04,5329.58984375,6290.0,6345.0,6265.0,6305.0,5296
2016-08-05,5202.49169921875,6140.0,6240.0,6135.0,6225.0,11147
2016-08-08,5210.9658203125,6150.0,6180.0,6110.0,6120.0,4399
2016-08-09,5202.49169921875,6140.0,6175.0,6090.0,6145.0,6473
2016-08-10,5244.857421875,6190.0,6220.0,6120.0,6125.0,6033
2016-08-11,5164.36376953125,6095.0,6160.0,6075.0,6135.0,6683
2016-08-12,5185.546875,6120.0,6155.0,6095.0,6125.0,7998
2016-08-15,5130.4716796875,6055.0,6080.0,6025.0,6080.0,5694
2016-08-16,5215.20166015625,6155.0,6155.0,6090.0,6100.0,6619
2016-08-17,5189.78271484375,6125.0,6235.0,6105.0,6155.0,8300
2016-08-18,5147.4169921875,6075.0,6135.0,6075.0,6120.0,3911
2016-08-19,5172.83642578125,6105.0,6170.0,6085.0,6125.0,5295
2016-08-22,5172.83642578125,6105.0,6170.0,6085.0,6130.0,6891
2016-08-23,5143.18115234375,6070.0,6075.0,6015.0,6055.0,6923
2016-08-24,5215.20166015625,6155.0,6200.0,6075.0,6080.0,7982
2016-08-25,5232.1484375,6175.0,6215.0,6130.0,6205.0,8578
2016-08-26,5261.8037109375,6210.0,6300.0,6055.0,6160.0,17733
2016-08-29,5185.546875,6120.0,6200.0,6090.0,6200.0,7136
2016-08-30,5210.9658203125,6150.0,6205.0,6100.0,6130.0,5335
2016-08-31,5257.56787109375,6205.0,6275.0,6170.0,6180.0,8622
2016-09-01,5249.0947265625,6195.0,6320.0,6170.0,6205.0,9378
2016-09-02,5177.07421875,6110.0,6175.0,6070.0,6115.0,9581
2016-09-06,5134.70751953125,6060.0,6160.0,6055.0,6090.0,7889
2016-09-07,5130.4716796875,6055.0,6120.0,6045.0,6080.0,6322
2016-09-08,5168.60009765625,6100.0,6135.0,6065.0,6095.0,6587
2016-09-09,5537.18115234375,6535.0,6540.0,6225.0,6230.0,25309
2016-09-12,5299.9326171875,6255.0,6630.0,6215.0,6620.0,24548
2016-09-13,5537.18115234375,6535.0,6585.0,6365.0,6390.0,21316
2016-09-14,5532.943359375,6530.0,6595.0,6395.0,6520.0,14152
2016-09-15,5376.19140625,6345.0,6570.0,6300.0,6555.0,14344
2016-09-16,5431.26611328125,6410.0,6485.0,6385.0,6410.0,8319
2016-09-19,5435.5029296875,6415.0,6445.0,6275.0,6340.0,7369
2016-09-20,5427.02978515625,6405.0,6415.0,6300.0,6325.0,5632
2016-09-21,5249.0947265625,6195.0,6405.0,6170.0,6335.0,13147
2016-09-22,5147.4169921875,6075.0,6115.0,6045.0,6090.0,11816
2016-09-23,5232.1484375,6175.0,6185.0,6105.0,6110.0,8506
2016-09-26,5355.00927734375,6320.0,6345.0,6240.0,6260.0,8250
2016-09-27,5257.56787109375,6205.0,6375.0,6195.0,6340.0,8452
2016-09-28,5172.83642578125,6105.0,6280.0,6100.0,6185.0,7854
2016-09-29,5316.87890625,6275.0,6335.0,6095.0,6135.0,13646
2016-09-30,5202.49169921875,6140.0,6220.0,6065.0,6200.0,14273
2016-10-03,5240.62158203125,6185.0,6245.0,6155.0,6180.0,7545
2016-10-04,5316.87890625,6275.0,6335.0,6145.0,6165.0,11413
2016-10-05,5249.0947265625,6195.0,6215.0,6145.0,6215.0,7544
2016-10-06,5227.912109375,6170.0,6265.0,6155.0,6215.0,7004
2016-10-07,5291.46044921875,6245.0,6315.0,6135.0,6155.0,10716
2016-10-10,5206.72802734375,6145.0,6160.0,6100.0,6150.0,6574
2016-10-11,5397.3740234375,6370.0,6450.0,6185.0,6190.0,14838
2016-10-12,5384.66455078125,6355.0,6415.0,6295.0,6365.0,8275
2016-10-13,5431.26611328125,6410.0,6575.0,6365.0,6490.0,16793
2016-10-14,5427.02978515625,6405.0,6415.0,6265.0,6305.0,9285
2016-10-17,5486.34130859375,6475.0,6495.0,6385.0,6405.0,7421
2016-10-18,5388.90087890625,6360.0,6395.0,6300.0,6300.0,7845
2016-10-19,5342.29736328125,6305.0,6365.0,6270.0,6330.0,7082
2016-10-20,5367.71875,6335.0,6405.0,6280.0,6335.0,8595
2016-10-21,5359.2451171875,6325.0,6430.0,6315.0,6415.0,6218
2016-10-24,5299.9326171875,6255.0,6280.0,6205.0,6240.0,8037
2016-10-25,5342.29736328125,6305.0,6325.0,6235.0,6265.0,5626
2016-10-26,5367.71875,6335.0,6415.0,6285.0,6390.0,8971
2016-10-27,5422.79296875,6400.0,6405.0,6270.0,6270.0,6948
2016-10-28,5465.15869140625,6450.0,6525.0,6325.0,6400.0,16756
2016-10-31,5477.86962890625,6465.0,6475.0,6395.0,6420.0,5499
2016-11-01,5583.783203125,6590.0,6720.0,6415.0,6425.0,16676
2016-11-02,5689.6962890625,6715.0,6760.0,6585.0,6630.0,12740
2016-11-03,5757.48193359375,6795.0,6840.0,6665.0,6695.0,8355
2016-11-04,5791.3740234375,6835.0,6845.0,6695.0,6795.0,14458
2016-11-07,5410.083984375,6385.0,6555.0,6375.0,6530.0,17269
2016-11-08,5338.0634765625,6300.0,6445.0,6230.0,6415.0,11277
2016-11-09,5160.12646484375,6090.0,6465.0,6025.0,6455.0,35731
2016-11-10,5126.234375,6050.0,6185.0,5925.0,6010.0,22166
2016-11-11,5155.8896484375,6085.0,6180.0,6060.0,6115.0,10360
2016-11-14,5151.65380859375,6080.0,6140.0,6010.0,6035.0,9020
2016-11-15,5033.03076171875,5940.0,6055.0,5930.0,6035.0,8983
2016-11-16,5054.212890625,5965.0,6000.0,5940.0,5985.0,5618
2016-11-17,4977.955078125,5875.0,5960.0,5865.0,5950.0,9235
2016-11-18,5003.37255859375,5905.0,5930.0,5850.0,5865.0,3568
2016-11-21,4897.4599609375,5780.0,5870.0,5775.0,5850.0,8501
2016-11-22,4872.041015625,5750.0,5810.0,5725.0,5745.0,6457
2016-11-23,4850.8583984375,5725.0,5810.0,5725.0,5790.0,4315
2016-11-25,4804.25537109375,5670.0,5710.0,5665.0,5700.0,3390
2016-11-28,4863.568359375,5740.0,5760.0,5675.0,5700.0,5218
2016-11-29,4846.6220703125,5720.0,5775.0,5675.0,5745.0,6452
2016-11-30,4884.75146484375,5765.0,5765.0,5640.0,5655.0,5915
2016-12-01,4931.35302734375,5820.0,5850.0,5730.0,5730.0,6625
2016-12-02,4931.35302734375,5820.0,5845.0,5765.0,5815.0,5762
2016-12-05,4842.384765625,5715.0,5755.0,5675.0,5740.0,9190
2016-12-06,4795.78369140625,5660.0,5735.0,5650.0,5690.0,3856
2016-12-07,4609.37353515625,5440.0,5675.0,5425.0,5670.0,13568
2016-12-08,4571.2451171875,5395.0,5455.0,5350.0,5425.0,13474
2016-12-09,4482.27734375,5290.0,5375.0,5290.0,5375.0,7290
2016-12-12,4499.2236328125,5310.0,5345.0,5260.0,5305.0,5574
2016-12-13,4410.255859375,5205.0,5260.0,5165.0,5255.0,8915
2016-12-14,4511.93408203125,5325.0,5365.0,5170.0,5230.0,17506
2016-12-15,4461.095703125,5265.0,5325.0,5195.0,5315.0,10946
2016-12-16,4486.513671875,5295.0,5320.0,5225.0,5225.0,7798
2016-12-19,4456.85888671875,5260.0,5295.0,5225.0,5285.0,5419
2016-12-20,4406.01953125,5200.0,5235.0,5190.0,5215.0,5686
2016-12-21,4444.14892578125,5245.0,5245.0,5195.0,5210.0,2931
2016-12-22,4461.095703125,5265.0,5300.0,5250.0,5255.0,5664
2016-12-23,4452.62109375,5255.0,5285.0,5250.0,5270.0,2825
2016-12-27,4418.7294921875,5215.0,5235.0,5180.0,5230.0,4482
2016-12-28,4520.40576171875,5335.0,5350.0,5190.0,5190.0,6331
2016-12-29,4528.8798828125,5345.0,5380.0,5305.0,5335.0,6533
2016-12-30,4575.48193359375,5400.0,5460.0,5305.0,5315.0,9221
2017-01-03,4469.56787109375,5275.0,5375.0,5235.0,5295.0,8577
2017-01-04,4397.546875,5190.0,5255.0,5170.0,5250.0,6505
2017-01-05,4401.78271484375,5195.0,5260.0,5185.0,5210.0,4896
2017-01-06,4355.181640625,5140.0,5230.0,5105.0,5185.0,8022
2017-01-09,4393.31005859375,5185.0,5200.0,5150.0,5165.0,4358
2017-01-10,4406.01953125,5200.0,5220.0,5125.0,5195.0,5605
2017-01-11,4363.654296875,5150.0,5250.0,5150.0,5205.0,8194
2017-01-12,4397.546875,5190.0,5295.0,5175.0,5200.0,7930
2017-01-13,4372.12646484375,5160.0,5175.0,5130.0,5175.0,5013
2017-01-17,4414.49365234375,5210.0,5240.0,5175.0,5210.0,5205
2017-01-18,4384.83740234375,5175.0,5230.0,5170.0,5190.0,3954
2017-01-19,4427.203125,5225.0,5265.0,5155.0,5170.0,5851
2017-01-20,4389.07177734375,5180.0,5225.0,5135.0,5190.0,10513
2017-01-23,4418.7294921875,5215.0,5275.0,5170.0,5205.0,6576
2017-01-24,4329.76171875,5110.0,5210.0,5080.0,5200.0,7853
2017-01-25,4232.3203125,4995.0,5055.0,4985.0,5040.0,9345
2017-01-26,4232.3203125,4995.0,5020.0,4975.0,4995.0,4072
2017-01-27,4253.5029296875,5020.0,5035.0,4980.0,4995.0,3638
2017-01-30,4325.5244140625,5105.0,5190.0,5075.0,5075.0,8652
2017-01-31,4338.2353515625,5120.0,5200.0,5115.0,5155.0,7505
2017-02-01,4333.99755859375,5115.0,5155.0,5045.0,5065.0,5749
2017-02-02,4317.05126953125,5095.0,5165.0,5080.0,5140.0,4824
2017-02-03,4236.55859375,5000.0,5055.0,4985.0,5030.0,8023
2017-02-06,4257.740234375,5025.0,5050.0,4995.0,5030.0,4330
2017-02-07,4257.740234375,5025.0,5040.0,4975.0,4990.0,5502
2017-02-08,4236.55859375,5000.0,5065.0,4995.0,5050.0,5538
2017-02-09,4168.771484375,4920.0,4985.0,4890.0,4985.0,10645
2017-02-10,4117.93505859375,4860.0,4895.0,4840.0,4890.0,8040
2017-02-13,4050.148193359375,4780.0,4825.0,4760.0,4820.0,8960
2017-02-14,3999.31005859375,4720.0,4815.0,4720.0,4790.0,7941
2017-02-15,3939.99853515625,4650.0,4740.0,4635.0,4735.0,12266
2017-02-16,3944.235107421875,4655.0,4710.0,4635.0,4645.0,9836
2017-02-17,3935.76220703125,4645.0,4705.0,4640.0,4705.0,7288
2017-02-21,3859.50341796875,4555.0,4615.0,4540.0,4610.0,11290
2017-02-22,3872.213623046875,4570.0,4595.0,4550.0,4585.0,5366
2017-02-23,3863.74072265625,4560.0,4610.0,4530.0,4535.0,6831
2017-02-24,3846.7939453125,4540.0,4620.0,4540.0,4620.0,9026
2017-02-27,3829.847900390625,4520.0,4565.0,4505.0,4545.0,7164
2017-02-28,3855.267822265625,4550.0,4580.0,4530.0,4550.0,8444
2017-03-01,3698.51416015625,4365.0,4445.0,4335.0,4440.0,19756
2017-03-02,3766.298828125,4445.0,4450.0,4375.0,4375.0,9042
2017-03-03,3762.063232421875,4440.0,4480.0,4425.0,4455.0,8951
2017-03-06,3795.955078125,4480.0,4520.0,4455.0,4495.0,6801
2017-03-07,3825.611572265625,4515.0,4530.0,4475.0,4500.0,5797
2017-03-08,3851.0302734375,4545.0,4550.0,4480.0,4500.0,7459
2017-03-09,3834.084716796875,4525.0,4590.0,4505.0,4535.0,6722
2017-03-10,3800.191162109375,4485.0,4540.0,4460.0,4460.0,6116
2017-03-13,3787.482177734375,4470.0,4505.0,4470.0,4485.0,3648
2017-03-14,3829.847900390625,4520.0,4565.0,4505.0,4510.0,5094
2017-03-15,3740.87939453125,4415.0,4505.0,4380.0,4490.0,10125
2017-03-16,3753.59033203125,4430.0,4455.0,4390.0,4395.0,5892
2017-03-17,3779.0087890625,4460.0,4460.0,4405.0,4420.0,4962
2017-03-20,3787.482177734375,4470.0,4500.0,4440.0,4460.0,3556
2017-03-21,3935.76220703125,4645.0,4655.0,4425.0,4430.0,14378
2017-03-22,3906.105712890625,4610.0,4685.0,4595.0,4645.0,14854
2017-03-23,3918.816162109375,4625.0,4650.0,4550.0,4625.0,13060
2017-03-24,3927.289306640625,4635.0,4690.0,4570.0,4610.0,15107
2017-03-27,3944.235107421875,4655.0,4770.0,4635.0,4760.0,16065
2017-03-28,3855.267822265625,4550.0,4680.0,4525.0,4670.0,11274
2017-03-29,3838.32177734375,4530.0,4585.0,4520.0,4565.0,4374
2017-03-30,3812.902587890625,4500.0,4555.0,4480.0,4540.0,5236
2017-03-31,3838.32177734375,4530.0,4530.0,4485.0,4520.0,4995
2017-04-03,3851.0302734375,4545.0,4630.0,4510.0,4520.0,9614
2017-04-04,3842.55712890625,4535.0,4595.0,4535.0,4570.0,7943
2017-04-05,3880.687255859375,4580.0,4595.0,4430.0,4495.0,11874
2017-04-06,3855.267822265625,4550.0,4605.0,4515.0,4570.0,7741
2017-04-07,3867.97705078125,4565.0,4595.0,4515.0,4560.0,6895
2017-04-10,3859.50341796875,4555.0,4590.0,4500.0,4550.0,7134
2017-04-11,3872.213623046875,4570.0,4665.0,4560.0,4580.0,9646
2017-04-12,3914.57958984375,4620.0,4645.0,4575.0,4590.0,6530
2017-04-13,3995.07373046875,4715.0,4715.0,4605.0,4650.0,12573
2017-04-17,3897.632568359375,4600.0,4700.0,4595.0,4685.0,8407
2017-04-18,3931.52587890625,4640.0,4680.0,4600.0,4650.0,6965
2017-04-19,3952.707275390625,4665.0,4680.0,4570.0,4595.0,6297
2017-04-20,3855.267822265625,4550.0,4645.0,4520.0,4620.0,8358
2017-04-21,3897.632568359375,4600.0,4620.0,4550.0,4555.0,5786
2017-04-24,3766.298828125,4445.0,4475.0,4430.0,4445.0,9928
2017-04-25,3698.51416015625,4365.0,4410.0,4345.0,4405.0,8048
2017-04-26,3702.751220703125,4370.0,4375.0,4310.0,4365.0,10037
2017-04-27,3698.51416015625,4365.0,4400.0,4345.0,4355.0,5066
2017-04-28,3715.46044921875,4385.0,4400.0,4350.0,4350.0,3946
2017-05-01,3696.8193359375,4363.0,4387.0,4334.0,4339.0,11436
2017-05-02,3690.88916015625,4356.0,4381.0,4345.0,4350.0,10511
2017-05-03,3703.5986328125,4371.0,4413.0,4358.0,4383.0,9547
2017-05-04,3693.430908203125,4359.0,4410.0,4348.0,4352.0,9434
2017-05-05,3648.5234375,4306.0,4362.0,4306.0,4337.0,9039
2017-05-08,3650.218505859375,4308.0,4335.0,4297.0,4303.0,6703
2017-05-09,3661.233154296875,4321.0,4341.0,4280.0,4293.0,7983
2017-05-10,3640.897216796875,4297.0,4336.0,4297.0,4326.0,5887
2017-05-11,3661.233154296875,4321.0,4391.0,4314.0,4326.0,9282
2017-05-12,3679.874267578125,4343.0,4362.0,4335.0,4343.0,6274
2017-05-15,3626.493896484375,4280.0,4322.0,4268.0,4321.0,6738
2017-05-16,3633.27197265625,4288.0,4311.0,4256.0,4258.0,7131
2017-05-17,3825.611572265625,4515.0,4519.0,4365.0,4395.0,24244
2017-05-18,3782.39892578125,4464.0,4537.0,4407.0,4526.0,21604
2017-05-19,3710.376953125,4379.0,4434.0,4332.0,4429.0,14571
2017-05-22,3649.37060546875,4307.0,4347.0,4299.0,4346.0,8041
2017-05-23,3629.034423828125,4283.0,4309.0,4271.0,4288.0,5718
2017-05-24,3604.46337890625,4254.0,4287.0,4245.0,4268.0,7903
2017-05-25,3553.624267578125,4194.0,4232.0,4173.0,4220.0,16168
2017-05-26,3551.08251953125,4191.0,4208.0,4185.0,4204.0,9659
2017-05-30,3562.09765625,4204.0,4223.0,4189.0,4213.0,7755
2017-05-31,3567.18115234375,4210.0,4250.0,4184.0,4186.0,11679
2017-06-01,3484.144287109375,4112.0,4198.0,4110.0,4182.0,15609
2017-06-02,3447.710693359375,4069.0,4123.0,4059.0,4105.0,12401
2017-06-05,3457.030517578125,4080.0,4088.0,4063.0,4079.0,5107
2017-06-06,3487.5341796875,4116.0,4122.0,4079.0,4111.0,9351
2017-06-07,3470.587646484375,4096.0,4137.0,4082.0,4097.0,13222
2017-06-08,3466.350830078125,4091.0,4119.0,4061.0,4089.0,11842
2017-06-09,3478.214111328125,4105.0,4180.0,4027.0,4071.0,25210
2017-06-12,3486.68603515625,4115.0,4161.0,4108.0,4125.0,15510
2017-06-13,3435.0009765625,4054.0,4100.0,4048.0,4079.0,9591
2017-06-14,3446.01611328125,4067.0,4114.0,4033.0,4035.0,18853
2017-06-15,3467.19873046875,4092.0,4161.0,4084.0,4144.0,15028
2017-06-16,3466.350830078125,4091.0,4139.0,4082.0,4083.0,10899
2017-06-19,3380.77294921875,3990.0,4047.0,3984.0,4041.0,11028
2017-06-20,3444.321044921875,4065.0,4068.0,4006.0,4009.0,9223
2017-06-21,3448.55810546875,4070.0,4096.0,4040.0,4049.0,7981
2017-06-22,3456.18359375,4079.0,4086.0,4043.0,4071.0,5848
2017-06-23,3440.0849609375,4060.0,4096.0,4044.0,4073.0,6420
2017-06-26,3436.695556640625,4056.0,4067.0,4002.0,4024.0,5919
2017-06-27,3519.732177734375,4154.0,4154.0,4052.0,4069.0,17572
2017-06-28,3428.22265625,4046.0,4108.0,4031.0,4095.0,18169
2017-06-29,3512.10595703125,4145.0,4218.0,4033.0,4033.0,23679
2017-06-30,3496.8544921875,4127.0,4138.0,4081.0,4102.0,16973
2017-07-03,3478.214111328125,4105.0,4105.0,4047.0,4071.0,6533
2017-07-05,3457.030517578125,4080.0,4133.0,4069.0,4086.0,8571
2017-07-06,3551.08251953125,4191.0,4202.0,4118.0,4126.0,15243
2017-07-07,3484.991943359375,4113.0,4168.0,4101.0,4159.0,13392
2017-07-10,3471.435302734375,4097.0,4128.0,4077.0,4120.0,7075
2017-07-11,3479.908203125,4107.0,4175.0,4089.0,4109.0,7528
2017-07-12,3402.802978515625,4016.0,4051.0,4006.0,4051.0,10273
2017-07-13,3385.856689453125,3996.0,4028.0,3989.0,4014.0,7329
2017-07-14,3339.25439453125,3941.0,4002.0,3921.0,3997.0,13872
2017-07-17,3342.643798828125,3945.0,3952.0,3924.0,3947.0,6602
2017-07-18,3334.17041015625,3935.0,3984.0,3935.0,3965.0,9060
2017-07-19,3281.637451171875,3873.0,3920.0,3873.0,3919.0,13096
2017-07-20,3278.248291015625,3869.0,3898.0,3855.0,3859.0,9367
2017-07-21,3286.721435546875,3879.0,3913.0,3879.0,3900.0,7291
2017-07-24,3290.1103515625,3883.0,3909.0,3876.0,3885.0,6178
2017-07-25,3268.08056640625,3857.0,3868.0,3837.0,3842.0,7262
2017-07-26,3267.23291015625,3856.0,3870.0,3839.0,3839.0,7425
2017-07-27,3274.85888671875,3865.0,3938.0,3830.0,3830.0,14795
2017-07-28,3288.415771484375,3881.0,3918.0,3875.0,3895.0,9060
2017-07-31,3295.194091796875,3889.0,3900.0,3856.0,3861.0,9684
2017-08-01,3273.164306640625,3863.0,3887.0,3855.0,3857.0,9406
2017-08-02,3268.927490234375,3858.0,3908.0,3851.0,3855.0,10350
2017-08-03,3286.721435546875,3879.0,3896.0,3864.0,3864.0,8177
2017-08-04,3273.164306640625,3863.0,3881.0,3842.0,3857.0,8625
2017-08-07,3253.67626953125,3840.0,3864.0,3840.0,3858.0,6883
2017-08-08,3276.553466796875,3867.0,3889.0,3792.0,3857.0,18835
2017-08-09,3279.095947265625,3870.0,3926.0,3867.0,3907.0,15688
2017-08-10,3415.512451171875,4031.0,4036.0,3908.0,3916.0,24729
2017-08-11,3402.802978515625,4016.0,4034.0,3984.0,4020.0,16840
2017-08-14,3301.97314453125,3897.0,3945.0,3885.0,3945.0,17596
2017-08-15,3301.97314453125,3897.0,3915.0,3875.0,3876.0,11754
2017-08-16,3286.721435546875,3879.0,3903.0,3850.0,3870.0,13697
2017-08-17,3439.237548828125,4059.0,4060.0,3895.0,3912.0,30962
2017-08-18,3458.72509765625,4082.0,4108.0,4009.0,4072.0,25742
2017-08-21,3448.55810546875,4070.0,4127.0,4057.0,4086.0,16925
2017-08-22,3343.490966796875,3946.0,4041.0,3936.0,4041.0,17026
2017-08-23,3378.230224609375,3987.0,4006.0,3965.0,3999.0,11482
2017-08-24,3400.260986328125,4013.0,4028.0,3959.0,3967.0,14235
2017-08-25,3380.77294921875,3990.0,3998.0,3937.0,3971.0,18173
2017-08-28,3379.077880859375,3988.0,4013.0,3960.0,3963.0,9996
2017-08-29,3369.757568359375,3977.0,4070.0,3963.0,4062.0,23676
2017-08-30,3319.76611328125,3918.0,3989.0,3905.0,3977.0,14943
2017-08-31,3265.538330078125,3854.0,3892.0,3837.0,3886.0,17055
2017-09-01,3246.8974609375,3832.0,3843.0,3812.0,3831.0,12600
2017-09-05,3318.072021484375,3916.0,3971.0,3850.0,3863.0,28180
2017-09-06,3285.02685546875,3877.0,3910.0,3860.0,3880.0,13217
2017-09-07,3286.721435546875,3879.0,3902.0,3861.0,3861.0,20186
2017-09-08,3300.278564453125,3895.0,3908.0,3871.0,3898.0,13943
2017-09-11,3194.3642578125,3770.0,3827.0,3766.0,3825.0,16222
2017-09-12,3163.013671875,3733.0,3761.0,3733.0,3752.0,11759
2017-09-13,3157.082763671875,3726.0,3753.0,3726.0,3749.0,9115
2017-09-14,3160.4716796875,3730.0,3753.0,3722.0,3746.0,10634
2017-09-15,3147.7626953125,3715.0,3746.0,3715.0,3742.0,11073
2017-09-18,3129.96875,3694.0,3715.0,3678.0,3699.0,9752
2017-09-19,3120.648193359375,3683.0,3700.0,3680.0,3683.0,8910
2017-09-20,3116.41162109375,3678.0,3731.0,3675.0,3682.0,13867
2017-09-21,3142.67822265625,3709.0,3719.0,3685.0,3687.0,12752
2017-09-22,3142.67822265625,3709.0,3729.0,3701.0,3729.0,10873
2017-09-25,3158.777587890625,3728.0,3770.0,3705.0,3723.0,17415
2017-09-26,3156.235595703125,3725.0,3738.0,3699.0,3711.0,12847
2017-09-27,3119.801025390625,3682.0,3734.0,3663.0,3689.0,15754
2017-09-28,3109.63330078125,3670.0,3702.0,3667.0,3696.0,8640
2017-09-29,3077.434814453125,3632.0,3681.0,3628.0,3671.0,10759
2017-10-02,3040.154052734375,3588.0,3625.0,3586.0,3620.0,12204
2017-10-03,3019.818115234375,3564.0,3588.0,3560.0,3578.0,7174
2017-10-04,3007.1083984375,3549.0,3575.0,3538.0,3569.0,8037
2017-10-05,2956.27001953125,3489.0,3539.0,3487.0,3535.0,13036
2017-10-06,2963.895263671875,3498.0,3521.0,3497.0,3509.0,10676
2017-10-09,2979.994140625,3517.0,3531.0,3488.0,3490.0,10113
2017-10-10,2957.96484375,3491.0,3517.0,3474.0,3492.0,8487
2017-10-11,2945.254638671875,3476.0,3504.0,3475.0,3497.0,6979
2017-10-12,2957.96484375,3491.0,3502.0,3474.0,3490.0,8069
2017-10-13,2949.490966796875,3481.0,3486.0,3465.0,3472.0,8245
2017-10-16,2936.781494140625,3466.0,3485.0,3457.0,3466.0,8201
2017-10-17,2932.545166015625,3461.0,3477.0,3457.0,3469.0,6227
2017-10-18,2922.37744140625,3449.0,3457.0,3439.0,3441.0,8552
2017-10-19,2917.293701171875,3443.0,3505.0,3443.0,3487.0,16751
2017-10-20,2875.775390625,3394.0,3421.0,3392.0,3409.0,11300
2017-10-23,2906.2783203125,3430.0,3437.0,3378.0,3379.0,9088
2017-10-24,2895.263427734375,3417.0,3431.0,3405.0,3415.0,8749
2017-10-25,2935.086669921875,3464.0,3519.0,3426.0,3430.0,19057
2017-10-26,2928.308837890625,3456.0,3456.0,3426.0,3439.0,12253
2017-10-27,2855.43994140625,3370.0,3432.0,3363.0,3418.0,15470
2017-10-30,2885.09521484375,3405.0,3421.0,3374.0,3418.0,13423
2017-10-31,2875.775390625,3394.0,3405.0,3381.0,3391.0,7592
2017-11-01,2863.06591796875,3379.0,3396.0,3341.0,3360.0,12064
2017-11-02,2857.981201171875,3373.0,3431.0,3369.0,3380.0,13207
2017-11-03,2832.562744140625,3343.0,3387.0,3341.0,3367.0,8529
2017-11-06,2821.546875,3330.0,3352.0,3322.0,3351.0,9004
2017-11-07,2825.783447265625,3335.0,3357.0,3309.0,3321.0,12990
2017-11-08,2809.685302734375,3316.0,3354.0,3314.0,3342.0,10237
2017-11-09,2841.03564453125,3353.0,3425.0,3346.0,3371.0,21783
2017-11-10,2846.119140625,3359.0,3387.0,3355.0,3374.0,11973
2017-11-13,2839.340087890625,3351.0,3392.0,3340.0,3391.0,11030
2017-11-14,2858.82861328125,3374.0,3421.0,3369.0,3386.0,16180
2017-11-15,2902.88916015625,3426.0,3457.0,3396.0,3418.0,17645
2017-11-16,2827.47802734375,3337.0,3383.0,3321.0,3382.0,18809
2017-11-17,2852.05078125,3366.0,3371.0,3347.0,3354.0,10457
2017-11-20,2841.03564453125,3353.0,3369.0,3342.0,3360.0,9033
2017-11-21,2785.113037109375,3287.0,3320.0,3279.0,3316.0,14911
2017-11-22,2792.73828125,3296.0,3302.0,3281.0,3284.0,7590
2017-11-24,2774.945068359375,3275.0,3280.0,3268.0,3277.0,4869
2017-11-27,2778.33447265625,3279.0,3287.0,3258.0,3273.0,10583
2017-11-28,2695.298095703125,3181.0,3263.0,3178.0,3260.0,20711
2017-11-29,2698.68701171875,3185.0,3205.0,3152.0,3173.0,20994
2017-11-30,2632.59716796875,3107.0,3150.0,3066.0,3148.0,32254
2017-12-01,2645.306396484375,3122.0,3253.0,3093.0,3111.0,39115
2017-12-04,2655.474365234375,3134.0,3134.0,3039.0,3056.0,25086
2017-12-05,2683.435791015625,3167.0,3173.0,3099.0,3125.0,22322
2017-12-06,2682.588134765625,3166.0,3185.0,3149.0,3182.0,23388
2017-12-07,2658.863525390625,3138.0,3177.0,3124.0,3172.0,17976
2017-12-08,2616.497802734375,3088.0,3114.0,3086.0,3103.0,18340
2017-12-11,2590.2314453125,3057.0,3088.0,3057.0,3084.0,13289
2017-12-12,2577.521728515625,3042.0,3058.0,3025.0,3049.0,10080
2017-12-13,2580.063232421875,3045.0,3048.0,3017.0,3033.0,15825
2017-12-14,2612.2607421875,3083.0,3085.0,3029.0,3032.0,16688
2017-12-15,2547.018798828125,3006.0,3046.0,2990.0,3044.0,26541
2017-12-18,2499.568603515625,2950.0,2956.0,2936.0,2954.0,22126
2017-12-19,2528.37744140625,2984.0,2986.0,2940.0,2940.0,18415
2017-12-20,2531.76708984375,2988.0,3000.0,2944.0,2947.0,15838
2017-12-21,2517.36279296875,2971.0,2980.0,2944.0,2965.0,16320
2017-12-22,2520.751220703125,2975.0,2995.0,2971.0,2972.0,12111
2017-12-26,2530.919677734375,2987.0,2996.0,2980.0,2996.0,7873
2017-12-27,2526.682861328125,2982.0,2992.0,2969.0,2981.0,10078
2017-12-28,2513.12646484375,2966.0,2978.0,2963.0,2965.0,8787
2017-12-29,2538.545166015625,2996.0,3006.0,2944.0,2944.0,16347
2018-01-02,2485.16455078125,2933.0,2980.0,2933.0,2965.0,12954
2018-01-03,2439.409912109375,2879.0,2929.0,2874.0,2929.0,14288
2018-01-04,2409.753662109375,2844.0,2859.0,2827.0,2856.0,27111
2018-01-05,2363.999267578125,2790.0,2833.0,2784.0,2816.0,16559
2018-01-08,2350.44140625,2774.0,2802.0,2769.0,2793.0,14717
2018-01-09,2335.190673828125,2756.0,2768.0,2733.0,2759.0,22900
2018-01-10,2346.205810546875,2769.0,2804.0,2759.0,2781.0,14988
2018-01-11,2295.36669921875,2709.0,2754.0,2708.0,2748.0,20655
2018-01-12,2251.306884765625,2657.0,2703.0,2650.0,2699.0,22647
2018-01-16,2275.031005859375,2685.0,2706.0,2594.0,2615.0,34694
2018-01-17,2210.635498046875,2609.0,2678.0,2595.0,2654.0,31064
2018-01-18,2219.955810546875,2620.0,2636.0,2598.0,2611.0,29456
2018-01-19,2191.9951171875,2587.0,2621.0,2587.0,2601.0,24878
2018-01-22,2139.46142578125,2525.0,2594.0,2525.0,2594.0,22572
2018-01-23,2125.904541015625,2509.0,2532.0,2498.0,2522.0,22558
2018-01-24,2126.75146484375,2510.0,2546.0,2471.0,2488.0,38959
2018-01-25,2125.904541015625,2509.0,2531.0,2483.0,2486.0,30912
2018-01-26,2052.188720703125,2422.0,2491.0,2422.0,2482.0,26642
2018-01-29,2093.70654296875,2471.0,2474.0,2426.0,2438.0,42177
2018-01-30,2158.94970703125,2548.0,2561.0,2507.0,2527.0,58224
2018-01-31,2155.560302734375,2544.0,2577.0,2504.0,2522.0,55216
2018-02-01,2162.339111328125,2552.0,2575.0,2512.0,2568.0,46811
2018-02-02,2302.145751953125,2717.0,2720.0,2589.0,2596.0,68648
2018-02-05,2587.68896484375,3054.0,3081.0,2709.0,2784.0,138378
2018-02-06,2440.25732421875,2880.0,3247.0,2864.0,3210.0,104016
2018-02-07,2485.16455078125,2933.0,2933.0,2780.0,2907.0,84027
2018-02-08,2762.235107421875,3260.0,3263.0,2916.0,2921.0,105699
2018-02-09,2633.444091796875,3108.0,3442.0,3037.0,3144.0,133079
2018-02-12,2526.682861328125,2982.0,3103.0,2922.0,3035.0,86050
2018-02-13,2502.95849609375,2954.0,3048.0,2937.0,3028.0,57032
2018-02-14,2400.433349609375,2833.0,3014.0,2825.0,3013.0,72289
2018-02-15,2315.702880859375,2733.0,2865.0,2732.0,2780.0,66278
2018-02-16,2311.466064453125,2728.0,2755.0,2664.0,2755.0,58764
2018-02-20,2355.525634765625,2780.0,2809.0,2714.0,2764.0,57194
2018-02-21,2396.19677734375,2828.0,2828.0,2681.0,2767.0,61088
2018-02-22,2386.876220703125,2817.0,2837.0,2731.0,2788.0,89723
2018-02-23,2271.642333984375,2681.0,2787.0,2681.0,2770.0,54880
2018-02-26,2189.453369140625,2584.0,2662.0,2583.0,2645.0,50667
2018-02-27,2275.031005859375,2685.0,2685.0,2557.0,2580.0,58862
2018-02-28,2351.28955078125,2775.0,2775.0,2632.0,2648.0,53496
2018-03-01,2443.646240234375,2884.0,2940.0,2719.0,2771.0,108133
2018-03-02,2406.3642578125,2840.0,2981.0,2823.0,2951.0,80071
2018-03-05,2325.86962890625,2745.0,2891.0,2723.0,2888.0,63990
2018-03-06,2308.924072265625,2725.0,2777.0,2710.0,2711.0,60172
2018-03-07,2311.466064453125,2728.0,2807.0,2716.0,2801.0,51545
2018-03-08,2278.42041015625,2689.0,2740.0,2685.0,2705.0,44278
2018-03-09,2161.49169921875,2551.0,2654.0,2550.0,2644.0,58395
2018-03-12,2168.27001953125,2559.0,2572.0,2522.0,2540.0,34863
2018-03-13,2211.482666015625,2610.0,2629.0,2509.0,2527.0,59626
2018-03-14,2247.917724609375,2653.0,2668.0,2574.0,2580.0,62935
2018-03-15,2253.847900390625,2660.0,2677.0,2613.0,2636.0,44199
2018-03-16,2246.22314453125,2651.0,2654.0,2618.0,2643.0,29381
2018-03-19,2339.4267578125,2761.0,2815.0,2677.0,2679.0,58852
2018-03-20,2325.771240234375,2742.0,2766.0,2723.0,2744.0,33566
2018-03-21,2341.88720703125,2761.0,2767.0,2674.0,2746.0,44609
2018-03-22,2517.46484375,2968.0,2977.0,2809.0,2840.0,85880
2018-03-23,2679.471435546875,3159.0,3165.0,2939.0,2950.0,85579
2018-03-26,2456.39453125,2896.0,3109.0,2888.0,3010.0,82408
2018-03-27,2587.01708984375,3050.0,3106.0,2846.0,2865.0,84705
2018-03-28,2609.9189453125,3077.0,3121.0,2980.0,3045.0,83730
2018-03-29,2498.803955078125,2946.0,3062.0,2885.0,3032.0,69317
2018-04-02,2671.837646484375,3150.0,3246.0,2960.0,2979.0,96522
2018-04-03,2570.9013671875,3031.0,3175.0,3011.0,3100.0,70273
2018-04-04,2484.384765625,2929.0,3178.0,2906.0,3171.0,64188
2018-04-05,2430.947998046875,2866.0,2909.0,2833.0,2869.0,55390
2018-04-06,2592.95458984375,3057.0,3114.0,2883.0,2939.0,75310
2018-04-09,2561.571533203125,3020.0,3030.0,2879.0,2996.0,50480
2018-04-10,2437.734130859375,2874.0,2947.0,2840.0,2902.0,56679
2018-04-11,2471.66162109375,2914.0,2928.0,2854.0,2926.0,45568
2018-04-12,2412.287841796875,2844.0,2874.0,2810.0,2868.0,43254
2018-04-13,2436.037353515625,2872.0,2909.0,2795.0,2797.0,50409
2018-04-16,2376.662841796875,2802.0,2842.0,2773.0,2811.0,34311
2018-04-17,2301.173095703125,2713.0,2757.0,2691.0,2739.0,37671
2018-04-18,2295.23583984375,2706.0,2722.0,2679.0,2695.0,33632
2018-04-19,2332.556640625,2750.0,2786.0,2722.0,2731.0,53939
2018-04-20,2395.323486328125,2824.0,2854.0,2749.0,2756.0,48570
2018-04-23,2396.17236328125,2825.0,2864.0,2783.0,2803.0,35949
2018-04-24,2492.018310546875,2938.0,2993.0,2782.0,2788.0,69331
2018-04-25,2476.750732421875,2920.0,3012.0,2901.0,2941.0,56689
2018-04-26,2398.71630859375,2828.0,2896.0,2798.0,2878.0,41063
2018-04-27,2392.779052734375,2821.0,2857.0,2798.0,2809.0,27272
2018-04-30,2452.153076171875,2891.0,2892.0,2781.0,2802.0,33662
2018-05-01,2434.341064453125,2870.0,2967.0,2869.0,2908.0,47277
2018-05-02,2486.0810546875,2931.0,2947.0,2852.0,2882.0,42014
2018-05-03,2503.044921875,2951.0,3071.0,2928.0,2966.0,83335
2018-05-04,2407.1982421875,2838.0,3004.0,2814.0,2993.0,55201
2018-05-07,2384.297119140625,2811.0,2837.0,2776.0,2811.0,37242
2018-05-08,2384.297119140625,2811.0,2868.0,2799.0,2825.0,46633
2018-05-09,2316.44091796875,2731.0,2807.0,2720.0,2789.0,40466
2018-05-10,2250.28076171875,2653.0,2708.0,2643.0,2704.0,44156
2018-05-11,2236.710205078125,2637.0,2668.0,2622.0,2655.0,31302
2018-05-14,2229.92431640625,2629.0,2645.0,2596.0,2618.0,29918
2018-05-15,2276.574951171875,2684.0,2714.0,2669.0,2672.0,55202
2018-05-16,2246.887451171875,2649.0,2683.0,2634.0,2683.0,28711
2018-05-17,2251.97705078125,2655.0,2682.0,2620.0,2660.0,41465
2018-05-18,2270.6376953125,2677.0,2689.0,2658.0,2667.0,31786
2018-05-21,2222.290771484375,2620.0,2640.0,2599.0,2628.0,39387
2018-05-22,2239.25439453125,2640.0,2651.0,2593.0,2602.0,34869
2018-05-23,2219.745849609375,2617.0,2687.0,2617.0,2682.0,42952
2018-05-24,2234.1650390625,2634.0,2693.0,2623.0,2631.0,36860
2018-05-25,2252.825439453125,2656.0,2672.0,2635.0,2656.0,24901
2018-05-29,2327.467041015625,2744.0,2784.0,2685.0,2712.0,59256
2018-05-30,2238.406494140625,2639.0,2705.0,2623.0,2703.0,34890
2018-05-31,2284.209228515625,2693.0,2708.0,2642.0,2654.0,49343
2018-06-01,2212.112060546875,2608.0,2647.0,2600.0,2645.0,34583
2018-06-04,2180.728271484375,2571.0,2590.0,2564.0,2583.0,23253
2018-06-05,2175.638916015625,2565.0,2593.0,2555.0,2570.0,19841
2018-06-06,2120.505615234375,2500.0,2568.0,2500.0,2550.0,28776
2018-06-07,2126.443115234375,2507.0,2533.0,2481.0,2490.0,37788
2018-06-08,2107.78271484375,2485.0,2526.0,2483.0,2521.0,26255
2018-06-11,2097.6044921875,2473.0,2482.0,2453.0,2477.0,19585
2018-06-12,2089.122802734375,2463.0,2484.0,2455.0,2461.0,20290
2018-06-13,2114.568359375,2493.0,2495.0,2451.0,2458.0,24822
2018-06-14,2095.908203125,2471.0,2490.0,2455.0,2467.0,27995
2018-06-15,2104.389892578125,2481.0,2529.0,2473.0,2496.0,33322
2018-06-18,2117.113037109375,2496.0,2542.0,2494.0,2527.0,24661
2018-06-19,2142.558837890625,2526.0,2580.0,2519.0,2566.0,32344
2018-06-20,2129.836181640625,2511.0,2524.0,2493.0,2504.0,21478
2018-06-21,2173.094482421875,2562.0,2577.0,2515.0,2516.0,30076
2018-06-22,2161.219970703125,2548.0,2556.0,2519.0,2522.0,20494
2018-06-25,2249.4326171875,2652.0,2706.0,2582.0,2586.0,74989
2018-06-26,2238.406494140625,2639.0,2660.0,2608.0,2636.0,24983
2018-06-27,2293.53955078125,2704.0,2707.0,2571.0,2618.0,56816
2018-06-28,2252.825439453125,2656.0,2730.0,2632.0,2707.0,56237
2018-06-29,2245.191650390625,2647.0,2650.0,2577.0,2621.0,31989
2018-07-02,2229.92431640625,2629.0,2707.0,2624.0,2701.0,33914
2018-07-03,2256.218017578125,2660.0,2672.0,2599.0,2602.0,13522
2018-07-05,2201.085205078125,2595.0,2658.0,2593.0,2623.0,36514
2018-07-06,2148.49658203125,2533.0,2607.0,2519.0,2597.0,42021
2018-07-09,2088.274658203125,2462.0,2501.0,2462.0,2498.0,29316
2018-07-10,2068.76513671875,2439.0,2459.0,2433.0,2450.0,34740
2018-07-11,2109.479248046875,2487.0,2499.0,2459.0,2484.0,38055
2018-07-12,2056.890380859375,2425.0,2469.0,2422.0,2451.0,29139
2018-07-13,2050.95361328125,2418.0,2443.0,2409.0,2430.0,22373
2018-07-16,2056.04296875,2424.0,2438.0,2413.0,2417.0,14225
2018-07-17,2030.59619140625,2394.0,2450.0,2385.0,2449.0,18696
2018-07-18,2020.41796875,2382.0,2408.0,2379.0,2394.0,18530
2018-07-19,2045.015869140625,2411.0,2423.0,2392.0,2401.0,22974
2018-07-20,2051.80224609375,2419.0,2423.0,2398.0,2416.0,17065
2018-07-23,2039.07861328125,2404.0,2435.0,2401.0,2425.0,16941
2018-07-24,2012.784423828125,2373.0,2395.0,2346.0,2367.0,33612
2018-07-25,1956.8026123046875,2307.0,2379.0,2301.0,2375.0,29377
2018-07-26,1974.6151123046875,2328.0,2333.0,2307.0,2330.0,21020
2018-07-27,2012.784423828125,2373.0,2401.0,2317.0,2318.0,38308
2018-07-30,2047.560302734375,2414.0,2428.0,2369.0,2375.0,31312
2018-07-31,2019.56982421875,2381.0,2403.0,2360.0,2389.0,31144
2018-08-01,2027.2034912109375,2390.0,2409.0,2358.0,2374.0,20435
2018-08-02,1995.8199462890625,2353.0,2434.0,2347.0,2428.0,27509
2018-08-03,1968.677978515625,2321.0,2354.0,2321.0,2347.0,16053
2018-08-06,1948.3212890625,2297.0,2332.0,2289.0,2327.0,17548
2018-08-07,1931.356689453125,2277.0,2283.0,2265.0,2280.0,15668
2018-08-08,1933.05322265625,2279.0,2291.0,2268.0,2281.0,14292
2018-08-09,1942.3834228515625,2290.0,2293.0,2267.0,2277.0,14173
2018-08-10,1980.5526123046875,2335.0,2354.0,2315.0,2330.0,32692
2018-08-13,2005.150634765625,2364.0,2370.0,2311.0,2329.0,29927
2018-08-14,1966.9818115234375,2319.0,2353.0,2311.0,2344.0,20446
2018-08-15,2010.2398681640625,2370.0,2409.0,2353.0,2356.0,49324
2018-08-16,1961.8919677734375,2313.0,2330.0,2289.0,2330.0,28052
2018-08-17,1942.3834228515625,2290.0,2330.0,2277.0,2320.0,25396
2018-08-20,1927.9639892578125,2273.0,2290.0,2268.0,2276.0,16791
2018-08-21,1917.7857666015625,2261.0,2265.0,2237.0,2265.0,22174
2018-08-22,1920.330078125,2264.0,2278.0,2250.0,2271.0,21638
2018-08-23,1930.5081787109375,2276.0,2282.0,2247.0,2269.0,24633
2018-08-24,1896.5806884765625,2236.0,2261.0,2230.0,2258.0,27730
2018-08-27,1850.777587890625,2182.0,2207.0,2180.0,2204.0,27726
2018-08-28,1849.0809326171875,2180.0,2191.0,2167.0,2170.0,18578
2018-08-29,1818.5458984375,2144.0,2179.0,2137.0,2173.0,26186
2018-08-30,1842.29541015625,2172.0,2185.0,2147.0,2157.0,35414
2018-08-31,1842.29541015625,2172.0,2195.0,2160.0,2182.0,28278
2018-09-04,1850.777587890625,2182.0,2209.0,2175.0,2184.0,30453
2018-09-05,1865.197021484375,2199.0,2227.0,2187.0,2191.0,29852
2018-09-06,1883.009765625,2220.0,2248.0,2192.0,2200.0,32200
2018-09-07,1895.732421875,2235.0,2257.0,2210.0,2250.0,33414
2018-09-10,1886.402099609375,2224.0,2230.0,2202.0,2210.0,16334
2018-09-11,1866.044921875,2200.0,2251.0,2191.0,2241.0,19291
2018-09-12,1866.8934326171875,2201.0,2222.0,2186.0,2201.0,30437
2018-09-13,1835.509765625,2164.0,2181.0,2158.0,2175.0,24852
2018-09-14,1833.8138427734375,2162.0,2183.0,2155.0,2158.0,17190
2018-09-17,1866.044921875,2200.0,2205.0,2165.0,2166.0,24602
2018-09-18,1834.6614990234375,2163.0,2193.0,2148.0,2193.0,33682
2018-09-19,1827.876220703125,2155.0,2165.0,2146.0,2163.0,25136
2018-09-20,1786.314208984375,2106.0,2128.0,2096.0,2126.0,39965
2018-09-21,1791.4033203125,2112.0,2115.0,2084.0,2088.0,29849
2018-09-24,1807.518798828125,2131.0,2146.0,2122.0,2126.0,21017
2018-09-25,1814.14990234375,2134.0,2139.0,2114.0,2115.0,11793
2018-09-26,1832.0020751953125,2155.0,2163.0,2102.0,2132.0,28892
2018-09-27,1817.55029296875,2138.0,2149.0,2109.0,2141.0,21896
2018-09-28,1820.1011962890625,2141.0,2154.0,2125.0,2152.0,23291
2018-10-01,1797.9981689453125,2115.0,2132.0,2089.0,2105.0,22577
2018-10-02,1802.248291015625,2120.0,2128.0,2102.0,2120.0,24452
2018-10-03,1797.9981689453125,2115.0,2125.0,2083.0,2096.0,22433
2018-10-04,1841.35400390625,2166.0,2205.0,2128.0,2129.0,50255
2018-10-05,1871.1077880859375,2201.0,2240.0,2149.0,2163.0,48848
2018-10-08,1873.658447265625,2204.0,2258.0,2195.0,2222.0,50738
2018-10-09,1881.3094482421875,2213.0,2228.0,2181.0,2215.0,35611
2018-10-10,2066.634765625,2431.0,2435.0,2227.0,2229.0,123069
2018-10-11,2195.002685546875,2582.0,2634.0,2409.0,2455.0,324886
2018-10-12,2107.440673828125,2479.0,2583.0,2448.0,2455.0,135571
2018-10-15,2141.4453125,2519.0,2524.0,2452.0,2491.0,63247
2018-10-16,2002.8763427734375,2356.0,2475.0,2345.0,2463.0,64157
2018-10-17,2004.5767822265625,2358.0,2428.0,2338.0,2355.0,64925
2018-10-18,2087.037109375,2455.0,2495.0,2366.0,2384.0,100286
2018-10-19,2095.5390625,2465.0,2485.0,2383.0,2440.0,67627
2018-10-22,2122.74267578125,2497.0,2514.0,2436.0,2446.0,56493
2018-10-23,2158.447265625,2539.0,2672.0,2503.0,2611.0,133123
2018-10-24,2354.825439453125,2770.0,2785.0,2533.0,2546.0,137416
2018-10-25,2223.90673828125,2616.0,2739.0,2565.0,2706.0,105230
2018-10-26,2344.623291015625,2758.0,2846.0,2658.0,2742.0,211497
2018-10-29,2385.429443359375,2806.0,2929.0,2606.0,2650.0,132284
2018-10-30,2275.763916015625,2677.0,2827.0,2669.0,2812.0,116922
2018-10-31,2204.3544921875,2593.0,2610.0,2518.0,2592.0,90596
2018-11-01,2135.49462890625,2512.0,2602.0,2507.0,2567.0,73371
2018-11-02,2174.599853515625,2558.0,2622.0,2468.0,2477.0,81531
2018-11-05,2140.5947265625,2518.0,2574.0,2499.0,2546.0,46385
2018-11-06,2099.789306640625,2470.0,2521.0,2465.0,2520.0,30343
2018-11-07,1967.1712646484375,2314.0,2417.0,2309.0,2406.0,66118
2018-11-08,1977.372802734375,2326.0,2357.0,2307.0,2334.0,51370
2018-11-09,2032.6298828125,2391.0,2433.0,2357.0,2363.0,56699
2018-11-12,2151.646728515625,2531.0,2543.0,2403.0,2410.0,71481
2018-11-13,2163.54833984375,2545.0,2566.0,2452.0,2514.0,77474
2018-11-14,2206.05419921875,2595.0,2645.0,2473.0,2483.0,83574
2018-11-15,2139.745361328125,2517.0,2689.0,2501.0,2639.0,108335
2018-11-16,2122.74267578125,2497.0,2567.0,2470.0,2553.0,75168
2018-11-19,2212.855224609375,2603.0,2652.0,2508.0,2515.0,73065
2018-11-20,2353.124755859375,2768.0,2800.0,2687.0,2735.0,91418
2018-11-21,2331.87158203125,2743.0,2744.0,2678.0,2718.0,50908
2018-11-23,2379.478515625,2799.0,2808.0,2752.0,2805.0,25867
2018-11-26,2267.262451171875,2667.0,2735.0,2665.0,2720.0,53121
2018-11-27,2246.009765625,2642.0,2723.0,2642.0,2704.0,45505
2018-11-28,2091.288818359375,2460.0,2637.0,2459.0,2605.0,65823
2018-11-29,2104.039794921875,2475.0,2517.0,2432.0,2482.0,42595
2018-11-30,2062.384765625,2426.0,2489.0,2413.0,2482.0,39135
2018-12-03,1985.8741455078125,2336.0,2381.0,2305.0,2309.0,44739
2018-12-04,2172.8994140625,2556.0,2573.0,2348.0,2360.0,101160
2018-12-06,2186.501708984375,2572.0,2787.0,2572.0,2686.0,120444
2018-12-07,2343.7734375,2757.0,2783.0,2538.0,2589.0,112240
2018-12-10,2332.72216796875,2744.0,2914.0,2709.0,2766.0,102409
2018-12-11,2330.17138671875,2741.0,2793.0,2625.0,2633.0,82933
2018-12-12,2294.4658203125,2699.0,2704.0,2592.0,2638.0,72107
2018-12-13,2301.267578125,2707.0,2743.0,2640.0,2671.0,82621
2018-12-14,2427.084716796875,2855.0,2876.0,2748.0,2783.0,78219
2018-12-17,2569.054443359375,3022.0,3087.0,2853.0,2894.0,82783
2018-12-18,2580.106201171875,3035.0,3099.0,2935.0,2960.0,80860
2018-12-19,2705.92333984375,3183.0,3242.0,2886.0,3033.0,124395
2018-12-20,2835.991455078125,3336.0,3427.0,3161.0,3229.0,135696
2018-12-21,3006.864501953125,3537.0,3567.0,3173.0,3297.0,144925
2018-12-24,3244.047607421875,3816.0,3823.0,3558.0,3619.0,87324
2018-12-26,2753.530029296875,3239.0,3849.0,3239.0,3742.0,111384
2018-12-27,2688.034423828125,3152.0,3522.0,3152.0,3375.0,86839
2018-12-28,2705.943359375,3173.0,3223.0,3037.0,3105.0,114049
2018-12-31,2625.7802734375,3079.0,3185.0,3079.0,3108.0,70577
2019-01-02,2626.632568359375,3080.0,3240.0,3046.0,3236.0,87487
2019-01-03,2824.482666015625,3312.0,3324.0,3144.0,3155.0,112324
2019-01-04,2535.383056640625,2973.0,3186.0,2945.0,3168.0,110919
2019-01-07,2477.391845703125,2905.0,2999.0,2849.0,2963.0,50865
2019-01-08,2408.315673828125,2824.0,2917.0,2803.0,2821.0,56883
2019-01-09,2375.055908203125,2785.0,2842.0,2753.0,2798.0,62535
2019-01-10,2346.913330078125,2752.0,2863.0,2746.0,2840.0,77788
2019-01-11,2348.618896484375,2754.0,2815.0,2754.0,2795.0,40872
2019-01-14,2390.40673828125,2803.0,2835.0,2775.0,2823.0,45511
2019-01-15,2311.095458984375,2710.0,2791.0,2698.0,2790.0,49434
2019-01-16,2295.74560546875,2692.0,2701.0,2659.0,2695.0,47107
2019-01-17,2242.871337890625,2630.0,2722.0,2599.0,2722.0,73339
2019-01-18,2155.032470703125,2527.0,2597.0,2511.0,2571.0,64183
2019-01-22,2240.3134765625,2627.0,2679.0,2567.0,2573.0,80331
2019-01-23,2230.07958984375,2615.0,2695.0,2572.0,2594.0,73511
2019-01-24,2223.257080078125,2607.0,2654.0,2591.0,2621.0,49765
2019-01-25,2170.383056640625,2545.0,2563.0,2519.0,2549.0,48056
2019-01-28,2221.55126953125,2605.0,2661.0,2602.0,2615.0,55643
2019-01-29,2229.226806640625,2614.0,2643.0,2583.0,2602.0,37063
2019-01-30,2121.77392578125,2488.0,2590.0,2463.0,2564.0,74275
2019-01-31,2069.75244140625,2427.0,2500.0,2413.0,2495.0,52263
2019-02-01,2067.194091796875,2424.0,2447.0,2393.0,2423.0,44508
2019-02-04,2024.5540771484375,2374.0,2444.0,2373.0,2424.0,37777
2019-02-05,1998.969970703125,2344.0,2376.0,2336.0,2363.0,49538
2019-02-06,2006.644775390625,2353.0,2375.0,2340.0,2354.0,43444
2019-02-07,2065.488525390625,2422.0,2470.0,2385.0,2404.0,104563
2019-02-08,2057.8134765625,2413.0,2485.0,2412.0,2463.0,62515
2019-02-11,2055.2548828125,2410.0,2426.0,2388.0,2396.0,40442
2019-02-12,1978.5030517578125,2320.0,2365.0,2307.0,2363.0,51573
2019-02-13,1958.8880615234375,2297.0,2308.0,2272.0,2297.0,43197
2019-02-14,1969.974365234375,2310.0,2351.0,2282.0,2329.0,94779
2019-02-15,1909.42529296875,2239.0,2270.0,2238.0,2265.0,53862
2019-02-19,1900.8978271484375,2229.0,2260.0,2210.0,2260.0,35986
2019-02-20,1887.2525634765625,2213.0,2243.0,2203.0,2229.0,48666
2019-02-21,1908.5728759765625,2238.0,2265.0,2223.0,2231.0,55186
2019-02-22,1876.1663818359375,2200.0,2230.0,2193.0,2224.0,51623
2019-02-25,1866.78466796875,2189.0,2192.0,2148.0,2163.0,53203
2019-02-26,1872.7548828125,2196.0,2205.0,2172.0,2200.0,50196
2019-02-27,1876.1663818359375,2200.0,2240.0,2189.0,2214.0,58495
2019-02-28,1889.8111572265625,2216.0,2220.0,2194.0,2206.0,45618
2019-03-01,1849.7296142578125,2169.0,2210.0,2161.0,2170.0,41828
2019-03-04,1873.6077880859375,2197.0,2255.0,2138.0,2144.0,84130
2019-03-05,1879.577392578125,2204.0,2220.0,2188.0,2195.0,42644
2019-03-06,1916.2474365234375,2247.0,2255.0,2202.0,2203.0,53637
2019-03-07,1963.15185546875,2302.0,2327.0,2257.0,2261.0,120664
2019-03-08,1975.0911865234375,2316.0,2370.0,2314.0,2359.0,88509
2019-03-11,1888.9583740234375,2215.0,2299.0,2213.0,2298.0,56527
2019-03-12,1870.1962890625,2193.0,2207.0,2179.0,2202.0,47465
2019-03-13,1833.5260009765625,2150.0,2174.0,2125.0,2170.0,59617
2019-03-14,1836.08447265625,2153.0,2166.0,2139.0,2151.0,59512
2019-03-15,1809.6475830078125,2122.0,2146.0,2104.0,2144.0,65998
2019-03-18,1790.8858642578125,2100.0,2125.0,2094.0,2118.0,48376
2019-03-19,1788.490966796875,2091.0,2116.0,2050.0,2071.0,72434
2019-03-20,1809.01904296875,2115.0,2142.0,2070.0,2101.0,98922
2019-03-21,1748.290771484375,2044.0,2136.0,2033.0,2136.0,77314
2019-03-22,1848.3641357421875,2161.0,2163.0,2064.0,2078.0,131692
2019-03-25,1854.35107421875,2168.0,2200.0,2141.0,2172.0,130370
2019-03-26,1815.006103515625,2122.0,2156.0,2095.0,2123.0,82850
2019-03-27,1839.8106689453125,2151.0,2193.0,2105.0,2119.0,105461
2019-03-28,1820.13818359375,2128.0,2168.0,2119.0,2139.0,78734
2019-03-29,1784.21435546875,2086.0,2121.0,2082.0,2092.0,72200
2019-04-01,1723.4862060546875,2015.0,2048.0,2010.0,2041.0,51652
2019-04-02,1721.7755126953125,2013.0,2032.0,2009.0,2014.0,40133
2019-04-03,1712.3668212890625,2002.0,2019.0,1977.0,1986.0,63904
2019-04-04,1701.2474365234375,1989.0,2015.0,1984.0,1998.0,43991
2019-04-05,1679.0089111328125,1963.0,1982.0,1961.0,1975.0,58807
2019-04-08,1673.877197265625,1957.0,1987.0,1955.0,1974.0,44415
2019-04-09,1700.39208984375,1988.0,2001.0,1973.0,1982.0,57660
2019-04-10,1684.14111328125,1969.0,1989.0,1967.0,1979.0,39678
2019-04-11,1684.99609375,1970.0,1984.0,1959.0,1959.0,36744
2019-04-12,1652.4940185546875,1932.0,1951.0,1926.0,1935.0,42465
2019-04-15,1655.915283203125,1936.0,1955.0,1929.0,1930.0,31409
2019-04-16,1653.34912109375,1933.0,1946.0,1917.0,1918.0,33970
2019-04-17,1666.17919921875,1948.0,1958.0,1908.0,1909.0,42163
2019-04-18,1658.4810791015625,1939.0,1966.0,1932.0,1936.0,53514
2019-04-22,1654.2044677734375,1934.0,1958.0,1931.0,1956.0,30484
2019-04-23,1610.5830078125,1883.0,1931.0,1877.0,1927.0,44335
2019-04-24,1619.9912109375,1894.0,1898.0,1877.0,1885.0,26519
2019-04-25,1625.1234130859375,1900.0,1925.0,1885.0,1898.0,41612
2019-04-26,1601.1739501953125,1872.0,1916.0,1872.0,1898.0,39863
2019-04-29,1596.897216796875,1867.0,1874.0,1854.0,1872.0,28668
2019-04-30,1593.47607421875,1863.0,1903.0,1857.0,1873.0,39000
2019-05-01,1628.5447998046875,1904.0,1905.0,1846.0,1849.0,62218
2019-05-02,1640.519287109375,1918.0,1951.0,1889.0,1911.0,95433
2019-05-03,1593.47607421875,1863.0,1892.0,1857.0,1888.0,48224
2019-05-06,1613.148681640625,1886.0,1961.0,1877.0,1956.0,73138
2019-05-07,1695.26025390625,1982.0,2023.0,1925.0,1940.0,126674
2019-05-08,1701.2474365234375,1989.0,2005.0,1952.0,1990.0,108571
2019-05-09,1716.6434326171875,2007.0,2080.0,1996.0,2041.0,155688
2019-05-10,1694.4049072265625,1981.0,2103.0,1964.0,2032.0,126758
2019-05-13,1820.993408203125,2129.0,2150.0,2077.0,2100.0,156545
2019-05-14,1775.6610107421875,2076.0,2109.0,2035.0,2105.0,87337
2019-05-15,1744.869140625,2040.0,2120.0,2023.0,2116.0,101287
2019-05-16,1696.11572265625,1983.0,2023.0,1950.0,2022.0,94404
2019-05-17,1730.3287353515625,2023.0,2037.0,1966.0,2037.0,98782
2019-05-20,1765.39697265625,2064.0,2081.0,2032.0,2061.0,81318
2019-05-21,1719.2093505859375,2010.0,2029.0,1998.0,2024.0,56826
2019-05-22,1733.7501220703125,2027.0,2037.0,2004.0,2031.0,48691
2019-05-23,1793.622802734375,2097.0,2135.0,2079.0,2080.0,127083
2019-05-24,1786.780517578125,2089.0,2104.0,2057.0,2068.0,61813
2019-05-28,1834.6788330078125,2145.0,2147.0,2058.0,2081.0,61378
2019-05-29,1872.3125,2189.0,2228.0,2166.0,2179.0,105186
2019-05-30,1859.483154296875,2174.0,2203.0,2151.0,2174.0,101700
2019-05-31,1932.18603515625,2259.0,2264.0,2220.0,2243.0,97057
2019-06-03,1951.0032958984375,2281.0,2318.0,2233.0,2262.0,111224
2019-06-04,1825.2701416015625,2134.0,2231.0,2130.0,2218.0,118639
2019-06-05,1777.371826171875,2078.0,2139.0,2077.0,2092.0,74644
2019-06-06,1743.1588134765625,2038.0,2088.0,2023.0,2070.0,72927
2019-06-07,1692.694091796875,1979.0,2020.0,1953.0,2016.0,95915
2019-06-10,1670.4556884765625,1953.0,1954.0,1913.0,1943.0,74271
2019-06-11,1670.4556884765625,1953.0,1968.0,1903.0,1912.0,71889
2019-06-12,1679.8642578125,1964.0,1976.0,1946.0,1960.0,59428
2019-06-13,1657.625732421875,1938.0,1960.0,1932.0,1942.0,63473
2019-06-14,1666.17919921875,1948.0,1965.0,1934.0,1948.0,43171
2019-06-17,1663.6131591796875,1945.0,1949.0,1929.0,1943.0,21098
2019-06-18,1614.00439453125,1887.0,1913.0,1862.0,1906.0,70524
2019-06-19,1600.3187255859375,1871.0,1903.0,1862.0,1884.0,45138
2019-06-20,1558.40771484375,1822.0,1863.0,1811.0,1816.0,78875
2019-06-21,1562.684326171875,1827.0,1833.0,1801.0,1828.0,54566
2019-06-24,1569.5272216796875,1835.0,1839.0,1819.0,1825.0,28872
2019-06-25,1614.6158447265625,1880.0,1885.0,1827.0,1828.0,80970
2019-06-26,1621.4869384765625,1888.0,1891.0,1852.0,1864.0,41713
2019-06-27,1604.309814453125,1868.0,1880.0,1858.0,1873.0,46595
2019-06-28,1578.544921875,1838.0,1860.0,1830.0,1850.0,57622
2019-07-01,1539.038330078125,1792.0,1816.0,1767.0,1772.0,75052
2019-07-02,1527.0146484375,1778.0,1809.0,1778.0,1794.0,35338
2019-07-03,1491.80224609375,1737.0,1768.0,1737.0,1765.0,36493
2019-07-05,1498.6728515625,1745.0,1786.0,1741.0,1762.0,58137
2019-07-08,1522.7200927734375,1773.0,1783.0,1764.0,1770.0,36248
2019-07-09,1516.70849609375,1766.0,1797.0,1761.0,1797.0,33409
2019-07-10,1495.237548828125,1741.0,1756.0,1724.0,1746.0,64214
2019-07-11,1485.790283203125,1730.0,1750.0,1726.0,1730.0,53375
2019-07-12,1466.89599609375,1708.0,1727.0,1706.0,1721.0,48716
2019-07-15,1465.1778564453125,1706.0,1716.0,1700.0,1701.0,28071
2019-07-16,1480.63720703125,1724.0,1729.0,1705.0,1709.0,40649
2019-07-17,1508.978759765625,1757.0,1757.0,1721.0,1724.0,40904
2019-07-18,1495.237548828125,1741.0,1778.0,1733.0,1770.0,67328
2019-07-19,1521.8616943359375,1772.0,1774.0,1720.0,1721.0,61363
2019-07-22,1507.2611083984375,1755.0,1773.0,1747.0,1763.0,46860
2019-07-23,1478.06103515625,1721.0,1751.0,1720.0,1735.0,49565
2019-07-24,1458.3076171875,1698.0,1737.0,1697.0,1734.0,43114
2019-07-25,1478.06103515625,1721.0,1736.0,1704.0,1704.0,49010
2019-07-26,1448.8603515625,1687.0,1712.0,1684.0,1708.0,40444
2019-07-29,1457.448486328125,1697.0,1707.0,1689.0,1691.0,25407
2019-07-30,1466.89599609375,1708.0,1730.0,1701.0,1724.0,35649
2019-07-31,1516.70849609375,1766.0,1804.0,1701.0,1705.0,95466
2019-08-01,1556.2149658203125,1812.0,1828.0,1706.0,1765.0,192091
2019-08-02,1589.70947265625,1851.0,1886.0,1827.0,1832.0,148077
2019-08-05,1732.277099609375,2017.0,2063.0,1939.0,1941.0,176054
2019-08-06,1664.4285888671875,1938.0,2014.0,1934.0,1978.0,113587
2019-08-07,1662.7108154296875,1936.0,2055.0,1918.0,2007.0,142420
2019-08-08,1565.6622314453125,1823.0,1915.0,1823.0,1902.0,124144
2019-08-09,1598.2979736328125,1861.0,1897.0,1830.0,1843.0,109012
2019-08-12,1657.5577392578125,1930.0,1949.0,1882.0,1895.0,87736
2019-08-13,1579.4036865234375,1839.0,1945.0,1808.0,1938.0,127004
2019-08-14,1719.3944091796875,2002.0,2006.0,1912.0,1926.0,156863
2019-08-15,1707.3707275390625,1988.0,2037.0,1968.0,1984.0,151750
2019-08-16,1631.79296875,1900.0,1952.0,1892.0,1952.0,89424
2019-08-19,1576.8271484375,1836.0,1851.0,1819.0,1835.0,71263
2019-08-20,1612.0396728515625,1877.0,1879.0,1834.0,1846.0,66517
2019-08-21,1570.8155517578125,1829.0,1844.0,1822.0,1829.0,54800
2019-08-22,1575.9681396484375,1835.0,1870.0,1803.0,1817.0,73565
2019-08-23,1696.2056884765625,1975.0,2001.0,1826.0,1862.0,192935
2019-08-26,1639.5224609375,1909.0,1960.0,1909.0,1924.0,88572
2019-08-27,1658.4168701171875,1931.0,1949.0,1871.0,1880.0,86549
2019-08-28,1627.4984130859375,1895.0,1966.0,1888.0,1949.0,79851
2019-08-29,1562.2269287109375,1819.0,1859.0,1809.0,1837.0,122174
2019-08-30,1566.521240234375,1824.0,1842.0,1790.0,1790.0,81244
2019-09-03,1591.427490234375,1853.0,1883.0,1839.0,1859.0,76964
2019-09-04,1539.8973388671875,1793.0,1825.0,1793.0,1809.0,53112
2019-09-05,1480.63720703125,1724.0,1745.0,1706.0,1743.0,79277
2019-09-06,1476.343017578125,1719.0,1732.0,1709.0,1718.0,45354
2019-09-09,1475.4842529296875,1718.0,1736.0,1701.0,1701.0,40999
2019-09-10,1475.4842529296875,1718.0,1758.0,1718.0,1732.0,63149
2019-09-11,1444.56591796875,1682.0,1726.0,1682.0,1714.0,75210
2019-09-12,1430.8248291015625,1666.0,1682.0,1647.0,1669.0,105064
2019-09-13,1435.11865234375,1671.0,1678.0,1653.0,1659.0,49427
2019-09-16,1447.1424560546875,1685.0,1699.0,1679.0,1692.0,62354
2019-09-17,1438.5540771484375,1675.0,1694.0,1672.0,1692.0,64175
2019-09-18,1435.11865234375,1671.0,1720.0,1669.0,1683.0,59534
2019-09-19,1438.5540771484375,1675.0,1680.0,1647.0,1666.0,55886
2019-09-20,1460.8841552734375,1701.0,1711.0,1657.0,1662.0,52010
2019-09-23,1455.73095703125,1695.0,1715.0,1686.0,1710.0,42553
2019-09-24,1493.3004150390625,1733.0,1752.0,1666.0,1672.0,101752
2019-09-25,1465.7266845703125,1701.0,1760.0,1693.0,1733.0,56050
2019-09-26,1477.790283203125,1715.0,1741.0,1699.0,1703.0,50839
2019-09-27,1500.19384765625,1741.0,1772.0,1698.0,1701.0,79422
2019-09-30,1477.790283203125,1715.0,1733.0,1704.0,1732.0,58525
2019-10-01,1532.0762939453125,1778.0,1783.0,1689.0,1703.0,96550
2019-10-02,1613.07421875,1872.0,1900.0,1811.0,1811.0,129064
2019-10-03,1575.1602783203125,1828.0,1938.0,1828.0,1880.0,182435
2019-10-04,1513.980712890625,1757.0,1816.0,1751.0,1814.0,80356
2019-10-07,1532.0762939453125,1778.0,1784.0,1740.0,1771.0,65214
2019-10-08,1604.4580078125,1862.0,1862.0,1801.0,1817.0,107858
2019-10-09,1558.78857421875,1809.0,1832.0,1788.0,1818.0,67642
2019-10-10,1525.1827392578125,1770.0,1815.0,1755.0,1812.0,76910
2019-10-11,1480.375,1718.0,1721.0,1674.0,1719.0,112406
2019-10-14,1486.406982421875,1725.0,1731.0,1712.0,1726.0,37045
2019-10-15,1441.599365234375,1673.0,1706.0,1660.0,1705.0,56921
2019-10-16,1448.49267578125,1681.0,1690.0,1669.0,1681.0,40891
2019-10-17,1438.1524658203125,1669.0,1680.0,1651.0,1661.0,41039
2019-10-18,1456.248046875,1690.0,1707.0,1666.0,1679.0,51819
2019-10-21,1425.2274169921875,1654.0,1674.0,1653.0,1665.0,34491
2019-10-22,1440.737548828125,1672.0,1675.0,1642.0,1646.0,50752
2019-10-23,1429.5360107421875,1659.0,1682.0,1657.0,1678.0,35619
2019-10-24,1422.6424560546875,1651.0,1666.0,1639.0,1642.0,44753
2019-10-25,1403.6851806640625,1629.0,1662.0,1621.0,1662.0,69877
2019-10-28,1379.5579833984375,1601.0,1610.0,1595.0,1610.0,50233
2019-10-29,1384.72802734375,1607.0,1611.0,1590.0,1609.0,59855
2019-10-30,1371.8028564453125,1592.0,1625.0,1585.0,1602.0,70905
2019-10-31,1383.0047607421875,1605.0,1629.0,1592.0,1592.0,97119
2019-11-01,1345.0906982421875,1561.0,1583.0,1560.0,1580.0,79063
2019-11-04,1329.580078125,1543.0,1548.0,1532.0,1533.0,49818
2019-11-05,1333.888671875,1548.0,1552.0,1534.0,1537.0,64170
2019-11-06,1332.1654052734375,1546.0,1562.0,1541.0,1548.0,54288
2019-11-07,1317.5166015625,1529.0,1538.0,1511.0,1523.0,84697
2019-11-08,1309.7615966796875,1520.0,1548.0,1519.0,1536.0,53325
2019-11-11,1316.6549072265625,1528.0,1544.0,1525.0,1541.0,31487
2019-11-12,1309.7615966796875,1520.0,1532.0,1504.0,1523.0,77072
2019-11-13,1308.8997802734375,1519.0,1539.0,1511.0,1536.0,92177
2019-11-14,1303.7298583984375,1513.0,1534.0,1510.0,1524.0,35250
2019-11-15,1274.4322509765625,1479.0,1502.0,1479.0,1492.0,59934
2019-11-18,1273.5706787109375,1478.0,1490.0,1473.0,1484.0,46512
2019-11-19,1274.4322509765625,1479.0,1488.0,1467.0,1468.0,53586
2019-11-20,1288.2193603515625,1495.0,1519.0,1480.0,1488.0,96747
2019-11-21,1293.3895263671875,1501.0,1515.0,1492.0,1494.0,58074
2019-11-22,1287.357666015625,1494.0,1509.0,1489.0,1492.0,49611
2019-11-25,1257.19873046875,1459.0,1479.0,1459.0,1479.0,57915
2019-11-26,1249.443359375,1450.0,1463.0,1446.0,1457.0,51041
2019-11-27,1233.0714111328125,1431.0,1446.0,1430.0,1440.0,50898
2019-11-29,1245.9969482421875,1446.0,1450.0,1435.0,1440.0,29896
2019-12-02,1278.7408447265625,1484.0,1490.0,1442.0,1442.0,93132
2019-12-03,1304.59130859375,1514.0,1549.0,1513.0,1528.0,136779
2019-12-04,1279.6024169921875,1485.0,1502.0,1476.0,1497.0,56988
2019-12-05,1272.708984375,1477.0,1499.0,1475.0,1475.0,67403
2019-12-06,1239.9647216796875,1439.0,1449.0,1432.0,1449.0,65023
2019-12-09,1250.30517578125,1451.0,1452.0,1433.0,1444.0,52963
2019-12-10,1253.751953125,1455.0,1467.0,1442.0,1453.0,65924
2019-12-11,1244.2730712890625,1444.0,1456.0,1440.0,1450.0,32419
2019-12-12,1212.3909912109375,1407.0,1449.0,1396.0,1445.0,140039
2019-12-13,1210.6678466796875,1405.0,1423.0,1387.0,1411.0,94534
2019-12-16,1184.8175048828125,1375.0,1381.0,1367.0,1380.0,49837
2019-12-17,1184.8175048828125,1375.0,1376.0,1367.0,1370.0,37625
2019-12-18,1184.8175048828125,1375.0,1376.0,1367.0,1371.0,32462
2019-12-19,1171.8917236328125,1360.0,1375.0,1358.0,1375.0,46940
2019-12-20,1154.658203125,1340.0,1346.0,1333.0,1346.0,53775
2019-12-23,1150.94287109375,1332.0,1334.0,1326.0,1326.0,32156
2019-12-24,1151.806640625,1333.0,1337.0,1329.0,1329.0,20209
2019-12-26,1133.6612548828125,1312.0,1328.0,1312.0,1328.0,30280
2019-12-27,1134.525390625,1313.0,1321.0,1302.0,1303.0,49097
2019-12-30,1154.3988037109375,1336.0,1342.0,1311.0,1313.0,91749
2019-12-31,1144.89404296875,1325.0,1347.0,1322.0,1343.0,78409
2020-01-02,1113.78759765625,1289.0,1318.0,1289.0,1304.0,69474
2020-01-03,1138.8458251953125,1318.0,1335.0,1305.0,1335.0,125563
2020-01-06,1127.6126708984375,1305.0,1344.0,1303.0,1344.0,76152
2020-01-07,1136.25341796875,1315.0,1321.0,1306.0,1312.0,61285
2020-01-08,1118.10791015625,1294.0,1317.0,1278.0,1313.0,93455
2020-01-09,1095.6422119140625,1268.0,1282.0,1268.0,1275.0,79199
2020-01-10,1106.0111083984375,1280.0,1286.0,1259.0,1260.0,84332
2020-01-13,1083.5447998046875,1254.0,1278.0,1253.0,1271.0,53140
2020-01-14,1088.7296142578125,1260.0,1267.0,1247.0,1259.0,80411
2020-01-15,1081.8170166015625,1252.0,1262.0,1242.0,1262.0,98701
2020-01-16,1054.1666259765625,1220.0,1238.0,1220.0,1234.0,82805
2020-01-17,1045.5257568359375,1210.0,1220.0,1207.0,1212.0,62178
2020-01-21,1051.574462890625,1217.0,1222.0,1207.0,1222.0,73137
2020-01-22,1050.71044921875,1216.0,1218.0,1199.0,1207.0,60885
2020-01-23,1048.1182861328125,1213.0,1239.0,1210.0,1225.0,80150
2020-01-24,1077.4964599609375,1247.0,1261.0,1204.0,1204.0,173628
2020-01-27,1127.6126708984375,1305.0,1315.0,1287.0,1311.0,179182
2020-01-28,1092.1854248046875,1264.0,1293.0,1253.0,1286.0,111273
2020-01-29,1094.7779541015625,1267.0,1271.0,1245.0,1247.0,90088
2020-01-30,1085.2734375,1256.0,1305.0,1253.0,1296.0,193411
2020-01-31,1144.89404296875,1325.0,1336.0,1262.0,1265.0,219812
2020-02-03,1119.8360595703125,1296.0,1307.0,1271.0,1306.0,138947
2020-02-04,1067.127685546875,1235.0,1253.0,1225.0,1249.0,144699
2020-02-05,1032.5650634765625,1195.0,1219.0,1191.0,1200.0,164204
2020-02-06,1021.3319702148438,1182.0,1195.0,1180.0,1182.0,95588
2020-02-07,1036.8851318359375,1200.0,1208.0,1186.0,1195.0,124422
2020-02-10,1016.1474609375,1176.0,1213.0,1175.0,1213.0,74979
2020-02-11,1010.0989379882812,1169.0,1175.0,1150.0,1159.0,112032
2020-02-12,990.2255859375,1146.0,1157.0,1144.0,1153.0,99737
2020-02-13,994.5460815429688,1151.0,1166.0,1139.0,1163.0,153264
2020-02-14,989.3613891601562,1145.0,1159.0,1144.0,1147.0,81568
2020-02-18,998.0020141601562,1155.0,1170.0,1150.0,1156.0,126024
2020-02-19,982.4488525390625,1137.0,1147.0,1130.0,1143.0,68508
2020-02-20,996.2738037109375,1153.0,1185.0,1135.0,1144.0,160698
2020-02-21,1026.5166015625,1188.0,1197.0,1165.0,1169.0,167392
2020-02-24,1129.3409423828125,1307.0,1319.0,1270.0,1298.0,346618
2020-02-25,1232.165283203125,1426.0,1438.0,1280.0,1289.0,490097
2020-02-26,1244.262451171875,1440.0,1453.0,1351.0,1404.0,369735
2020-02-27,1414.484375,1637.0,1637.0,1469.0,1529.0,546646
2020-02-28,1436.9503173828125,1663.0,1837.0,1650.0,1784.0,534492
2020-03-02,1245.9906005859375,1442.0,1690.0,1441.0,1626.0,379875
2020-03-03,1353.13525390625,1566.0,1603.0,1375.0,1437.0,391881
2020-03-04,1181.18505859375,1367.0,1517.0,1366.0,1475.0,313933
2020-03-05,1299.5628662109375,1504.0,1537.0,1425.0,1478.0,268915
2020-03-06,1364.3682861328125,1579.0,1687.0,1560.0,1645.0,436525
2020-03-09,1684.0745849609375,1949.0,1964.0,1791.0,1921.0,329232
2020-03-10,1430.901611328125,1656.0,1971.0,1655.0,1735.0,403244
2020-03-11,1638.278564453125,1896.0,1956.0,1766.0,1788.0,350234
2020-03-12,2106.60546875,2438.0,2450.0,2055.0,2289.0,471805
2020-03-13,1532.8621826171875,1774.0,2403.0,1765.0,2002.0,476867
2020-03-16,2051.3046875,2374.0,2410.0,2037.0,2380.0,455997
2020-03-17,1699.6278076171875,1967.0,2443.0,1877.0,2208.0,454264
2020-03-18,1915.6456298828125,2217.0,2537.0,2125.0,2343.0,430421
2020-03-19,1921.6942138671875,2224.0,2478.0,2056.0,2280.0,422383
2020-03-20,2187.828125,2532.0,2540.0,2103.0,2154.0,419924
2020-03-23,2372.7392578125,2746.0,2885.0,2518.0,2563.0,466967
2020-03-24,1731.1309814453125,2002.0,2339.0,1999.0,2315.0,565719
2020-03-25,1637.743408203125,1894.0,2069.0,1669.0,1952.0,744292
2020-03-26,1346.3392333984375,1557.0,1838.0,1529.0,1833.0,739201
2020-03-27,1461.3443603515625,1690.0,1736.0,1563.0,1699.0,643576
2020-03-30,1318.6689453125,1525.0,1690.0,1513.0,1653.0,594265
2020-03-31,1378.33349609375,1594.0,1621.0,1500.0,1544.0,545247
2020-04-01,1563.3790283203125,1808.0,1851.0,1711.0,1775.0,686226
2020-04-02,1456.1561279296875,1684.0,1843.0,1665.0,1834.0,838395
2020-04-03,1517.5498046875,1755.0,1815.0,1655.0,1705.0,623904
2020-04-06,1210.5811767578125,1400.0,1575.0,1361.0,1550.0,706659
2020-04-07,1206.257568359375,1395.0,1400.0,1237.0,1250.0,886269
2020-04-08,1082.60546875,1252.0,1387.0,1235.0,1349.0,678212
2020-04-09,1031.588134765625,1193.0,1233.0,1155.0,1202.0,849247
2020-04-13,1061.8525390625,1228.0,1284.0,1206.0,1211.0,706653
2020-04-14,967.600341796875,1119.0,1172.0,1108.0,1156.0,753627
2020-04-15,1028.1295166015625,1189.0,1218.0,1169.0,1193.0,666685
2020-04-16,1012.5645751953125,1171.0,1216.0,1161.0,1172.0,735723
2020-04-17,933.01220703125,1079.0,1132.0,1070.0,1095.0,606982
2020-04-20,979.7058715820312,1133.0,1138.0,1082.0,1125.0,621029
2020-04-21,1069.6351318359375,1237.0,1250.0,1177.0,1196.0,812236
2020-04-22,998.7296142578125,1155.0,1185.0,1130.0,1166.0,496004
2020-04-23,998.7296142578125,1155.0,1160.0,1095.0,1138.0,679378
2020-04-24,957.223876953125,1107.0,1163.0,1099.0,1136.0,500022
2020-04-27,913.98876953125,1057.0,1088.0,1045.0,1083.0,415273
2020-04-28,927.823974609375,1073.0,1077.0,1011.0,1014.0,565702
2020-04-29,856.0538330078125,990.0,1021.0,971.0,1007.0,650146
2020-04-30,879.4006958007812,1017.0,1036.0,999.0,1004.0,528874
2020-05-01,948.5765991210938,1097.0,1111.0,1063.0,1073.0,505698
2020-05-04,940.79443359375,1088.0,1140.0,1084.0,1124.0,486668
2020-05-05,913.98876953125,1057.0,1064.0,1023.0,1053.0,407534
2020-05-06,932.1475219726562,1078.0,1081.0,1032.0,1037.0,414876
2020-05-07,898.4241943359375,1039.0,1047.0,1016.0,1039.0,406758
2020-05-08,853.459716796875,987.0,1017.0,984.0,1004.0,405260
2020-05-11,854.324462890625,988.0,1014.0,972.0,1010.0,383219
2020-05-12,905.3417358398438,1047.0,1048.0,970.0,976.0,397046
2020-05-13,953.7649536132812,1103.0,1131.0,1041.0,1053.0,799352
2020-05-14,919.1768798828125,1063.0,1164.0,1061.0,1135.0,776432
2020-05-15,907.0711669921875,1049.0,1104.0,1048.0,1092.0,526933
2020-05-18,822.3304443359375,951.0,978.0,933.0,972.0,532290
2020-05-19,849.1361694335938,982.0,982.0,940.0,957.0,358944
2020-05-20,805.0364379882812,931.0,945.0,922.0,943.0,440384
2020-05-21,821.4657592773438,950.0,962.0,924.0,933.0,493857
2020-05-22,816.277587890625,944.0,966.0,943.0,953.0,273092
2020-05-26,786.877685546875,910.0,913.0,880.0,883.0,378429
2020-05-27,750.560302734375,868.0,930.0,868.0,881.0,573533
2020-05-28,754.8839111328125,873.0,880.0,841.0,860.0,552620
2020-05-29,745.3721923828125,862.0,903.0,856.0,878.0,499850
2020-06-01,734.9956665039062,850.0,873.0,846.0,869.0,370042
2020-06-02,718.5662841796875,831.0,855.0,830.0,843.0,328814
2020-06-03,688.3016967773438,796.0,815.0,789.0,812.0,402841
2020-06-04,695.2194213867188,804.0,821.0,790.0,807.0,380487
2020-06-05,640.7432861328125,741.0,758.0,726.0,756.0,559901
2020-06-08,616.5316162109375,713.0,739.0,712.0,733.0,318795
2020-06-09,630.366943359375,729.0,739.0,719.0,734.0,309645
2020-06-10,640.7432861328125,741.0,748.0,719.0,726.0,363503
2020-06-11,752.2896728515625,870.0,875.0,790.0,796.0,793592
2020-06-12,725.4840087890625,839.0,888.0,796.0,804.0,1129048
2020-06-15,703.8663940429688,814.0,900.0,805.0,890.0,800097
2020-06-16,664.9549560546875,769.0,810.0,746.0,747.0,777194
2020-06-17,671.87255859375,777.0,783.0,757.0,760.0,398313
2020-06-18,671.0078735351562,776.0,794.0,772.0,790.0,360953
2020-06-19,683.1137084960938,790.0,801.0,747.0,749.0,580115
2020-06-22,671.0078735351562,776.0,804.0,771.0,796.0,353132
2020-06-23,661.4961547851562,765.0,767.0,745.0,754.0,363393
2020-06-24,709.9192504882812,821.0,837.0,775.0,780.0,678504
2020-06-25,687.4371948242188,795.0,845.0,793.0,828.0,585001
2020-06-26,736.72509765625,852.0,857.0,803.0,805.0,603551
2020-06-29,705.5958862304688,816.0,862.0,815.0,841.0,483860
2020-06-30,675.331298828125,781.0,820.0,769.0,819.0,479643
2020-07-01,662.3607788085938,766.0,778.0,756.0,773.0,410987
2020-07-02,651.984375,754.0,759.0,728.0,738.0,443130
2020-07-06,622.5846557617188,720.0,730.0,716.0,725.0,389486
2020-07-07,640.7432861328125,741.0,744.0,716.0,729.0,363001
2020-07-08,626.0432739257812,724.0,749.0,723.0,736.0,342009
2020-07-09,635.5550537109375,735.0,762.0,717.0,719.0,463023
2020-07-10,616.5316162109375,713.0,748.0,712.0,738.0,375722
2020-07-13,632.9609985351562,732.0,737.0,679.0,696.0,544249
2020-07-14,608.7493896484375,704.0,752.0,701.0,742.0,601336
2020-07-15,591.4552612304688,684.0,701.0,676.0,680.0,442578
2020-07-16,596.6435546875,690.0,702.0,688.0,698.0,259930
2020-07-17,593.184814453125,686.0,698.0,679.0,685.0,234312
2020-07-20,578.4848022460938,669.0,692.0,663.0,687.0,293081
2020-07-21,575.0260009765625,665.0,671.0,652.0,655.0,304977
2020-07-22,562.9202880859375,651.0,667.0,650.0,666.0,243263
2020-07-23,584.537841796875,676.0,685.0,650.0,655.0,367111
2020-07-24,594.9141845703125,688.0,699.0,682.0,690.0,279700
2020-07-27,581.9437255859375,673.0,690.0,672.0,684.0,215406
2020-07-28,594.0493774414062,687.0,689.0,671.0,679.0,270965
2020-07-29,570.7025756835938,660.0,681.0,657.0,681.0,223380
2020-07-30,577.6200561523438,668.0,695.0,665.0,681.0,319511
2020-07-31,563.7847900390625,652.0,685.0,652.0,657.0,376921
2020-08-03,552.5438232421875,639.0,645.0,634.0,642.0,207858
2020-08-04,545.6261596679688,631.0,644.0,631.0,644.0,190747
2020-08-05,536.9791870117188,621.0,625.0,618.0,624.0,241618
2020-08-06,524.8734130859375,607.0,625.0,606.0,623.0,218740
2020-08-07,524.0087280273438,606.0,618.0,605.0,612.0,261367
2020-08-10,519.6851196289062,601.0,615.0,599.0,603.0,233952
2020-08-11,531.791015625,615.0,619.0,590.0,593.0,333563
2020-08-12,508.44415283203125,588.0,601.0,585.0,601.0,288957
2020-08-13,511.9029235839844,592.0,598.0,585.0,594.0,265625
2020-08-14,512.767578125,593.0,598.0,589.0,595.0,192298
2020-08-17,507.5794372558594,587.0,589.0,584.0,587.0,98946
2020-08-18,504.12066650390625,583.0,594.0,580.0,584.0,192664
2020-08-19,511.9029235839844,592.0,594.0,578.0,580.0,323619
2020-08-20,505.85003662109375,585.0,601.0,582.0,601.0,206282
2020-08-21,498.93243408203125,577.0,589.0,577.0,586.0,201737
2020-08-24,484.23248291015625,560.0,571.0,560.0,564.0,254055
2020-08-25,479.9088439941406,555.0,564.0,554.0,558.0,199785
2020-08-26,465.208984375,538.0,555.0,537.0,552.0,246364
2020-08-27,463.4796447753906,536.0,543.0,527.0,534.0,427285
2020-08-28,452.2385559082031,523.0,536.0,523.0,530.0,309550
2020-08-31,458.2914123535156,530.0,531.0,521.0,525.0,269244
2020-09-01,444.45623779296875,514.0,530.0,514.0,526.0,219584
2020-09-02,426.2975158691406,493.0,512.0,488.0,505.0,428783
2020-09-03,468.6678466796875,542.0,555.0,498.0,501.0,884501
2020-09-04,480.7737121582031,556.0,593.0,531.0,541.0,921978
2020-09-08,520.5499267578125,602.0,604.0,578.0,586.0,519691
2020-09-09,489.420654296875,566.0,584.0,552.0,579.0,403869
2020-09-10,515.3615112304688,596.0,601.0,553.0,557.0,572742
2020-09-11,514.4969482421875,595.0,612.0,579.0,586.0,548982
2020-09-14,494.6088562011719,572.0,580.0,561.0,576.0,305916
2020-09-15,485.9617919921875,562.0,569.0,553.0,557.0,299338
2020-09-16,492.8794860839844,570.0,571.0,548.0,555.0,294533
2020-09-17,505.85003662109375,585.0,599.0,575.0,595.0,408769
2020-09-18,523.1439819335938,605.0,619.0,579.0,581.0,365458
2020-09-21,541.302734375,626.0,654.0,624.0,631.0,584725
2020-09-22,524.0087280273438,606.0,631.0,602.0,615.0,357813
2020-09-23,560.3260498046875,648.0,650.0,600.0,601.0,413077
2020-09-24,554.2731323242188,641.0,665.0,622.0,657.0,615307
2020-09-25,527.4674682617188,610.0,653.0,606.0,648.0,419099
2020-09-28,502.3912048339844,581.0,592.0,576.0,585.0,281577
2020-09-29,511.0380859375,591.0,594.0,578.0,581.0,316361
2020-09-30,498.0676574707031,576.0,588.0,559.0,587.0,446565
2020-10-01,489.420654296875,566.0,576.0,557.0,562.0,400851
2020-10-02,502.3912048339844,581.0,595.0,571.0,592.0,498768
2020-10-05,476.45013427734375,551.0,570.0,550.0,570.0,229923
2020-10-06,497.2029113769531,575.0,577.0,539.0,550.0,363210
2020-10-07,470.397216796875,544.0,559.0,540.0,558.0,270164
2020-10-08,457.4267272949219,529.0,539.0,529.0,533.0,181577
2020-10-09,445.3208923339844,515.0,525.0,513.0,521.0,188507
2020-10-12,423.70343017578125,490.0,506.0,483.0,503.0,317794
2020-10-13,433.21514892578125,501.0,505.0,491.0,492.0,299484
2020-10-14,440.1327209472656,509.0,513.0,492.0,497.0,323643
2020-10-15,442.726806640625,512.0,531.0,509.0,529.0,320521
2020-10-16,443.5915222167969,513.0,513.0,497.0,505.0,234613
2020-10-19,463.4796447753906,536.0,540.0,503.0,506.0,284435
2020-10-20,458.2914123535156,530.0,533.0,512.0,530.0,326946
2020-10-21,460.8855285644531,533.0,534.0,518.0,530.0,325328
2020-10-22,453.1032409667969,524.0,542.0,520.0,531.0,265252
2020-10-23,447.9150085449219,518.0,530.0,517.0,517.0,229331
2020-10-26,472.1266174316406,546.0,564.0,530.0,534.0,424240
2020-10-27,478.17950439453125,553.0,554.0,543.0,546.0,355080
2020-10-28,525.738037109375,608.0,612.0,579.0,583.0,579450
2020-10-29,509.3088073730469,589.0,618.0,571.0,607.0,528406
2020-10-30,526.602783203125,609.0,630.0,591.0,600.0,634029
2020-11-02,508.44415283203125,588.0,605.0,576.0,589.0,444986
2020-11-03,480.7737121582031,556.0,572.0,545.0,569.0,563100
2020-11-04,449.6443786621094,520.0,539.0,498.0,535.0,876158
2020-11-05,421.9740295410156,488.0,495.0,480.0,492.0,549087
2020-11-06,421.9740295410156,488.0,500.0,484.0,489.0,357286
2020-11-09,407.2740783691406,471.0,473.0,429.0,430.0,630198
2020-11-10,408.1387939453125,472.0,487.0,468.0,476.0,430195
2020-11-11,400.3564758300781,463.0,469.0,458.0,464.0,274313
2020-11-12,411.5975341796875,476.0,483.0,463.0,467.0,499007
2020-11-13,394.3035583496094,456.0,470.0,452.0,467.0,338074
2020-11-16,379.6036682128906,439.0,450.0,439.0,444.0,302017
2020-11-17,384.7919006347656,445.0,454.0,441.0,448.0,308605
2020-11-18,399.49176025390625,462.0,462.0,442.0,445.0,281092
2020-11-19,393.4388427734375,455.0,470.0,454.0,464.0,351581
2020-11-20,402.95062255859375,466.0,466.0,456.0,457.0,218660
2020-11-23,395.16827392578125,457.0,468.0,452.0,457.0,325207
2020-11-24,376.14483642578125,435.0,450.0,433.0,446.0,376039
2020-11-25,378.7389831542969,438.0,441.0,435.0,435.0,230375
2020-11-27,375.2801513671875,434.0,437.0,431.0,433.0,97879
2020-11-30,379.6036682128906,439.0,450.0,435.0,437.0,336859
2020-12-01,367.4978332519531,425.0,429.0,418.0,428.0,313669
2020-12-02,364.9037780761719,422.0,431.0,421.0,429.0,190909
2020-12-03,365.7684631347656,423.0,426.0,417.0,422.0,208495
2020-12-04,355.3920593261719,411.0,421.0,411.0,421.0,218661
2020-12-07,357.1214294433594,413.0,418.0,412.0,415.0,189417
2020-12-08,355.3920593261719,411.0,419.0,408.0,418.0,218341
2020-12-09,363.17431640625,420.0,424.0,407.0,407.0,350224
2020-12-10,364.9037780761719,422.0,430.0,418.0,426.0,251199
2020-12-11,364.9037780761719,422.0,434.0,422.0,428.0,270013
2020-12-14,370.0919494628906,428.0,429.0,411.0,414.0,248257
2020-12-15,356.2566833496094,412.0,424.0,411.0,418.0,279704
2020-12-16,353.66259765625,409.0,414.0,406.0,411.0,274302
2020-12-17,347.6097106933594,402.0,407.0,402.0,403.0,170931
2020-12-18,351.9331970214844,407.0,414.0,401.0,401.0,243034
2020-12-21,355.3920593261719,411.0,431.0,408.0,422.0,418290
2020-12-22,357.1214294433594,413.0,418.0,410.0,410.0,188097
2020-12-23,357.1214294433594,413.0,413.0,406.0,411.0,158384
2020-12-24,352.7979431152344,408.0,413.0,408.0,410.0,109269
2020-12-28,343.28619384765625,397.0,401.0,396.0,399.0,176916
2020-12-29,345.015625,399.0,402.0,391.0,392.0,260581
2020-12-30,344.1508483886719,398.0,399.0,394.0,396.0,146217
2020-12-31,338.0980224609375,391.0,400.0,389.0,398.0,259117
2021-01-04,351.9331970214844,407.0,420.0,387.0,387.0,532637
2021-01-05,345.88031005859375,400.0,411.0,395.0,411.0,318751
2021-01-06,338.0980224609375,391.0,406.0,381.0,406.0,516425
2021-01-07,323.3980712890625,374.0,385.0,372.0,383.0,336777
2021-01-08,318.2099304199219,368.0,381.0,367.0,370.0,292840
2021-01-11,324.6951599121094,375.5,378.3999938964844,370.1000061035156,378.0,1335760
2021-01-12,324.2628173828125,375.0,382.3999938964844,372.0,374.79998779296875,573610
2021-01-13,322.1010437011719,372.5,378.0,369.1000061035156,375.5,397590
2021-01-14,325.1274719238281,376.0,377.29998779296875,368.29998779296875,369.8999938964844,391100
2021-01-15,332.3909912109375,384.3999938964844,390.3999938964844,378.70001220703125,381.3999938964844,721670
2021-01-19,324.43572998046875,375.20001220703125,381.1000061035156,373.6000061035156,376.29998779296875,359200
2021-01-20,311.2058410644531,359.8999938964844,369.20001220703125,357.0,368.20001220703125,468100
2021-01-21,310.34112548828125,358.8999938964844,361.5,356.70001220703125,358.0,512900
2021-01-22,313.62701416015625,362.70001220703125,365.3999938964844,359.20001220703125,364.20001220703125,514920
2021-01-25,309.90875244140625,358.3999938964844,375.0,357.1000061035156,360.1000061035156,743820
2021-01-26,311.2923278808594,360.0,360.5,354.29998779296875,355.5,337510
2021-01-27,333.77447509765625,386.0,393.0,370.0,370.1000061035156,1056720
2021-01-28,325.3868713378906,376.29998779296875,381.5,362.70001220703125,380.29998779296875,715380
2021-01-29,344.2374267578125,398.1000061035156,404.1000061035156,379.0,382.29998779296875,1157590
2021-02-01,327.89459228515625,379.20001220703125,394.5,375.3999938964844,387.20001220703125,647960
2021-02-02,313.7998962402344,362.8999938964844,368.70001220703125,357.79998779296875,368.6000061035156,656750
2021-02-03,312.7623596191406,361.70001220703125,365.79998779296875,356.70001220703125,360.20001220703125,588720
2021-02-04,302.2994079589844,349.6000061035156,359.20001220703125,349.6000061035156,358.70001220703125,382020
2021-02-05,298.754150390625,345.5,348.79998779296875,343.3999938964844,344.20001220703125,356710
2021-02-08,292.2689208984375,338.0,343.6000061035156,337.8999938964844,341.20001220703125,343030
2021-02-09,292.7012023925781,338.5,341.3999938964844,337.0,340.3999938964844,391790
2021-02-10,293.22003173828125,339.1000061035156,345.79998779296875,333.3999938964844,333.8999938964844,657420
2021-02-11,291.7500305175781,337.3999938964844,344.20001220703125,334.79998779296875,336.0,632690
2021-02-12,287.426513671875,332.3999938964844,339.79998779296875,331.70001220703125,339.79998779296875,456800
2021-02-16,287.7724304199219,332.79998779296875,335.1000061035156,328.3999938964844,328.8999938964844,569380
2021-02-17,287.85894775390625,332.8999938964844,340.70001220703125,332.29998779296875,338.1000061035156,543340
2021-02-18,291.4906311035156,337.1000061035156,344.79998779296875,335.20001220703125,340.1000061035156,647260
2021-02-19,293.22003173828125,339.1000061035156,340.20001220703125,333.0,333.6000061035156,487770
2021-02-22,299.7917785644531,346.70001220703125,347.6000061035156,340.0,346.6000061035156,516790
2021-02-23,298.6676330566406,345.3999938964844,365.29998779296875,341.70001220703125,353.0,913390
2021-02-24,288.89654541015625,334.1000061035156,351.5,332.8999938964844,348.6000061035156,721200
2021-02-25,309.5628967285156,358.0,362.1000061035156,333.79998779296875,337.3999938964844,1512890
2021-02-26,314.49169921875,363.70001220703125,369.70001220703125,349.0,352.3999938964844,1147680
2021-03-01,291.5771789550781,337.20001220703125,348.79998779296875,333.5,348.70001220703125,652540
2021-03-02,298.58123779296875,345.29998779296875,345.79998779296875,336.0,336.79998779296875,878930
2021-03-03,310.1681823730469,358.70001220703125,359.1000061035156,344.3999938964844,347.29998779296875,867470
2021-03-04,321.7552490234375,372.1000061035156,385.79998779296875,351.70001220703125,359.5,1170970
2021-03-05,303.9423522949219,351.5,384.20001220703125,348.1000061035156,361.1000061035156,1292370
2021-03-08,308.3523254394531,356.6000061035156,357.5,340.29998779296875,348.5,806170
2021-03-09,295.2953796386719,341.5,346.6000061035156,333.70001220703125,344.8999938964844,596370
2021-03-10,289.7612609863281,335.1000061035156,338.79998779296875,330.29998779296875,334.6000061035156,676110
2021-03-11,280.85479736328125,324.79998779296875,329.3999938964844,319.29998779296875,328.0,735310
2021-03-12,279.6442565917969,323.3999938964844,330.5,323.1000061035156,328.29998779296875,471160
2021-03-15,274.62896728515625,317.6000061035156,328.3999938964844,317.0,322.8999938964844,361320
2021-03-16,275.4936828613281,318.6000061035156,320.79998779296875,314.20001220703125,316.20001220703125,527180
2021-03-17,272.8996276855469,315.6000061035156,325.20001220703125,313.3999938964844,322.20001220703125,597210
2021-03-18,284.74603271484375,329.29998779296875,330.8999938964844,316.8999938964844,322.20001220703125,749170
2021-03-19,286.4753112792969,331.29998779296875,337.1000061035156,325.8999938964844,330.29998779296875,757220
2021-03-22,279.730712890625,323.5,329.8999938964844,319.5,329.8999938964844,507470
2021-03-23,285.95654296875,330.70001220703125,332.8999938964844,321.1000061035156,324.8999938964844,749830
2021-03-24,290.366455078125,335.79998779296875,336.0,322.6000061035156,327.29998779296875,709380
2021-03-25,285.6971130371094,330.3999938964844,345.20001220703125,328.0,339.8999938964844,966810
2021-03-26,272.0348815917969,314.6000061035156,328.70001220703125,313.20001220703125,327.1000061035156,665840
2021-03-29,272.1213684082031,314.70001220703125,321.79998779296875,312.5,318.0,893850
2021-03-30,274.1101989746094,317.0,321.29998779296875,315.5,318.1000061035156,589330
2021-03-31,270.9972229003906,313.3999938964844,315.70001220703125,309.29998779296875,315.70001220703125,645450
2021-04-01,262.17730712890625,303.20001220703125,309.1000061035156,303.0,308.5,649510
2021-04-05,251.02261352539062,290.29998779296875,296.79998779296875,288.70001220703125,296.6000061035156,683780
2021-04-06,251.54139709472656,290.8999938964844,292.1000061035156,288.20001220703125,291.29998779296875,488270
2021-04-07,250.5038604736328,289.70001220703125,291.8999938964844,288.79998779296875,291.1000061035156,587190
2021-04-08,246.87210083007812,285.5,288.79998779296875,285.3999938964844,286.79998779296875,525270
2021-04-09,241.59742736816406,279.3999938964844,285.8999938964844,278.79998779296875,285.70001220703125,710330
2021-04-12,241.07855224609375,278.79998779296875,281.79998779296875,278.29998779296875,280.5,597440
2021-04-13,239.08975219726562,276.5,279.8999938964844,275.0,279.20001220703125,417090
2021-04-14,241.4244842529297,279.20001220703125,280.3999938964844,274.20001220703125,276.6000061035156,737260
2021-04-15,233.81509399414062,270.3999938964844,274.6000061035156,269.5,274.29998779296875,1093110
2021-04-16,231.22097778320312,267.3999938964844,270.3999938964844,266.1000061035156,267.3999938964844,679090
2021-04-19,234.42039489746094,271.1000061035156,274.0,268.3999938964844,269.20001220703125,816890
2021-04-20,239.69508361816406,277.20001220703125,280.29998779296875,272.3999938964844,274.0,851240
2021-04-21,232.86392211914062,269.29998779296875,278.8999938964844,268.8999938964844,278.70001220703125,626850
2021-04-22,239.17625427246094,276.6000061035156,279.1000061035156,268.1000061035156,269.6000061035156,1116410
2021-04-23,231.65333557128906,267.8999938964844,275.79998779296875,264.79998779296875,275.79998779296875,998670
2021-04-26,230.09690856933594,266.1000061035156,267.29998779296875,264.8999938964844,266.29998779296875,840100
2021-04-27,230.183349609375,266.20001220703125,268.6000061035156,265.1000061035156,265.29998779296875,562220
2021-04-28,230.61575317382812,266.70001220703125,267.29998779296875,263.5,265.5,559020
2021-04-29,226.11927795410156,261.5,268.29998779296875,260.1000061035156,260.70001220703125,825690
2021-04-30,230.52919006347656,266.6000061035156,268.29998779296875,264.20001220703125,266.1000061035156,771890
2021-05-03,229.1457061767578,265.0,265.79998779296875,261.6000061035156,262.3999938964844,540250
2021-05-04,233.20982360839844,269.70001220703125,277.1000061035156,267.79998779296875,268.8999938964844,1150260
2021-05-05,233.03688049316406,269.5,271.0,265.70001220703125,266.0,870670
2021-05-06,227.32984924316406,262.8999938964844,273.3999938964844,262.70001220703125,269.0,1032890
2021-05-07,222.3145751953125,257.1000061035156,262.70001220703125,255.8000030517578,261.29998779296875,896810
2021-05-10,228.8863067626953,264.70001220703125,265.0,256.0,256.3999938964844,796300
2021-05-11,235.02566528320312,271.79998779296875,279.70001220703125,269.79998779296875,274.1000061035156,1215020
2021-05-12,249.9849853515625,289.1000061035156,290.29998779296875,275.0,277.70001220703125,1416210
2021-05-13,240.81915283203125,278.5,285.6000061035156,274.29998779296875,285.6000061035156,1061420
2021-05-14,229.83746337890625,265.79998779296875,272.79998779296875,264.0,272.79998779296875,707010
2021-05-17,231.7398223876953,268.0,272.0,266.20001220703125,268.29998779296875,764470
2021-05-18,237.44691467285156,274.6000061035156,275.1000061035156,266.8999938964844,267.20001220703125,510890
2021-05-19,239.52212524414062,277.0,288.1000061035156,276.70001220703125,285.0,1541060
2021-05-20,231.9127960205078,268.20001220703125,275.29998779296875,265.29998779296875,275.1000061035156,596270
2021-05-21,232.0856475830078,268.3999938964844,269.6000061035156,262.3999938964844,264.70001220703125,827080
2021-05-24,225.16812133789062,260.3999938964844,264.5,258.20001220703125,263.79998779296875,685690
2021-05-25,226.72457885742188,262.20001220703125,263.20001220703125,257.5,258.20001220703125,640540
2021-05-26,225.25453186035156,260.5,263.1000061035156,259.5,260.79998779296875,678500
2021-05-27,225.08163452148438,260.29998779296875,260.3999938964844,257.3999938964844,258.29998779296875,643200
2021-05-28,223.6981201171875,258.70001220703125,259.1000061035156,256.3999938964844,257.0,402770
2021-06-01,224.47633361816406,259.6000061035156,260.29998779296875,253.6999969482422,254.0,437640
2021-06-02,223.26576232910156,258.20001220703125,260.1000061035156,256.6000061035156,258.0,408840
2021-06-03,225.6869354248047,261.0,265.6000061035156,258.79998779296875,262.70001220703125,592130
2021-06-04,219.54751586914062,253.89999389648438,257.5,253.1999969482422,257.20001220703125,487620
2021-06-07,219.97988891601562,254.39999389648438,256.3999938964844,253.5,253.8000030517578,385400
2021-06-08,219.89341735839844,254.3000030517578,257.8999938964844,252.6999969482422,252.8000030517578,499380
2021-06-09,220.9311065673828,255.5,256.0,252.6999969482422,252.8000030517578,411140
2021-06-10,217.8181610107422,251.89999389648438,255.6999969482422,250.1999969482422,253.10000610351562,560940
2021-06-11,216.78048706054688,250.6999969482422,253.39999389648438,250.5,251.0,356800
2021-06-14,215.22402954101562,248.89999389648438,252.89999389648438,248.89999389648438,250.5,323700
2021-06-15,216.5210723876953,250.39999389648438,252.0,248.6999969482422,248.6999969482422,330150
2021-06-16,220.23928833007812,254.6999969482422,258.5,249.6999969482422,250.1999969482422,636310
2021-06-17,220.23928833007812,254.6999969482422,259.70001220703125,253.0,255.39999389648438,686620
2021-06-18,228.97276306152344,264.79998779296875,265.5,259.8999938964844,261.1000061035156,696830
2021-06-21,219.3745880126953,253.6999969482422,263.20001220703125,253.39999389648438,261.5,523340
2021-06-22,216.17520141601562,250.0,255.10000610351562,248.10000610351562,253.60000610351562,559430
2021-06-23,216.60757446289062,250.5,250.6999969482422,248.0,249.5,314710
2021-06-24,212.71636962890625,246.0,247.0,245.3000030517578,246.39999389648438,388720
2021-06-25,210.38172912597656,243.3000030517578,245.3000030517578,242.6999969482422,244.8000030517578,429510
2021-06-28,209.17115783691406,241.89999389648438,244.8000030517578,241.8000030517578,242.39999389648438,291340
2021-06-29,208.91172790527344,241.60000610351562,242.60000610351562,240.1999969482422,241.39999389648438,264520
2021-06-30,208.39288330078125,241.0,242.60000610351562,239.8000030517578,242.60000610351562,307800
2021-07-01,204.84762573242188,236.89999389648438,239.6999969482422,236.6999969482422,239.5,421090
2021-07-02,200.17823791503906,231.5,235.5,231.0,235.10000610351562,382980
2021-07-06,201.30235290527344,232.8000030517578,237.5,231.10000610351562,231.6999969482422,486960
2021-07-07,199.22706604003906,230.39999389648438,235.1999969482422,229.89999389648438,231.6999969482422,581560
2021-07-08,203.89645385742188,235.8000030517578,241.39999389648438,234.6999969482422,239.39999389648438,1050760
2021-07-09,197.4976348876953,228.39999389648438,233.60000610351562,228.0,233.10000610351562,652220
2021-07-12,195.50888061523438,226.10000610351562,229.1999969482422,225.5,228.5,324340
2021-07-13,197.23825073242188,228.10000610351562,228.6999969482422,224.8000030517578,227.10000610351562,577950
2021-07-14,196.5465087890625,227.3000030517578,229.3000030517578,224.5,225.5,522500
2021-07-15,198.36236572265625,229.39999389648438,232.6999969482422,228.3000030517578,229.3000030517578,628450
2021-07-16,202.94529724121094,234.6999969482422,235.60000610351562,227.39999389648438,227.60000610351562,686400
2021-07-19,212.19757080078125,245.39999389648438,250.10000610351562,242.5,243.39999389648438,1541560
2021-07-20,203.1182098388672,234.89999389648438,245.39999389648438,232.39999389648438,244.0,768750
2021-07-21,198.01649475097656,229.0,232.89999389648438,228.6999969482422,232.39999389648438,508550
2021-07-22,196.4600067138672,227.1999969482422,230.3000030517578,227.10000610351562,228.5,487490
2021-07-23,190.7530059814453,220.60000610351562,225.39999389648438,219.89999389648438,224.1999969482422,561830
2021-07-26,189.28302001953125,218.89999389648438,221.5,218.89999389648438,221.3000030517578,430890
2021-07-27,191.70416259765625,221.6999969482422,226.3000030517578,220.39999389648438,220.39999389648438,743150
2021-07-28,191.96356201171875,222.0,224.39999389648438,219.8000030517578,220.6999969482422,602010
2021-07-29,189.62887573242188,219.3000030517578,220.60000610351562,217.60000610351562,220.60000610351562,453450
2021-07-30,192.3959503173828,222.5,223.60000610351562,220.1999969482422,223.3000030517578,511110
2021-08-02,193.52008056640625,223.8000030517578,224.39999389648438,218.8000030517578,219.8000030517578,415940
2021-08-03,188.9371337890625,218.5,226.1999969482422,218.3000030517578,222.60000610351562,686660
2021-08-04,191.5312042236328,221.5,222.0,219.60000610351562,220.60000610351562,364910
2021-08-05,187.8994903564453,217.3000030517578,220.3000030517578,217.3000030517578,219.8000030517578,289380
2021-08-06,187.0347900390625,216.3000030517578,217.39999389648438,215.6999969482422,217.0,269680
2021-08-09,187.46714782714844,216.8000030517578,218.10000610351562,215.89999389648438,216.5,194340
2021-08-10,186.94833374023438,216.1999969482422,217.3000030517578,214.89999389648438,216.3000030517578,310750
2021-08-11,185.56480407714844,214.60000610351562,216.1999969482422,214.3000030517578,214.60000610351562,285540
2021-08-12,183.57598876953125,212.3000030517578,216.0,212.3000030517578,214.5,394860
2021-08-13,182.62481689453125,211.1999969482422,212.5,211.1999969482422,211.6999969482422,334380
2021-08-16,181.41424560546875,209.8000030517578,215.60000610351562,209.60000610351562,213.39999389648438,624630
2021-08-17,185.0459747314453,214.0,218.39999389648438,212.60000610351562,213.60000610351562,742790
2021-08-18,191.1853485107422,221.10000610351562,221.39999389648438,213.10000610351562,215.60000610351562,693210
2021-08-19,190.0612030029297,219.8000030517578,225.60000610351562,218.0,225.39999389648438,1237570
2021-08-20,185.47833251953125,214.5,220.10000610351562,214.10000610351562,219.3000030517578,695480
2021-08-23,180.635986328125,208.89999389648438,212.0,207.60000610351562,212.0,577250
2021-08-24,179.8577880859375,208.0,208.6999969482422,207.1999969482422,207.89999389648438,310260
2021-08-25,178.82015991210938,206.8000030517578,208.3000030517578,206.0,207.60000610351562,294760
2021-08-26,181.67367553710938,210.10000610351562,210.5,206.6999969482422,207.1999969482422,750500
2021-08-27,177.17718505859375,204.89999389648438,209.10000610351562,204.10000610351562,208.89999389648438,601680
2021-08-30,174.41014099121094,201.6999969482422,204.0,200.8000030517578,203.6999969482422,453980
2021-08-31,175.4477996826172,202.89999389648438,203.60000610351562,201.5,202.0,431540
2021-09-01,175.0154571533203,202.39999389648438,202.89999389648438,200.6999969482422,201.39999389648438,301110
2021-09-02,173.37249755859375,200.5,202.3000030517578,199.5,200.5,316310
2021-09-03,173.54544067382812,200.6999969482422,202.8000030517578,200.0,202.3000030517578,409180
2021-09-07,175.36131286621094,202.8000030517578,203.89999389648438,201.1999969482422,201.39999389648438,382460
2021-09-08,176.2260284423828,203.8000030517578,206.39999389648438,202.60000610351562,203.89999389648438,571810
2021-09-09,178.30128479003906,206.1999969482422,206.60000610351562,201.39999389648438,204.0,579980
2021-09-10,182.45188903808594,211.0,211.3000030517578,202.6999969482422,203.3000030517578,858140
2021-09-13,181.06834411621094,209.39999389648438,213.0,206.1999969482422,206.5,934130
2021-09-14,184.09478759765625,212.89999389648438,214.1999969482422,207.10000610351562,207.5,818580
2021-09-15,179.4254150390625,207.5,214.0,206.8000030517578,212.10000610351562,722840
2021-09-16,180.46302795410156,208.6999969482422,213.0,206.89999389648438,208.1999969482422,795470
2021-09-17,185.65127563476562,214.6999969482422,215.1999969482422,209.10000610351562,209.89999389648438,807020
2021-09-20,194.903564453125,225.39999389648438,232.89999389648438,221.6999969482422,224.1999969482422,1750830
2021-09-21,195.50888061523438,226.10000610351562,226.89999389648438,219.3000030517578,221.39999389648438,1503180
2021-09-22,189.5424041748047,219.1999969482422,223.6999969482422,215.5,222.0,1313440
2021-09-23,182.62481689453125,211.1999969482422,216.6999969482422,208.8000030517578,216.3000030517578,995840
2021-09-24,181.67367553710938,210.10000610351562,214.10000610351562,209.1999969482422,213.6999969482422,1003390
2021-09-27,183.2301025390625,211.89999389648438,213.10000610351562,210.10000610351562,211.8000030517578,665060
2021-09-28,194.5576934814453,225.0,226.0,215.8000030517578,216.39999389648438,1839080
2021-09-29,193.52008056640625,223.8000030517578,224.6999969482422,219.6999969482422,222.5,1051920
2021-09-30,200.4376678466797,231.8000030517578,232.1999969482422,220.10000610351562,221.3000030517578,1669420
2021-10-01,193.3471221923828,223.60000610351562,235.0,220.8000030517578,228.89999389648438,1442640
2021-10-04,200.8699951171875,232.3000030517578,236.0,224.10000610351562,225.6999969482422,1487810
2021-10-05,194.6441650390625,225.10000610351562,231.10000610351562,221.1999969482422,229.89999389648438,1003760
2021-10-06,192.22300720214844,222.3000030517578,233.8000030517578,221.89999389648438,231.10000610351562,1549570
2021-10-07,187.1212615966797,216.39999389648438,217.1999969482422,211.89999389648438,216.8000030517578,1069740
2021-10-08,188.15890502929688,217.60000610351562,218.6999969482422,214.6999969482422,215.1999969482422,949310
2021-10-11,192.22300720214844,222.3000030517578,222.5,214.10000610351562,218.8000030517578,946490
2021-10-12,193.60653686523438,223.89999389648438,225.3000030517578,220.1999969482422,220.8000030517578,1198040
2021-10-13,191.7906494140625,221.8000030517578,227.3000030517578,220.1999969482422,222.39999389648438,1188650
2021-10-14,181.93304443359375,210.39999389648438,216.39999389648438,210.1999969482422,215.5,1085550
2021-10-15,177.69602966308594,205.5,208.1999969482422,205.10000610351562,207.0,984720
2021-10-18,175.9665985107422,203.5,209.1999969482422,203.3000030517578,208.1999969482422,620040
2021-10-19,172.07542419433594,199.0,202.3000030517578,199.0,201.1999969482422,581060
2021-10-20,170.0001983642578,196.60000610351562,198.60000610351562,196.1999969482422,198.3000030517578,529610
2021-10-21,168.6166534423828,195.0,198.10000610351562,194.8000030517578,197.39999389648438,545210
2021-10-22,169.13548278808594,195.60000610351562,198.39999389648438,193.8000030517578,195.6999969482422,901470
2021-10-25,166.4549102783203,192.5,196.6999969482422,192.10000610351562,194.1999969482422,571410
2021-10-26,166.19549560546875,192.1999969482422,192.60000610351562,188.8000030517578,190.39999389648438,615470
2021-10-27,168.27078247070312,194.60000610351562,194.6999969482422,190.60000610351562,191.39999389648438,634790
2021-10-28,163.3419952392578,188.89999389648438,192.60000610351562,188.89999389648438,192.60000610351562,623120
2021-10-29,162.30433654785156,187.6999969482422,192.3000030517578,187.39999389648438,192.0,728000
2021-11-01,161.43966674804688,186.6999969482422,189.10000610351562,186.0,186.1999969482422,531880
2021-11-02,159.53729248046875,184.5,186.8000030517578,184.1999969482422,186.60000610351562,512680
2021-11-03,156.68380737304688,181.1999969482422,185.89999389648438,180.6999969482422,185.1999969482422,641210
2021-11-04,154.34912109375,178.5,180.8000030517578,178.5,180.39999389648438,692000
2021-11-05,152.965576171875,176.89999389648438,178.60000610351562,174.3000030517578,175.89999389648438,895450
2021-11-08,152.3603057861328,176.1999969482422,177.10000610351562,174.8000030517578,175.3000030517578,556490
2021-11-09,153.8302459716797,177.89999389648438,179.6999969482422,175.5,175.8000030517578,873770
2021-11-10,157.5485076904297,182.1999969482422,184.10000610351562,178.0,179.89999389648438,873230
2021-11-11,157.46202087402344,182.10000610351562,182.10000610351562,180.3000030517578,180.3000030517578,407840
2021-11-12,153.91676330566406,178.0,181.6999969482422,177.3000030517578,180.6999969482422,735040
2021-11-15,153.74380493164062,177.8000030517578,179.10000610351562,176.1999969482422,176.3000030517578,424520
2021-11-16,151.84146118164062,175.60000610351562,178.1999969482422,174.3000030517578,178.1999969482422,512450
2021-11-17,152.879150390625,176.8000030517578,177.6999969482422,175.6999969482422,176.0,568790
2021-11-18,151.32264709472656,175.0,178.89999389648438,174.8000030517578,175.6999969482422,609680
2021-11-19,152.18734741210938,176.0,176.60000610351562,173.89999389648438,175.1999969482422,550090
2021-11-22,153.48439025878906,177.5,177.8000030517578,170.8000030517578,173.89999389648438,656970
2021-11-23,152.7926483154297,176.6999969482422,181.10000610351562,175.89999389648438,178.0,1009260
2021-11-24,151.6685028076172,175.39999389648438,180.3000030517578,175.1999969482422,179.10000610351562,772690
2021-11-26,161.95848083496094,187.3000030517578,188.5,181.6999969482422,183.39999389648438,1439370
2021-11-29,155.6461639404297,180.0,183.6999969482422,177.8000030517578,180.8000030517578,1078640
2021-11-30,164.55258178710938,190.3000030517578,191.0,180.8000030517578,183.10000610351562,1770680
2021-12-01,170.5189971923828,197.1999969482422,197.3000030517578,179.3000030517578,183.10000610351562,1421890
2021-12-02,162.73667907714844,188.1999969482422,197.3000030517578,185.8000030517578,195.8000030517578,2045110
2021-12-03,166.80076599121094,192.89999389648438,198.5,184.39999389648438,186.0,1817570
2021-12-06,161.00729370117188,186.1999969482422,192.8000030517578,183.5,189.60000610351562,1302120
2021-12-07,150.89027404785156,174.5,179.3000030517578,173.8000030517578,179.10000610351562,1602710
2021-12-08,149.59324645996094,173.0,176.10000610351562,172.60000610351562,174.0,828200
2021-12-09,152.6197052001953,176.5,176.8000030517578,173.5,174.60000610351562,960710
2021-12-10,148.38267517089844,171.60000610351562,176.5,171.39999389648438,173.39999389648438,1082500
2021-12-13,152.18734741210938,176.0,176.5,171.8000030517578,172.10000610351562,681250
2021-12-14,155.55967712402344,179.89999389648438,183.39999389648438,177.10000610351562,180.3000030517578,1136550
2021-12-15,148.0367889404297,171.1999969482422,182.8000030517578,171.0,179.60000610351562,1966570
2021-12-16,152.014404296875,175.8000030517578,177.6999969482422,168.8000030517578,169.10000610351562,1557460
2021-12-17,156.94317626953125,181.5,183.60000610351562,175.89999389648438,179.5,1726460
2021-12-20,161.78553771972656,187.10000610351562,191.8000030517578,186.6999969482422,188.0,1352330
2021-12-21,153.22500610351562,177.1999969482422,185.6999969482422,177.0,182.6999969482422,1147250
2021-12-22,148.5556182861328,171.8000030517578,177.8000030517578,171.8000030517578,177.60000610351562,761210
2021-12-23,145.78858947753906,168.60000610351562,170.89999389648438,167.0,170.6999969482422,874710
2021-12-27,139.64918518066406,161.5,167.3000030517578,161.5,167.3000030517578,965060
2021-12-28,139.90858459472656,161.8000030517578,162.8000030517578,160.0,161.1999969482422,688970
2021-12-29,139.5626983642578,161.39999389648438,162.89999389648438,160.3000030517578,161.89999389648438,685640
2021-12-30,140.68682861328125,162.6999969482422,163.10000610351562,159.8000030517578,160.89999389648438,510600
2021-12-31,141.63800048828125,163.8000030517578,164.1999969482422,161.89999389648438,163.1999969482422,770760
2022-01-03,139.13037109375,160.89999389648438,165.10000610351562,160.89999389648438,162.60000610351562,652070
2022-01-04,139.3897705078125,161.1999969482422,163.10000610351562,158.6999969482422,159.39999389648438,832630
2022-01-05,147.25857543945312,170.3000030517578,170.5,160.6999969482422,161.60000610351562,1394590
2022-01-06,147.69093322753906,170.8000030517578,173.60000610351562,167.8000030517578,171.0,1534340
2022-01-07,149.3338165283203,172.6999969482422,174.5,169.5,171.0,1421020
2022-01-10,150.19850158691406,173.6999969482422,183.5,173.3000030517578,176.8000030517578,2037500
2022-01-11,145.87501525878906,168.6999969482422,177.5,168.6999969482422,173.8000030517578,1395310
2022-01-12,144.83738708496094,167.5,169.6999969482422,165.10000610351562,166.89999389648438,1240160
2022-01-13,150.630859375,174.1999969482422,175.5,165.5,166.10000610351562,1617370
2022-01-14,150.54440307617188,174.10000610351562,179.60000610351562,173.6999969482422,178.1999969482422,1820190
2022-01-18,158.67262268066406,183.5,184.6999969482422,179.60000610351562,179.89999389648438,1692020
2022-01-19,163.5149383544922,189.10000610351562,189.39999389648438,179.60000610351562,181.5,1563470
2022-01-20,168.78961181640625,195.1999969482422,195.89999389648438,180.3000030517578,186.60000610351562,1881210
2022-01-21,178.733642578125,206.6999969482422,206.8000030517578,193.6999969482422,196.89999389648438,3573570
2022-01-24,176.3989715576172,204.0,231.1999969482422,203.5,215.3000030517578,5036870
2022-01-25,182.97068786621094,211.60000610351562,222.0,204.39999389648438,213.8000030517578,3512890
2022-01-26,184.2677459716797,213.10000610351562,220.0,197.6999969482422,202.5,2957980
2022-01-27,187.2077178955078,216.5,219.1999969482422,201.1999969482422,206.39999389648438,2712220
2022-01-28,173.28604125976562,200.39999389648438,221.60000610351562,200.3000030517578,214.3000030517578,2106230
2022-01-31,163.94729614257812,189.60000610351562,203.3000030517578,189.0,201.39999389648438,1795560
2022-02-01,160.74786376953125,185.89999389648438,193.3000030517578,184.8000030517578,188.39999389648438,1817340
2022-02-02,155.81907653808594,180.1999969482422,185.5,179.3000030517578,182.5,1747790
2022-02-03,166.80076599121094,192.89999389648438,193.89999389648438,185.3000030517578,187.8000030517578,2224400
2022-02-04,164.37965393066406,190.10000610351562,196.39999389648438,184.8000030517578,193.3000030517578,2594320
2022-02-07,165.849609375,191.8000030517578,193.6999969482422,187.3000030517578,189.0,1415100
2022-02-08,161.87200927734375,187.1999969482422,194.60000610351562,186.0,192.89999389648438,1428440
2022-02-09,154.6949920654297,178.89999389648438,182.10000610351562,178.6999969482422,181.6999969482422,1511800
2022-02-10,162.90963745117188,188.39999389648438,191.10000610351562,178.8000030517578,186.1999969482422,2565840
2022-02-11,172.6807861328125,199.6999969482422,201.6999969482422,185.6999969482422,188.60000610351562,3273050
2022-02-14,174.3236846923828,201.60000610351562,206.8000030517578,198.3000030517578,200.60000610351562,2501720
2022-02-15,165.9360809326172,191.89999389648438,196.10000610351562,191.8000030517578,195.1999969482422,1733890
2022-02-16,165.2443389892578,191.10000610351562,197.39999389648438,189.5,194.8000030517578,1459850
2022-02-17,175.88014221191406,203.39999389648438,204.39999389648438,195.0,195.6999969482422,1750090
2022-02-18,179.33897399902344,207.39999389648438,210.89999389648438,201.39999389648438,203.39999389648438,2772680
2022-02-22,185.0459747314453,214.0,219.6999969482422,205.6999969482422,211.0,3595960
2022-02-23,195.2494354248047,225.8000030517578,226.60000610351562,208.8000030517578,209.89999389648438,2708720
2022-02-24,186.1700897216797,215.3000030517578,243.89999389648438,214.6999969482422,243.3000030517578,4374640
2022-02-25,174.15074157714844,201.39999389648438,216.10000610351562,201.0,213.3000030517578,3178470
2022-02-28,175.10194396972656,202.5,210.89999389648438,200.60000610351562,209.0,2615350
2022-03-01,183.1436309814453,211.8000030517578,215.8000030517578,202.0,204.6999969482422,2792710
2022-03-02,173.28604125976562,200.39999389648438,209.60000610351562,197.8000030517578,208.3000030517578,1886690
2022-03-03,175.79368591308594,203.3000030517578,205.8000030517578,195.8000030517578,197.0,2184140
2022-03-04,180.0306854248047,208.1999969482422,214.1999969482422,206.5,208.89999389648438,2485120
2022-03-07,195.94119262695312,226.60000610351562,226.60000610351562,208.60000610351562,209.10000610351562,2908280
2022-03-08,200.17823791503906,231.5,233.60000610351562,214.0,226.1999969482422,4083480
2022-03-09,184.1812744140625,213.0,220.6999969482422,209.8000030517578,216.6999969482422,2593740
2022-03-10,186.68893432617188,215.89999389648438,223.60000610351562,214.6999969482422,220.5,2153980
2022-03-11,193.7794647216797,224.10000610351562,225.10000610351562,211.0,212.10000610351562,1922620
2022-03-14,198.18943786621094,229.1999969482422,231.10000610351562,217.1999969482422,222.89999389648438,1942650
2022-03-15,185.30535888671875,214.3000030517578,226.89999389648438,213.0,224.6999969482422,2012420
2022-03-16,172.85369873046875,199.89999389648438,216.1999969482422,199.8000030517578,208.5,2559520
2022-03-17,166.4549102783203,192.5,203.1999969482422,192.1999969482422,202.60000610351562,1879030
2022-03-18,161.00729370117188,186.1999969482422,195.5,185.5,194.39999389648438,1880870
2022-03-21,160.92083740234375,186.10000610351562,190.8000030517578,183.5,186.1999969482422,1640850
2022-03-22,155.12733459472656,179.39999389648438,184.3000030517578,178.39999389648438,184.10000610351562,1433210
2022-03-23,161.09378051757812,186.3000030517578,186.5,180.89999389648438,182.6999969482422,1274770
2022-03-24,154.17616271972656,178.3000030517578,185.3000030517578,178.10000610351562,183.89999389648438,1303860
2022-03-25,151.6685028076172,175.39999389648438,180.60000610351562,175.10000610351562,177.39999389648438,1401090
2022-03-28,148.64205932617188,171.89999389648438,178.60000610351562,171.8000030517578,176.3000030517578,1063250
2022-03-29,143.1079864501953,165.5,170.3000030517578,164.8000030517578,167.10000610351562,1671510
2022-03-30,145.44268798828125,168.1999969482422,170.89999389648438,165.8000030517578,166.6999969482422,1409170
2022-03-31,152.27381896972656,176.10000610351562,176.39999389648438,168.3000030517578,169.39999389648438,1321440
2022-04-01,151.23614501953125,174.89999389648438,179.10000610351562,174.10000610351562,174.39999389648438,1421740
2022-04-04,147.25857543945312,170.3000030517578,175.5,170.10000610351562,174.60000610351562,851610
2022-04-05,152.7926483154297,176.6999969482422,178.10000610351562,169.0,172.10000610351562,1706640
2022-04-06,157.2890625,181.89999389648438,185.60000610351562,179.1999969482422,181.60000610351562,1851360
2022-04-07,155.04086303710938,179.3000030517578,185.60000610351562,176.89999389648438,183.1999969482422,1844500
2022-04-08,156.33792114257812,180.8000030517578,182.60000610351562,177.0,180.1999969482422,1146020
2022-04-11,164.37965393066406,190.10000610351562,190.60000610351562,183.8000030517578,184.89999389648438,1472070
2022-04-12,166.02256774902344,192.0,194.1999969482422,182.39999389648438,185.6999969482422,1733650
2022-04-13,160.4884796142578,185.60000610351562,192.60000610351562,184.39999389648438,192.39999389648438,1738280
2022-04-14,166.28196716308594,192.3000030517578,192.60000610351562,183.60000610351562,185.10000610351562,1529250
2022-04-18,166.28196716308594,192.3000030517578,195.3000030517578,189.89999389648438,193.6999969482422,1369630
2022-04-19,158.06729125976562,182.8000030517578,192.6999969482422,181.89999389648438,192.39999389648438,1759970
2022-04-20,158.67262268066406,183.5,184.89999389648438,179.6999969482422,180.5,1553130
2022-04-21,165.50372314453125,191.39999389648438,192.6999969482422,176.6999969482422,178.5,2294530
2022-04-22,179.33897399902344,207.39999389648438,208.10000610351562,192.6999969482422,193.10000610351562,2505490
2022-04-25,176.31248474121094,203.89999389648438,217.89999389648438,203.39999389648438,210.8000030517578,3291850
2022-04-26,191.3582763671875,221.3000030517578,221.5,207.1999969482422,207.39999389648438,3014120
2022-04-27,189.97476196289062,219.6999969482422,223.1999969482422,210.60000610351562,219.6999969482422,3763090
2022-04-28,175.36131286621094,202.8000030517578,219.0,200.0,211.60000610351562,2931840
2022-04-29,194.8170928955078,225.3000030517578,226.6999969482422,205.6999969482422,209.1999969482422,2981170
2022-05-02,191.3582763671875,221.3000030517578,237.0,219.10000610351562,225.5,3433350
2022-05-03,188.8506622314453,218.39999389648438,223.3000030517578,214.3000030517578,220.8000030517578,2312170
2022-05-04,171.64309692382812,198.5,222.6999969482422,197.60000610351562,217.0,3524940
2022-05-05,190.0612030029297,219.8000030517578,225.8000030517578,204.6999969482422,205.0,4472590
2022-05-06,193.17416381835938,223.39999389648438,232.6999969482422,218.10000610351562,224.10000610351562,4469440
2022-05-09,211.6787872314453,244.8000030517578,247.8000030517578,231.8000030517578,234.10000610351562,3277810
2022-05-10,210.7275848388672,243.6999969482422,251.3000030517578,230.60000610351562,233.6999969482422,3128700
2022-05-11,220.58517456054688,255.10000610351562,256.5,234.5,245.39999389648438,2900060
2022-05-12,221.27696228027344,255.89999389648438,269.8999938964844,249.1999969482422,261.70001220703125,3394920
2022-05-13,205.53936767578125,237.6999969482422,249.5,234.6999969482422,247.39999389648438,2173880
2022-05-16,207.9605255126953,240.5,244.89999389648438,233.60000610351562,240.6999969482422,1885740
2022-05-17,195.2494354248047,225.8000030517578,236.0,225.5,229.0,2079850
2022-05-18,218.76930236816406,253.0,255.1999969482422,233.3000030517578,233.6999969482422,2849030
2022-05-19,223.00634765625,257.8999938964844,262.20001220703125,248.6999969482422,259.6000061035156,3509980
2022-05-20,222.74696350097656,257.6000061035156,275.5,249.10000610351562,250.1999969482422,3350860
2022-05-23,209.9493408203125,242.8000030517578,255.89999389648438,241.39999389648438,251.10000610351562,2435200
2022-05-24,214.70518493652344,248.3000030517578,261.29998779296875,246.1999969482422,250.89999389648438,2895740
2022-05-25,208.9981689453125,241.6999969482422,252.39999389648438,238.0,251.6999969482422,2268600
2022-05-26,196.5465087890625,227.3000030517578,239.8000030517578,224.3000030517578,239.39999389648438,1961730
2022-05-27,182.1924591064453,210.6999969482422,223.39999389648438,210.5,223.0,1732640
2022-05-31,185.2189178466797,214.1999969482422,218.6999969482422,208.8000030517578,213.3000030517578,2352110
2022-06-01,189.71534729003906,219.39999389648438,223.60000610351562,209.10000610351562,210.8000030517578,2240830
2022-06-02,178.99307250976562,207.0,223.60000610351562,206.89999389648438,219.6999969482422,2568700
2022-06-03,187.55361938476562,216.89999389648438,218.8000030517578,212.0,214.39999389648438,2189210
2022-06-06,186.1700897216797,215.3000030517578,217.1999969482422,207.60000610351562,210.5,1553230
2022-06-07,180.7224884033203,209.0,221.8000030517578,208.3000030517578,221.10000610351562,1626800
2022-06-08,186.60244750976562,215.8000030517578,217.10000610351562,208.89999389648438,211.60000610351562,1677870
2022-06-09,199.83236694335938,231.10000610351562,231.1999969482422,215.10000610351562,219.0,1967660
2022-06-10,217.29933166503906,251.3000030517578,251.5,241.10000610351562,242.89999389648438,2994600
2022-06-13,242.37562561035156,280.29998779296875,283.6000061035156,267.0,271.8999938964844,3503220
2022-06-14,244.7103271484375,283.0,290.1000061035156,273.6000061035156,276.0,2167800
2022-06-15,234.1609649658203,270.79998779296875,286.70001220703125,259.79998779296875,274.79998779296875,2503700
2022-06-16,256.7297058105469,296.8999938964844,303.20001220703125,288.5,289.29998779296875,2736850
2022-06-17,255.69204711914062,295.70001220703125,304.8999938964844,287.29998779296875,296.5,2815130
2022-06-21,236.40921020507812,273.3999938964844,281.5,270.0,281.5,1494930
2022-06-22,238.22506713867188,275.5,284.5,265.70001220703125,283.5,2028890
2022-06-23,230.70216369628906,266.79998779296875,278.5,265.3999938964844,270.3999938964844,1993250
2022-06-24,208.9981689453125,241.6999969482422,260.20001220703125,241.6999969482422,260.1000061035156,1884470
2022-06-27,211.3328857421875,244.39999389648438,246.8000030517578,239.5,240.0,1401130
2022-06-28,224.47633361816406,259.6000061035156,259.8999938964844,236.10000610351562,241.60000610351562,2058950
2022-06-29,224.99514770507812,260.20001220703125,264.20001220703125,256.3999938964844,258.5,1745110
2022-06-30,230.52919006347656,266.6000061035156,276.3999938964844,259.70001220703125,268.70001220703125,2689410
2022-07-01,223.6981201171875,258.70001220703125,274.1000061035156,257.5,268.20001220703125,2619830
2022-07-05,222.1416015625,256.8999938964844,275.3999938964844,256.8999938964844,269.3999938964844,2367810
2022-07-06,219.97988891601562,254.39999389648438,261.79998779296875,249.10000610351562,256.70001220703125,1805370
2022-07-07,210.38172912597656,243.3000030517578,250.8000030517578,241.39999389648438,250.8000030517578,1186360
2022-07-08,210.55465698242188,243.5,249.39999389648438,240.0,246.3000030517578,1661030
2022-07-11,217.73167419433594,251.8000030517578,253.5,247.1999969482422,248.89999389648438,1439460
2022-07-12,223.525146484375,258.5,262.5,248.39999389648438,253.1999969482422,1431380
2022-07-13,227.41632080078125,263.0,271.5,256.6000061035156,270.5,2869930
2022-07-14,229.1457061767578,265.0,279.20001220703125,263.6000061035156,273.79998779296875,2486540
2022-07-15,216.0022735595703,249.8000030517578,259.3999938964844,249.60000610351562,254.89999389648438,1853380
2022-07-18,221.3634033203125,256.0,258.6000061035156,242.10000610351562,243.60000610351562,1525510
2022-07-19,203.3776397705078,235.1999969482422,249.10000610351562,234.1999969482422,247.6999969482422,1884520
2022-07-20,199.659423828125,230.89999389648438,237.5,228.10000610351562,234.89999389648438,1790180
2022-07-21,193.43359375,223.6999969482422,236.3000030517578,223.6999969482422,232.0,1733240
2022-07-22,198.79470825195312,229.89999389648438,234.10000610351562,221.5,223.6999969482422,1850340
2022-07-25,198.2759246826172,229.3000030517578,233.39999389648438,227.8000030517578,229.10000610351562,1297720
2022-07-26,205.19351196289062,237.3000030517578,239.10000610351562,232.0,232.39999389648438,1467400
2022-07-27,189.28302001953125,218.89999389648438,231.8000030517578,215.8000030517578,231.10000610351562,2003620
2022-07-28,182.2789306640625,210.8000030517578,223.6999969482422,209.60000610351562,217.6999969482422,1785530
2022-07-29,174.49661254882812,201.8000030517578,209.8000030517578,200.0,208.5,1612330
2022-08-01,175.88014221191406,203.39999389648438,207.0,199.60000610351562,205.8000030517578,1601920
2022-08-02,179.4254150390625,207.5,209.39999389648438,200.1999969482422,206.0,1728680
2022-08-03,171.03782653808594,197.8000030517578,204.5,196.0,204.0,1402640
2022-08-04,171.55665588378906,198.39999389648438,200.6999969482422,197.0,198.0,1385530
2022-08-05,172.59425354003906,199.60000610351562,205.0,198.39999389648438,205.0,1886130
2022-08-08,172.94015502929688,200.0,201.8000030517578,193.39999389648438,196.89999389648438,1504110
2022-08-09,175.18838500976562,202.60000610351562,204.1999969482422,200.60000610351562,201.3000030517578,1349670
2022-08-10,164.20669555664062,189.89999389648438,194.6999969482422,189.5,191.5,1907900
2022-08-11,164.03375244140625,189.6999969482422,191.0,183.10000610351562,185.8000030517578,1954370
2022-08-12,156.07847595214844,180.5,188.5,180.1999969482422,187.0,1336660
2022-08-15,154.0032196044922,178.10000610351562,183.39999389648438,177.5,183.39999389648438,1373350
2022-08-16,153.0520477294922,177.0,180.60000610351562,174.5,179.60000610351562,1623990
2022-08-17,156.5108184814453,181.0,183.5,177.3000030517578,181.8000030517578,1986560
2022-08-18,155.2138214111328,179.5,182.5,178.5,180.8000030517578,1230510
2022-08-19,161.35321044921875,186.60000610351562,187.89999389648438,182.8000030517578,183.10000610351562,1933430
2022-08-22,171.55665588378906,198.39999389648438,199.6999969482422,193.3000030517578,193.39999389648438,2133350
2022-08-23,173.02664184570312,200.10000610351562,200.8000030517578,195.39999389648438,199.3000030517578,1529790
2022-08-24,171.4701690673828,198.3000030517578,201.39999389648438,196.0,200.39999389648438,1369600
2022-08-25,164.20669555664062,189.89999389648438,197.5,189.6999969482422,195.8000030517578,1675680
2022-08-26,180.80894470214844,209.10000610351562,209.1999969482422,189.1999969482422,189.89999389648438,2610140
2022-08-29,184.61363220214844,213.5,215.60000610351562,208.39999389648438,214.0,2084430
2022-08-30,190.49356079101562,220.3000030517578,223.89999389648438,211.0,211.39999389648438,2094580
2022-08-31,195.16297912597656,225.6999969482422,225.6999969482422,215.39999389648438,217.60000610351562,1662200
2022-09-01,193.43359375,223.6999969482422,234.5,223.0,229.60000610351562,2440170
2022-09-02,199.57296752929688,230.8000030517578,234.0,214.89999389648438,217.10000610351562,2350370
2022-09-06,201.9076385498047,233.5,237.60000610351562,227.5,229.39999389648438,1899930
2022-09-07,191.098876953125,221.0,234.5,219.39999389648438,234.0,1624150
2022-09-08,187.3806610107422,216.6999969482422,227.10000610351562,215.89999389648438,225.10000610351562,2277640
2022-09-09,178.6471710205078,206.60000610351562,213.3000030517578,205.10000610351562,212.89999389648438,2221420
2022-09-12,173.1131134033203,200.1999969482422,203.8000030517578,198.8000030517578,203.1999969482422,1598170
2022-09-13,195.42237854003906,226.0,228.0,211.60000610351562,213.6999969482422,2821170
2022-09-14,193.52008056640625,223.8000030517578,229.6999969482422,220.89999389648438,223.89999389648438,2314740
2022-09-15,199.9188232421875,231.1999969482422,233.6999969482422,221.39999389648438,226.60000610351562,2713810
2022-09-16,204.7611541748047,236.8000030517578,243.0,235.5,239.5,3199310
2022-09-19,200.17823791503906,231.5,243.10000610351562,231.39999389648438,243.0,2383900
2022-09-20,206.83642578125,239.1999969482422,244.60000610351562,235.6999969482422,237.6999969482422,2220900
2022-09-21,217.90460205078125,252.0,252.0,229.60000610351562,235.6999969482422,3633280
2022-09-22,223.61160278320312,258.6000061035156,260.0,251.60000610351562,253.6999969482422,3284690
2022-09-23,234.67977905273438,271.3999938964844,281.20001220703125,266.0,266.1000061035156,3470190
2022-09-26,241.9432373046875,279.79998779296875,282.6000061035156,266.6000061035156,274.8999938964844,3320240
2022-09-27,243.75914001464844,281.8999938964844,287.70001220703125,265.70001220703125,271.1000061035156,3318070
2022-09-28,229.57810974121094,265.5,283.8999938964844,261.20001220703125,279.70001220703125,2708900
2022-09-29,244.01856994628906,282.20001220703125,288.79998779296875,272.8999938964844,273.3999938964844,3455190
2022-09-30,255.43263244628906,295.3999938964844,295.6000061035156,275.0,284.29998779296875,3212750
2022-10-03,235.5444793701172,272.3999938964844,290.5,267.29998779296875,285.79998779296875,2710840
2022-10-04,213.84051513671875,247.3000030517578,259.5,247.0,259.29998779296875,3543710
2022-10-05,215.22402954101562,248.89999389648438,260.8999938964844,244.10000610351562,256.1000061035156,2690910
2022-10-06,222.05516052246094,256.79998779296875,257.70001220703125,245.6999969482422,251.8000030517578,3219380
2022-10-07,240.559814453125,278.20001220703125,282.20001220703125,264.8999938964844,265.70001220703125,3128800
2022-10-10,246.09384155273438,284.6000061035156,290.20001220703125,275.20001220703125,275.6000061035156,2747220
2022-10-11,251.10914611816406,290.3999938964844,295.1000061035156,277.79998779296875,289.29998779296875,3025540
2022-10-12,253.44384765625,293.1000061035156,293.8999938964844,285.3999938964844,289.29998779296875,2198620
2022-10-13,233.81509399414062,270.3999938964844,314.20001220703125,266.5,311.79998779296875,6117820
2022-10-14,249.63912963867188,288.70001220703125,290.29998779296875,260.8999938964844,264.70001220703125,3414840
2022-10-17,230.52919006347656,266.6000061035156,273.3999938964844,263.6000061035156,273.3999938964844,3045620
2022-10-18,222.4875030517578,257.29998779296875,265.0,247.8000030517578,248.39999389648438,2678640
2022-10-19,227.1569366455078,262.70001220703125,269.0,255.8000030517578,261.8999938964844,2486140
2022-10-20,232.95040893554688,269.3999938964844,271.29998779296875,254.0,263.79998779296875,3153240
2022-10-21,216.43458557128906,250.3000030517578,273.70001220703125,249.0,270.3999938964844,3411730
2022-10-24,208.39288330078125,241.0,252.5,238.5,246.89999389648438,2444960
2022-10-25,198.62176513671875,229.6999969482422,241.39999389648438,228.8000030517578,241.39999389648438,2390730
2022-10-26,203.03176879882812,234.8000030517578,236.0,224.8000030517578,235.39999389648438,2766690
2022-10-27,206.4905548095703,238.8000030517578,239.8000030517578,229.3000030517578,233.0,3010110
2022-10-28,191.7906494140625,221.8000030517578,239.3000030517578,220.6999969482422,239.1999969482422,2679150
2022-10-31,195.85476684570312,226.5,228.1999969482422,222.6999969482422,226.10000610351562,1647100
2022-11-01,198.62176513671875,229.6999969482422,231.8000030517578,219.1999969482422,219.8000030517578,1814340
2022-11-02,213.4081573486328,246.8000030517578,247.0,222.3000030517578,230.6999969482422,3638330
2022-11-03,220.23928833007812,254.6999969482422,259.1000061035156,248.39999389648438,253.8000030517578,2900260
2022-11-04,210.9870147705078,244.0,257.0,238.60000610351562,242.5,3353340
2022-11-07,204.93411254882812,237.0,245.5,235.6999969482422,241.5,1835190
2022-11-08,201.7346954345703,233.3000030517578,241.1999969482422,227.3000030517578,235.0,2265750
2022-11-09,214.18637084960938,247.6999969482422,248.6999969482422,235.0,237.10000610351562,2617290
2022-11-10,179.0795440673828,207.10000610351562,224.89999389648438,206.3000030517578,220.10000610351562,2981820
2022-11-11,173.977783203125,201.1999969482422,208.8000030517578,199.60000610351562,205.5,2188230
2022-11-14,178.38778686523438,206.3000030517578,206.60000610351562,198.60000610351562,203.89999389648438,1902020
2022-11-15,173.71835327148438,200.89999389648438,207.3000030517578,195.0,196.8000030517578,2930560
2022-11-16,177.7825164794922,205.60000610351562,206.60000610351562,202.1999969482422,203.60000610351562,1675810
2022-11-17,179.5118865966797,207.60000610351562,214.1999969482422,206.60000610351562,213.8000030517578,2536890
2022-11-18,177.263671875,205.0,209.8000030517578,202.3000030517578,202.39999389648438,1971560
2022-11-21,179.33897399902344,207.39999389648438,210.3000030517578,205.39999389648438,207.3000030517578,1259040
2022-11-22,172.07542419433594,199.0,206.60000610351562,198.6999969482422,204.1999969482422,1404580
2022-11-23,169.13548278808594,195.60000610351562,200.10000610351562,194.60000610351562,199.6999969482422,1874120
2022-11-25,169.30841064453125,195.8000030517578,196.89999389648438,194.89999389648438,196.5,589220
2022-11-28,177.43661499023438,205.1999969482422,206.39999389648438,198.10000610351562,200.60000610351562,1802980
2022-11-29,178.47421264648438,206.39999389648438,209.39999389648438,203.10000610351562,205.10000610351562,1562670
2022-11-30,161.95848083496094,187.3000030517578,209.1999969482422,187.10000610351562,206.10000610351562,2943640
2022-12-01,162.21786499023438,187.60000610351562,191.10000610351562,183.6999969482422,185.39999389648438,2418120
2022-12-02,162.90963745117188,188.39999389648438,194.89999389648438,187.0,194.8000030517578,2132640
2022-12-05,171.64309692382812,198.5,200.5,191.10000610351562,192.60000610351562,1930930
2022-12-06,179.25247192382812,207.3000030517578,210.5,198.10000610351562,198.8000030517578,2870830
2022-12-07,180.20364379882812,208.39999389648438,210.3000030517578,204.39999389648438,208.8000030517578,2152970
2022-12-08,176.2260284423828,203.8000030517578,208.0,201.8000030517578,205.39999389648438,2027760
2022-12-09,180.20364379882812,208.39999389648438,208.60000610351562,201.6999969482422,205.89999389648438,2559580
2022-12-12,172.59425354003906,199.60000610351562,208.3000030517578,199.5,207.10000610351562,2110390
2022-12-13,168.70314025878906,195.10000610351562,199.3000030517578,182.3000030517578,182.5,3587130
2022-12-14,171.90252685546875,198.8000030517578,203.3000030517578,189.60000610351562,195.6999969482422,3282120
2022-12-15,184.78659057617188,213.6999969482422,216.10000610351562,205.10000610351562,206.60000610351562,3122030
2022-12-16,191.27182006835938,221.1999969482422,225.0,215.8000030517578,218.10000610351562,2929120
2022-12-19,196.2006072998047,226.89999389648438,230.0,220.39999389648438,220.89999389648438,2331190
2022-12-20,195.6818084716797,226.3000030517578,231.0,223.1999969482422,228.5,1816820
2022-12-21,186.86184692382812,216.10000610351562,222.5,214.0,221.39999389648438,2323940
2022-12-22,194.99005126953125,225.5,235.5,221.10000610351562,221.60000610351562,3406040
2022-12-23,192.13648986816406,222.1999969482422,230.60000610351562,221.6999969482422,227.6999969482422,2123740
2022-12-27,194.21182250976562,224.60000610351562,227.8000030517578,221.6999969482422,222.3000030517578,1435140
2022-12-28,201.47531127929688,233.0,233.39999389648438,221.1999969482422,224.8000030517578,1868120
2022-12-29,191.27182006835938,221.1999969482422,228.8000030517578,219.10000610351562,227.8000030517578,2019450
2022-12-30,192.82827758789062,223.0,229.6999969482422,222.6999969482422,225.89999389648438,2276910
2023-01-03,195.33592224121094,225.89999389648438,231.0,215.89999389648438,219.60000610351562,2588740
2023-01-04,190.83944702148438,220.6999969482422,227.3000030517578,216.8000030517578,221.6999969482422,3155500
2023-01-05,197.4111785888672,228.3000030517578,229.39999389648438,224.0,224.3000030517578,3233370
2023-01-06,184.09478759765625,212.89999389648438,228.5,210.8000030517578,222.89999389648438,3262520
2023-01-09,184.44070434570312,213.3000030517578,213.6999969482422,203.8000030517578,209.39999389648438,2671780
2023-01-10,180.635986328125,208.89999389648438,216.0,208.6999969482422,214.39999389648438,1996340
2023-01-11,173.977783203125,201.1999969482422,207.6999969482422,200.89999389648438,206.3000030517578,2164270
2023-01-12,172.24838256835938,199.1999969482422,205.89999389648438,196.60000610351562,199.39999389648438,4148900
2023-01-13,170.34609985351562,197.0,204.6999969482422,196.10000610351562,204.39999389648438,2520890
2023-01-17,171.29722595214844,198.10000610351562,199.1999969482422,194.5,197.0,2316810
2023-01-18,179.25247192382812,207.3000030517578,207.8000030517578,194.6999969482422,196.3000030517578,3079150
2023-01-19,183.57598876953125,212.3000030517578,214.5,208.39999389648438,211.1999969482422,3205770
2023-01-20,173.54544067382812,200.6999969482422,213.0,200.3000030517578,210.10000610351562,2854720
2023-01-23,167.40606689453125,193.60000610351562,201.0,190.39999389648438,199.5,2963230
2023-01-24,168.01138305664062,194.3000030517578,197.89999389648438,192.8000030517578,196.0,2125300
2023-01-25,167.75196838378906,194.0,203.8000030517578,193.5,200.5,2700940
2023-01-26,162.47727966308594,187.89999389648438,194.60000610351562,187.60000610351562,190.10000610351562,2782690
2023-01-27,161.26669311523438,186.5,189.6999969482422,183.1999969482422,189.5,2867630
2023-01-30,167.40606689453125,193.60000610351562,194.1999969482422,187.5,190.8000030517578,2670930
2023-01-31,160.2290802001953,185.3000030517578,193.60000610351562,185.3000030517578,193.10000610351562,2215690
2023-02-01,155.12733459472656,179.39999389648438,191.0,175.5,187.10000610351562,3920780
2023-02-02,148.64205932617188,171.89999389648438,176.8000030517578,169.6999969482422,174.1999969482422,3988960
2023-02-03,153.22500610351562,177.1999969482422,179.0,171.6999969482422,178.3000030517578,3723170
2023-02-06,156.07847595214844,180.5,182.89999389648438,178.8000030517578,180.89999389648438,2286550
2023-02-07,150.28501892089844,173.8000030517578,183.8000030517578,172.0,182.10000610351562,3354960
2023-02-08,155.04086303710938,179.3000030517578,180.39999389648438,174.60000610351562,176.39999389648438,2712110
2023-02-09,159.45083618164062,184.39999389648438,186.10000610351562,174.5,174.8000030517578,2505570
2023-02-10,158.58615112304688,183.39999389648438,187.3000030517578,182.6999969482422,186.1999969482422,2737470
2023-02-13,152.965576171875,176.89999389648438,183.10000610351562,176.8000030517578,182.39999389648438,2054660
2023-02-14,153.1385040283203,177.10000610351562,182.5,174.10000610351562,179.0,3105790
2023-02-15,151.7550048828125,175.5,181.3000030517578,175.39999389648438,180.1999969482422,1926140
2023-02-16,158.3267364501953,183.10000610351562,183.10000610351562,177.0,182.39999389648438,3529000
2023-02-17,159.71023559570312,184.6999969482422,189.0,184.3000030517578,186.10000610351562,2860990
2023-02-21,169.13548278808594,195.60000610351562,196.1999969482422,188.89999389648438,190.39999389648438,2665130
2023-02-22,169.8272247314453,196.39999389648438,198.89999389648438,192.8000030517578,195.1999969482422,2936400
2023-02-23,167.6654815673828,193.89999389648438,200.1999969482422,191.39999389648438,192.3000030517578,3671810
2023-02-24,173.19955444335938,200.3000030517578,204.10000610351562,198.89999389648438,201.60000610351562,2820590
2023-02-27,171.4701690673828,198.3000030517578,199.6999969482422,192.6999969482422,194.89999389648438,2383720
2023-02-28,173.37249755859375,200.5,200.60000610351562,196.0,199.10000610351562,2503260
2023-03-01,175.4477996826172,202.89999389648438,205.0,199.89999389648438,201.89999389648438,2706660
2023-03-02,171.72958374023438,198.60000610351562,206.8000030517578,197.0,206.10000610351562,3047410
2023-03-03,163.428466796875,189.0,196.6999969482422,188.5,195.60000610351562,2502780
2023-03-06,163.0825653076172,188.60000610351562,189.3000030517578,184.5,187.8000030517578,2377160
2023-03-07,170.69195556640625,197.39999389648438,198.39999389648438,188.39999389648438,188.8000030517578,2764790
2023-03-08,170.0001983642578,196.60000610351562,200.0,195.3000030517578,197.3000030517578,2447420
2023-03-09,179.4254150390625,207.5,209.1999969482422,192.89999389648438,195.5,4079990
2023-03-10,187.3806610107422,216.6999969482422,219.39999389648438,205.3000030517578,208.8000030517578,5697860
2023-03-13,188.50477600097656,218.0,225.60000610351562,209.1999969482422,223.8000030517578,5854190
2023-03-14,179.25247192382812,207.3000030517578,215.10000610351562,204.1999969482422,209.10000610351562,3228560
2023-03-15,182.2789306640625,210.8000030517578,220.0,210.8000030517578,216.6999969482422,4844790
2023-03-16,173.4590301513672,200.60000610351562,216.1999969482422,199.6999969482422,215.1999969482422,4018030
2023-03-17,178.99307250976562,207.0,209.60000610351562,200.6999969482422,202.1999969482422,3718610
2023-03-20,174.41014099121094,201.6999969482422,207.39999389648438,200.8000030517578,206.1999969482422,2927790
2023-03-21,167.35044860839844,191.3000030517578,196.5,190.60000610351562,194.0,2562640
2023-03-22,175.83607482910156,201.0,201.3000030517578,186.1999969482422,191.60000610351562,3429850
2023-03-23,174.87380981445312,199.89999389648438,204.10000610351562,190.39999389648438,196.89999389648438,4918730
2023-03-24,171.54954528808594,196.10000610351562,205.6999969482422,195.8000030517578,201.89999389648438,4072840
2023-03-27,170.58724975585938,195.0,196.5,191.5,192.5,2291490
2023-03-28,171.72450256347656,196.3000030517578,199.3000030517578,195.10000610351562,196.1999969482422,1937490
2023-03-29,164.5510711669922,188.10000610351562,191.89999389648438,187.5,190.1999969482422,2378480
2023-03-30,161.66424560546875,184.8000030517578,187.60000610351562,183.89999389648438,184.1999969482422,2862610
2023-03-31,154.92820739746094,177.10000610351562,183.89999389648438,176.89999389648438,183.6999969482422,2514690
2023-04-03,153.44102478027344,175.39999389648438,178.60000610351562,174.6999969482422,178.0,2005650
2023-04-04,155.89048767089844,178.1999969482422,180.10000610351562,174.10000610351562,174.5,2829080
2023-04-05,157.37767028808594,179.89999389648438,182.10000610351562,178.39999389648438,179.60000610351562,2964190
2023-04-06,155.71556091308594,178.0,182.6999969482422,177.6999969482422,181.3000030517578,2169500
2023-04-10,155.27813720703125,177.5,182.3000030517578,177.5,181.39999389648438,1607380
2023-04-11,155.27813720703125,177.5,178.5,175.60000610351562,176.8000030517578,1314450
2023-04-12,157.02777099609375,179.5,180.5,174.39999389648438,174.6999969482422,2894550
2023-04-13,151.16651916503906,172.8000030517578,179.0,172.1999969482422,178.3000030517578,2986600
2023-04-14,152.3037872314453,174.10000610351562,177.1999969482422,170.89999389648438,173.8000030517578,2266230
2023-04-17,150.72914123535156,172.3000030517578,176.0,172.3000030517578,174.39999389648438,1538100
2023-04-18,150.55418395996094,172.10000610351562,173.89999389648438,170.1999969482422,170.39999389648438,1454950
2023-04-19,150.64163208007812,172.1999969482422,174.6999969482422,171.0,174.6999969482422,1618280
2023-04-20,153.35357666015625,175.3000030517578,177.3000030517578,172.89999389648438,176.1999969482422,2418170
2023-04-21,153.17860412597656,175.10000610351562,177.60000610351562,174.39999389648438,175.0,1718260
2023-04-24,152.74118041992188,174.60000610351562,177.1999969482422,174.0,175.5,1569270
2023-04-25,159.9145965576172,182.8000030517578,183.0,176.5,177.1999969482422,2462290
2023-04-26,162.01414489746094,185.1999969482422,186.10000610351562,180.60000610351562,182.0,2361840
2023-04-27,152.74118041992188,174.60000610351562,182.3000030517578,174.10000610351562,182.0,3342150
2023-04-28,148.8920440673828,170.1999969482422,175.89999389648438,170.1999969482422,175.8000030517578,3013240
2023-05-01,149.41696166992188,170.8000030517578,171.10000610351562,168.1999969482422,170.89999389648438,1712680
2023-05-02,154.40333557128906,176.5,180.39999389648438,171.6999969482422,171.89999389648438,3020350
2023-05-03,157.81507873535156,180.39999389648438,180.60000610351562,172.8000030517578,176.1999969482422,3106180
2023-05-04,161.1393280029297,184.1999969482422,186.1999969482422,181.60000610351562,182.0,4428140
2023-05-05,152.47874450683594,174.3000030517578,179.8000030517578,172.8000030517578,179.3000030517578,3013700
2023-05-08,152.39125061035156,174.1999969482422,176.10000610351562,173.60000610351562,174.10000610351562,1558100
2023-05-09,154.40333557128906,176.5,176.89999389648438,175.1999969482422,176.5,1365660
2023-05-10,152.39125061035156,174.1999969482422,179.39999389648438,172.0,173.0,2803630
2023-05-11,153.2660675048828,175.1999969482422,178.10000610351562,174.89999389648438,175.5,2999620
2023-05-12,154.22840881347656,176.3000030517578,179.39999389648438,173.60000610351562,173.8000030517578,2423570
2023-05-15,152.65370178222656,174.5,178.0,173.89999389648438,175.5,1958670
2023-05-16,155.8030242919922,178.10000610351562,178.10000610351562,174.8000030517578,176.10000610351562,1691120
2023-05-17,150.2042694091797,171.6999969482422,177.60000610351562,170.8000030517578,175.39999389648438,2556550
2023-05-18,146.0926513671875,167.0,172.5,166.3000030517578,172.3000030517578,3646700
2023-05-19,146.61756896972656,167.60000610351562,169.3000030517578,165.1999969482422,165.89999389648438,2788220
2023-05-22,146.61756896972656,167.60000610351562,169.39999389648438,165.6999969482422,167.89999389648438,1655300
2023-05-23,151.51646423339844,173.1999969482422,173.89999389648438,168.5,169.6999969482422,1979580
2023-05-24,154.8407440185547,177.0,178.8000030517578,174.89999389648438,175.5,2604400
2023-05-25,151.3415069580078,173.0,175.6999969482422,170.8000030517578,172.60000610351562,2923820
2023-05-26,145.56777954101562,166.39999389648438,172.3000030517578,165.39999389648438,172.1999969482422,2362150
2023-05-30,145.48031616210938,166.3000030517578,167.89999389648438,163.3000030517578,163.89999389648438,1689080
2023-05-31,147.75479125976562,168.89999389648438,171.0,167.39999389648438,168.5,2115300
2023-06-01,143.8181610107422,164.39999389648438,170.5,163.0,169.0,2306350
2023-06-02,137.78199768066406,157.5,162.0,156.39999389648438,161.3000030517578,2599030
2023-06-05,138.65682983398438,158.5,159.1999969482422,155.60000610351562,157.10000610351562,1821010
2023-06-06,137.69454956054688,157.39999389648438,159.6999969482422,156.89999389648438,159.0,1525560
2023-06-07,139.09420776367188,159.0,159.60000610351562,155.8000030517578,157.10000610351562,2204800
2023-06-08,136.90721130371094,156.5,160.10000610351562,155.89999389648438,159.3000030517578,1823550
2023-06-09,136.38232421875,155.89999389648438,156.89999389648438,153.39999389648438,155.60000610351562,2330700
2023-06-12,132.7081298828125,151.6999969482422,155.5,151.5,154.6999969482422,1461430
2023-06-13,130.08370971679688,148.6999969482422,150.8000030517578,147.89999389648438,150.0,2041960
2023-06-14,129.55882263183594,148.10000610351562,151.89999389648438,146.1999969482422,148.1999969482422,3233020
2023-06-15,125.00984954833984,142.89999389648438,149.1999969482422,141.5,149.10000610351562,3970850
2023-06-16,126.32205200195312,144.39999389648438,144.89999389648438,140.8000030517578,140.89999389648438,2137900
2023-06-20,128.24661254882812,146.60000610351562,148.89999389648438,145.60000610351562,146.5,2258030
2023-06-21,130.35134887695312,147.39999389648438,148.10000610351562,145.39999389648438,146.3000030517578,2105180
2023-06-22,129.20169067382812,146.10000610351562,149.0,146.0,148.6999969482422,2309930
2023-06-23,132.1200408935547,149.39999389648438,150.3000030517578,147.60000610351562,149.8000030517578,1754290
2023-06-26,134.06556701660156,151.60000610351562,151.6999969482422,148.10000610351562,150.1999969482422,1770950
2023-06-27,129.6438751220703,146.60000610351562,151.10000610351562,145.8000030517578,150.39999389648438,1596430
2023-06-28,129.29013061523438,146.1999969482422,148.39999389648438,145.3000030517578,147.6999969482422,1892990
2023-06-29,128.05206298828125,144.8000030517578,147.3000030517578,144.60000610351562,146.89999389648438,2323700
2023-06-30,123.63040161132812,139.8000030517578,142.0,138.8000030517578,141.60000610351562,2464930
2023-07-03,123.18821716308594,139.3000030517578,140.5,139.1999969482422,140.1999969482422,713870
2023-07-05,123.89569091796875,140.10000610351562,141.3000030517578,139.39999389648438,141.3000030517578,1500390
2023-07-06,126.90242767333984,143.5,146.10000610351562,143.10000610351562,143.8000030517578,2774250
2023-07-07,128.05206298828125,144.8000030517578,145.10000610351562,140.8000030517578,144.8000030517578,1696300
2023-07-10,127.16773986816406,143.8000030517578,145.8000030517578,143.60000610351562,145.3000030517578,1641510
2023-07-11,124.78002166748047,141.10000610351562,144.10000610351562,140.60000610351562,143.0,1302590
2023-07-12,121.77326965332031,137.6999969482422,138.8000030517578,136.3000030517578,137.39999389648438,2331180
2023-07-13,119.1202621459961,134.6999969482422,136.60000610351562,133.8000030517578,136.10000610351562,2392760
2023-07-14,119.297119140625,134.89999389648438,135.6999969482422,133.10000610351562,134.0,2147460
2023-07-17,118.23590850830078,133.6999969482422,135.3000030517578,132.60000610351562,135.1999969482422,1309450
2023-07-18,115.67135620117188,130.8000030517578,134.39999389648438,130.10000610351562,134.0,1928960
2023-07-19,115.05231475830078,130.10000610351562,130.6999969482422,128.8000030517578,130.10000610351562,2276370
2023-07-20,117.35155487060547,132.6999969482422,133.3000030517578,130.10000610351562,131.0,4091790
2023-07-21,117.44002532958984,132.8000030517578,132.8000030517578,131.0,131.10000610351562,1580400
2023-07-24,115.93665313720703,131.10000610351562,132.39999389648438,130.39999389648438,131.8000030517578,1551560
2023-07-25,115.1407470703125,130.1999969482422,131.5,129.0,131.5,1672510
2023-07-26,115.05231475830078,130.10000610351562,131.89999389648438,128.8000030517578,131.0,2016820
2023-07-27,117.44002532958984,132.8000030517578,133.6999969482422,126.9000015258789,127.4000015258789,2514750
2023-07-28,114.25640106201172,129.1999969482422,130.6999969482422,128.3000030517578,130.10000610351562,1962120
2023-07-31,113.63737487792969,128.5,129.89999389648438,128.10000610351562,128.6999969482422,1749080
2023-08-01,114.69856262207031,129.6999969482422,130.39999389648438,128.89999389648438,129.8000030517578,1368150
2023-08-02,119.297119140625,134.89999389648438,135.6999969482422,132.10000610351562,132.5,2943780
2023-08-03,120.53518676757812,136.3000030517578,137.8000030517578,134.60000610351562,137.10000610351562,2464550
2023-08-04,122.3923110961914,138.39999389648438,138.89999389648438,132.8000030517578,134.89999389648438,2804460
2023-08-07,119.20868682861328,134.8000030517578,137.39999389648438,134.6999969482422,136.6999969482422,1835860
2023-08-08,120.8005142211914,136.60000610351562,139.8000030517578,136.1999969482422,137.39999389648438,2140670
2023-08-09,123.3650894165039,139.5,140.1999969482422,136.39999389648438,136.39999389648438,1998430
2023-08-10,123.27665710449219,139.39999389648438,140.6999969482422,134.10000610351562,137.39999389648438,2601590
2023-08-11,123.71881866455078,139.89999389648438,142.10000610351562,138.89999389648438,141.5,2393710
2023-08-14,121.77326965332031,137.6999969482422,141.1999969482422,137.60000610351562,141.0,1980250
2023-08-15,125.92964172363281,142.39999389648438,143.10000610351562,139.10000610351562,139.39999389648438,1984730
2023-08-16,128.8479461669922,145.6999969482422,145.89999389648438,141.39999389648438,143.0,2103860
2023-08-17,132.1200408935547,149.39999389648438,149.89999389648438,144.1999969482422,144.60000610351562,2567890
2023-08-18,132.1200408935547,149.39999389648438,152.89999389648438,148.10000610351562,152.5,2683510
2023-08-21,129.55543518066406,146.5,150.60000610351562,145.6999969482422,148.1999969482422,1797950
2023-08-22,130.7935028076172,147.89999389648438,148.3000030517578,144.60000610351562,144.6999969482422,1931020
2023-08-23,126.46025848388672,143.0,146.89999389648438,142.1999969482422,146.8000030517578,2000500
2023-08-24,131.6778564453125,148.89999389648438,149.10000610351562,140.89999389648438,141.39999389648438,2177340
2023-08-25,129.11325073242188,146.0,151.10000610351562,144.60000610351562,147.3000030517578,2766480
2023-08-28,126.8139877319336,143.39999389648438,145.1999969482422,142.60000610351562,143.89999389648438,1689380
2023-08-29,121.15424346923828,137.0,143.60000610351562,136.89999389648438,143.5,2237910
2023-08-30,119.7392807006836,135.39999389648438,137.60000610351562,134.89999389648438,136.8000030517578,1790570
2023-08-31,120.62364196777344,136.39999389648438,136.5,134.10000610351562,135.1999969482422,1637960
2023-09-01,119.91615295410156,135.60000610351562,137.10000610351562,133.5,133.89999389648438,2207900
2023-09-05,121.68484497070312,137.60000610351562,137.6999969482422,135.89999389648438,136.3000030517578,1600610
2023-09-06,124.16098022460938,140.39999389648438,142.6999969482422,138.3000030517578,138.5,2278740
2023-09-07,125.48745727539062,141.89999389648438,143.89999389648438,141.3000030517578,143.60000610351562,1818890
2023-09-08,124.95687103271484,141.3000030517578,142.39999389648438,139.89999389648438,142.10000610351562,1641000
2023-09-11,122.6576156616211,138.6999969482422,140.60000610351562,138.39999389648438,138.89999389648438,1230010
2023-09-12,124.69158935546875,141.0,141.60000610351562,138.6999969482422,140.1999969482422,1464250
2023-09-13,124.42626953125,140.6999969482422,142.0,139.5,141.0,1708690
2023-09-14,121.4195556640625,137.3000030517578,139.6999969482422,136.5,138.39999389648438,1988600
2023-09-15,125.7527847290039,142.1999969482422,142.60000610351562,138.60000610351562,138.8000030517578,2559960
2023-09-18,125.5759048461914,142.0,143.10000610351562,140.8000030517578,142.8000030517578,1365250
2023-09-19,126.4613265991211,141.39999389648438,144.1999969482422,140.89999389648438,141.60000610351562,1917210
2023-09-20,130.03872680664062,145.39999389648438,145.6999969482422,139.89999389648438,140.3000030517578,1906870
2023-09-21,136.6569366455078,152.8000030517578,153.10000610351562,148.3000030517578,148.6999969482422,2661810
2023-09-22,137.81959533691406,154.10000610351562,154.5,150.10000610351562,151.89999389648438,2286190
2023-09-25,136.20977783203125,152.3000030517578,156.0,152.1999969482422,155.5,2332540
2023-09-26,142.1124725341797,158.89999389648438,159.89999389648438,154.89999389648438,155.60000610351562,2261200
2023-09-27,142.201904296875,159.0,163.10000610351562,157.0,157.6999969482422,3073150
2023-09-28,139.78717041015625,156.3000030517578,160.5,154.39999389648438,159.8000030517578,2429710
2023-09-29,141.1287384033203,157.8000030517578,159.39999389648438,152.89999389648438,153.0,2965050
2023-10-02,141.21815490722656,157.89999389648438,161.10000610351562,156.5,158.6999969482422,2714460
2023-10-03,146.8525390625,164.1999969482422,166.0,158.8000030517578,160.6999969482422,2680650
2023-10-04,143.72230529785156,160.6999969482422,165.6999969482422,159.89999389648438,164.0,2445190
2023-10-05,144.2589569091797,161.3000030517578,165.0,160.3000030517578,161.5,1952470
2023-10-06,139.33999633789062,155.8000030517578,165.89999389648438,153.89999389648438,164.1999969482422,3713020
2023-10-09,136.56752014160156,152.6999969482422,158.5,152.1999969482422,157.89999389648438,2240450
2023-10-10,134.68939208984375,150.60000610351562,152.60000610351562,147.60000610351562,152.10000610351562,2396880
2023-10-11,132.9901123046875,148.6999969482422,151.89999389648438,148.3000030517578,149.1999969482422,2038280
2023-10-12,135.4943084716797,151.5,154.10000610351562,147.8000030517578,148.10000610351562,2848110
2023-10-13,137.73016357421875,154.0,155.6999969482422,148.8000030517578,150.1999969482422,2880720
2023-10-16,133.4373016357422,149.1999969482422,151.89999389648438,148.10000610351562,151.6999969482422,2181630
2023-10-17,133.4373016357422,149.1999969482422,153.0,147.10000610351562,152.60000610351562,2318260
2023-10-18,138.80335998535156,155.1999969482422,156.5,150.1999969482422,151.39999389648438,2412930
2023-10-19,142.73854064941406,159.60000610351562,160.5,152.6999969482422,154.8000030517578,3286320
2023-10-20,148.1046600341797,165.60000610351562,165.8000030517578,159.8000030517578,160.5,3231490
2023-10-23,149.1778564453125,166.8000030517578,169.8000030517578,162.0,167.6999969482422,3204160
2023-10-24,145.7793426513672,163.0,166.5,161.60000610351562,164.10000610351562,2320570
2023-10-25,151.9503631591797,169.89999389648438,170.8000030517578,165.0,165.0,2746150
2023-10-26,157.94253540039062,176.60000610351562,177.6999969482422,170.6999969482422,171.6999969482422,3005300
2023-10-27,159.99952697753906,178.89999389648438,180.89999389648438,174.0,174.5,2785730
2023-10-30,154.36512756347656,172.60000610351562,177.1999969482422,171.3000030517578,175.3000030517578,3080730
2023-10-31,151.50318908691406,169.39999389648438,174.5,169.1999969482422,172.0,1866540
2023-11-01,146.8525390625,164.1999969482422,169.1999969482422,163.1999969482422,168.3000030517578,3130880
2023-11-02,138.7139434814453,155.10000610351562,159.89999389648438,154.8000030517578,159.8000030517578,3002960
2023-11-03,135.04710388183594,151.0,152.8000030517578,149.1999969482422,152.60000610351562,3023320
2023-11-06,134.24221801757812,150.10000610351562,152.10000610351562,149.39999389648438,150.10000610351562,2149230
2023-11-07,133.16896057128906,148.89999389648438,151.1999969482422,148.10000610351562,150.10000610351562,2156900
2023-11-08,132.81121826171875,148.5,151.0,147.60000610351562,148.3000030517578,2411440
2023-11-09,136.03091430664062,152.10000610351562,152.6999969482422,147.5,147.60000610351562,2599400
2023-11-10,129.77041625976562,145.10000610351562,151.6999969482422,144.8000030517578,150.10000610351562,2704440
2023-11-13,130.30703735351562,145.6999969482422,147.39999389648438,144.5,146.6999969482422,1900020
2023-11-14,122.79450225830078,137.3000030517578,139.89999389648438,135.89999389648438,139.6999969482422,2763680
2023-11-15,122.0790023803711,136.5,137.3000030517578,134.89999389648438,136.1999969482422,2241850
2023-11-16,121.81071472167969,136.1999969482422,138.1999969482422,135.89999389648438,137.10000610351562,2728350
2023-11-17,121.36351776123047,135.6999969482422,137.10000610351562,135.1999969482422,136.1999969482422,1738890
2023-11-20,118.68045043945312,132.6999969482422,136.10000610351562,131.8000030517578,136.0,1652570
2023-11-21,119.39595031738281,133.5,134.8000030517578,133.1999969482422,133.60000610351562,1831310
2023-11-22,118.32273864746094,132.3000030517578,133.3000030517578,131.0,132.3000030517578,2462600
2023-11-24,118.32273864746094,132.3000030517578,132.6999969482422,132.0,132.5,792070
2023-11-27,118.7699203491211,132.8000030517578,133.3000030517578,132.0,132.8000030517578,1327120
2023-11-28,118.68045043945312,132.6999969482422,133.89999389648438,131.39999389648438,133.39999389648438,1780140
2023-11-29,118.85932922363281,132.89999389648438,133.3000030517578,129.6999969482422,130.8000030517578,2244070
2023-11-30,117.69670104980469,131.60000610351562,134.3000030517578,131.3000030517578,132.5,2039890
2023-12-01,115.81855010986328,129.5,132.8000030517578,128.89999389648438,132.3000030517578,2861710
2023-12-04,117.60726928710938,131.5,133.5,131.1999969482422,132.39999389648438,1896170
2023-12-05,117.69670104980469,131.60000610351562,133.10000610351562,130.6999969482422,132.89999389648438,1907950
2023-12-06,119.12765502929688,133.1999969482422,133.60000610351562,129.6999969482422,129.89999389648438,1867240
2023-12-07,116.62345886230469,130.39999389648438,132.10000610351562,129.8000030517578,131.6999969482422,1928780
2023-12-08,115.37137603759766,129.0,131.39999389648438,128.39999389648438,131.1999969482422,2930250
2023-12-11,113.94039916992188,127.4000015258789,129.5,127.19999694824219,129.39999389648438,1386620
2023-12-12,112.50945281982422,125.80000305175781,128.60000610351562,125.69999694824219,127.80000305175781,1447060
2023-12-13,107.76937103271484,120.5,125.80000305175781,120.30000305175781,125.5,2305180
2023-12-14,106.96446228027344,119.5999984741211,121.69999694824219,118.30000305175781,119.30000305175781,2449710
2023-12-15,107.5010757446289,120.19999694824219,121.0,119.4000015258789,120.19999694824219,2371800
2023-12-18,105.7123794555664,118.19999694824219,119.19999694824219,117.5,119.19999694824219,1366350
2023-12-19,104.01310729980469,116.30000305175781,118.0,116.19999694824219,118.0,1701460
2023-12-20,108.39543151855469,121.19999694824219,121.4000015258789,115.5,117.0,3064600
2023-12-21,105.36441040039062,116.80000305175781,119.9000015258789,116.5999984741211,117.9000015258789,2351900
2023-12-22,104.82315063476562,116.19999694824219,117.69999694824219,115.0,116.0,2491500
2023-12-26,103.65042877197266,114.9000015258789,116.0999984741211,114.19999694824219,115.9000015258789,918740
2023-12-27,103.01895141601562,114.19999694824219,115.5,114.19999694824219,115.0,2231800
2023-12-28,103.19938659667969,114.4000015258789,114.69999694824219,113.80000305175781,114.30000305175781,1671540
2023-12-29,104.19168090820312,115.5,116.9000015258789,114.19999694824219,114.69999694824219,3311050
2024-01-02,105.99585723876953,117.5,119.0999984741211,116.69999694824219,117.9000015258789,2087770
2024-01-03,108.61193084716797,120.4000015258789,120.9000015258789,118.69999694824219,119.30000305175781,3069050
2024-01-04,109.7846450805664,121.69999694824219,122.0,118.9000015258789,121.0999984741211,2288360
2024-01-05,109.51402282714844,121.4000015258789,122.5999984741211,119.4000015258789,121.69999694824219,3378660
2024-01-08,104.91336059570312,116.30000305175781,121.0999984741211,116.19999694824219,121.0,2361850
2024-01-09,105.36441040039062,116.80000305175781,118.69999694824219,116.0999984741211,118.19999694824219,1900430
2024-01-10,103.65042877197266,114.9000015258789,116.9000015258789,114.19999694824219,116.69999694824219,2110360
2024-01-11,104.01126098632812,115.30000305175781,118.30000305175781,114.0,114.4000015258789,3357550
2024-01-12,103.92105102539062,115.19999694824219,116.30000305175781,113.80000305175781,114.30000305175781,2320580
2024-01-16,105.00357818603516,116.4000015258789,117.9000015258789,115.30000305175781,116.30000305175781,3100210
2024-01-17,106.89796447753906,118.5,120.30000305175781,118.0999984741211,118.9000015258789,2861240
2024-01-18,104.37210083007812,115.69999694824219,118.5999984741211,115.19999694824219,117.4000015258789,2941430
2024-01-19,100.49310302734375,111.4000015258789,115.30000305175781,111.19999694824219,114.69999694824219,3489920
2024-01-22,99.68121337890625,110.5,111.19999694824219,109.4000015258789,110.19999694824219,2641130
2024-01-23,99.13996124267578,109.9000015258789,111.0999984741211,109.5999984741211,110.30000305175781,1993690
2024-01-24,98.68891906738281,109.4000015258789,109.69999694824219,107.19999694824219,107.80000305175781,2878550
2024-01-25,97.3357925415039,107.9000015258789,109.5999984741211,107.69999694824219,108.19999694824219,2334580
2024-01-26,97.69661712646484,108.30000305175781,108.9000015258789,107.19999694824219,108.19999694824219,1954470
2024-01-29,95.4413833618164,105.80000305175781,108.5999984741211,105.69999694824219,108.30000305175781,2338500
2024-01-30,95.71200561523438,106.0999984741211,106.5999984741211,105.69999694824219,106.19999694824219,1720410
2024-01-31,100.40289306640625,111.30000305175781,111.4000015258789,107.4000015258789,107.69999694824219,3789610
2024-02-01,96.70429992675781,107.19999694824219,110.9000015258789,107.19999694824219,110.30000305175781,3200650
2024-02-02,93.63719177246094,103.80000305175781,107.19999694824219,102.80000305175781,107.0,3814700
2024-02-05,94.71971130371094,105.0,106.5999984741211,104.0,104.30000305175781,2586710
2024-02-06,93.9980239868164,104.19999694824219,105.5,104.0,104.5,2029550
2024-02-07,91.74280548095703,101.69999694824219,103.4000015258789,101.4000015258789,102.80000305175781,2285820
2024-02-08,91.652587890625,101.5999984741211,102.4000015258789,101.4000015258789,101.9000015258789,1731210
2024-02-09,90.20924377441406,100.0,101.69999694824219,99.69999694824219,101.4000015258789,2234160
2024-02-12,90.38965606689453,100.19999694824219,100.5999984741211,98.69999694824219,100.0999984741211,2181540
2024-02-13,94.0882339477539,104.30000305175781,106.4000015258789,103.30000305175781,104.0999984741211,3846710
2024-02-14,91.56238555908203,101.5,104.30000305175781,101.30000305175781,102.5999984741211,3181060
2024-02-15,90.0288314819336,99.80000305175781,101.69999694824219,99.5999984741211,101.19999694824219,2593250
2024-02-16,91.291748046875,101.19999694824219,101.69999694824219,99.30000305175781,100.0,3596730
2024-02-20,93.00572967529297,103.0999984741211,104.4000015258789,102.0,102.5,3210710
2024-02-21,92.8253173828125,102.9000015258789,105.0999984741211,102.69999694824219,104.0,2184110
2024-02-22,87.14212036132812,96.5999984741211,99.4000015258789,96.0,98.69999694824219,2977830
2024-02-23,86.96170806884766,96.4000015258789,96.9000015258789,95.0999984741211,95.5999984741211,2254400
2024-02-26,87.95401000976562,97.5,97.5999984741211,95.9000015258789,96.19999694824219,2001490
2024-02-27,87.41275024414062,96.9000015258789,98.30000305175781,96.9000015258789,97.0999984741211,1669690
2024-02-28,87.95401000976562,97.5,98.19999694824219,97.0999984741211,98.0,1854290
2024-02-29,87.0519027709961,96.5,98.19999694824219,95.5999984741211,96.5,2017820
2024-03-01,84.61627960205078,93.80000305175781,96.4000015258789,93.69999694824219,96.0999984741211,2289790
2024-03-04,84.97710418701172,94.19999694824219,94.4000015258789,93.19999694824219,94.4000015258789,1602290
2024-03-05,87.68338012695312,97.19999694824219,98.4000015258789,95.19999694824219,95.5,2634510
2024-03-06,86.24003601074219,95.5999984741211,96.5,94.4000015258789,95.19999694824219,2302400
2024-03-07,83.80438995361328,92.9000015258789,94.5,92.4000015258789,93.9000015258789,2922460
2024-03-08,85.42816162109375,94.69999694824219,95.0999984741211,91.19999694824219,92.69999694824219,3604190
2024-03-11,85.78897857666016,95.0999984741211,96.5999984741211,94.69999694824219,95.5,2181780
2024-03-12,82.90229797363281,91.9000015258789,95.4000015258789,91.69999694824219,93.80000305175781,3127520
2024-03-13,83.35334777832031,92.4000015258789,93.30000305175781,91.80000305175781,91.9000015258789,1568160
2024-03-14,84.16523742675781,93.30000305175781,94.9000015258789,92.0,92.0999984741211,2636500
2024-03-15,85.87919616699219,95.19999694824219,96.0,94.19999694824219,94.9000015258789,2502810
2024-03-18,84.34563446044922,93.5,93.80000305175781,92.0999984741211,93.0,2090660
2024-03-19,82.94491577148438,90.5999984741211,93.19999694824219,90.5,92.69999694824219,2213650
2024-03-20,80.83926391601562,88.30000305175781,91.0999984741211,88.0999984741211,90.5999984741211,2920950
2024-03-21,80.01529693603516,87.4000015258789,87.5999984741211,86.5,86.80000305175781,2099770
2024-03-22,80.47305297851562,87.9000015258789,88.19999694824219,87.30000305175781,87.69999694824219,1795910
2024-03-25,81.29701232910156,88.80000305175781,88.9000015258789,88.19999694824219,88.9000015258789,1447520
2024-03-26,81.75476837158203,89.30000305175781,89.5999984741211,88.0,88.0,1305920
2024-03-27,79.92374420166016,87.30000305175781,89.19999694824219,87.30000305175781,88.0,1835980
2024-03-28,79.92374420166016,87.30000305175781,87.5999984741211,86.5999984741211,87.30000305175781,1632780
2024-04-01,80.38150787353516,87.80000305175781,88.5,86.80000305175781,87.0999984741211,1961190
2024-04-02,82.0294189453125,89.5999984741211,90.9000015258789,89.5999984741211,90.0,2374850
2024-04-03,81.75476837158203,89.30000305175781,90.4000015258789,88.5999984741211,90.4000015258789,2002000
2024-04-04,84.95903778076172,92.80000305175781,93.0,87.19999694824219,87.4000015258789,3934070
2024-04-05,82.30406188964844,89.9000015258789,92.4000015258789,88.9000015258789,92.19999694824219,4443860
2024-04-08,82.30406188964844,89.9000015258789,90.30000305175781,89.0999984741211,89.69999694824219,2312650
2024-04-09,81.93785858154297,89.5,92.19999694824219,88.80000305175781,89.0,2789760
2024-04-10,84.50130462646484,92.30000305175781,93.4000015258789,91.30000305175781,92.69999694824219,5031620
2024-04-11,82.67027282714844,90.30000305175781,93.5999984741211,89.5999984741211,91.5999984741211,3345180
2024-04-12,86.2407455444336,94.19999694824219,95.0999984741211,91.5999984741211,92.30000305175781,4505590
2024-04-15,89.44502258300781,97.69999694824219,98.30000305175781,91.80000305175781,91.9000015258789,6508620
2024-04-16,90.17742919921875,98.5,99.19999694824219,96.69999694824219,97.5999984741211,5731620
2024-04-17,91.6422348022461,100.0999984741211,101.0999984741211,96.9000015258789,97.0,4721570
2024-04-18,92.5577392578125,101.0999984741211,101.5999984741211,98.19999694824219,99.5999984741211,3812830
2024-04-19,94.84650421142578,103.5999984741211,104.5,100.5,101.19999694824219,5227780
2024-04-22,92.4661865234375,101.0,103.5999984741211,99.19999694824219,102.0,3738830
2024-04-23,89.26191711425781,97.5,100.0999984741211,97.0999984741211,99.69999694824219,2876340
2024-04-24,89.26191711425781,97.5,98.9000015258789,96.4000015258789,96.80000305175781,3103220
2024-04-25,90.45208740234375,98.80000305175781,102.30000305175781,98.30000305175781,101.4000015258789,3931380
2024-04-26,87.98020935058594,96.0999984741211,97.5999984741211,95.0999984741211,97.19999694824219,2627310
2024-04-29,87.15624237060547,95.19999694824219,96.69999694824219,94.69999694824219,95.19999694824219,2530450
2024-04-30,91.1844711303711,99.5999984741211,99.69999694824219,95.4000015258789,96.0,2867070
2024-05-01,92.1915512084961,100.69999694824219,101.0,96.0,100.0999984741211,4426070
2024-05-02,89.81122589111328,98.0999984741211,101.4000015258789,97.5,98.5,3136660
2024-05-03,86.6069564819336,94.5999984741211,96.0999984741211,93.80000305175781,94.5,4471420
2024-05-06,83.86042785644531,91.5999984741211,93.5,91.5999984741211,93.30000305175781,2556250
2024-05-07,83.58577728271484,91.30000305175781,91.69999694824219,90.5999984741211,91.19999694824219,2255270
2024-05-08,83.58577728271484,91.30000305175781,92.5,91.0999984741211,92.4000015258789,1862880
2024-05-09,82.30406188964844,89.9000015258789,91.80000305175781,89.9000015258789,91.4000015258789,2500480
2024-05-10,82.12096405029297,89.69999694824219,90.30000305175781,88.69999694824219,89.0999984741211,2133190
2024-05-13,82.0294189453125,89.5999984741211,90.30000305175781,88.69999694824219,88.9000015258789,1657240
2024-05-14,80.93081665039062,88.4000015258789,89.9000015258789,88.19999694824219,89.69999694824219,2259260
2024-05-15,78.00118255615234,85.19999694824219,87.5999984741211,85.0999984741211,87.30000305175781,2569500
2024-05-16,78.73359680175781,86.0,86.0,84.5,85.30000305175781,2219230
2024-05-17,78.36739349365234,85.5999984741211,86.69999694824219,85.5999984741211,85.9000015258789,1788840
2024-05-20,78.09274291992188,85.30000305175781,85.80000305175781,84.5999984741211,85.5999984741211,2208990
2024-05-21,77.54344177246094,84.69999694824219,85.9000015258789,84.69999694824219,85.80000305175781,1469930
2024-05-22,78.27584075927734,85.5,86.5999984741211,84.80000305175781,85.0999984741211,2598690
2024-05-23,80.19839477539062,87.5999984741211,88.19999694824219,84.0999984741211,84.19999694824219,4372130
2024-05-24,78.73359680175781,86.0,87.30000305175781,85.5,86.80000305175781,3235910
2024-05-28,78.64204406738281,85.9000015258789,87.19999694824219,85.4000015258789,85.5,2562530
2024-05-29,80.28994750976562,87.69999694824219,88.0,87.0999984741211,87.9000015258789,2506460
2024-05-30,81.84630584716797,89.4000015258789,90.0999984741211,88.0999984741211,88.5,2666170
2024-05-31,79.83218383789062,87.19999694824219,91.80000305175781,87.0,89.0,3777630
2024-06-03,79.74064636230469,87.0999984741211,89.5999984741211,86.30000305175781,86.4000015258789,3332830
2024-06-04,79.37443542480469,86.69999694824219,88.5,86.4000015258789,87.69999694824219,3517220
2024-06-05,76.71947479248047,83.80000305175781,86.69999694824219,83.69999694824219,85.69999694824219,3358840
2024-06-06,76.71947479248047,83.80000305175781,84.69999694824219,83.4000015258789,83.5,2593650
2024-06-07,77.0856704711914,84.19999694824219,84.9000015258789,82.80000305175781,84.4000015258789,3233780
2024-06-10,76.353271484375,83.4000015258789,85.0,83.4000015258789,84.69999694824219,2274430
2024-06-11,75.98706817626953,83.0,85.30000305175781,82.9000015258789,84.19999694824219,2606820
2024-06-12,74.06451416015625,80.9000015258789,81.4000015258789,79.5999984741211,80.69999694824219,3964100
2024-06-13,73.60674285888672,80.4000015258789,81.80000305175781,80.0999984741211,80.19999694824219,2383490
2024-06-14,73.60674285888672,80.4000015258789,81.80000305175781,80.4000015258789,81.30000305175781,2197180
2024-06-17,72.05039978027344,78.69999694824219,81.0999984741211,78.0,80.9000015258789,2742170
2024-06-18,71.50109100341797,78.0999984741211,78.9000015258789,78.0,78.69999694824219,2030910
2024-06-20,72.05039978027344,78.69999694824219,79.5999984741211,77.4000015258789,77.69999694824219,3239450
2024-06-21,72.59970092773438,79.30000305175781,79.9000015258789,78.69999694824219,79.30000305175781,2971320
2024-06-24,73.33209991455078,80.0999984741211,80.0999984741211,78.19999694824219,79.4000015258789,3179050
2024-06-25,72.46805572509766,78.0,79.0999984741211,77.80000305175781,78.4000015258789,2705220
2024-06-26,72.18931579589844,77.69999694824219,78.80000305175781,77.4000015258789,78.5,3160220
2024-06-27,71.91059875488281,77.4000015258789,78.19999694824219,77.19999694824219,77.9000015258789,2790930
2024-06-28,72.93260192871094,78.5,79.0,75.9000015258789,77.19999694824219,4310820
2024-07-01,72.37515258789062,77.9000015258789,79.30000305175781,77.80000305175781,77.9000015258789,3894510
2024-07-02,71.07443237304688,76.5,78.80000305175781,76.5,78.80000305175781,3375060
2024-07-03,70.23827362060547,75.5999984741211,76.69999694824219,75.4000015258789,76.69999694824219,1353450
2024-07-05,69.12337493896484,74.4000015258789,75.80000305175781,74.19999694824219,75.5999984741211,2279480
2024-07-08,68.93756866455078,74.19999694824219,74.69999694824219,73.80000305175781,74.19999694824219,2255560
2024-07-09,68.65884399414062,73.9000015258789,74.19999694824219,73.5,73.9000015258789,2182320
2024-07-10,66.70777893066406,71.80000305175781,73.69999694824219,71.69999694824219,73.5,2298610
2024-07-11,68.4730224609375,73.69999694824219,74.0,71.5,71.80000305175781,4802170
2024-07-12,67.35813903808594,72.5,73.5999984741211,71.0,73.4000015258789,4395010
2024-07-15,66.8006820678711,71.9000015258789,72.69999694824219,70.5999984741211,71.69999694824219,4820470
2024-07-16,65.59288787841797,70.5999984741211,71.80000305175781,70.5,71.4000015258789,3792660
2024-07-17,68.4730224609375,73.69999694824219,73.9000015258789,72.4000015258789,73.0,6258860
2024-07-18,70.1453628540039,75.5,76.30000305175781,72.69999694824219,73.19999694824219,6439420
2024-07-19,71.72479248046875,77.19999694824219,77.5,75.0,75.69999694824219,5147290
2024-07-22,69.402099609375,74.69999694824219,76.30000305175781,74.4000015258789,75.30000305175781,4514400
2024-07-23,69.86663818359375,75.19999694824219,75.4000015258789,73.9000015258789,74.9000015258789,3532350
2024-07-24,74.60493469238281,80.30000305175781,80.69999694824219,77.0,77.0999984741211,5479250
2024-07-25,75.7198257446289,81.5,82.0,77.5,80.30000305175781,7190300
2024-07-26,73.49003601074219,79.0999984741211,80.30000305175781,77.69999694824219,79.9000015258789,5867270
2024-07-29,73.39713287353516,79.0,79.80000305175781,77.9000015258789,78.4000015258789,4483180
2024-07-30,74.60493469238281,80.30000305175781,81.69999694824219,77.80000305175781,78.19999694824219,5192920
2024-07-31,70.98152923583984,76.4000015258789,77.69999694824219,75.0999984741211,77.0,6745890
2024-08-01,73.95458221435547,79.5999984741211,81.0999984741211,74.5999984741211,75.5,8590900
2024-08-02,78.22833251953125,84.19999694824219,86.0999984741211,82.30000305175781,82.9000015258789,7855490
2024-08-05,85.01060485839844,91.5,94.9000015258789,88.5999984741211,94.30000305175781,12792570
2024-08-06,82.78080749511719,89.0999984741211,91.30000305175781,85.0,90.5999984741211,6091570
2024-08-07,84.54605102539062,91.0,91.19999694824219,84.30000305175781,85.80000305175781,6744750
2024-08-08,78.5999755859375,84.5999984741211,89.30000305175781,84.30000305175781,88.0999984741211,6359890
2024-08-09,77.67089080810547,83.5999984741211,85.80000305175781,82.9000015258789,85.30000305175781,4401990
2024-08-12,77.57798767089844,83.5,84.69999694824219,82.4000015258789,83.0999984741211,4931900
2024-08-13,73.76876831054688,79.4000015258789,82.19999694824219,79.4000015258789,82.0999984741211,4168210
2024-08-14,73.11842346191406,78.69999694824219,80.4000015258789,78.19999694824219,79.19999694824219,3727050
2024-08-15,69.4950180053711,74.80000305175781,76.5999984741211,74.5999984741211,76.4000015258789,2898040
2024-08-16,69.12337493896484,74.4000015258789,75.5999984741211,74.0999984741211,75.5,3011110
2024-08-19,67.26522827148438,72.4000015258789,74.5999984741211,72.30000305175781,74.19999694824219,2466830
2024-08-20,67.63685607910156,72.80000305175781,73.30000305175781,71.80000305175781,72.5,2434140
2024-08-21,66.89358520507812,72.0,73.0,71.4000015258789,72.4000015258789,3109670
2024-08-22,68.56592559814453,73.80000305175781,74.19999694824219,71.0,71.30000305175781,4346250
2024-08-23,66.4290542602539,71.5,73.4000015258789,71.0999984741211,72.5999984741211,4429200
2024-08-26,66.98649597167969,72.0999984741211,72.69999694824219,70.80000305175781,71.19999694824219,3020130
2024-08-27,66.70777893066406,71.80000305175781,73.0999984741211,71.5999984741211,72.5999984741211,2353340
2024-08-28,67.91555786132812,73.0999984741211,74.30000305175781,71.80000305175781,71.9000015258789,3296650
2024-08-29,68.00847625732422,73.19999694824219,73.5999984741211,71.0,72.30000305175781,5239290
2024-08-30,66.15032196044922,71.19999694824219,73.80000305175781,71.0,72.30000305175781,3404780
2024-09-03,70.3311767578125,75.69999694824219,76.5999984741211,72.30000305175781,72.5,5415900
2024-09-04,70.70280456542969,76.0999984741211,76.69999694824219,74.69999694824219,76.5,5003570
2024-09-05,71.35316467285156,76.80000305175781,77.80000305175781,75.0,76.19999694824219,5055640
2024-09-06,74.88365936279297,80.5999984741211,81.0999984741211,76.0,76.69999694824219,7489070
2024-09-09,72.46805572509766,78.0,79.69999694824219,77.4000015258789,78.9000015258789,5301190
2024-09-10,71.63187408447266,77.0999984741211,79.4000015258789,76.9000015258789,77.30000305175781,4451000
2024-09-11,69.402099609375,74.69999694824219,80.9000015258789,74.30000305175781,77.19999694824219,6464090
2024-09-12,67.7297592163086,72.9000015258789,75.5,72.80000305175781,74.5,5212110
2024-09-13,66.70777893066406,71.80000305175781,72.9000015258789,71.4000015258789,72.69999694824219,4357310
2024-09-16,66.4290542602539,71.5,72.69999694824219,71.5,72.0,2756440
2024-09-17,66.52195739746094,71.5999984741211,72.4000015258789,70.19999694824219,70.80000305175781,4630490
2024-09-18,67.17231750488281,72.30000305175781,72.5,69.4000015258789,71.30000305175781,6476920
2024-09-19,63.64181900024414,68.5,69.69999694824219,67.80000305175781,68.5,5640160
2024-09-20,64.19926452636719,69.0999984741211,70.19999694824219,68.5999984741211,69.0999984741211,3673720
2024-09-23,63.64181900024414,68.5,69.0999984741211,68.30000305175781,68.5999984741211,3663260
2024-09-24,63.20912551879883,67.19999694824219,68.5,67.0999984741211,67.5,3294850
2024-09-25,63.58537292480469,67.5999984741211,68.0999984741211,67.0,67.30000305175781,2825440
2024-09-26,62.92695999145508,66.9000015258789,67.80000305175781,66.0,66.0999984741211,3359570
2024-09-27,63.303192138671875,67.30000305175781,67.69999694824219,66.30000305175781,66.5999984741211,3204860
2024-09-30,62.55070877075195,66.5,68.5,66.30000305175781,67.69999694824219,4254440
2024-10-01,64.33787536621094,68.4000015258789,69.19999694824219,66.5999984741211,66.5999984741211,6280220
2024-10-02,64.24382019042969,68.30000305175781,69.5999984741211,67.9000015258789,68.69999694824219,3495770
2024-10-03,64.62005615234375,68.69999694824219,69.5,67.9000015258789,68.9000015258789,4974400
2024-10-04,63.02101135253906,67.0,68.69999694824219,66.80000305175781,67.0999984741211,5158350
2024-10-07,64.62005615234375,68.69999694824219,69.19999694824219,67.30000305175781,67.5,3970220
2024-10-08,62.83290100097656,66.80000305175781,68.19999694824219,66.5999984741211,67.9000015258789,3509450
2024-10-09,61.61009216308594,65.5,67.0999984741211,65.30000305175781,66.80000305175781,3465250
2024-10-10,61.89228057861328,65.80000305175781,66.4000015258789,65.4000015258789,66.0,3678980
2024-10-11,60.85759735107422,64.69999694824219,66.0,64.5,66.0,3561600
2024-10-14,59.540748596191406,63.29999923706055,64.4000015258789,62.900001525878906,64.19999694824219,2557380
2024-10-15,60.95166778564453,64.80000305175781,65.0999984741211,63.099998474121094,63.099998474121094,3672980
2024-10-16,60.10512161254883,63.900001525878906,65.0999984741211,63.70000076293945,64.69999694824219,2719160
2024-10-17,60.19917678833008,64.0,64.0,62.70000076293945,62.70000076293945,3749790
2024-10-18,59.63481521606445,63.400001525878906,64.0,63.0,63.5,2387980
2024-10-21,59.82292938232422,63.599998474121094,64.5999984741211,63.20000076293945,63.599998474121094,3593020
2024-10-22,59.916988372802734,63.70000076293945,64.80000305175781,63.400001525878906,64.5999984741211,2964070
2024-10-23,61.61009216308594,65.5,66.80000305175781,64.30000305175781,64.5,5366100
2024-10-24,61.23385238647461,65.0999984741211,66.0999984741211,64.9000015258789,64.9000015258789,4090680
2024-10-25,61.51603698730469,65.4000015258789,65.69999694824219,63.5,64.5,4263960
2024-10-28,61.04573059082031,64.9000015258789,64.9000015258789,64.0999984741211,64.19999694824219,3799850
2024-10-29,60.66947937011719,64.5,65.5999984741211,64.0999984741211,65.19999694824219,3529960
2024-10-30,61.23385238647461,65.0999984741211,65.4000015258789,64.0,64.5999984741211,3777110
2024-10-31,64.80818176269531,68.9000015258789,69.0,66.5999984741211,66.5999984741211,5259720
2024-11-01,64.1497573852539,68.19999694824219,68.4000015258789,66.5,68.0,6486310
2024-11-04,64.71411895751953,68.80000305175781,69.4000015258789,67.69999694824219,68.19999694824219,5534220
2024-11-05,62.36259078979492,66.30000305175781,68.5,66.19999694824219,68.4000015258789,6130060
2024-11-06,57.65952682495117,61.29999923706055,63.29999923706055,61.0,61.900001525878906,8592770
2024-11-07,56.34267044067383,59.900001525878906,60.79999923706055,59.599998474121094,60.70000076293945,5157020
2024-11-08,55.68424606323242,59.20000076293945,59.900001525878906,58.79999923706055,59.900001525878906,4654550
2024-11-11,55.68424606323242,59.20000076293945,59.70000076293945,58.70000076293945,58.79999923706055,4362500
2024-11-12,56.15454864501953,59.70000076293945,60.5,59.0,59.20000076293945,5748330
2024-11-13,56.06047821044922,59.599998474121094,60.29999923706055,59.0,59.5,6049350
2024-11-14,57.18921661376953,60.79999923706055,61.0,59.5,59.599998474121094,5906780
2024-11-15,59.44668960571289,63.20000076293945,63.79999923706055,61.79999923706055,62.0,6946780
2024-11-18,58.6942024230957,62.400001525878906,63.400001525878906,62.0,63.099998474121094,4557450
2024-11-19,58.22389221191406,61.900001525878906,63.900001525878906,61.599998474121094,63.599998474121094,5703210
2024-11-20,58.12982940673828,61.79999923706055,63.70000076293945,61.70000076293945,61.79999923706055,6618810
2024-11-21,57.18921661376953,60.79999923706055,62.79999923706055,60.400001525878906,61.0,8467490
2024-11-22,56.718910217285156,60.29999923706055,61.099998474121094,60.099998474121094,61.0,5006800
2024-11-25,56.34267044067383,59.900001525878906,60.5,58.79999923706055,59.20000076293945,5574810
2024-11-26,55.3079948425293,58.79999923706055,59.70000076293945,58.70000076293945,59.5,4634380
2024-11-27,55.9664192199707,59.5,59.900001525878906,58.900001525878906,59.0,3409030
2024-11-29,54.93175506591797,58.400001525878906,59.400001525878906,58.20000076293945,59.400001525878906,1890170
2024-12-02,54.649566650390625,58.099998474121094,58.5,58.0,58.400001525878906,2966600
2024-12-03,54.649566650390625,58.099998474121094,58.599998474121094,58.0,58.20000076293945,3124470
2024-12-04,53.70895004272461,57.099998474121094,57.900001525878906,57.0,57.599998474121094,2529820
2024-12-05,53.99113845825195,57.400001525878906,57.5,56.79999923706055,57.20000076293945,3663150
2024-12-06,53.70895004272461,57.099998474121094,57.400001525878906,56.70000076293945,57.20000076293945,3034880
2024-12-09,54.649566650390625,58.099998474121094,58.20000076293945,57.099998474121094,57.20000076293945,4229370
2024-12-10,55.119869232177734,58.599998474121094,58.79999923706055,57.70000076293945,57.900001525878906,3178660
2024-12-11,53.803016662597656,57.20000076293945,57.900001525878906,57.0,57.79999923706055,3013680
2024-12-12,54.649566650390625,58.099998474121094,58.20000076293945,57.400001525878906,57.599998474121094,4884870
2024-12-13,54.83768844604492,58.29999923706055,58.70000076293945,57.5,57.70000076293945,5244890
2024-12-16,54.17926025390625,57.599998474121094,58.099998474121094,57.29999923706055,57.79999923706055,3887500
2024-12-17,54.83768844604492,58.29999923706055,58.79999923706055,58.099998474121094,58.400001525878906,5254650
2024-12-18,59.72886657714844,63.5,63.70000076293945,57.70000076293945,58.400001525878906,7968540
2024-12-19,59.916988372802734,63.70000076293945,63.79999923706055,61.400001525878906,61.900001525878906,9673680
2024-12-20,57.94170379638672,61.599998474121094,64.9000015258789,60.0,64.5999984741211,11487170
2024-12-23,56.80373764038086,59.900001525878906,62.20000076293945,59.70000076293945,61.099998474121094,8157900
2024-12-24,55.001949310302734,58.0,59.79999923706055,58.0,59.599998474121094,3476730
2024-12-26,55.001949310302734,58.0,59.0,57.70000076293945,58.599998474121094,5161430
2024-12-27,56.89856719970703,60.0,61.20000076293945,59.099998474121094,59.20000076293945,8169390
2024-12-30,58.795188903808594,62.0,63.20000076293945,60.900001525878906,62.099998474121094,7730020
2024-12-31,59.553829193115234,62.79999923706055,63.29999923706055,61.29999923706055,61.5,8608210
2025-01-02,60.02798843383789,63.29999923706055,64.5999984741211,61.099998474121094,61.70000076293945,12388200
2025-01-03,57.84687423706055,61.0,62.79999923706055,60.79999923706055,62.400001525878906,6037920
2025-01-06,56.89856719970703,60.0,60.5,58.599998474121094,59.70000076293945,8793130
2025-01-07,58.795188903808594,62.0,62.599998474121094,59.29999923706055,59.400001525878906,9684780
2025-01-08,58.605525970458984,61.79999923706055,63.20000076293945,61.5,62.099998474121094,7971330
2025-01-10,61.26078796386719,64.5999984741211,65.4000015258789,63.0,63.099998474121094,9375890
2025-01-13,60.97630310058594,64.30000305175781,66.5,64.30000305175781,66.4000015258789,9073310
2025-01-14,60.97630310058594,64.30000305175781,65.5,63.29999923706055,63.5,9357030
2025-01-15,57.562381744384766,60.70000076293945,62.0,60.400001525878906,61.5,8105290
2025-01-16,58.03654479980469,61.20000076293945,61.400001525878906,60.29999923706055,60.400001525878906,7908860
2025-01-17,56.329586029052734,59.400001525878906,60.099998474121094,58.900001525878906,59.599998474121094,5287490
2025-01-21,54.81228256225586,57.79999923706055,59.20000076293945,57.79999923706055,58.5,5287650
2025-01-22,53.95880889892578,56.900001525878906,57.20000076293945,56.5,57.0,4585950
2025-01-23,53.10532760620117,56.0,57.20000076293945,56.0,57.099998474121094,3684640
2025-01-24,53.57948303222656,56.5,56.900001525878906,55.79999923706055,56.0,4246600
2025-01-27,55.760597229003906,58.79999923706055,60.29999923706055,58.79999923706055,60.20000076293945,10510710
2025-01-28,54.43296432495117,57.400001525878906,59.599998474121094,57.20000076293945,58.599998474121094,4811850
2025-01-29,55.19161605834961,58.20000076293945,59.0,57.599998474121094,57.79999923706055,7086940
2025-01-30,54.43296432495117,57.400001525878906,58.599998474121094,56.900001525878906,57.599998474121094,5810770
2025-01-31,55.28644561767578,58.29999923706055,58.599998474121094,56.0,56.70000076293945,8098530
2025-02-03,56.51924514770508,59.599998474121094,61.70000076293945,58.79999923706055,61.099998474121094,9174750
2025-02-04,55.28644561767578,58.29999923706055,59.79999923706055,58.20000076293945,59.599998474121094,6255770
2025-02-05,54.717464447021484,57.70000076293945,59.400001525878906,57.70000076293945,58.70000076293945,5030840
2025-02-06,54.148468017578125,57.099998474121094,58.20000076293945,57.099998474121094,57.29999923706055,4969190
2025-02-07,55.760597229003906,58.79999923706055,59.0,56.70000076293945,57.0,8097360
2025-02-10,54.62262725830078,57.599998474121094,58.29999923706055,57.400001525878906,57.900001525878906,3481050
2025-02-11,54.52779769897461,57.5,58.400001525878906,57.29999923706055,58.29999923706055,3320080
2025-02-12,55.001949310302734,58.0,59.5,57.70000076293945,59.20000076293945,5466810
2025-02-13,53.29499435424805,56.20000076293945,58.20000076293945,56.20000076293945,57.79999923706055,4697490
2025-02-14,53.38982009887695,56.29999923706055,56.599998474121094,56.0,56.29999923706055,3740380
2025-02-18,53.010501861572266,55.900001525878906,56.79999923706055,55.900001525878906,56.099998474121094,4119610
2025-02-19,52.63117599487305,55.5,56.5,55.5,56.400001525878906,3149450
2025-02-20,53.29499435424805,56.20000076293945,57.20000076293945,55.900001525878906,55.900001525878906,5039230
2025-02-21,56.23474884033203,59.29999923706055,59.400001525878906,56.400001525878906,56.400001525878906,6543530
2025-02-24,57.088226318359375,60.20000076293945,60.29999923706055,58.29999923706055,58.599998474121094,8404130
2025-02-25,57.84687423706055,61.0,62.5,59.900001525878906,60.20000076293945,9579020
2025-02-26,57.94170379638672,61.099998474121094,61.79999923706055,59.400001525878906,60.599998474121094,9593360
2025-02-27,60.69180679321289,64.0,64.0999984741211,59.900001525878906,60.29999923706055,9498250
2025-02-28,57.94170379638672,61.099998474121094,64.9000015258789,60.79999923706055,63.79999923706055,9805610
2025-03-03,60.881465911865234,64.19999694824219,65.5,60.099998474121094,60.400001525878906,11837190
2025-03-04,63.157413482666016,66.5999984741211,68.0999984741211,63.70000076293945,65.5999984741211,11122710
2025-03-05,61.16596221923828,64.5,67.9000015258789,63.79999923706055,66.69999694824219,11281750
2025-03-06,64.39022064208984,67.9000015258789,68.80000305175781,65.4000015258789,67.0,9837520
2025-03-07,63.4419059753418,66.9000015258789,70.5999984741211,66.4000015258789,68.69999694824219,12140670
2025-03-10,68.46793365478516,72.19999694824219,74.0,69.0999984741211,69.9000015258789,10509300
2025-03-11,70.26972198486328,74.0999984741211,75.69999694824219,71.4000015258789,72.80000305175781,10744520
2025-03-12,69.2265853881836,73.0,75.0999984741211,71.30000305175781,71.5999984741211,10473010
2025-03-13,72.0715103149414,76.0,76.5999984741211,72.9000015258789,73.19999694824219,8491420
2025-03-14,67.70928955078125,71.4000015258789,74.30000305175781,70.9000015258789,74.0999984741211,8115030
2025-03-17,66.19200897216797,69.80000305175781,71.5999984741211,68.69999694824219,71.4000015258789,8211440
2025-03-18,68.37310791015625,72.0999984741211,72.80000305175781,70.5,70.69999694824219,9472280
2025-03-19,66.19200897216797,69.80000305175781,71.80000305175781,68.19999694824219,71.4000015258789,8095600
2025-03-20,66.6661605834961,70.30000305175781,71.4000015258789,68.4000015258789,71.0999984741211,7505960
2025-03-21,66.6661605834961,70.30000305175781,72.5999984741211,70.0,72.19999694824219,8145370
2025-03-24,63.25223922729492,66.69999694824219,68.0999984741211,66.19999694824219,67.80000305175781,5534340
2025-03-25,62.810455322265625,65.4000015258789,66.0,65.0,65.4000015258789,4512890
2025-03-26,65.0193862915039,67.69999694824219,68.19999694824219,65.0999984741211,65.5,8142190
2025-03-27,65.49958801269531,68.19999694824219,69.0999984741211,66.9000015258789,68.19999694824219,8738790
2025-03-28,69.62932586669922,72.5,72.80000305175781,68.69999694824219,69.0,8116160
2025-03-31,68.38079833984375,71.19999694824219,76.0,70.5999984741211,74.9000015258789,11411850
2025-04-01,67.7085189819336,70.5,73.4000015258789,69.80000305175781,71.9000015258789,11096200
2025-04-02,66.4599838256836,69.19999694824219,72.9000015258789,68.19999694824219,72.80000305175781,10599740
2025-04-03,76.06404113769531,79.19999694824219,79.4000015258789,75.30000305175781,76.4000015258789,10892630
2025-04-04,89.70177459716797,93.4000015258789,93.5999984741211,84.5,85.4000015258789,13095310
2025-04-07,90.08594512939453,93.80000305175781,106.69999694824219,83.69999694824219,102.5999984741211,14398210
2025-04-08,94.5038070678711,98.4000015258789,102.69999694824219,82.69999694824219,84.19999694824219,12157370
2025-04-09,67.99663543701172,70.80000305175781,100.69999694824219,69.0,100.4000015258789,16713140
2025-04-10,74.81550598144531,77.9000015258789,83.80000305175781,74.5,75.0,8600700
2025-04-11,70.97389221191406,73.9000015258789,80.0999984741211,72.80000305175781,78.80000305175781,9180170
2025-04-14,69.0530776977539,71.9000015258789,74.0,69.5999984741211,69.69999694824219,8147440
2025-04-15,69.53328704833984,72.4000015258789,72.80000305175781,70.19999694824219,71.5999984741211,6699280
2025-04-16,74.14322662353516,77.19999694824219,79.5,73.5,74.9000015258789,8679180
2025-04-17,74.2392807006836,77.30000305175781,78.30000305175781,75.0,76.5999984741211,8389830
2025-04-21,79.32940673828125,82.5999984741211,85.0999984741211,79.19999694824219,79.5999984741211,11045420
2025-04-22,73.37490844726562,76.4000015258789,80.19999694824219,75.30000305175781,79.5999984741211,8339230
2025-04-23,69.8214111328125,72.69999694824219,73.4000015258789,68.5,70.69999694824219,7491550
2025-04-24,65.49958801269531,68.19999694824219,72.80000305175781,68.0,72.19999694824219,6101800
2025-04-25,64.15502166748047,66.80000305175781,69.4000015258789,66.69999694824219,68.4000015258789,7841990
2025-04-28,64.15502166748047,66.80000305175781,68.9000015258789,65.80000305175781,66.5999984741211,7793160
2025-04-29,63.00253677368164,65.5999984741211,67.69999694824219,65.19999694824219,67.5999984741211,7401220
2025-04-30,63.09857177734375,65.69999694824219,70.19999694824219,64.80000305175781,68.0,9477980
2025-05-01,61.65796661376953,64.19999694824219,64.4000015258789,62.20000076293945,63.5,8438550
2025-05-02,58.968841552734375,61.400001525878906,62.900001525878906,60.79999923706055,62.099998474121094,8126760
2025-05-05,59.92924499511719,62.400001525878906,63.099998474121094,61.5,62.79999923706055,6192280
2025-05-06,61.46588897705078,64.0,64.69999694824219,62.599998474121094,64.30000305175781,7963380
2025-05-07,60.79360580444336,63.29999923706055,65.0999984741211,62.400001525878906,63.70000076293945,8125450
2025-05-08,59.545082092285156,62.0,63.20000076293945,60.20000076293945,61.900001525878906,8279300
2025-05-09,59.83320617675781,62.29999923706055,62.900001525878906,61.29999923706055,61.599998474121094,6953670
2025-05-12,53.9747314453125,56.20000076293945,58.20000076293945,56.20000076293945,56.599998474121094,8507180
2025-05-13,52.82224655151367,55.0,56.29999923706055,54.400001525878906,56.0,5994990
2025-05-14,52.7262077331543,54.900001525878906,55.5,54.5,54.900001525878906,6323580
2025-05-15,51.957881927490234,54.099998474121094,55.599998474121094,54.0,55.400001525878906,6275070
2025-05-16,50.99747848510742,53.099998474121094,54.5,53.099998474121094,54.0,4913280
2025-05-19,50.80540084838867,52.900001525878906,54.900001525878906,52.79999923706055,54.900001525878906,6101230
2025-05-20,51.38163757324219,53.5,54.5,53.20000076293945,53.599998474121094,5106930
2025-05-21,53.9747314453125,56.20000076293945,56.599998474121094,53.70000076293945,54.79999923706055,9728790
2025-05-22,53.9747314453125,56.20000076293945,56.79999923706055,55.20000076293945,56.400001525878906,8935260
2025-05-23,55.223262786865234,57.5,58.599998474121094,56.70000076293945,58.5,10007450
2025-05-27,51.861846923828125,54.0,56.0,53.900001525878906,55.5,5261910
2025-05-28,52.7262077331543,54.900001525878906,55.099998474121094,53.5,53.900001525878906,5598600
2025-05-29,52.14996337890625,54.29999923706055,55.400001525878906,53.400001525878906,53.400001525878906,8123930
2025-05-30,52.34204864501953,54.5,56.29999923706055,54.099998474121094,54.70000076293945,9043500
2025-06-02,51.47768020629883,53.599998474121094,55.79999923706055,53.599998474121094,55.099998474121094,6432240
2025-06-03,50.613319396972656,52.70000076293945,53.900001525878906,52.5,53.79999923706055,4676940
2025-06-04,50.709354400634766,52.79999923706055,53.0,52.29999923706055,52.5,4094590
2025-06-05,51.57372283935547,53.70000076293945,54.20000076293945,52.099998474121094,52.5,7409260
2025-06-06,49.941036224365234,52.0,52.70000076293945,51.599998474121094,52.20000076293945,7100390
2025-06-09,49.84499740600586,51.900001525878906,52.29999923706055,51.5,52.0,4208450
2025-06-10,48.98063278198242,51.0,52.099998474121094,51.0,51.79999923706055,4077330
2025-06-11,49.46083068847656,51.5,52.099998474121094,50.599998474121094,50.79999923706055,7385170
2025-06-12,48.88459014892578,50.900001525878906,52.0,50.900001525878906,51.900001525878906,5608900
2025-06-13,50.709354400634766,52.79999923706055,53.099998474121094,51.5,52.400001525878906,9484830
2025-06-16,49.26874923706055,51.29999923706055,51.900001525878906,50.79999923706055,51.79999923706055,5224710
2025-06-17,50.42123794555664,52.5,52.79999923706055,51.5,51.900001525878906,5987140
2025-06-18,50.613319396972656,52.70000076293945,52.900001525878906,51.599998474121094,52.400001525878906,6527790
2025-06-20,51.0935173034668,53.20000076293945,53.5,51.70000076293945,52.099998474121094,7119350
2025-06-23,49.46083068847656,51.5,53.79999923706055,51.400001525878906,53.0,7978160
2025-06-24,47.85596466064453,49.5,50.400001525878906,49.20000076293945,50.20000076293945,4354440
2025-06-25,47.75928497314453,49.400001525878906,49.900001525878906,49.099998474121094,49.20000076293945,3715880
2025-06-26,46.792503356933594,48.400001525878906,49.20000076293945,48.20000076293945,49.0,4032500
2025-06-27,46.019065856933594,47.599998474121094,48.599998474121094,47.29999923706055,48.099998474121094,5728010
2025-06-30,45.342323303222656,46.900001525878906,47.599998474121094,46.70000076293945,47.099998474121094,4660330
2025-07-01,45.535675048828125,47.099998474121094,47.599998474121094,46.79999923706055,47.400001525878906,4936440
2025-07-02,44.858924865722656,46.400001525878906,47.400001525878906,46.400001525878906,47.20000076293945,2748040
2025-07-03,43.89213943481445,45.400001525878906,46.099998474121094,45.20000076293945,46.099998474121094,2632340
2025-07-07,44.955604553222656,46.5,47.099998474121094,45.70000076293945,46.0,5223720
2025-07-08,45.052276611328125,46.599998474121094,46.79999923706055,46.20000076293945,46.29999923706055,3990970
2025-07-09,44.18217468261719,45.70000076293945,46.5,45.599998474121094,46.099998474121094,4457070
2025-07-10,43.79545974731445,45.29999923706055,46.0,45.099998474121094,45.79999923706055,2458250
2025-07-11,44.47220993041992,46.0,46.400001525878906,45.599998474121094,46.099998474121094,3888060
2025-07-14,44.08549118041992,45.599998474121094,46.400001525878906,45.599998474121094,46.0,3687640
2025-07-15,44.762245178222656,46.29999923706055,46.29999923706055,45.0,45.099998474121094,5147220
2025-07-16,44.37553405761719,45.900001525878906,47.20000076293945,45.70000076293945,45.900001525878906,7032960
2025-07-17,43.50542449951172,45.0,45.900001525878906,44.900001525878906,45.900001525878906,5004310
2025-07-18,43.69878005981445,45.20000076293945,45.5,44.79999923706055,44.79999923706055,4557420
2025-07-21,43.40874481201172,44.900001525878906,45.099998474121094,44.400001525878906,44.900001525878906,4152030
2025-07-22,43.40874481201172,44.900001525878906,45.599998474121094,44.79999923706055,44.900001525878906,3924810
2025-07-23,42.345279693603516,43.79999923706055,44.79999923706055,43.79999923706055,44.400001525878906,4775850
2025-07-24,42.345279693603516,43.79999923706055,43.900001525878906,43.400001525878906,43.79999923706055,4664640
2025-07-25,41.861881256103516,43.29999923706055,43.79999923706055,43.20000076293945,43.79999923706055,3334200
2025-07-28,41.95856475830078,43.400001525878906,43.70000076293945,43.099998474121094,43.20000076293945,4174160
2025-07-29,42.248600006103516,43.70000076293945,43.900001525878906,43.0,43.099998474121094,5436620
2025-07-30,42.441959381103516,43.900001525878906,44.599998474121094,43.20000076293945,43.70000076293945,7316850
2025-07-31,43.022029876708984,44.5,44.70000076293945,42.79999923706055,43.0,9013940
2025-08-01,45.052276611328125,46.599998474121094,47.20000076293945,45.70000076293945,45.70000076293945,11442920
2025-08-04,43.21538543701172,44.70000076293945,45.900001525878906,44.599998474121094,45.79999923706055,5914720
2025-08-05,43.69878005981445,45.20000076293945,45.5,44.29999923706055,44.5,8625030
2025-08-06,42.828670501708984,44.29999923706055,45.29999923706055,44.099998474121094,45.099998474121094,6511590
2025-08-07,42.925350189208984,44.400001525878906,45.099998474121094,43.400001525878906,43.599998474121094,8836950
2025-08-08,41.95856475830078,43.400001525878906,44.20000076293945,43.29999923706055,44.099998474121094,4958550
2025-08-11,42.345279693603516,43.79999923706055,44.0,43.099998474121094,43.400001525878906,3901770
2025-08-12,40.89509582519531,42.29999923706055,43.599998474121094,42.29999923706055,43.20000076293945,4419320
2025-08-13,40.508384704589844,41.900001525878906,42.400001525878906,41.599998474121094,41.900001525878906,3775980
2025-08-14,40.508384704589844,41.900001525878906,42.400001525878906,41.79999923706055,42.29999923706055,4201600
2025-08-15,40.89509582519531,42.29999923706055,42.5,41.70000076293945,41.70000076293945,3981190
2025-08-18,40.89509582519531,42.29999923706055,42.5,42.20000076293945,42.400001525878906,2639440
2025-08-19,41.57185363769531,43.0,43.29999923706055,42.099998474121094,42.400001525878906,4349340
2025-08-20,41.95856475830078,43.400001525878906,44.5,43.099998474121094,43.099998474121094,6820710
2025-08-21,42.53863525390625,44.0,44.29999923706055,43.400001525878906,43.79999923706055,5117290
2025-08-22,40.508384704589844,41.900001525878906,43.599998474121094,41.70000076293945,43.599998474121094,6433740
2025-08-25,41.08845138549805,42.5,42.599998474121094,42.0,42.29999923706055,2571420
2025-08-26,40.60506057739258,42.0,42.79999923706055,41.900001525878906,42.599998474121094,3558120
2025-08-27,40.31502914428711,41.70000076293945,42.20000076293945,41.599998474121094,42.20000076293945,2598700
2025-08-28,39.92831039428711,41.29999923706055,42.0,41.20000076293945,41.599998474121094,2865540
2025-08-29,40.70173645019531,42.099998474121094,42.5,41.599998474121094,41.599998474121094,4216640
2025-09-02,41.66852569580078,43.099998474121094,44.20000076293945,43.0,43.599998474121094,5072710
2025-09-03,40.99177551269531,42.400001525878906,43.099998474121094,42.29999923706055,42.70000076293945,4931320
2025-09-04,40.024986267089844,41.400001525878906,42.5,41.400001525878906,42.29999923706055,3741640
2025-09-05,40.508384704589844,41.900001525878906,42.599998474121094,40.79999923706055,41.0,7572840
2025-09-08,40.12166976928711,41.5,41.79999923706055,41.29999923706055,41.599998474121094,3145630
2025-09-09,39.83163070678711,41.20000076293945,41.900001525878906,41.099998474121094,41.5,2811740
2025-09-10,39.444915771484375,40.79999923706055,41.20000076293945,40.400001525878906,40.599998474121094,4557530
2025-09-11,38.57481002807617,39.900001525878906,40.70000076293945,39.79999923706055,40.599998474121094,3136770
2025-09-12,38.57481002807617,39.900001525878906,40.099998474121094,39.70000076293945,39.900001525878906,2579220
2025-09-15,38.09141540527344,39.400001525878906,39.70000076293945,39.29999923706055,39.599998474121094,2373290
2025-09-16,38.188087463378906,39.5,39.70000076293945,39.20000076293945,39.29999923706055,2039570
2025-09-17,38.47813034057617,39.79999923706055,40.599998474121094,39.29999923706055,39.599998474121094,5320300
2025-09-18,37.8980598449707,39.20000076293945,39.599998474121094,38.70000076293945,39.20000076293945,3623530
2025-09-19,37.31798553466797,38.599998474121094,39.29999923706055,38.5,38.900001525878906,2777980
2025-09-22,36.834590911865234,38.099998474121094,39.0,38.0,39.0,2956330
2025-09-23,37.48868942260742,38.400001525878906,38.599998474121094,37.70000076293945,37.79999923706055,2929080
2025-09-24,37.78157043457031,38.70000076293945,39.0,38.099998474121094,38.29999923706055,2599720
2025-09-25,38.36732864379883,39.29999923706055,40.0,39.099998474121094,39.400001525878906,5102120
2025-09-26,37.78157043457031,38.70000076293945,39.400001525878906,38.599998474121094,39.20000076293945,3873970
2025-09-29,37.48868942260742,38.400001525878906,38.720001220703125,38.119998931884766,38.27000045776367,6611300
2025-09-30,37.08842086791992,37.9900016784668,38.779998779296875,37.90999984741211,38.540000915527344,3596900
2025-10-01,36.697914123535156,37.59000015258789,38.529998779296875,37.45000076293945,38.5,4185500
2025-10-02,36.61004638671875,37.5,37.90999984741211,37.27000045776367,37.279998779296875,2772400
2025-10-03,36.65886306762695,37.54999923706055,37.72999954223633,36.970001220703125,37.41999816894531,5193800
2025-10-06,36.278114318847656,37.15999984741211,37.52000045776367,37.02000045776367,37.16999816894531,3102900
2025-10-07,36.68815231323242,37.58000183105469,37.84000015258789,36.95000076293945,37.02000045776367,4336300
2025-10-08,36.06333541870117,36.939998626708984,37.560001373291016,36.91999816894531,37.43000030517578,3175100
2025-10-09,36.395267486572266,37.279998779296875,37.599998474121094,36.83000183105469,36.880001068115234,3618200
2025-10-10,39.38264846801758,40.34000015258789,40.380001068115234,36.869998931884766,37.15999984741211,10036600
2025-10-13,37.5863151550293,38.5,39.11000061035156,38.209999084472656,38.939998626708984,6179000
2025-10-14,37.74251937866211,38.65999984741211,40.22999954223633,38.029998779296875,39.529998779296875,7833900
2025-10-15,37.2641487121582,38.16999816894531,39.25,37.279998779296875,37.880001068115234,5466600
2025-10-16,38.025634765625,38.95000076293945,39.560001373291016,37.56999969482422,37.88999938964844,6888600
2025-10-17,37.439876556396484,38.349998474121094,39.45000076293945,38.119998931884766,39.209999084472656,6615700
2025-10-20,36.297645568847656,37.18000030517578,37.869998931884766,37.0099983215332,37.86000061035156,3285000
2025-10-21,36.297645568847656,37.18000030517578,37.38999938964844,36.91999816894531,37.15999984741211,3189500
2025-10-22,36.883399963378906,37.779998779296875,38.529998779296875,37.08000183105469,37.08000183105469,5346100
2025-10-23,36.26836013793945,37.150001525878906,37.79999923706055,36.970001220703125,37.7599983215332,4062500
2025-10-24,35.428768157958984,36.290000915527344,36.529998779296875,36.060001373291016,36.400001525878906,4614500
2025-10-27,34.169376373291016,35.0,35.5,34.959999084472656,35.400001525878906,4098700
2025-10-28,33.90578842163086,34.72999954223633,35.08000183105469,34.45000076293945,34.72999954223633,3828900
2025-10-29,33.88625717163086,34.709999084472656,35.380001068115234,34.349998474121094,34.4900016784668,6294800
2025-10-30,34.999202728271484,35.849998474121094,35.86000061035156,34.939998626708984,35.25,6382600
2025-10-31,34.70632553100586,35.54999923706055,35.970001220703125,35.04999923706055,35.04999923706055,6941200
2025-11-03,34.52083969116211,35.36000061035156,35.90999984741211,35.0,35.0099983215332,4188600
2025-11-04,35.77045822143555,36.63999938964844,36.7599983215332,35.93000030517578,36.5,5521800
2025-11-05,35.428768157958984,36.290000915527344,36.84000015258789,35.75,36.709999084472656,4839100
2025-11-06,36.58076095581055,37.470001220703125,37.72999954223633,36.33000183105469,36.47999954223633,6886800
2025-11-07,36.51242446899414,37.400001525878906,39.04999923706055,37.380001068115234,37.91999816894531,8972100
2025-11-10,34.82347869873047,35.66999816894531,36.72999954223633,35.540000915527344,36.369998931884766,5466100
2025-11-11,34.598934173583984,35.439998626708984,36.11000061035156,35.349998474121094,35.91999816894531,4471600
2025-11-12,34.55988311767578,35.400001525878906,35.77000045776367,35.150001525878906,35.16999816894531,5901100
2025-11-13,36.287879943847656,37.16999816894531,37.40999984741211,35.79999923706055,35.86000061035156,13786600
2025-11-14,36.35622024536133,37.2400016784668,38.68000030517578,36.61000061035156,38.33000183105469,12355000
2025-11-17,37.37154006958008,38.279998779296875,38.880001068115234,36.959999084472656,37.63999938964844,15819600
2025-11-18,38.318519592285156,39.25,40.0099983215332,38.40999984741211,38.91999816894531,14698800
2025-11-19,37.90848922729492,38.83000183105469,39.529998779296875,38.0,39.16999816894531,10315600
2025-11-20,39.665767669677734,40.630001068115234,40.7400016784668,36.58000183105469,37.029998779296875,23359800
2025-11-21,38.51377487182617,39.45000076293945,41.0099983215332,38.439998626708984,40.220001220703125,18535800
2025-11-24,36.8541145324707,37.75,39.029998779296875,37.5,38.81999969482422,8819300
2025-11-25,35.819271087646484,36.689998626708984,38.47999954223633,36.4900016784668,37.779998779296875,8658000
2025-11-26,35.10659408569336,35.959999084472656,36.43000030517578,35.63999938964844,36.279998779296875,6335400
2025-11-28,34.56964874267578,35.40999984741211,35.869998931884766,35.380001068115234,35.83000183105469,2913300
2025-12-01,35.04802322387695,35.900001525878906,36.15999984741211,35.4900016784668,36.13999938964844,6620400
2025-12-02,34.89181900024414,35.7400016784668,36.08000183105469,35.369998931884766,35.65999984741211,4730700
2025-12-03,34.53059387207031,35.369998931884766,36.040000915527344,35.220001220703125,35.900001525878906,5349200
2025-12-04,34.462257385253906,35.29999923706055,35.77000045776367,35.15999984741211,35.16999816894531,4558700
2025-12-05,34.32558059692383,35.15999984741211,35.33000183105469,34.75,35.189998626708984,4647500
2025-12-08,34.64775085449219,35.4900016784668,35.79999923706055,35.029998779296875,35.04999923706055,4689000
2025-12-09,34.735618591308594,35.58000183105469,35.65999984741211,35.22999954223633,35.58000183105469,4748700
2025-12-10,34.071754455566406,34.900001525878906,35.869998931884766,34.689998626708984,35.689998626708984,6738700
2025-12-11,33.84720993041992,34.66999816894531,35.7400016784668,34.650001525878906,35.290000915527344,10138900
2025-12-12,34.97968292236328,35.83000183105469,36.220001220703125,34.7599983215332,34.849998474121094,11846700
2025-12-15,35.15541076660156,36.0099983215332,36.25,35.220001220703125,35.22999954223633,6528200
2025-12-16,35.45805358886719,36.31999969482422,36.939998626708984,35.97999954223633,36.27000045776367,8810600
2025-12-17,36.65886306762695,37.54999923706055,37.56999969482422,36.09000015258789,36.16999816894531,8098100
2025-12-18,35.83879470825195,36.709999084472656,36.959999084472656,35.9900016784668,36.5099983215332,10315400
2025-12-19,34.89181900024414,35.7400016784668,36.40999984741211,35.65999984741211,36.380001068115234,6785900
2025-12-22,34.257240295410156,35.09000015258789,35.41999816894531,35.0099983215332,35.220001220703125,4001600
2025-12-23,33.798805236816406,34.43000030517578,35.060001373291016,34.400001525878906,35.060001373291016,5601500
2025-12-24,33.48467254638672,34.11000061035156,34.4900016784668,34.040000915527344,34.470001220703125,4097600
2025-12-26,33.52394104003906,34.150001525878906,34.29999923706055,33.959999084472656,34.099998474121094,3282000
2025-12-29,33.88715744018555,34.52000045776367,34.790000915527344,34.34000015258789,34.58000183105469,4332300
2025-12-30,34.02458953857422,34.65999984741211,34.7400016784668,34.439998626708984,34.599998474121094,2715700
2025-12-31,34.819740295410156,35.470001220703125,35.5,34.650001525878906,34.68000030517578,4460600
2026-01-02,34.672489166259766,35.31999969482422,35.84000015258789,34.7400016784668,34.93000030517578,9176300
2026-01-05,33.995140075683594,34.630001068115234,34.83000183105469,34.369998931884766,34.81999969482422,6397400
2026-01-06,33.39632034301758,34.02000045776367,34.630001068115234,33.95000076293945,34.619998931884766,6356800
2026-01-07,33.73008728027344,34.36000061035156,34.400001525878906,33.720001220703125,33.9900016784668,6631600
2026-01-08,33.75953674316406,34.38999938964844,34.70000076293945,34.22999954223633,34.5,6354500
2026-01-09,33.13127136230469,33.75,34.47999954223633,33.56999969482422,34.27000045776367,6260900
2026-01-12,32.9840202331543,33.599998474121094,34.27000045776367,33.47999954223633,34.2599983215332,5606000
2026-01-13,33.19017028808594,33.810001373291016,34.15999984741211,33.47999954223633,33.56999969482422,8105800
2026-01-14,33.70064163208008,34.33000183105469,34.95000076293945,34.13999938964844,34.2400016784668,8455700
2026-01-15,33.445404052734375,34.06999969482422,34.209999084472656,33.59000015258789,33.720001220703125,6897800
2026-01-16,33.592655181884766,34.220001220703125,34.43000030517578,33.83000183105469,33.900001525878906,7277000
2026-01-20,35.64434051513672,36.310001373291016,36.459999084472656,35.2400016784668,35.72999954223633,9627900
2026-01-21,34.41725540161133,35.060001373291016,36.22999954223633,34.52000045776367,35.9900016784668,14675000
2026-01-22,33.896968841552734,34.529998779296875,34.84000015258789,34.20000076293945,34.38999938964844,10316200
2026-01-23,33.90678787231445,34.540000915527344,34.84000015258789,34.279998779296875,34.689998626708984,7115600
2026-01-26,33.39632034301758,34.02000045776367,34.439998626708984,33.810001373291016,34.36000061035156,6310100
2026-01-27,32.99383544921875,33.61000061035156,33.90999984741211,33.47999954223633,33.810001373291016,5389200
2026-01-28,33.01347351074219,33.630001068115234,33.869998931884766,33.290000915527344,33.40999984741211,8600000
2026-01-29,33.2392578125,33.86000061035156,35.189998626708984,33.439998626708984,33.529998779296875,10957200
2026-01-30,33.58283615112305,34.209999084472656,34.900001525878906,33.869998931884766,34.220001220703125,14164800
2026-02-02,33.07236862182617,33.689998626708984,34.599998474121094,33.47999954223633,34.56999969482422,6773600
2026-02-03,33.95587158203125,34.59000015258789,35.380001068115234,33.4900016784668,33.61000061035156,8998200
2026-02-04,34.44670486450195,35.09000015258789,35.7599983215332,34.29999923706055,34.47999954223633,13642700
2026-02-05,35.77195358276367,36.439998626708984,36.709999084472656,35.5,35.91999816894531,15267000
2026-02-06,33.73008728027344,34.36000061035156,35.93000030517578,34.099998474121094,35.849998474121094,11856300
2026-02-09,33.26870346069336,33.88999938964844,34.720001220703125,33.599998474121094,34.54999923706055,7591600
2026-02-10,33.5435676574707,34.16999816894531,34.22999954223633,33.52000045776367,33.75,6251400
2026-02-11,33.573020935058594,34.20000076293945,34.61000061035156,33.439998626708984,33.540000915527344,10127900
2026-02-12,35.153507232666016,35.810001373291016,35.939998626708984,33.720001220703125,33.880001068115234,13129200
2026-02-13,35.1436882019043,35.79999923706055,36.45000076293945,35.06999969482422,35.79999923706055,16265900
2026-02-17,34.976806640625,35.630001068115234,36.7400016784668,35.29999923706055,36.04999923706055,11697200
2026-02-18,34.456520080566406,35.099998474121094,35.63999938964844,34.650001525878906,35.45000076293945,8936700
2026-02-19,34.7215690612793,35.369998931884766,35.84000015258789,35.130001068115234,35.4900016784668,7128300
2026-02-20,34.034400939941406,34.66999816894531,35.86000061035156,34.59000015258789,35.790000915527344,14300600
2026-02-23,35.07497024536133,35.72999954223633,36.040000915527344,34.59000015258789,34.93000030517578,10441400
2026-02-24,34.319087982177734,34.959999084472656,36.130001068115234,34.81999969482422,35.84000015258789,8404100
2026-02-25,33.474853515625,34.099998474121094,34.56999969482422,34.02000045776367,34.560001373291016,6937500
2026-02-26,34.034400939941406,34.66999816894531,35.41999816894531,34.09000015258789,34.099998474121094,13487100
2026-02-27,34.5546875,35.20000076293945,35.88999938964844,35.099998474121094,35.66999816894531,15357500
2026-03-02,34.54486846923828,35.189998626708984,36.470001220703125,34.84000015258789,36.369998931884766,18733200
2026-03-03,35.477455139160156,36.13999938964844,37.77000045776367,35.779998779296875,36.939998626708984,37045700
2026-03-04,34.731388092041016,35.380001068115234,36.2599983215332,35.06999969482422,35.93000030517578,21728400
2026-03-05,35.31057357788086,35.970001220703125,36.86000061035156,35.33000183105469,35.86000061035156,30545400
2026-03-06,36.743804931640625,37.43000030517578,37.86000061035156,36.849998474121094,37.279998779296875,25281900
2026-03-09,35.791587829589844,36.459999084472656,39.119998931884766,36.20000076293945,38.459999084472656,39720500
2026-03-10,36.00755310058594,36.68000030517578,37.060001373291016,35.65999984741211,36.56999969482422,30739800
2026-03-11,36.144989013671875,36.81999969482422,37.29999923706055,36.209999084472656,36.61000061035156,18060900
2026-03-12,37.80400466918945,38.5099983215332,38.54999923706055,37.61000061035156,37.68000030517578,25062200
2026-03-13,38.491172790527344,39.209999084472656,39.380001068115234,37.47999954223633,38.0099983215332,20382800
2026-03-16,37.34262466430664,38.040000915527344,38.369998931884766,37.5,38.150001525878906,16635000
2026-03-17,37.05793762207031,37.75,37.869998931884766,37.130001068115234,37.47999954223633,10451100
2026-03-18,38.61879348754883,39.34000015258789,39.38999938964844,37.95000076293945,38.18000030517578,16339700
2026-03-19,38.93292236328125,39.65999984741211,40.47999954223633,39.099998474121094,40.16999816894531,27237100
2026-03-20,40.6606559753418,41.41999816894531,42.11000061035156,39.939998626708984,39.970001220703125,23706200
2026-03-23,39.413944244384766,40.150001525878906,40.380001068115234,38.72999954223633,39.619998931884766,31399200
2026-03-24,39.79354476928711,40.150001525878906,40.7599983215332,39.459999084472656,40.4900016784668,19036300
2026-03-25,39.14931106567383,39.5,39.970001220703125,38.7400016784668,39.15999984741211,14999100
2026-03-26,41.26040267944336,41.630001068115234,41.68000030517578,39.869998931884766,40.38999938964844,19837800
2026-03-27,43.42104721069336,43.810001373291016,44.0099983215332,42.150001525878906,42.18000030517578,24739300
2026-03-30,43.896785736083984,44.290000915527344,44.83000183105469,42.54999923706055,42.599998474121094,11516600
2026-03-31,40.130523681640625,40.4900016784668,43.02000045776367,40.20000076293945,42.83000183105469,35055700
2026-04-01,39.18895721435547,39.540000915527344,39.959999084472656,38.93000030517578,39.790000915527344,22491100
2026-04-02,39.12948989868164,39.47999954223633,41.43000030517578,39.119998931884766,41.189998626708984,28280000
2026-04-06,38.614105224609375,38.959999084472656,39.560001373291016,38.810001373291016,39.5,8574800
2026-04-07,38.54472732543945,38.88999938964844,40.349998474121094,38.86000061035156,39.369998931884766,20055300
2026-04-08,35.66056442260742,35.97999954223633,36.75,35.77000045776367,35.880001068115234,14537600
2026-04-09,35.04607009887695,35.36000061035156,36.31999969482422,35.150001525878906,36.16999816894531,11799800
2026-04-10,35.165000915527344,35.47999954223633,35.61000061035156,35.060001373291016,35.16999816894531,9096700
2026-04-13,34.14414596557617,34.45000076293945,35.91999816894531,34.40999984741211,35.79999923706055,13445000
2026-04-14,32.92506790161133,33.220001220703125,34.209999084472656,33.18000030517578,34.209999084472656,11684600
2026-04-15,32.14208221435547,32.43000030517578,33.22999954223633,32.380001068115234,33.08000183105469,13594200
2026-04-16,31.904211044311523,32.189998626708984,32.630001068115234,32.029998779296875,32.29999923706055,11319600
2026-04-17,30.79415512084961,31.06999969482422,31.65999984741211,30.75,31.600000381469727,19149700
2026-04-20,30.952733993530273,31.229999542236328,31.59000015258789,31.110000610351562,31.25,14112100
2026-04-21,31.587053298950195,31.8700008392334,32.06999969482422,30.93000030517578,31.059999465942383,16595400
2026-04-22,30.62566375732422,30.899999618530273,31.31999969482422,30.8799991607666,31.200000762939453,9918400
2026-04-23,31.012203216552734,31.290000915527344,32.09000015258789,30.780000686645508,31.15999984741211,18542600
2026-04-24,30.318416595458984,30.59000015258789,31.260000228881836,30.540000915527344,31.020000457763672,14676900
2026-04-27,30.17966079711914,30.450000762939453,30.81999969482422,30.399999618530273,30.719999313354492,7186900
2026-04-28,30.64548683166504,30.920000076293945,31.219999313354492,30.760000228881836,30.899999618530273,10421300
2026-04-29,30.66530990600586,30.940000534057617,31.360000610351562,30.860000610351562,31.020000457763672,13453500
2026-04-30,29.78321075439453,30.049999237060547,31.100000381469727,29.8799991607666,30.549999237060547,12525900
2026-05-01,29.535429000854492,29.799999237060547,29.84000015258789,29.280000686645508,29.739999771118164,10942500
2026-05-04,29.862499237060547,30.1299991607666,30.520000457763672,29.639999389648438,29.899999618530273,14554700
2026-05-05,29.178627014160156,29.440000534057617,29.709999084472656,29.280000686645508,29.690000534057617,9305200
2026-05-06,27.979368209838867,28.229999542236328,28.950000762939453,28.1299991607666,28.90999984741211,12473600
2026-05-07,28.237060546875,28.489999771118164,28.690000534057617,27.959999084472656,28.100000381469727,13999600
2026-05-08,27.573009490966797,27.81999969482422,28.15999984741211,27.760000228881836,28.1299991607666,9312900
2026-05-11,27.4144287109375,27.65999984741211,27.959999084472656,27.469999313354492,27.959999084472656,8700100
2026-05-12,27.51354217529297,27.760000228881836,28.489999771118164,27.700000762939453,27.90999984741211,10934800
2026-05-13,27.07744789123535,27.31999969482422,28.09000015258789,27.139999389648438,27.760000228881836,9963200
2026-05-14,26.45304298400879,26.690000534057617,27.190000534057617,26.530000686645508,27.18000030517578,8520900
2026-05-15,27.444164276123047,27.690000534057617,27.799999237060547,27.209999084472656,27.3799991607666,13452500
2026-05-18,27.51354217529297,27.760000228881836,28.329999923706055,27.43000030517578,27.610000610351562,19080500
2026-05-19,28.058658599853516,28.309999465942383,28.549999237060547,27.8700008392334,28.190000534057617,15175900
2026-05-20,27.206295013427734,27.450000762939453,28.299999237060547,27.3700008392334,28.09000015258789,20088000
2026-05-21,27.05762481689453,27.299999237060547,27.90999984741211,27.049999237060547,27.75,18776100
2026-05-22,26.760290145874023,27.0,27.139999389648438,26.649999618530273,26.940000534057617,16513700
2026-05-26,26.254817962646484,26.489999771118164,26.719999313354492,26.309999465942383,26.549999237060547,9115100
2026-05-27,26.264728546142578,26.5,26.739999771118164,26.40999984741211,26.450000762939453,11144000
2026-05-28,25.84845733642578,26.079999923706055,26.649999618530273,26.020000457763672,26.549999237060547,11340100
2026-05-29,25.69978904724121,25.93000030517578,26.100000381469727,25.75,25.969999313354492,15899100
2026-06-01,25.491653442382812,25.719999313354492,26.110000610351562,25.530000686645508,26.020000457763672,17624100
2026-06-02,25.392541885375977,25.6200008392334,25.899999618530273,25.540000915527344,25.8700008392334,6744800
2026-06-03,25.947568893432617,26.18000030517578,26.239999771118164,25.709999084472656,25.770000457763672,12421700
2026-06-04,25.650232315063477,25.8799991607666,26.469999313354492,25.75,26.399999618530273,8264200
2026-06-05,27.672121047973633,27.920000076293945,28.1200008392334,26.34000015258789,26.399999618530273,18464300
2026-06-08,27.473896026611328,27.719999313354492,27.850000381469727,27.040000915527344,27.270000457763672,16271400
2026-06-09,27.741498947143555,27.989999771118164,29.6200008392334,26.8700008392334,27.25,30973000
2026-06-10,29.049779891967773,29.309999465942383,29.329999923706055,27.850000381469727,28.420000076293945,26512500
2026-06-11,27.62256622314453,27.8700008392334,29.459999084472656,27.56999969482422,28.940000534057617,27711200
2026-06-12,27.186471939086914,27.43000030517578,28.15999984741211,27.110000610351562,27.530000686645508,19309900
2026-06-15,25.769166946411133,26.0,26.309999465942383,25.770000457763672,26.299999237060547,10173700
2026-06-16,26.215173721313477,26.450000762939453,26.510000228881836,25.940000534057617,26.020000457763672,6900500
2026-06-17,27.216203689575195,27.459999084472656,27.639999389648438,26.270000457763672,26.3700008392334,16333900
2026-06-18,26.43321990966797,26.670000076293945,26.969999313354492,26.489999771118164,26.540000915527344,8760200
2026-06-22,26.680999755859375,26.920000076293945,27.049999237060547,26.299999237060547,26.559999465942383,7890400
2026-06-23,27.84000015258789,27.84000015258789,28.0,27.200000762939453,27.84000015258789,10948700
2026-06-24,27.920000076293945,27.920000076293945,28.18000030517578,27.139999389648438,27.690000534057617,13702900
2026-06-25,27.93000030517578,27.93000030517578,28.329999923706055,27.219999313354492,27.260000228881836,13130200
2026-06-26,28.520000457763672,28.520000457763672,28.68000030517578,27.56999969482422,28.440000534057617,12173500
2026-06-29,27.06999969482422,27.06999969482422,28.079999923706055,27.0,27.579999923706055,8403800
2026-06-30,26.489999771118164,26.489999771118164,27.09000015258789,26.31999969482422,27.040000915527344,5492100
2026-07-01,26.579999923706055,26.579999923706055,26.93000030517578,26.18000030517578,26.649999618530273,8239000
2026-07-02,26.700000762939453,26.700000762939453,27.209999084472656,26.010000228881836,26.43000030517578,12632900
2026-07-06,26.020000457763672,26.020000457763672,26.440000534057617,25.899999618530273,26.309999465942383,6891500
2026-07-07,26.420000076293945,26.420000076293945,26.65999984741211,26.06999969482422,26.139999389648438,7801200
2026-07-08,26.68000030517578,26.68000030517578,27.290000915527344,26.59000015258789,26.899999618530273,10214500
2026-07-09,26.010000228881836,26.010000228881836,26.65999984741211,25.969999313354492,26.469999313354492,7087000
2026-07-10,25.700000762939453,25.700000762939453,26.399999618530273,25.649999618530273,25.989999771118164,10762600
2026-07-13,26.290000915527344,26.290000915527344,26.420000076293945,25.809999465942383,25.959999084472656,11479300
2026-07-14,26.020000457763672,26.020000457763672,26.34000015258789,25.860000610351562,26.110000610351562,10096900
2026-07-15,25.729999542236328,25.729999542236328,26.190000534057617,25.639999389648438,25.790000915527344,9084100
2026-07-16,26.15999984741211,26.15999984741211,26.450000762939453,25.770000457763672,25.950000762939453,8447000
2026-07-17,26.979999542236328,26.979999542236328,27.219999313354492,26.540000915527344,27.079999923706055,11698300
2026-07-20,27.100000381469727,27.100000381469727,27.170000076293945,26.3799991607666,26.56999969482422,9357800
2026-07-21,26.440000534057617,26.440000534057617,26.8799991607666,26.350000381469727,26.65999984741211,6451700
2026-07-22,26.540000915527344,26.540000915527344,26.639999389648438,26.260000228881836,26.610000610351562,7325900
2026-07-23,27.520000457763672,27.520000457763672,27.84000015258789,27.059999465942383,27.420000076293945,11728800
2026-07-24,27.489999771118164,27.489999771118164,27.65999984741211,26.950000762939453,27.530000686645508,10649800
2026-07-27,27.469999313354492,27.469999313354492,27.84000015258789,26.75,26.81999969482422,9062800
2026-07-28,27.299999237060547,27.299999237060547,27.829999923706055,27.059999465942383,27.469999313354492,11259800
2026-07-29,28.579999923706055,28.579999923706055,28.600000381469727,27.100000381469727,27.40999984741211,14974900
2026-07-30,27.1299991607666,27.1299991607666,27.959999084472656,27.040000915527344,27.809999465942383,12822000
2026-07-31,26.56999969482422,26.56999969482422,27.59000015258789,26.360000610351562,26.809999465942383,17888100
2026-08-03,25.440000534057617,25.440000534057617,26.350000381469727,25.34000015258789,26.329999923706055,12823500
2026-08-04,24.079999923706055,24.079999923706055,25.15999984741211,23.8700008392334,25.149999618530273,14301800
2026-08-05,24.239999771118164,24.239999771118164,24.260000228881836,23.56999969482422,23.670000076293945,14895600
2026-08-06,24.3700008392334,24.3700008392334,24.459999084472656,24.049999237060547,24.209999084472656,7908000
