Price,Adj Close,Close,High,Low,Open,Volume
Ticker,SSO,SSO,SSO,SSO,SSO,SSO
Date,,,,,,
2006-06-21,3.6431565284729004,4.46875,4.488124847412109,4.426249980926514,4.429999828338623,4436800
2006-06-22,3.604431629180908,4.421249866485596,4.442500114440918,4.391250133514404,4.442500114440918,2185600
2006-06-23,3.6039228439331055,4.42062520980835,4.461249828338623,4.383124828338623,4.394999980926514,713600
2006-06-26,3.624814987182617,4.446249961853027,4.448124885559082,4.406875133514404,4.421875,603200
2006-06-27,3.5606136322021484,4.367499828338623,4.460625171661377,4.367499828338623,4.460625171661377,1835200
2006-06-28,3.592205047607422,4.40625,4.418749809265137,4.356249809265137,4.380624771118164,681600
2006-06-29,3.7445547580718994,4.593124866485596,4.593124866485596,4.461874961853027,4.46875,1068800
2006-06-30,3.7425155639648438,4.590624809265137,4.631249904632568,4.590624809265137,4.625625133514404,1449600
2006-07-03,3.793470859527588,4.653124809265137,4.653124809265137,4.610000133514404,4.615624904632568,454400
2006-07-05,3.7430262565612793,4.591249942779541,4.61062479019165,4.555624961853027,4.603125095367432,1184000
2006-07-06,3.7547452449798584,4.605625152587891,4.638124942779541,4.591249942779541,4.606249809265137,1865600
2006-07-07,3.7114341259002686,4.552499771118164,4.611249923706055,4.53000020980835,4.571875095367432,1137600
2006-07-10,3.718057870864868,4.560625076293945,4.60812520980835,4.543749809265137,4.590624809265137,1152000
2006-07-11,3.7496497631073,4.599374771118164,4.602499961853027,4.504374980926514,4.540625095367432,3080000
2006-07-12,3.675767660140991,4.508749961853027,4.596250057220459,4.489999771118164,4.594375133514404,2051200
2006-07-13,3.5646889209747314,4.372499942779541,4.46999979019165,4.369375228881836,4.448124885559082,2780800
2006-07-14,3.5325894355773926,4.333125114440918,4.371874809265137,4.28125,4.358749866485596,2417600
2006-07-17,3.5290215015411377,4.328750133514404,4.362500190734863,4.300000190734863,4.339375019073486,910400
2006-07-18,3.534627676010132,4.335625171661377,4.415625095367432,4.256875038146973,4.359375,3278400
2006-07-19,3.6558947563171387,4.484375,4.512499809265137,4.374374866485596,4.375,3504000
2006-07-20,3.61309552192688,4.431875228881836,4.53125,4.421875,4.525000095367432,1844800
2006-07-21,3.5560262203216553,4.361875057220459,4.413125038146973,4.344375133514404,4.393750190734863,2054400
2006-07-24,3.6686339378356934,4.5,4.508749961853027,4.404375076293945,4.404375076293945,2134400
2006-07-25,3.7150020599365234,4.556875228881836,4.580625057220459,4.470624923706055,4.491250038146973,2742400
2006-07-26,3.7221362590789795,4.565625190734863,4.596250057220459,4.508749961853027,4.527500152587891,2211200
2006-07-27,3.6864678859710693,4.521874904632568,4.612500190734863,4.503749847412109,4.599374771118164,2864000
2006-07-28,3.7705419063568115,4.625,4.641250133514404,4.541250228881836,4.544374942779541,1806400
2006-07-31,3.760349750518799,4.612500190734863,4.625,4.59499979019165,4.625,908800
2006-08-01,3.7267208099365234,4.571249961853027,4.596875190734863,4.528124809265137,4.5625,836800
2006-08-02,3.7552542686462402,4.606249809265137,4.659375190734863,4.59499979019165,4.616875171661377,1172800
2006-08-03,3.7741079330444336,4.629374980926514,4.663750171661377,4.5625,4.5625,1441600
2006-08-04,3.773089647293091,4.628125190734863,4.734375,4.587500095367432,4.731249809265137,2753600
2006-08-07,3.752197742462158,4.602499961853027,4.621874809265137,4.581250190734863,4.599999904632568,785600
2006-08-08,3.721627712249756,4.565000057220459,4.646249771118164,4.545000076293945,4.637499809265137,923200
2006-08-09,3.693091869354248,4.53000020980835,4.653749942779541,4.525000095367432,4.606874942779541,1115200
2006-08-10,3.7257039546966553,4.570000171661377,4.578125,4.500625133514404,4.518750190734863,2590400
2006-08-11,3.6986966133117676,4.536874771118164,4.5625,4.506249904632568,4.5625,1950400
2006-08-14,3.7114341259002686,4.552499771118164,4.672500133514404,4.539374828338623,4.593124866485596,1545600
2006-08-15,3.802640914916992,4.664374828338623,4.675000190734863,4.611249923706055,4.623125076293945,1350400
2006-08-16,3.8663320541381836,4.742499828338623,4.750625133514404,4.691874980926514,4.696875095367432,1792000
2006-08-17,3.8821284770965576,4.761875152587891,4.786874771118164,4.730000019073486,4.741250038146973,3046400
2006-08-18,3.8979249000549316,4.78125,4.793749809265137,4.730625152587891,4.777500152587891,1331200
2006-08-21,3.8795809745788574,4.758749961853027,4.771249771118164,4.743750095367432,4.75,649600
2006-08-22,3.886204719543457,4.76687479019165,4.791250228881836,4.734375,4.753749847412109,1113600
2006-08-23,3.8510470390319824,4.723750114440918,4.787499904632568,4.697500228881836,4.773125171661377,996800
2006-08-24,3.8653125762939453,4.741250038146973,4.756249904632568,4.711249828338623,4.756249904632568,1408000
2006-08-25,3.8724472522735596,4.75,4.771249771118164,4.723750114440918,4.733749866485596,635200
2006-08-28,3.905567169189453,4.790625095367432,4.807499885559082,4.731874942779541,4.744999885559082,1110400
2006-08-29,3.92391037940979,4.813125133514404,4.814374923706055,4.741875171661377,4.786874771118164,947200
2006-08-30,3.9234001636505127,4.8125,4.831250190734863,4.738749980926514,4.831250190734863,470400
2006-08-31,3.9203438758850098,4.808750152587891,4.818749904632568,4.793749809265137,4.796875,444800
2006-09-01,3.9600865840911865,4.857500076293945,4.862500190734863,4.81374979019165,4.828125,905600
2006-09-05,3.967219591140747,4.866250038146973,4.882500171661377,4.838749885559082,4.854374885559082,984000
2006-09-06,3.8979249000549316,4.78125,4.839375019073486,4.768750190734863,4.839375019073486,902400
2006-09-07,3.8586902618408203,4.73312520980835,4.780624866485596,4.715000152587891,4.738124847412109,1017600
2006-09-08,3.886204719543457,4.76687479019165,4.775625228881836,4.730000019073486,4.745625019073486,902400
2006-09-11,3.8851864337921143,4.765625,4.794374942779541,4.704999923706055,4.738124847412109,524800
2006-09-12,3.9611048698425293,4.858749866485596,4.866875171661377,4.778124809265137,4.778124809265137,1075200
2006-09-13,3.9998292922973633,4.90625,4.913750171661377,4.852499961853027,4.871250152587891,636800
2006-09-14,3.980466365814209,4.882500171661377,4.894374847412109,4.864375114440918,4.889999866485596,803200
2006-09-15,4.014607906341553,4.924375057220459,4.962500095367432,4.905624866485596,4.946875095367432,998400
2006-09-18,4.014098644256592,4.923749923706055,4.949375152587891,4.901875019073486,4.914999961853027,544000
2006-09-19,3.9881107807159424,4.89187479019165,4.925624847412109,4.848750114440918,4.909999847412109,1604800
2006-09-20,4.036517143249512,4.951250076293945,4.96750020980835,4.925000190734863,4.952499866485596,1241600
2006-09-21,3.9926960468292236,4.897500038146973,4.974999904632568,4.878749847412109,4.974999904632568,825600
2006-09-22,3.9707865715026855,4.870625019073486,4.896874904632568,4.840000152587891,4.896874904632568,560000
2006-09-25,4.044670104980469,4.961249828338623,4.979374885559082,4.852499961853027,4.913750171661377,1308800
2006-09-26,4.097657680511475,5.026249885559082,5.03000020980835,4.95437479019165,4.965000152587891,1222400
2006-09-27,4.107853412628174,5.038750171661377,5.056250095367432,5.011250019073486,5.040625095367432,1395200
2006-09-28,4.121097087860107,5.054999828338623,5.091249942779541,5.015625,5.065625190734863,1424000
2006-09-29,4.104283809661865,5.034375190734863,5.060625076293945,5.028749942779541,5.053124904632568,755200
2006-10-02,4.070145130157471,4.992499828338623,5.04562520980835,4.984375,5.029375076293945,720000
2006-10-03,4.084921360015869,5.010624885559082,5.044374942779541,4.961249828338623,4.990624904632568,764800
2006-10-04,4.180713176727295,5.128125190734863,5.135000228881836,4.989999771118164,5.012499809265137,1673600
2006-10-05,4.200588226318359,5.152500152587891,5.166250228881836,5.121874809265137,5.143750190734863,1104000
2006-10-06,4.188355922698975,5.137499809265137,5.139999866485596,5.095624923706055,5.106874942779541,2622400
2006-10-09,4.1924333572387695,5.142499923706055,5.154375076293945,5.107500076293945,5.121874809265137,654400
2006-10-10,4.205173492431641,5.158124923706055,5.166250228881836,5.124374866485596,5.141250133514404,660800
2006-10-11,4.188355922698975,5.137499809265137,5.162499904632568,5.085625171661377,5.122499942779541,899200
2006-10-12,4.263259410858154,5.229374885559082,5.236249923706055,5.159375190734863,5.172500133514404,2403200
2006-10-13,4.283130168914795,5.253749847412109,5.258124828338623,5.209374904632568,5.21875,950400
2006-10-16,4.2963762283325195,5.269999980926514,5.28125,5.238749980926514,5.239375114440918,982400
2006-10-17,4.261728763580322,5.227499961853027,5.253125190734863,5.178124904632568,5.231249809265137,2585600
2006-10-18,4.2739577293396,5.242499828338623,5.299375057220459,5.205625057220459,5.298749923706055,2396800
2006-10-19,4.281602382659912,5.251874923706055,5.263124942779541,5.216875076293945,5.227499961853027,1275200
2006-10-20,4.287717819213867,5.259375095367432,5.293749809265137,5.220624923706055,5.256249904632568,840000
2006-10-23,4.327461242675781,5.308125019073486,5.328125,5.223750114440918,5.231249809265137,2041600
2006-10-24,4.346822738647461,5.331874847412109,5.331874847412109,5.289374828338623,5.3125,852800
2006-10-25,4.371279239654541,5.361875057220459,5.374374866485596,5.315625190734863,5.331874847412109,1454400
2006-10-26,4.408986568450928,5.408124923706055,5.420000076293945,5.34250020980835,5.401249885559082,2150400
2006-10-27,4.3508992195129395,5.336874961853027,5.399374961853027,5.31374979019165,5.36062479019165,1715200
2006-10-30,4.345295429229736,5.329999923706055,5.353125095367432,5.296249866485596,5.309374809265137,1481600
2006-10-31,4.331026077270508,5.3125,5.352499961853027,5.28249979019165,5.349999904632568,2000000
2006-11-01,4.2795634269714355,5.249374866485596,5.36062479019165,5.236249923706055,5.356874942779541,2022400
2006-11-02,4.275996208190918,5.244999885559082,5.255000114440918,5.206874847412109,5.221875190734863,1787200
2006-11-03,4.249502658843994,5.212500095367432,5.28125,5.199999809265137,5.28125,2097600
2006-11-06,4.352936744689941,5.339375019073486,5.355625152587891,5.25124979019165,5.262499809265137,1664000
2006-11-07,4.375863075256348,5.367499828338623,5.415625095367432,5.335625171661377,5.340624809265137,1833600
2006-11-08,4.404397964477539,5.402500152587891,5.412499904632568,5.303124904632568,5.321875095367432,1644800
2006-11-09,4.353954315185547,5.340624809265137,5.414374828338623,5.323750019073486,5.409375190734863,1726400
2006-11-10,4.361596584320068,5.349999904632568,5.353750228881836,5.310625076293945,5.348124980926514,896000
2006-11-13,4.379431247711182,5.371874809265137,5.40500020980835,5.331874847412109,5.334374904632568,1312000
2006-11-14,4.44159460067749,5.448124885559082,5.460625171661377,5.337500095367432,5.409375190734863,2665600
2006-11-15,4.473185062408447,5.486875057220459,5.514999866485596,5.446875095367432,5.446875095367432,2889600
2006-11-16,4.4925456047058105,5.510624885559082,5.535624980926514,5.492499828338623,5.506875038146973,2668800
2006-11-17,4.491527557373047,5.509375095367432,5.511250019073486,5.459374904632568,5.459374904632568,920000
2006-11-20,4.488983154296875,5.506249904632568,5.53125,5.486249923706055,5.494375228881836,1476800
2006-11-21,4.502739429473877,5.523125171661377,5.525000095367432,5.503125190734863,5.512499809265137,673600
2006-11-22,4.522101402282715,5.546875,5.561874866485596,5.517499923706055,5.536250114440918,651200
2006-11-24,4.4864349365234375,5.503125190734863,5.538125038146973,5.493750095367432,5.493750095367432,134400
2006-11-27,4.366695404052734,5.356249809265137,5.491250038146973,5.338125228881836,5.483749866485596,4433600
2006-11-28,4.393697261810303,5.38937520980835,5.393750190734863,5.320624828338623,5.346250057220459,2662400
2006-11-29,4.47267484664917,5.486249923706055,5.5,5.427499771118164,5.4375,860800
2006-11-30,4.476243495941162,5.490624904632568,5.53125,5.441874980926514,5.503749847412109,3601600
2006-12-01,4.455862522125244,5.465624809265137,5.509375095367432,5.378125190734863,5.493750095367432,2633600
2006-12-04,4.527196407318115,5.553124904632568,5.565000057220459,5.490624904632568,5.495625019073486,569600
2006-12-05,4.563882827758789,5.598124980926514,5.605625152587891,5.553124904632568,5.571875095367432,1611200
2006-12-06,4.550634384155273,5.581874847412109,5.605000019073486,5.571875095367432,5.587500095367432,860800
2006-12-07,4.518534183502197,5.542500019073486,5.629374980926514,5.542500019073486,5.621250152587891,1056000
2006-12-08,4.527707099914551,5.553750038146973,5.59250020980835,5.513124942779541,5.556250095367432,1726400
2006-12-11,4.551145553588867,5.582499980926514,5.599999904632568,5.556250095367432,5.568749904632568,846400
2006-12-12,4.542991638183594,5.572500228881836,5.587500095367432,5.524374961853027,5.581250190734863,921600
2006-12-13,4.565410614013672,5.599999904632568,5.618750095367432,5.570624828338623,5.618750095367432,1060800
2006-12-14,4.626554489135742,5.675000190734863,5.699999809265137,5.603125095367432,5.603125095367432,2076800
2006-12-15,4.645918369293213,5.698750019073486,5.731249809265137,5.6875,5.712500095367432,1508800
2006-12-18,4.616364002227783,5.662499904632568,5.729374885559082,5.644999980926514,5.706250190734863,1812800
2006-12-19,4.641329765319824,5.693124771118164,5.708125114440918,5.59375,5.609375,2464000
2006-12-20,4.623626708984375,5.434999942779541,5.570624828338623,5.431250095367432,5.538125038146973,1993600
2006-12-21,4.5959792137146,5.402500152587891,5.453125,5.37624979019165,5.441249847412109,1348800
2006-12-22,4.530579566955566,5.325624942779541,5.388124942779541,5.325624942779541,5.388124942779541,1406400
2006-12-26,4.590663433074951,5.396249771118164,5.396249771118164,5.333749771118164,5.337500095367432,870400
2006-12-27,4.654996871948242,5.471875190734863,5.474999904632568,5.412499904632568,5.429375171661377,1732800
2006-12-28,4.636386394500732,5.449999809265137,5.471875190734863,5.426249980926514,5.459374904632568,961600
2006-12-29,4.588534832000732,5.393750190734863,5.459374904632568,5.388124942779541,5.440625190734863,1036800
2007-01-03,4.558760166168213,5.358749866485596,5.468124866485596,5.304375171661377,5.440625190734863,3816000
2007-01-04,4.582155227661133,5.386250019073486,5.414999961853027,5.305624961853027,5.335625171661377,784000
2007-01-05,4.509843826293945,5.301249980926514,5.353125095367432,5.290625095367432,5.34499979019165,3776000
2007-01-08,4.547595024108887,5.345624923706055,5.365624904632568,5.275625228881836,5.318749904632568,1811200
2007-01-09,4.535898685455322,5.331874847412109,5.362500190734863,5.284999847412109,5.353125095367432,1977600
2007-01-10,4.556633472442627,5.356249809265137,5.362500190734863,5.28125,5.290625095367432,2985600
2007-01-11,4.611398220062256,5.42062520980835,5.448750019073486,5.362500190734863,5.368750095367432,3908800
2007-01-12,4.665630340576172,5.484375,5.484375,5.409375190734863,5.410624980926514,2089600
2007-01-16,4.658720970153809,5.476250171661377,5.493750095367432,5.453750133514404,5.474999904632568,2235200
2007-01-17,4.656590938568115,5.473750114440918,5.506249904632568,5.456874847412109,5.465000152587891,1705600
2007-01-18,4.61777925491333,5.428124904632568,5.486249923706055,5.417500019073486,5.478125095367432,2886400
2007-01-19,4.645426273345947,5.460625171661377,5.46875,5.415625095367432,5.415625095367432,3483200
2007-01-22,4.595447063446045,5.401875019073486,5.465000152587891,5.385624885559082,5.465000152587891,2828800
2007-01-23,4.627881050109863,5.440000057220459,5.463125228881836,5.387499809265137,5.400000095367432,2265600
2007-01-24,4.70019006729126,5.525000095367432,5.526875019073486,5.454999923706055,5.456874847412109,2331200
2007-01-25,4.605550289154053,5.413750171661377,5.528124809265137,5.393750190734863,5.521249771118164,3388800
2007-01-26,4.5938520431518555,5.400000095367432,5.425000190734863,5.356874942779541,5.425000190734863,3576000
2007-01-29,4.580028057098389,5.383749961853027,5.431250095367432,5.365624904632568,5.387499809265137,3110400
2007-01-30,4.628412246704102,5.440625190734863,5.443749904632568,5.387499809265137,5.399374961853027,2404800
2007-01-31,4.68583345413208,5.508124828338623,5.535624980926514,5.412499904632568,5.421875,4113600
2007-02-01,4.740601539611816,5.572500228881836,5.583749771118164,5.523749828338623,5.54562520980835,2297600
2007-02-02,4.756551265716553,5.591249942779541,5.599999904632568,5.56374979019165,5.590624809265137,1379200
2007-02-05,4.750170707702637,5.583749771118164,5.598124980926514,5.552499771118164,5.587500095367432,1067200
2007-02-06,4.750170707702637,5.583749771118164,5.606874942779541,5.553124904632568,5.59375,1739200
2007-02-07,4.766655445098877,5.603125095367432,5.631875038146973,5.580625057220459,5.608749866485596,1337600
2007-02-08,4.757082462310791,5.591875076293945,5.610000133514404,5.551875114440918,5.588749885559082,1417600
2007-02-09,4.700723171234131,5.525625228881836,5.625,5.475625038146973,5.601250171661377,2188800
2007-02-12,4.661375999450684,5.479374885559082,5.539374828338623,5.458749771118164,5.523125171661377,1662400
2007-02-13,4.733159065246582,5.56374979019165,5.56374979019165,5.510624885559082,5.510624885559082,2284800
2007-02-14,4.804935455322266,5.648125171661377,5.659375190734863,5.581250190734863,5.59375,2512000
2007-02-15,4.8038716316223145,5.646874904632568,5.664999961853027,5.628125190734863,5.642499923706055,307200
2007-02-16,4.802807331085205,5.645625114440918,5.652500152587891,5.617499828338623,5.631249904632568,923200
2007-02-20,4.825671195983887,5.672500133514404,5.683750152587891,5.596250057220459,5.63937520980835,1736000
2007-02-21,4.816630840301514,5.661874771118164,5.671249866485596,5.611875057220459,5.653124809265137,1670400
2007-02-22,4.808126926422119,5.651875019073486,5.695000171661377,5.608749866485596,5.678124904632568,931200
2007-02-23,4.782071590423584,5.621250152587891,5.63937520980835,5.590624809265137,5.63937520980835,1774400
2007-02-26,4.769842147827148,5.606874942779541,5.658750057220459,5.565625190734863,5.658750057220459,1934400
2007-02-27,4.387023448944092,5.156875133514404,5.497499942779541,5.089375019073486,5.497499942779541,10924800
2007-02-28,4.471560478210449,5.256249904632568,5.339375019073486,5.178124904632568,5.231249809265137,7571200
2007-03-01,4.459864616394043,5.242499828338623,5.290625095367432,5.0625,5.085625171661377,8740800
2007-03-02,4.333320617675781,5.09375,5.23562479019165,5.09375,5.195624828338623,7201600
2007-03-05,4.247720241546631,4.993124961853027,5.150625228881836,4.993124961853027,5.03125,2424000
2007-03-06,4.394464015960693,5.165625095367432,5.192500114440918,5.070000171661377,5.128125190734863,7036800
2007-03-07,4.377450942993164,5.145625114440918,5.218124866485596,5.13937520980835,5.174375057220459,4886400
2007-03-08,4.429027557373047,5.206250190734863,5.26687479019165,5.18874979019165,5.231249809265137,3342400
2007-03-09,4.447635650634766,5.228125095367432,5.283750057220459,5.1875,5.28125,537600
2007-03-12,4.471560478210449,5.256249904632568,5.275625228881836,5.195624828338623,5.211874961853027,2102400
2007-03-13,4.289190292358398,5.041874885559082,5.23562479019165,5.041874885559082,5.190625190734863,7249600
2007-03-14,4.354058742523193,5.118124961853027,5.118124961853027,4.940000057220459,5.06125020980835,10929600
2007-03-15,4.374260902404785,5.14187479019165,5.170000076293945,5.096875190734863,5.111875057220459,3200000
2007-03-16,4.337043285369873,5.098124980926514,5.181250095367432,5.07937479019165,5.156875133514404,2547200
2007-03-19,4.443384170532227,5.223124980926514,5.225625038146973,5.150000095367432,5.158750057220459,2667200
2007-03-20,4.4949564933776855,5.283750057220459,5.283750057220459,5.212500095367432,5.216249942779541,2528000
2007-03-21,4.643299102783203,5.458125114440918,5.474999904632568,5.271249771118164,5.306250095367432,7897600
2007-03-22,4.641175270080566,5.455625057220459,5.484375,5.42062520980835,5.456250190734863,8249600
2007-03-23,4.642235279083252,5.456874847412109,5.493750095367432,5.446249961853027,5.448124885559082,2524800
2007-03-26,4.6518049240112305,5.468124866485596,5.478125095367432,5.355625152587891,5.46875,5008000
2007-03-27,4.605414390563965,5.398125171661377,5.419374942779541,5.365624904632568,5.40749979019165,3817600
2007-03-28,4.537698268890381,5.318749904632568,5.369999885559082,5.284999847412109,5.361249923706055,6164800
2007-03-29,4.559027671813965,5.34375,5.375,5.275000095367432,5.375,1174400
2007-03-30,4.556360244750977,5.340624809265137,5.397500038146973,5.246874809265137,5.344375133514404,1712000
2007-04-02,4.567026615142822,5.353125095367432,5.366250038146973,5.293749809265137,5.344375133514404,3780800
2007-04-03,4.657138824462891,5.458749771118164,5.476874828338623,5.400000095367432,5.401249885559082,4915200
2007-04-04,4.6630048751831055,5.465624809265137,5.477499961853027,5.438125133514404,5.459374904632568,1435200
2007-04-05,4.692866325378418,5.500625133514404,5.513750076293945,5.451250076293945,5.460625171661377,2755200
2007-04-09,4.706196308135986,5.516250133514404,5.539999961853027,5.495625019073486,5.537499904632568,4392000
2007-04-10,4.710994243621826,5.521874904632568,5.538750171661377,5.504374980926514,5.504374980926514,1993600
2007-04-11,4.658206939697266,5.460000038146973,5.53125,5.441249847412109,5.53125,3182400
2007-04-12,4.718990325927734,5.53125,5.53249979019165,5.424375057220459,5.443749904632568,3296000
2007-04-13,4.753117561340332,5.571249961853027,5.571249961853027,5.496874809265137,5.533750057220459,2198400
2007-04-16,4.842700004577637,5.676249980926514,5.683750152587891,5.613124847412109,5.616250038146973,3064000
2007-04-17,4.865626811981201,5.703125,5.726874828338623,5.676249980926514,5.699999809265137,1960000
2007-04-18,4.868826389312744,5.706874847412109,5.745625019073486,5.662499904632568,5.669374942779541,3507200
2007-04-19,4.872025489807129,5.710625171661377,5.725625038146973,5.651249885559082,5.651249885559082,4284800
2007-04-20,4.954675674438477,5.807499885559082,5.809374809265137,5.746250152587891,5.789999961853027,3177600
2007-04-23,4.930145740509033,5.778749942779541,5.821249961853027,5.76687479019165,5.800000190734863,1769600
2007-04-24,4.932281970977783,5.78125,5.796249866485596,5.71750020980835,5.775000095367432,4456000
2007-04-25,5.0175933837890625,5.881249904632568,5.895625114440918,5.785624980926514,5.824999809265137,3668800
2007-04-26,5.033592700958252,5.900000095367432,5.905624866485596,5.855000019073486,5.885000228881836,3625600
2007-04-27,5.016529083251953,5.880000114440918,5.897500038146973,5.828125,5.848124980926514,3262400
2007-04-30,4.946676731109619,5.79812479019165,5.893125057220459,5.778124809265137,5.875,2868800
2007-05-01,4.95894193649292,5.8125,5.814374923706055,5.732500076293945,5.806250095367432,5614400
2007-05-02,5.019195079803467,5.883124828338623,5.910624980926514,5.8125,5.830625057220459,4856000
2007-05-03,5.064518451690674,5.93625020980835,5.944375038146973,5.893750190734863,5.893750190734863,4990400
2007-05-04,5.10024356842041,5.978125095367432,6.00124979019165,5.931250095367432,5.962500095367432,4193600
2007-05-07,5.103443145751953,5.981874942779541,6.003125190734863,5.978750228881836,5.990624904632568,1838400
2007-05-08,5.09757661819458,5.974999904632568,5.986875057220459,5.92062520980835,5.944375038146973,5091200
2007-05-09,5.131171226501465,6.01437520980835,6.028124809265137,5.948124885559082,5.956874847412109,4168000
2007-05-10,5.01492977142334,5.878125190734863,5.987500190734863,5.852499961853027,5.96875,6022400
2007-05-11,5.093312740325928,5.96999979019165,5.96999979019165,5.883749961853027,5.886875152587891,4123200
2007-05-14,5.074650764465332,5.948124885559082,5.999374866485596,5.901249885559082,5.983749866485596,2372800
2007-05-15,5.060784816741943,5.931875228881836,6.036874771118164,5.915625095367432,5.965624809265137,5388800
2007-05-16,5.141836166381836,6.026875019073486,6.03125,5.934374809265137,5.963749885559082,3524800
2007-05-17,5.129036903381348,6.011875152587891,6.053124904632568,5.989375114440918,6.003125190734863,4214400
2007-05-18,5.206355094909668,6.102499961853027,6.102499961853027,6.042500019073486,6.059374809265137,4923200
2007-05-21,5.198891639709473,6.09375,6.152500152587891,6.09375,6.103125095367432,6588800
2007-05-22,5.207955837249756,6.104374885559082,6.146249771118164,6.086874961853027,6.106249809265137,4350400
2007-05-23,5.202088832855225,6.097499847412109,6.171249866485596,6.086249828338623,6.132500171661377,6137600
2007-05-24,5.092245578765869,5.96875,6.148125171661377,5.949999809265137,6.086249828338623,10361600
2007-05-25,5.132237911224365,6.015625,6.04562520980835,5.985000133514404,6.005624771118164,3265600
2007-05-29,5.17169713973999,6.061874866485596,6.081250190734863,6.005624771118164,6.044374942779541,3836800
2007-05-30,5.2570109367370605,6.161874771118164,6.161874771118164,5.991250038146973,5.994999885559082,4905600
2007-05-31,5.25167989730835,6.155624866485596,6.193749904632568,6.136250019073486,6.181250095367432,5232000
2007-06-01,5.292736530303955,6.203750133514404,6.235000133514404,6.164999961853027,6.203125,4008000
2007-06-04,5.293269634246826,6.20437479019165,6.230625152587891,6.161250114440918,6.165625095367432,2592000
2007-06-05,5.251145362854004,6.15500020980835,6.192500114440918,6.109375,6.171249866485596,5500800
2007-06-06,5.134368896484375,6.018125057220459,6.111875057220459,6.017499923706055,6.107500076293945,9313600
2007-06-07,4.960540771484375,5.814374923706055,6.034999847412109,5.803124904632568,6.000625133514404,16611200
2007-06-08,5.070915222167969,5.943749904632568,5.959374904632568,5.801875114440918,5.835000038146973,11830400
2007-06-11,5.10024356842041,5.978125095367432,6.017499923706055,5.921875,5.940625190734863,8110400
2007-06-12,4.974937438964844,5.831250190734863,5.982500076293945,5.831250190734863,5.915625095367432,8147200
2007-06-13,5.129571437835693,6.012499809265137,6.019374847412109,5.87624979019165,5.902500152587891,8526400
2007-06-14,5.185561180114746,6.078125,6.103125095367432,6.019374847412109,6.021249771118164,9342400
2007-06-15,5.243681907653809,6.146249771118164,6.199999809265137,6.144999980926514,6.178124904632568,6880000
2007-06-18,5.230881214141846,6.131249904632568,6.177499771118164,6.120625019073486,6.175000190734863,4846400
2007-06-19,5.253810882568359,6.158124923706055,6.175000190734863,6.098124980926514,6.119375228881836,6472000
2007-06-20,5.109310150146484,5.988749980926514,6.1875,5.981874942779541,6.186874866485596,9172800
2007-06-21,5.170629024505615,6.060625076293945,6.069375038146973,5.918749809265137,5.98562479019165,12366400
2007-06-22,5.0751824378967285,5.948750019073486,6.041250228881836,5.893750190734863,6.015625,11548800
2007-06-25,5.023994445800781,5.888750076293945,5.996874809265137,5.827499866485596,5.934374809265137,12051200
2007-06-26,4.933244228363037,5.765625,5.917500019073486,5.762499809265137,5.895625114440918,11694400
2007-06-27,5.070679664611816,5.926249980926514,5.926249980926514,5.731249809265137,5.733749866485596,11553600
2007-06-28,5.059449672698975,5.913125038146973,5.989375114440918,5.900625228881836,5.910624980926514,15227200
2007-06-29,5.053567886352539,5.90625,6.004374980926514,5.81125020980835,5.931250095367432,15792000
2007-07-02,5.153569221496582,6.023125171661377,6.023125171661377,5.9375,5.945000171661377,8094400
2007-07-03,5.17977237701416,6.053750038146973,6.065000057220459,6.029375076293945,6.041250228881836,4776000
2007-07-05,5.167470932006836,6.039374828338623,6.068749904632568,5.99875020980835,6.056250095367432,8211200
2007-07-06,5.222018241882324,6.103125095367432,6.119999885559082,6.020625114440918,6.054375171661377,6675200
2007-07-09,5.223623752593994,6.105000019073486,6.131249904632568,6.076250076293945,6.117499828338623,5854400
2007-07-10,5.064797401428223,5.919374942779541,6.071249961853027,5.919374942779541,6.043749809265137,13172800
2007-07-11,5.150894641876221,6.019999980926514,6.019999980926514,5.90625,5.925000190734863,9795200
2007-07-12,5.324162483215332,6.222499847412109,6.23562479019165,6.061874866485596,6.065625190734863,11457600
2007-07-13,5.3562469482421875,6.260000228881836,6.291874885559082,6.206250190734863,6.21875,10273600
2007-07-16,5.347154140472412,6.249374866485596,6.297500133514404,6.223124980926514,6.252500057220459,10603200
2007-07-17,5.336993217468262,6.237500190734863,6.294374942779541,6.23312520980835,6.250625133514404,7244800
2007-07-18,5.322021484375,6.21999979019165,6.232500076293945,6.115624904632568,6.193124771118164,11124800
2007-07-19,5.35464334487915,6.258124828338623,6.291250228881836,6.234375,6.275000095367432,7064000
2007-07-20,5.240200519561768,6.124374866485596,6.246874809265137,6.073124885559082,6.243124961853027,13556800
2007-07-23,5.279240608215332,6.170000076293945,6.221250057220459,6.152500152587891,6.1875,6121600
2007-07-24,5.10330057144165,5.964375019073486,6.120625019073486,5.911250114440918,6.091875076293945,14790400
2007-07-25,5.117738723754883,5.981249809265137,6.03125,5.865624904632568,6.006875038146973,17796800
2007-07-26,4.874422550201416,5.696875095367432,5.896874904632568,5.5625,5.857500076293945,37945600
2007-07-27,4.697411060333252,5.489999771118164,5.75,5.489999771118164,5.688125133514404,40204800
2007-07-30,4.823614597320557,5.637499809265137,5.664999961853027,5.478125095367432,5.519999980926514,22276800
2007-07-31,4.697944164276123,5.490624904632568,5.742499828338623,5.455625057220459,5.706250190734863,22214400
2007-08-01,4.761046886444092,5.564374923706055,5.59250020980835,5.370625019073486,5.473750114440918,36564800
2007-08-02,4.827361583709717,5.64187479019165,5.651875019073486,5.534375190734863,5.581250190734863,20574400
2007-08-03,4.5562334060668945,5.324999809265137,5.625625133514404,5.31125020980835,5.621874809265137,29067200
2007-08-06,4.73538064956665,5.534375190734863,5.572500228881836,5.271874904632568,5.376874923706055,30292800
2007-08-07,4.823614597320557,5.637499809265137,5.727499961853027,5.479374885559082,5.502500057220459,25001600
2007-08-08,4.9599833488464355,5.796875,5.848124980926514,5.649374961853027,5.702499866485596,25532800
2007-08-09,4.676019191741943,5.465000152587891,5.728750228881836,5.449375152587891,5.596875190734863,26979200
2007-08-10,4.609706401824951,5.387499809265137,5.531875133514404,5.288125038146973,5.488749980926514,46054400
2007-08-13,4.655697822570801,5.441249847412109,5.5625,5.434999942779541,5.460625171661377,18425600
2007-08-14,4.5011515617370605,5.260624885559082,5.480000019073486,5.25124979019165,5.478125095367432,30662400
2007-08-15,4.3893818855285645,5.130000114440918,5.372499942779541,5.098750114440918,5.234375,44051200
2007-08-16,4.435909748077393,5.184374809265137,5.240624904632568,4.855000019073486,5.036250114440918,72382400
2007-08-17,4.618800163269043,5.398125171661377,5.5,5.220624923706055,5.391250133514404,47891200
2007-08-20,4.607034206390381,5.384375095367432,5.440625190734863,5.28125,5.414999961853027,32020800
2007-08-21,4.624683856964111,5.40500020980835,5.466249942779541,5.34375,5.375,25497600
2007-08-22,4.724684715270996,5.521874904632568,5.536250114440918,5.426249980926514,5.48562479019165,28225600
2007-08-23,4.715592861175537,5.511250019073486,5.599999904632568,5.443749904632568,5.583749771118164,25088000
2007-08-24,4.823614597320557,5.637499809265137,5.640625,5.494375228881836,5.515625,16654400
2007-08-27,4.740726947784424,5.540625095367432,5.615624904632568,5.53125,5.601874828338623,15252800
2007-08-28,4.544468879699707,5.31125020980835,5.493750095367432,5.281875133514404,5.493750095367432,22872000
2007-08-29,4.707036018371582,5.50124979019165,5.515625,5.313125133514404,5.356249809265137,15886400
2007-08-30,4.6819024085998535,5.471875190734863,5.548749923706055,5.377500057220459,5.413125038146973,20307200
2007-08-31,4.749817371368408,5.551249980926514,5.646874904632568,5.51687479019165,5.598124980926514,22899200
2007-09-04,4.872815132141113,5.695000171661377,5.759375095367432,5.563125133514404,5.581250190734863,14907200
2007-09-05,4.764791965484619,5.568749904632568,5.635624885559082,5.533124923706055,5.612500190734863,17284800
2007-09-06,4.812385559082031,5.624374866485596,5.648749828338623,5.541250228881836,5.61062479019165,12625600
2007-09-07,4.667997360229492,5.455625057220459,5.564374923706055,5.399374961853027,5.564374923706055,25568000
2007-09-10,4.6369829177856445,5.419374942779541,5.503125190734863,5.32687520980835,5.486249923706055,18792000
2007-09-11,4.764791965484619,5.568749904632568,5.570624828338623,5.460625171661377,5.474999904632568,18577600
2007-09-12,4.7861809730529785,5.59375,5.625625133514404,5.519374847412109,5.539374828338623,13459200
2007-09-13,4.837518692016602,5.653749942779541,5.699999809265137,5.609375,5.631249904632568,14099200
2007-09-14,4.845007419586182,5.662499904632568,5.674375057220459,5.573124885559082,5.587500095367432,9304000
2007-09-17,4.7829766273498535,5.590000152587891,5.640625,5.566249847412109,5.607500076293945,8059200
2007-09-18,5.064797401428223,5.919374942779541,6.25,5.621250152587891,5.650000095367432,26377600
2007-09-19,5.132178783416748,5.998125076293945,6.074375152587891,5.948750019073486,6.005624771118164,16000000
2007-09-20,5.0642619132995605,5.918749809265137,6.001874923706055,5.897500038146973,5.98312520980835,13624000
2007-09-21,5.080306529998779,5.9375,6.012499809265137,5.9375,5.996874809265137,8716800
2007-09-24,5.069610118865967,5.925000190734863,6.008749961853027,5.890625,5.974999904632568,12513600
2007-09-25,5.053203582763672,5.890625,5.900625228881836,5.811874866485596,5.87375020980835,13188800
2007-09-26,5.090734481811523,5.934374809265137,5.983749866485596,5.898749828338623,5.941874980926514,11401600
2007-09-27,5.152390003204346,6.006249904632568,6.006249904632568,5.950624942779541,5.99875020980835,9728000
2007-09-28,5.119149208068848,5.96750020980835,6.012499809265137,5.924375057220459,5.996874809265137,10140800
2007-10-01,5.2456817626953125,6.114999771118164,6.133749961853027,5.971875190734863,5.972499847412109,13036800
2007-10-02,5.231741905212402,6.098750114440918,6.126874923706055,6.065000057220459,6.112500190734863,11297600
2007-10-03,5.194746017456055,6.055624961853027,6.106874942779541,6.03125,6.0625,11811200
2007-10-04,5.211367607116699,6.074999809265137,6.09499979019165,6.044374942779541,6.07937479019165,5708800
2007-10-05,5.336827278137207,6.221250057220459,6.235000133514404,6.123125076293945,6.150625228881836,15198400
2007-10-08,5.2816033363342285,6.156875133514404,6.188125133514404,6.133124828338623,6.17062520980835,8030400
2007-10-09,5.367387771606445,6.256875038146973,6.260000228881836,6.152500152587891,6.202499866485596,10510400
2007-10-10,5.344869136810303,6.230625152587891,6.258124828338623,6.179999828338623,6.215624809265137,9723200
2007-10-11,5.305194854736328,6.184374809265137,6.34250020980835,6.105000019073486,6.29812479019165,18406400
2007-10-12,5.3555908203125,6.243124961853027,6.243750095367432,6.169374942779541,6.18625020980835,7584000
2007-10-15,5.272490501403809,6.146249771118164,6.246874809265137,6.06125020980835,6.243750095367432,14961600
2007-10-16,5.209758281707764,6.073124885559082,6.101250171661377,6.022500038146973,6.090624809265137,17833600
2007-10-17,5.219408988952637,6.084374904632568,6.168749809265137,5.941249847412109,6.168749809265137,24425600
2007-10-18,5.1883134841918945,6.04812479019165,6.071249961853027,5.984375,6.010000228881836,12704000
2007-10-19,4.895040035247803,5.706250190734863,5.988749980926514,5.706250190734863,5.982500076293945,33580800
2007-10-22,4.964738845825195,5.787499904632568,5.794374942779541,5.630624771118164,5.631249904632568,27080000
2007-10-23,5.015672206878662,5.846875190734863,5.885624885559082,5.760624885559082,5.84375,13222400
2007-10-24,5.023715496063232,5.856249809265137,5.868750095367432,5.650000095367432,5.831250190734863,35635200
2007-10-25,5.043553352355957,5.879374980926514,5.911250114440918,5.730000019073486,5.851874828338623,23980800
2007-10-26,5.1615071296691895,6.01687479019165,6.018125057220459,5.881875038146973,5.978750228881836,20297600
2007-10-29,5.183488368988037,6.042500019073486,6.073124885559082,6.007500171661377,6.037499904632568,19896000
2007-10-30,5.11110782623291,5.958125114440918,6.021249771118164,5.95187520980835,6.0,13872000
2007-10-31,5.226914882659912,6.093124866485596,6.136250019073486,5.949375152587891,6.021874904632568,33459200
2007-11-01,4.977072715759277,5.801875114440918,5.987500190734863,5.768750190734863,5.986249923706055,47307200
2007-11-02,4.988866806030273,5.815625190734863,5.837500095367432,5.666250228881836,5.837500095367432,33088000
2007-11-05,4.902009963989258,5.714375019073486,5.808750152587891,5.643750190734863,5.643750190734863,30507200
2007-11-06,5.046769142150879,5.883124828338623,5.883124828338623,5.714375019073486,5.796249866485596,21576000
2007-11-07,4.779231071472168,5.571249961853027,5.801249980926514,5.526875019073486,5.749374866485596,34966400
2007-11-08,4.717037200927734,5.49875020980835,5.65625,5.34375,5.65625,44792000
2007-11-09,4.598012924194336,5.360000133514404,5.523749828338623,5.328125,5.393750190734863,42720000
2007-11-12,4.519733905792236,5.268750190734863,5.449999809265137,5.239999771118164,5.311874866485596,34192000
2007-11-13,4.777088165283203,5.568749904632568,5.568749904632568,5.34375,5.379374980926514,33260800
2007-11-14,4.7250823974609375,5.508124828338623,5.661874771118164,5.456250190734863,5.661874771118164,39161600
2007-11-15,4.604983806610107,5.368124961853027,5.505000114440918,5.286874771118164,5.40749979019165,40816000
2007-11-16,4.606592178344727,5.369999885559082,5.427499771118164,5.289374828338623,5.351874828338623,34153600
2007-11-19,4.4714813232421875,5.212500095367432,5.357500076293945,5.1875,5.316249847412109,44315200
2007-11-20,4.522951602935791,5.272500038146973,5.350625038146973,5.105625152587891,5.216249942779541,46014400
2007-11-21,4.352457523345947,5.073750019073486,5.232500076293945,5.072500228881836,5.206250190734863,47060800
2007-11-23,4.482205867767334,5.224999904632568,5.255624771118164,5.140625,5.176249980926514,13672000
2007-11-26,4.310638427734375,5.025000095367432,5.29812479019165,4.990624904632568,5.293749809265137,35753600
2007-11-27,4.41357946395874,5.144999980926514,5.174375057220459,5.013124942779541,5.090624809265137,36432000
2007-11-28,4.666104316711426,5.439374923706055,5.475625038146973,5.244375228881836,5.299375057220459,38513600
2007-11-29,4.682188987731934,5.458125114440918,5.494999885559082,5.321875095367432,5.321875095367432,24516800
2007-11-30,4.782447814941406,5.574999809265137,5.626874923706055,5.466875076293945,5.626874923706055,34696000
2007-12-03,4.699345588684082,5.478125095367432,5.54562520980835,5.461874961853027,5.543749809265137,17987200
2007-12-04,4.632326602935791,5.400000095367432,5.465624809265137,5.392499923706055,5.456250190734863,20353600
2007-12-05,4.776551246643066,5.568124771118164,5.584374904632568,5.5,5.524374961853027,28915200
2007-12-06,4.910052299499512,5.723750114440918,5.748125076293945,5.552499771118164,5.607500076293945,28960000
2007-12-07,4.921846389770508,5.737500190734863,5.769374847412109,5.700624942779541,5.76687479019165,22272000
2007-12-10,4.981896877288818,5.807499885559082,5.824999809265137,5.723750114440918,5.789374828338623,18246400
2007-12-11,4.718111515045166,5.5,5.87375020980835,5.472499847412109,5.820000171661377,51688000
2007-12-12,4.801214218139648,5.596875190734863,5.774374961853027,5.4375,5.625,51467200
2007-12-13,4.799604415893555,5.59499979019165,5.605625152587891,5.445624828338623,5.515625,47526400
2007-12-14,4.660205364227295,5.432499885559082,5.578750133514404,5.432499885559082,5.498125076293945,36689600
2007-12-17,4.511693000793457,5.259375095367432,5.409999847412109,5.257500171661377,5.38937520980835,39969600
2007-12-18,4.569061279296875,5.326250076293945,5.37624979019165,5.196249961853027,5.349999904632568,45758400
2007-12-19,4.576031684875488,5.334374904632568,5.40500020980835,5.269999980926514,5.343124866485596,56008000
2007-12-20,4.620222091674805,5.155624866485596,5.179999828338623,5.056250095367432,5.169374942779541,34024000
2007-12-21,4.772010326385498,5.324999809265137,5.32937479019165,5.1875,5.219375133514404,35748800
2007-12-24,4.847621917724609,5.409375190734863,5.409375190734863,5.340624809265137,5.349999904632568,7424000
2007-12-26,4.844820976257324,5.40625,5.413125038146973,5.3125,5.396874904632568,10075200
2007-12-27,4.718799591064453,5.265625,5.375625133514404,5.248125076293945,5.375,18817600
2007-12-28,4.706477642059326,5.251874923706055,5.340624809265137,5.221875190734863,5.340624809265137,17428800
2007-12-31,4.63758659362793,5.175000190734863,5.262499809265137,5.168749809265137,5.231249809265137,17102400
2008-01-02,4.540689945220947,5.066874980926514,5.221250057220459,5.010000228881836,5.196249961853027,40305600
2008-01-03,4.539011478424072,5.065000057220459,5.115624904632568,5.021874904632568,5.081250190734863,27728000
2008-01-04,4.323933124542236,4.824999809265137,4.993750095367432,4.794374942779541,4.993750095367432,51968000
2008-01-07,4.3127312660217285,4.8125,4.884375095367432,4.743124961853027,4.869999885559082,77828800
2008-01-08,4.164307117462158,4.646874904632568,4.929375171661377,4.631249904632568,4.851874828338623,82001600
2008-01-09,4.257840633392334,4.75124979019165,4.785624980926514,4.57687520980835,4.65625,70814400
2008-01-10,4.323933124542236,4.824999809265137,4.92062520980835,4.675624847412109,4.718124866485596,129163200
2008-01-11,4.243278980255127,4.735000133514404,4.834374904632568,4.675000190734863,4.792500019073486,115432000
2008-01-14,4.317772388458252,4.818124771118164,4.838125228881836,4.75124979019165,4.811874866485596,53734400
2008-01-15,4.11445951461792,4.591249942779541,4.729374885559082,4.581250190734863,4.691249847412109,75363200
2008-01-16,4.060129642486572,4.530624866485596,4.659999847412109,4.471250057220459,4.551875114440918,94468800
2008-01-17,3.834970474243164,4.279375076293945,4.56374979019165,4.248125076293945,4.54812479019165,160683200
2008-01-18,3.756556987762451,4.191874980926514,4.381875038146973,4.132500171661377,4.343124866485596,152822400
2008-01-22,3.6753427982330322,4.101250171661377,4.20187520980835,3.8218750953674316,3.877500057220459,178784000
2008-01-23,3.8629748821258545,4.310625076293945,4.315000057220459,3.861875057220459,3.9181249141693115,258768000
2008-01-24,3.9206645488739014,4.375,4.403749942779541,4.267499923706055,4.341875076293945,218368000
2008-01-25,3.7957634925842285,4.23562479019165,4.484375,4.212500095367432,4.46875,153788800
2008-01-28,3.934664726257324,4.390625,4.394374847412109,4.181250095367432,4.255624771118164,122756800
2008-01-29,3.9604318141937256,4.419374942779541,4.458749771118164,4.35812520980835,4.443749904632568,101803200
2008-01-30,3.9105851650238037,4.363749980926514,4.59375,4.34375,4.40625,167328000
2008-01-31,4.0410847663879395,4.509375095367432,4.59250020980835,4.239999771118164,4.260000228881836,196296000
2008-02-01,4.171586513519287,4.65500020980835,4.663750171661377,4.524374961853027,4.5625,140390400
2008-02-04,4.070211410522461,4.541874885559082,4.645625114440918,4.541874885559082,4.640625,84217600
2008-02-05,3.8534531593322754,4.300000190734863,4.442500114440918,4.268750190734863,4.421249866485596,144512000
2008-02-06,3.7834415435791016,4.221875190734863,4.369375228881836,4.190000057220459,4.339375019073486,113246400
2008-02-07,3.840571641921997,4.285624980926514,4.339375019073486,4.146249771118164,4.167500019073486,157926400
2008-02-08,3.780643939971924,4.21875,4.306250095367432,4.171249866485596,4.243750095367432,116347200
2008-02-11,3.8198466300964355,4.262499809265137,4.303750038146973,4.164999961853027,4.23312520980835,92808000
2008-02-12,3.9038608074188232,4.356249809265137,4.43625020980835,4.284999847412109,4.34499979019165,120016000
2008-02-13,3.9772346019744873,4.438125133514404,4.480625152587891,4.360000133514404,4.414999961853027,91355200
2008-02-14,3.8870577812194824,4.337500095367432,4.481249809265137,4.334374904632568,4.470624923706055,99569600
2008-02-15,3.9033007621765137,4.355625152587891,4.356249809265137,4.278124809265137,4.309999942779541,64534400
2008-02-19,3.9374682903289795,4.393750190734863,4.46875,4.320000171661377,4.45187520980835,101627200
2008-02-20,3.9419479370117188,4.398749828338623,4.443749904632568,4.268125057220459,4.28125,110972800
2008-02-21,3.8730576038360596,4.321875095367432,4.473124980926514,4.283124923706055,4.449999809265137,100641600
2008-02-22,3.9318654537200928,4.387499809265137,4.393125057220459,4.208749771118164,4.340000152587891,128360000
2008-02-25,4.0270843505859375,4.493750095367432,4.513750076293945,4.32937479019165,4.380624771118164,124296000
2008-02-26,4.074691295623779,4.546875,4.598750114440918,4.4375,4.45437479019165,106372800
2008-02-27,4.067970275878906,4.539374828338623,4.609375,4.498125076293945,4.505624771118164,87632000
2008-02-28,3.9817163944244385,4.443124771118164,4.529375076293945,4.4375,4.481249809265137,84096000
2008-02-29,3.8220877647399902,4.264999866485596,4.381875038146973,4.193749904632568,4.376874923706055,140571200
2008-03-03,3.7812023162841797,4.219375133514404,4.260624885559082,4.159999847412109,4.216249942779541,104187200
2008-03-04,3.7660787105560303,4.202499866485596,4.231249809265137,4.081250190734863,4.155624866485596,170460800
2008-03-05,3.813685894012451,4.255624771118164,4.315000057220459,4.164999961853027,4.231874942779541,143988800
2008-03-06,3.651259183883667,4.074375152587891,4.21875,4.046875,4.201250076293945,153064000
2008-03-07,3.584047317504883,3.999375104904175,4.119375228881836,3.9262499809265137,3.9981250762939453,201801600
2008-03-10,3.4798696041107178,3.883125066757202,4.008124828338623,3.866874933242798,4.002500057220459,131331200
2008-03-11,3.7408745288848877,4.174375057220459,4.174375057220459,3.948124885559082,4.053750038146973,171630400
2008-03-12,3.6719820499420166,4.097499847412109,4.242499828338623,4.078125,4.177499771118164,155808000
2008-03-13,3.6854248046875,4.112500190734863,4.170000076293945,3.916249990463257,3.9800000190734863,226809600
2008-03-14,3.569485902786255,3.9831249713897705,4.178124904632568,3.869999885559082,4.176875114440918,257662400
2008-03-17,3.491071939468384,3.895625114440918,3.9543750286102295,3.7618749141693115,3.7906250953674316,251638400
2008-03-18,3.7800800800323486,4.218124866485596,4.218124866485596,3.9962499141693115,4.036874771118164,241812800
2008-03-19,3.585167169570923,4.000625133514404,4.287499904632568,3.991874933242798,4.25,210584000
2008-03-20,3.7190301418304443,4.150000095367432,4.209374904632568,3.984999895095825,4.025000095367432,174843200
2008-03-24,3.878095865249634,4.327499866485596,4.38937520980835,4.229374885559082,4.234375,146571200
2008-03-25,3.8778185844421387,4.317500114440918,4.364999771118164,4.257500171661377,4.320000171661377,129713600
2008-03-26,3.7784576416015625,4.206874847412109,4.301875114440918,4.206874847412109,4.292500019073486,130376000
2008-03-27,3.755441665649414,4.181250095367432,4.291874885559082,4.161874771118164,4.276875019073486,146678400
2008-03-28,3.68302845954895,4.100625038146973,4.226874828338623,4.081250190734863,4.20187520980835,157292800
2008-03-31,3.704921245574951,4.125,4.184374809265137,4.078750133514404,4.091249942779541,90473600
2008-04-01,3.9603352546691895,4.409375190734863,4.43625020980835,4.229374885559082,4.240624904632568,150515200
2008-04-02,3.9839136600494385,4.435625076293945,4.491250038146973,4.382500171661377,4.450624942779541,121273600
2008-04-03,4.004121780395508,4.458125114440918,4.476250171661377,4.36062479019165,4.381249904632568,111318400
2008-04-04,3.9906504154205322,4.443124771118164,4.509375095367432,4.393125057220459,4.453750133514404,121734400
2008-04-07,3.985596179962158,4.4375,4.54812479019165,4.431250095367432,4.50124979019165,96601600
2008-04-08,3.9811043739318848,4.432499885559082,4.441874980926514,4.379374980926514,4.392499923706055,85222400
2008-04-09,3.918797016143799,4.363124847412109,4.4375,4.3125,4.423749923706055,120611200
2008-04-10,3.937882900238037,4.384375095367432,4.421249866485596,4.310625076293945,4.343124866485596,109662400
2008-04-11,3.7846333980560303,4.213749885559082,4.314374923706055,4.1875,4.28000020980835,132892800
2008-04-14,3.7498297691345215,4.175000190734863,4.219375133514404,4.158124923706055,4.198124885559082,100243200
2008-04-15,3.7840707302093506,4.213125228881836,4.229374885559082,4.143125057220459,4.221875190734863,104324800
2008-04-16,3.9749293327331543,4.425624847412109,4.426875114440918,4.280624866485596,4.28125,117142400
2008-04-17,3.97886061668396,4.429999828338623,4.449375152587891,4.351874828338623,4.375625133514404,105995200
2008-04-18,4.0731682777404785,4.534999847412109,4.600625038146973,4.521874904632568,4.56125020980835,139019200
2008-04-21,4.079904079437256,4.542500019073486,4.563125133514404,4.491875171661377,4.514999866485596,87774400
2008-04-22,4.038363456726074,4.496250152587891,4.519374847412109,4.427499771118164,4.511250019073486,113105600
2008-04-23,4.024329662322998,4.480625152587891,4.550000190734863,4.441874980926514,4.505000114440918,95686400
2008-04-24,4.0563273429870605,4.516250133514404,4.609375,4.435625076293945,4.504374980926514,149440000
2008-04-25,4.127617835998535,4.595624923706055,4.618750095367432,4.491250038146973,4.588749885559082,105118400
2008-04-28,4.130985260009766,4.599374771118164,4.643750190734863,4.588125228881836,4.619999885559082,73097600
2008-04-29,4.09393835067749,4.558125019073486,4.605625152587891,4.535624980926514,4.585000038146973,87012800
2008-04-30,4.051275253295898,4.510624885559082,4.666250228881836,4.510624885559082,4.582499980926514,156419200
2008-05-01,4.214066505432129,4.691874980926514,4.70187520980835,4.512499809265137,4.518125057220459,145808000
2008-05-02,4.235395908355713,4.715624809265137,4.78000020980835,4.662499904632568,4.779375076293945,166777600
2008-05-05,4.206209659576416,4.683125019073486,4.725625038146973,4.650625228881836,4.696249961853027,107353600
2008-05-06,4.269639015197754,4.753749847412109,4.766250133514404,4.602499961853027,4.625,135758400
2008-05-07,4.114708423614502,4.581250190734863,4.755624771118164,4.5625,4.74875020980835,158809600
2008-05-08,4.101797580718994,4.566874980926514,4.637499809265137,4.550000190734863,4.604374885559082,114864000
2008-05-09,4.079904079437256,4.542500019073486,4.576250076293945,4.516250133514404,4.525625228881836,96166400
2008-05-12,4.180384159088135,4.654375076293945,4.654375076293945,4.533750057220459,4.567500114440918,80166400
2008-05-13,4.182631969451904,4.656875133514404,4.67312479019165,4.599374771118164,4.671875,107246400
2008-05-14,4.204524040222168,4.681250095367432,4.760000228881836,4.67312479019165,4.689374923706055,106560000
2008-05-15,4.299392223358154,4.786874771118164,4.788125038146973,4.668749809265137,4.681875228881836,104532800
2008-05-16,4.309495449066162,4.79812479019165,4.807499885559082,4.71999979019165,4.807499885559082,107507200
2008-05-19,4.322408676147461,4.8125,4.892499923706055,4.768125057220459,4.799375057220459,118624000
2008-05-20,4.254483699798584,4.736875057220459,4.76687479019165,4.682499885559082,4.763750076293945,145681600
2008-05-21,4.109094619750977,4.574999809265137,4.750625133514404,4.546875,4.731874942779541,147760000
2008-05-22,4.109094619750977,4.574999809265137,4.618124961853027,4.559374809265137,4.568124771118164,105329600
2008-05-23,4.007490158081055,4.461874961853027,4.554999828338623,4.445000171661377,4.546875,135358400
2008-05-27,4.056889057159424,4.51687479019165,4.538125038146973,4.445624828338623,4.465624809265137,113694400
2008-05-28,4.1046037673950195,4.570000171661377,4.570000171661377,4.478125095367432,4.550624847412109,116147200
2008-05-29,4.139405727386475,4.608749866485596,4.664374828338623,4.54562520980835,4.548749923706055,77798400
2008-05-30,4.14670467376709,4.616875171661377,4.651875019073486,4.606249809265137,4.638124942779541,60376000
2008-06-02,4.0591325759887695,4.519374847412109,4.59375,4.474374771118164,4.590000152587891,102348800
2008-06-03,4.030503273010254,4.487500190734863,4.577499866485596,4.42312479019165,4.556875228881836,122888000
2008-06-04,4.015348434448242,4.470624923706055,4.546249866485596,4.43874979019165,4.458749771118164,138064000
2008-06-05,4.180384159088135,4.654375076293945,4.654375076293945,4.492499828338623,4.508124828338623,108825600
2008-06-06,3.914865255355835,4.358749866485596,4.585000038146973,4.355000019073486,4.568124771118164,185364800
2008-06-09,3.9390029907226562,4.385624885559082,4.429999828338623,4.298749923706055,4.386250019073486,113358400
2008-06-10,3.8890442848205566,4.329999923706055,4.403749942779541,4.304999828338623,4.314374923706055,145652800
2008-06-11,3.7778971195220947,4.206250190734863,4.338749885559082,4.200624942779541,4.329999923706055,161697600
2008-06-12,3.8059639930725098,4.237500190734863,4.315000057220459,4.176249980926514,4.237500190734863,112238400
2008-06-13,3.9002716541290283,4.34250020980835,4.357500076293945,4.243124961853027,4.277500152587891,129192000
2008-06-16,3.906446933746338,4.349374771118164,4.388750076293945,4.296249866485596,4.296875,103894400
2008-06-17,3.8620989322662354,4.300000190734863,4.398749828338623,4.292500019073486,4.396249771118164,121153600
2008-06-18,3.776773452758789,4.204999923706055,4.269999980926514,4.185625076293945,4.246250152587891,181316800
2008-06-19,3.7952988147735596,4.225625038146973,4.277500152587891,4.17062520980835,4.210000038146973,152796800
2008-06-20,3.6678709983825684,4.083749771118164,4.184374809265137,4.067500114440918,4.17062520980835,174268800
2008-06-23,3.65608286857605,4.070624828338623,4.128125190734863,4.070624828338623,4.118124961853027,107747200
2008-06-24,3.648425579071045,4.048749923706055,4.128125190734863,3.9912500381469727,4.045000076293945,155320000
2008-06-25,3.683342456817627,4.087500095367432,4.18625020980835,4.078125,4.084374904632568,146750400
2008-06-26,3.47383189201355,3.8550000190734863,4.025625228881836,3.8550000190734863,4.011875152587891,209460800
2008-06-27,3.4417290687561035,3.8193750381469727,3.903125047683716,3.7931249141693115,3.869374990463257,154891200
2008-06-30,3.471578598022461,3.8524999618530273,3.905625104904175,3.809999942779541,3.843125104904175,137460800
2008-07-01,3.4862215518951416,3.8687500953674316,3.8762500286102295,3.7256250381469727,3.7637500762939453,232875200
2008-07-02,3.36006498336792,3.728749990463257,3.9393749237060547,3.724375009536743,3.898750066757202,191579200
2008-07-03,3.369075298309326,3.7387499809265137,3.794374942779541,3.671250104904175,3.794374942779541,138577600
2008-07-07,3.298675775527954,3.6606249809265137,3.807499885559082,3.603749990463257,3.7718749046325684,219928000
2008-07-08,3.418637752532959,3.793750047683716,3.806874990463257,3.6212499141693115,3.6681249141693115,251078400
2008-07-09,3.2823421955108643,3.6424999237060547,3.8293750286102295,3.625624895095825,3.8143749237060547,195145600
2008-07-10,3.3262734413146973,3.6912500858306885,3.7074999809265137,3.5799999237060547,3.6343750953674316,226675200
2008-07-11,3.245170831680298,3.601249933242798,3.7100000381469727,3.516249895095825,3.601249933242798,321020800
2008-07-14,3.174771785736084,3.523124933242798,3.6962499618530273,3.512500047683716,3.680000066757202,222316800
2008-07-15,3.0897276401519775,3.4287500381469727,3.5718750953674316,3.375,3.4781250953674316,318926400
2008-07-16,3.272204637527466,3.6312499046325684,3.6312499046325684,3.4356250762939453,3.4593749046325684,257590400
2008-07-17,3.301492214202881,3.663749933242798,3.7306249141693115,3.6031250953674316,3.6700000762939453,240713600
2008-07-18,3.343731164932251,3.710624933242798,3.731874942779541,3.664375066757202,3.7231249809265137,127700800
2008-07-21,3.36006498336792,3.728749990463257,3.7618749141693115,3.688124895095825,3.75,119985600
2008-07-22,3.429901361465454,3.8062500953674316,3.8187499046325684,3.6475000381469727,3.661250114440918,150840000
2008-07-23,3.4603137969970703,3.8399999141693115,3.9000000953674316,3.806874990463257,3.827500104904175,201315200
2008-07-24,3.304870128631592,3.6675000190734863,3.8556249141693115,3.6600000858306885,3.849375009536743,166156800
2008-07-25,3.3172619342803955,3.6812500953674316,3.728749990463257,3.6600000858306885,3.702500104904175,126416000
2008-07-28,3.211378812789917,3.5637500286102295,3.7118749618530273,3.556874990463257,3.679374933242798,127137600
2008-07-29,3.3521792888641357,3.7200000286102295,3.7249999046325684,3.581249952316284,3.5893750190734863,135441600
2008-07-30,3.474395513534546,3.8556249141693115,3.8556249141693115,3.733750104904175,3.766249895095825,150272000
2008-07-31,3.383155345916748,3.7543749809265137,3.856250047683716,3.7387499809265137,3.786875009536743,135502400
2008-08-01,3.3476736545562744,3.7149999141693115,3.778125047683716,3.6624999046325684,3.7674999237060547,139977600
2008-08-04,3.2885372638702393,3.6493749618530273,3.7100000381469727,3.628124952316284,3.7043750286102295,125732800
2008-08-05,3.4574975967407227,3.8368749618530273,3.853749990463257,3.6943750381469727,3.703749895095825,111857600
2008-08-06,3.4839694499969482,3.8662500381469727,3.8924999237060547,3.7950000762939453,3.8162500858306885,117139200
2008-08-07,3.384282112121582,3.755625009536743,3.841249942779541,3.7274999618530273,3.8106250762939453,100760000
2008-08-08,3.5149450302124023,3.900624990463257,3.9262499809265137,3.71875,3.728749990463257,143148800
2008-08-11,3.5712647438049316,3.963124990463257,4.020625114440918,3.8843750953674316,3.9018750190734863,138784000
2008-08-12,3.5059335231781006,3.890625,3.950000047683716,3.851249933242798,3.9462499618530273,120240000
2008-08-13,3.46481990814209,3.8450000286102295,3.9075000286102295,3.7906250953674316,3.853749990463257,156076800
2008-08-14,3.5132551193237305,3.898750066757202,3.9437499046325684,3.7931249141693115,3.797499895095825,161744000
2008-08-15,3.547610282897949,3.936875104904175,3.955625057220459,3.884999990463257,3.924375057220459,120291200
2008-08-18,3.4529926776885986,3.8318750858306885,3.9568750858306885,3.7856249809265137,3.953749895095825,148241600
2008-08-19,3.378650188446045,3.749375104904175,3.7874999046325684,3.71875,3.7699999809265137,144774400
2008-08-20,3.4068105220794678,3.780625104904175,3.799999952316284,3.7049999237060547,3.7643749713897705,156942400
2008-08-21,3.4163851737976074,3.791249990463257,3.828125,3.7206249237060547,3.728749990463257,102699200
2008-08-22,3.501991033554077,3.8862500190734863,3.9000000953674316,3.836250066757202,3.843125104904175,104280000
2008-08-25,3.374708414077759,3.744999885559082,3.8550000190734863,3.726249933242798,3.8499999046325684,120659200
2008-08-26,3.392167091369629,3.7643749713897705,3.7925000190734863,3.716249942779541,3.7431249618530273,121860800
2008-08-27,3.4473612308502197,3.825624942779541,3.8475000858306885,3.7568750381469727,3.7718749046325684,114049600
2008-08-28,3.5340936183929443,3.921875,3.934999942779541,3.8637499809265137,3.8687500953674316,105859200
2008-08-29,3.4591877460479736,3.838749885559082,3.9237499237060547,3.8268749713897705,3.896250009536743,97793600
2008-09-02,3.4203269481658936,3.7956249713897705,3.9593749046325684,3.768749952316284,3.924999952316284,203571200
2008-09-03,3.4135680198669434,3.7881250381469727,3.825000047683716,3.7325000762939453,3.7874999046325684,172761600
2008-09-04,3.210815668106079,3.563124895095825,3.75,3.556874990463257,3.734375,289851200
2008-09-05,3.2299649715423584,3.5843749046325684,3.6112499237060547,3.448124885559082,3.5193750858306885,275025600
2008-09-08,3.3634438514709473,3.7325000762939453,3.7987499237060547,3.6181249618530273,3.786250114440918,287700800
2008-09-09,3.1539316177368164,3.5,3.7487499713897705,3.483750104904175,3.733750104904175,241788800
2008-09-10,3.18209171295166,3.53125,3.5975000858306885,3.468125104904175,3.5399999618530273,212321600
2008-09-11,3.273895263671875,3.633125066757202,3.643749952316284,3.4106249809265137,3.440624952316284,235913600
2008-09-12,3.303743839263916,3.666249990463257,3.671875,3.536250114440918,3.5643749237060547,239796800
2008-09-15,2.993420362472534,3.3218750953674316,3.5625,3.315624952316284,3.418750047683716,404283200
2008-09-16,3.077336549758911,3.4149999618530273,3.440624952316284,3.1524999141693115,3.1524999141693115,508224000
2008-09-17,2.816011428833008,3.125,3.336250066757202,3.09375,3.2906250953674316,674088000
2008-09-18,2.9945461750030518,3.323124885559082,3.3868749141693115,2.96875,3.197499990463257,665785600
2008-09-19,3.2237708568573,3.577500104904175,3.75,3.53125,3.676875114440918,317664000
2008-09-22,3.0683250427246094,3.4049999713897705,3.586250066757202,3.349375009536743,3.5743749141693115,282344000
2008-09-23,2.9297773838043213,3.2512500286102295,3.444999933242798,3.2381250858306885,3.382499933242798,493596800
2008-09-24,2.951403856277466,3.2668750286102295,3.297499895095825,3.1937499046325684,3.2825000286102295,462259200
2008-09-25,3.023678779602051,3.346874952316284,3.4181249141693115,3.265625,3.2906250953674316,442366400
2008-09-26,3.045699119567871,3.3712499141693115,3.3918750286102295,3.2274999618530273,3.2518749237060547,419115200
2008-09-29,2.625603437423706,2.90625,3.275624990463257,2.8037500381469727,3.266249895095825,753420800
2008-09-30,2.7803165912628174,3.077500104904175,3.096874952316284,2.9106249809265137,2.9574999809265137,348766400
2008-10-01,2.780881404876709,3.078125,3.101875066757202,2.956249952316284,3.0137500762939453,371763200
2008-10-02,2.5527641773223877,2.825624942779541,3.0118749141693115,2.804374933242798,2.999375104904175,502249600
2008-10-03,2.4827473163604736,2.7481250762939453,3.0374999046325684,2.7149999141693115,2.898124933242798,786876800
2008-10-06,2.2800405025482178,2.523750066757202,2.6262500286102295,2.2856249809265137,2.6006250381469727,1149632000
2008-10-07,2.0349841117858887,2.252500057220459,2.617500066757202,2.246875047683716,2.5956249237060547,959094400
2008-10-08,1.950852870941162,2.159374952316284,2.359375,2.1156249046325684,2.151249885559082,1396329600
2008-10-09,1.676998496055603,1.8562500476837158,2.293750047683716,1.847499966621399,2.2431249618530273,1155249600
2008-10-10,1.6374733448028564,1.8125,2.018749952316284,1.506250023841858,1.6931250095367432,2174492800
2008-10-13,2.0044925212860107,2.21875,2.234375,1.9474999904632568,1.9856250286102295,985563200
2008-10-14,1.9768255949020386,2.188124895095825,2.487499952316284,2.080625057220459,2.4156250953674316,1318080000
2008-10-15,1.6386027336120605,1.8137500286102295,2.106250047683716,1.7975000143051147,2.094374895095825,1232217600
2008-10-16,1.7458853721618652,1.9325000047683716,1.9574999809265137,1.6375000476837158,1.8350000381469727,1946729600
2008-10-17,1.7447558641433716,1.931249976158142,2.124375104904175,1.840000033378601,1.8512500524520874,1441132800
2008-10-20,1.898339867591858,2.101249933242798,2.111875057220459,1.9306249618530273,1.9893749952316284,931081600
2008-10-21,1.78992760181427,1.9812500476837158,2.124375104904175,1.9812500476837158,2.046875,1049700800
2008-10-22,1.6109352111816406,1.7831250429153442,1.9131250381469727,1.659999966621399,1.896875023841858,1281808000
2008-10-23,1.6126288175582886,1.784999966621399,1.8524999618530273,1.596250057220459,1.7731250524520874,1823566400
2008-10-24,1.4963115453720093,1.65625,1.7531249523162842,1.5068750381469727,1.5168750286102295,1611561600
2008-10-27,1.3963693380355835,1.5456249713897705,1.7324999570846558,1.5456249713897705,1.603124976158142,1320307200
2008-10-28,1.705230712890625,1.8875000476837158,1.894374966621399,1.5449999570846558,1.652500033378601,1788302400
2008-10-29,1.6634470224380493,1.841249942779541,2.018749952316284,1.8156249523162842,1.875,1866328000
2008-10-30,1.7413685321807861,1.9275000095367432,1.9918750524520874,1.8493750095367432,1.9643750190734863,1365766400
2008-10-31,1.809125542640686,2.002500057220459,2.0762500762939453,1.909999966621399,1.9318749904632568,1114577600
2008-11-03,1.833970069885254,2.0299999713897705,2.041874885559082,1.9693750143051147,2.0012500286102295,574604800
2008-11-04,1.9339115619659424,2.140625,2.168750047683716,2.061875104904175,2.096250057220459,949092800
2008-11-05,1.7537897825241089,1.941249966621399,2.1443750858306885,1.921875,2.093125104904175,1306166400
2008-11-06,1.5866552591323853,1.756250023841858,1.9368749856948853,1.722499966621399,1.8987499475479126,1744937600
2008-11-07,1.671351432800293,1.850000023841858,1.850000023841858,1.752500057220459,1.78125,1281264000
2008-11-10,1.601336121559143,1.7725000381469727,1.933750033378601,1.7506250143051147,1.9199999570846558,1024873600
2008-11-11,1.5522116422653198,1.7181249856948853,1.7956249713897705,1.6637500524520874,1.7443749904632568,1400283200
2008-11-12,1.4025806188583374,1.5525000095367432,1.6768749952316284,1.5362499952316284,1.6493749618530273,1663260800
2008-11-13,1.5866552591323853,1.756250023841858,1.761875033378601,1.4199999570846558,1.5681250095367432,2585113600
2008-11-14,1.43589448928833,1.5893750190734863,1.78125,1.5893750190734863,1.6799999475479126,2162342400
2008-11-17,1.3805593252182007,1.5281250476837158,1.6449999809265137,1.5187499523162842,1.5668749809265137,1436080000
2008-11-18,1.390722632408142,1.5393749475479126,1.5856250524520874,1.4406249523162842,1.5212500095367432,1956382400
2008-11-19,1.2523850202560425,1.3862500190734863,1.5793750286102295,1.3668750524520874,1.5437500476837158,1941939200
2008-11-20,1.0733920335769653,1.1881250143051147,1.419374942779541,1.125,1.3381249904632568,2931585600
2008-11-21,1.19761323928833,1.325624942779541,1.334375023841858,1.144374966621399,1.2418750524520874,2904603200
2008-11-24,1.3353875875473022,1.478124976158142,1.5518749952316284,1.359375,1.3831249475479126,2164436800
2008-11-25,1.3760422468185425,1.5231250524520874,1.5706249475479126,1.443750023841858,1.5631250143051147,1749956800
2008-11-26,1.4686436653137207,1.6256250143051147,1.6325000524520874,1.4587500095367432,1.4643750190734863,1466392000
2008-11-28,1.5019577741622925,1.662500023841858,1.6643749475479126,1.609375,1.6137499809265137,399675200
2008-12-01,1.2422211170196533,1.375,1.5706249475479126,1.3668750524520874,1.5700000524520874,1533457600
2008-12-02,1.3297410011291504,1.4718749523162842,1.4812500476837158,1.3737499713897705,1.4168750047683716,1823729600
2008-12-03,1.4020159244537354,1.5518749952316284,1.5612499713897705,1.4018750190734863,1.4118750095367432,2399865600
2008-12-04,1.3224010467529297,1.4637500047683716,1.5737500190734863,1.4187500476837158,1.5006250143051147,1804945600
2008-12-05,1.4161322116851807,1.5674999952316284,1.5800000429153442,1.3700000047683716,1.4187500476837158,2112918400
2008-12-08,1.5160740613937378,1.678125023841858,1.7237499952316284,1.6337499618530273,1.6531250476837158,1928152000
2008-12-09,1.4601746797561646,1.6162500381469727,1.716249942779541,1.5993750095367432,1.649999976158142,1501462400
2008-12-10,1.4884071350097656,1.6475000381469727,1.684999942779541,1.6006250381469727,1.6487499475479126,1509500800
2008-12-11,1.411615014076233,1.5625,1.6731250286102295,1.540624976158142,1.621250033378601,1380990400
2008-12-12,1.426295518875122,1.5787500143051147,1.596250057220459,1.4637500047683716,1.475000023841858,1679288000
2008-12-15,1.3935461044311523,1.5425000190734863,1.603124976158142,1.5006250143051147,1.6006250381469727,1069273600
2008-12-16,1.5318846702575684,1.6956249475479126,1.7018749713897705,1.5693750381469727,1.6956249475479126,1545867200
2008-12-17,1.504216194152832,1.6649999618530273,1.721250057220459,1.634374976158142,1.6612499952316284,1304476800
2008-12-18,1.4483171701431274,1.603124976158142,1.6924999952316284,1.5637500286102295,1.681249976158142,1407084800
2008-12-19,1.4381529092788696,1.5918749570846558,1.6668750047683716,1.584375023841858,1.6206250190734863,1172592000
2008-12-22,1.3918522596359253,1.540624976158142,1.6074999570846558,1.490625023841858,1.603124976158142,935915200
2008-12-23,1.3680241107940674,1.5106250047683716,1.571874976158142,1.5,1.5581250190734863,748062400
2008-12-24,1.381042242050171,1.524999976158142,1.533750057220459,1.5049999952316284,1.5243749618530273,217889600
2008-12-26,1.3963241577148438,1.5418750047683716,1.5518749952316284,1.5237499475479126,1.549375057220459,220425600
2008-12-29,1.3917957544326782,1.5368750095367432,1.550624966621399,1.4900000095367432,1.5481250286102295,490958400
2008-12-30,1.4478299617767334,1.5987499952316284,1.606874942779541,1.5418750047683716,1.5549999475479126,592670400
2008-12-31,1.486884593963623,1.6418750286102295,1.6768749952316284,1.6024999618530273,1.6106250286102295,769459200
2009-01-02,1.5785764455795288,1.7431249618530273,1.7649999856948853,1.6399999856948853,1.659999966621399,812174400
2009-01-05,1.5768786668777466,1.7412500381469727,1.7799999713897705,1.7112499475479126,1.7374999523162842,990352000
2009-01-06,1.6023485660552979,1.769374966621399,1.8081250190734863,1.743749976158142,1.778749942779541,1125137600
2009-01-07,1.510656714439392,1.668125033378601,1.7268749475479126,1.6487499475479126,1.716249942779541,928454400
2009-01-08,1.5208442211151123,1.6793750524520874,1.6793750524520874,1.6306250095367432,1.6456249952316284,848684800
2009-01-09,1.4529240131378174,1.6043750047683716,1.6906249523162842,1.5981249809265137,1.6862499713897705,1004788800
2009-01-12,1.3872679471969604,1.5318750143051147,1.6006250381469727,1.5125000476837158,1.5987499952316284,889272000
2009-01-13,1.3883999586105347,1.5331250429153442,1.5593750476837158,1.5043749809265137,1.521875023841858,1044182400
2009-01-14,1.3018015623092651,1.4375,1.4893749952316284,1.4162499904632568,1.4824999570846558,1511782400
2009-01-15,1.3046317100524902,1.4406249523162842,1.46875,1.3487499952316284,1.431249976158142,1776382400
2009-01-16,1.321612000465393,1.459375023841858,1.4931249618530273,1.394374966621399,1.4912500381469727,1351417600
2009-01-20,1.1829421520233154,1.306249976158142,1.4406249523162842,1.303125023841858,1.433750033378601,1508334400
2009-01-21,1.2836897373199463,1.4175000190734863,1.424375057220459,1.3037500381469727,1.3518749475479126,1215240000
2009-01-22,1.2463337182998657,1.3762500286102295,1.4187500476837158,1.3224999904632568,1.3637499809265137,1447542400
2009-01-23,1.2570879459381104,1.388124942779541,1.4168750047683716,1.303125023841858,1.3143750429153442,1530889600
2009-01-26,1.2695400714874268,1.4018750190734863,1.4631249904632568,1.377500057220459,1.403749942779541,1204963200
2009-01-27,1.2972737550735474,1.4325000047683716,1.455625057220459,1.4031250476837158,1.421875,1106473600
2009-01-28,1.3850038051605225,1.5293749570846558,1.5499999523162842,1.4874999523162842,1.496250033378601,1386736000
2009-01-29,1.3001035451889038,1.4356249570846558,1.4956250190734863,1.4293750524520874,1.4874999523162842,1134942400
2009-01-30,1.2418054342269897,1.371250033378601,1.4574999809265137,1.3543750047683716,1.4487500190734863,1285950400
2009-02-02,1.2389752864837646,1.3681249618530273,1.3856250047683716,1.324375033378601,1.331874966621399,1015536000
2009-02-03,1.2729363441467285,1.4056249856948853,1.424375057220459,1.3550000190734863,1.3837499618530273,1114851200
2009-02-04,1.261049747467041,1.3925000429153442,1.4581249952316284,1.381250023841858,1.4231250286102295,1186219200
2009-02-05,1.2938778400421143,1.4287500381469727,1.4543750286102295,1.3506250381469727,1.368749976158142,1256214400
2009-02-06,1.367457628250122,1.5099999904632568,1.5237499475479126,1.4356249570846558,1.4406249523162842,1186228800
2009-02-09,1.3731181621551514,1.5162500143051147,1.5393749475479126,1.490625023841858,1.5112500190734863,893452800
2009-02-10,1.2474658489227295,1.377500057220459,1.5149999856948853,1.355625033378601,1.4893749952316284,2256097600
2009-02-11,1.2661436796188354,1.3981250524520874,1.408750057220459,1.3550000190734863,1.3893749713897705,1171868800
2009-02-12,1.2684078216552734,1.4006249904632568,1.4006249904632568,1.309999942779541,1.346250057220459,1681812800
2009-02-13,1.2361459732055664,1.3650000095367432,1.4137500524520874,1.3650000095367432,1.390625,1210091200
2009-02-17,1.1303037405014038,1.2481249570846558,1.2937500476837158,1.2468750476837158,1.2793749570846558,1594577600
2009-02-18,1.123511552810669,1.240625023841858,1.2706249952316284,1.21875,1.2662500143051147,1344926400
2009-02-19,1.1014378070831299,1.216249942779541,1.2768750190734863,1.2087500095367432,1.2675000429153442,1328726400
2009-02-20,1.077099323272705,1.1893750429153442,1.2200000286102295,1.140625,1.169374942779541,2021603200
2009-02-23,1.0018211603164673,1.1062500476837158,1.216249942779541,1.1043750047683716,1.2156250476837158,1984820800
2009-02-24,1.0776656866073608,1.190000057220459,1.2024999856948853,1.1106250286102295,1.1237499713897705,1677872000
2009-02-25,1.0584219694137573,1.1687500476837158,1.2174999713897705,1.1325000524520874,1.1793750524520874,1937080000
2009-02-26,1.026159405708313,1.1331249475479126,1.2156250476837158,1.1293749809265137,1.199375033378601,1657377600
2009-02-27,0.9797471165657043,1.081874966621399,1.1299999952316284,1.0774999856948853,1.0831249952316284,1754377600
2009-03-02,0.891451358795166,0.984375,1.0518749952316284,0.9768750071525574,1.0399999618530273,2104496000
2009-03-03,0.8733393549919128,0.9643750190734863,1.013124942779541,0.9549999833106995,1.0106250047683716,2056968000
2009-03-04,0.9163556098937988,1.011875033378601,1.0449999570846558,0.9775000214576721,1.0012500286102295,2175166400
2009-03-05,0.8427753448486328,0.9306250214576721,0.9887499809265137,0.9131249785423279,0.9681249856948853,2018292800
2009-03-06,0.8410772085189819,0.9287499785423279,0.9750000238418579,0.8849999904632568,0.9468749761581421,2255283200
2009-03-09,0.8229650259017944,0.9087499976158142,0.9631249904632568,0.8999999761581421,0.9075000286102295,2090297600
2009-03-10,0.9231473803520203,1.019374966621399,1.0237499475479126,0.9449999928474426,0.9487500190734863,1962892800
2009-03-11,0.9322033524513245,1.0293749570846558,1.0643750429153442,1.0106250047683716,1.043125033378601,1775206400
2009-03-12,1.0069156885147095,1.111875057220459,1.1206250190734863,1.013124942779541,1.0318750143051147,1801273600
2009-03-13,1.0233293771743774,1.1299999952316284,1.1399999856948853,1.0906250476837158,1.128749966621399,1775052800
2009-03-16,1.0193674564361572,1.1256250143051147,1.1868749856948853,1.1218750476837158,1.15625,1438868800
2009-03-17,1.0804957151412964,1.1931250095367432,1.1962499618530273,1.1124999523162842,1.1299999952316284,1270507200
2009-03-18,1.1257755756378174,1.2431249618530273,1.277500033378601,1.1593749523162842,1.181249976158142,2106748800
2009-03-19,1.0991740226745605,1.2137500047683716,1.28125,1.2074999809265137,1.2806249856948853,1498734400
2009-03-20,1.0538934469223022,1.1637500524520874,1.230625033378601,1.1581250429153442,1.2274999618530273,1340468800
2009-03-23,1.204450249671936,1.3300000429153442,1.3300000429153442,1.2156250476837158,1.2262500524520874,1631705600
2009-03-24,1.1582564115524292,1.2725000381469727,1.3300000429153442,1.2706249952316284,1.2949999570846558,1414400000
2009-03-25,1.177598476409912,1.2937500476837158,1.340000033378601,1.225000023841858,1.293125033378601,2077961600
2009-03-26,1.2299362421035767,1.3512500524520874,1.3574999570846558,1.2999999523162842,1.3250000476837158,1773630400
2009-03-27,1.184424638748169,1.3012499809265137,1.331874966621399,1.2937500476837158,1.3156249523162842,1235843200
2009-03-30,1.1025047302246094,1.2112499475479126,1.2456250190734863,1.1868749856948853,1.2431249618530273,1580067200
2009-03-31,1.1224160194396973,1.2331249713897705,1.2831250429153442,1.2206250429153442,1.2356250286102295,1230745600
2009-04-01,1.1656510829925537,1.2806249856948853,1.293125033378601,1.1974999904632568,1.2037500143051147,1337145600
2009-04-02,1.2322123050689697,1.3537499904632568,1.3949999809265137,1.3362499475479126,1.3481249809265137,1828750400
2009-04-03,1.2583805322647095,1.3825000524520874,1.3837499618530273,1.3331249952316284,1.359375,1195748800
2009-04-06,1.2401763200759888,1.3624999523162842,1.3693749904632568,1.3200000524520874,1.3537499904632568,1013211200
2009-04-07,1.181580662727356,1.2981250286102295,1.3312499523162842,1.2949999570846558,1.318750023841858,1081884800
2009-04-08,1.207749605178833,1.3268749713897705,1.3393750190734863,1.2962499856948853,1.3118749856948853,1077179200
2009-04-09,1.3027538061141968,1.431249976158142,1.431249976158142,1.3849999904632568,1.3962500095367432,1182724800
2009-04-13,1.3090112209320068,1.4381250143051147,1.4574999809265137,1.3925000429153442,1.4018750190734863,918995200
2009-04-14,1.261793851852417,1.3862500190734863,1.4306249618530273,1.375,1.4068750143051147,1009704000
2009-04-15,1.2873936891555786,1.4143749475479126,1.4175000190734863,1.3587499856948853,1.3668750524520874,956043200
2009-04-16,1.3272156715393066,1.4581249952316284,1.475000023841858,1.3975000381469727,1.4343750476837158,985004800
2009-04-17,1.3403003215789795,1.472499966621399,1.4931249618530273,1.4418749809265137,1.4656250476837158,915382400
2009-04-20,1.2276607751846313,1.3487499952316284,1.4249999523162842,1.347499966621399,1.421875,925228800
2009-04-21,1.2765851020812988,1.402500033378601,1.4043749570846558,1.328125,1.3300000429153442,858062400
2009-04-22,1.261793851852417,1.3862500190734863,1.4443750381469727,1.3700000047683716,1.3768750429153442,1048620800
2009-04-23,1.284549355506897,1.4112499952316284,1.4137500524520874,1.355625033378601,1.3918750286102295,895142400
2009-04-24,1.3243718147277832,1.4550000429153442,1.4768749475479126,1.4231250286102295,1.433750033378601,987907200
2009-04-27,1.2987717390060425,1.4268749952316284,1.4668749570846558,1.4175000190734863,1.4225000143051147,841184000
2009-04-28,1.290238380432129,1.4175000190734863,1.4524999856948853,1.3918750286102295,1.3993749618530273,835161600
2009-04-29,1.3454203605651855,1.478124976158142,1.5106250047683716,1.4418749809265137,1.4487500190734863,884516800
2009-04-30,1.3505403995513916,1.4837499856948853,1.533750057220459,1.4637500047683716,1.5187499523162842,986793600
2009-05-01,1.3636248111724854,1.4981249570846558,1.5056250095367432,1.4562499523162842,1.481874942779541,659128000
2009-05-04,1.4546465873718262,1.5981249809265137,1.5993750095367432,1.5125000476837158,1.518125057220459,828507200
2009-05-05,1.4421312808990479,1.584375023841858,1.5987499952316284,1.5606249570846558,1.5868749618530273,773888000
2009-05-06,1.4910554885864258,1.638124942779541,1.643125057220459,1.5881249904632568,1.625,1023332800
2009-05-07,1.4557852745056152,1.5993750095367432,1.6775000095367432,1.574375033378601,1.6725000143051147,1082046400
2009-05-08,1.5206382274627686,1.6706249713897705,1.6775000095367432,1.615625023841858,1.636875033378601,929334400
2009-05-11,1.4637489318847656,1.6081249713897705,1.638124942779541,1.600000023841858,1.6231249570846558,667251200
2009-05-12,1.450095534324646,1.5931249856948853,1.627500057220459,1.5575000047683716,1.6218750476837158,962782400
2009-05-13,1.38410484790802,1.5206249952316284,1.5637500286102295,1.5106250047683716,1.5537500381469727,927612800
2009-05-14,1.4034467935562134,1.5418750047683716,1.565000057220459,1.5099999904632568,1.519374966621399,857288000
2009-05-15,1.3795537948608398,1.515625,1.5612499713897705,1.497499942779541,1.5399999618530273,911048000
2009-05-18,1.4609043598175049,1.6050000190734863,1.6050000190734863,1.5393749475479126,1.5449999570846558,648340800
2009-05-19,1.4552156925201416,1.5987499952316284,1.628749966621399,1.5887500047683716,1.6012500524520874,742608000
2009-05-20,1.437011480331421,1.5787500143051147,1.6581250429153442,1.5737500190734863,1.6281249523162842,922542400
2009-05-21,1.3932068347930908,1.5306249856948853,1.553125023841858,1.5,1.540624976158142,998593600
2009-05-22,1.388655662536621,1.5256249904632568,1.5593750476837158,1.5143749713897705,1.540624976158142,633590400
2009-05-26,1.4620424509048462,1.6062500476837158,1.6124999523162842,1.5,1.5031249523162842,794278400
2009-05-27,1.4079978466033936,1.546875,1.6193749904632568,1.5412499904632568,1.6087499856948853,786368000
2009-05-28,1.4466819763183594,1.5893750190734863,1.6037499904632568,1.5262500047683716,1.5737500190734863,1013523200
2009-05-29,1.5018649101257324,1.649999976158142,1.65625,1.5812499523162842,1.6062500476837158,766052800
2009-06-01,1.5701311826705933,1.725000023841858,1.7393749952316284,1.6775000095367432,1.6862499713897705,712065600
2009-06-02,1.5769580602645874,1.7324999570846558,1.747499942779541,1.703125,1.7112499475479126,696352000
2009-06-03,1.5331536531448364,1.6843750476837158,1.7018749713897705,1.652500033378601,1.6987500190734863,677555200
2009-06-04,1.561597466468811,1.7156250476837158,1.7200000286102295,1.671875,1.6974999904632568,635092800
2009-06-05,1.5633045434951782,1.7174999713897705,1.7575000524520874,1.6893750429153442,1.7518750429153442,955083200
2009-06-08,1.5507888793945312,1.7037500143051147,1.736875057220459,1.662500023841858,1.690000057220459,758585600
2009-06-09,1.562735915184021,1.7168749570846558,1.7374999523162842,1.6981250047683716,1.7231249809265137,655924800
2009-06-10,1.5576152801513672,1.7112499475479126,1.75,1.668125033378601,1.7493749856948853,943580800
2009-06-11,1.5712693929672241,1.7262500524520874,1.7731250524520874,1.71875,1.71875,732168000
2009-06-12,1.5815085172653198,1.7374999523162842,1.7374999523162842,1.6962499618530273,1.7118749618530273,538772800
2009-06-15,1.5041406154632568,1.652500033378601,1.6962499618530273,1.6387499570846558,1.6950000524520874,805513600
2009-06-16,1.4671623706817627,1.611875057220459,1.6699999570846558,1.609375,1.668125033378601,681809600
2009-06-17,1.4597671031951904,1.6037499904632568,1.6337499618530273,1.581874966621399,1.6087499856948853,689417600
2009-06-18,1.4813849925994873,1.627500057220459,1.6462500095367432,1.5968749523162842,1.611875057220459,527164800
2009-06-19,1.4921931028366089,1.6393749713897705,1.665624976158142,1.6237499713897705,1.6606249809265137,535128000
2009-06-22,1.402877926826477,1.5412499904632568,1.611875057220459,1.5412499904632568,1.6100000143051147,711291200
2009-06-23,1.4079978466033936,1.546875,1.5643750429153442,1.5293749570846558,1.550624966621399,720811200
2009-06-24,1.4283214807510376,1.5637500286102295,1.5993750095367432,1.5481250286102295,1.5693750381469727,617112000
2009-06-25,1.4922587871551514,1.6337499618530273,1.6375000476837158,1.5475000143051147,1.5518749952316284,894441600
2009-06-26,1.4854083061218262,1.6262500286102295,1.6399999856948853,1.606874942779541,1.625,499667200
2009-06-29,1.513380765914917,1.6568750143051147,1.6606249809265137,1.6181249618530273,1.6362500190734863,511075200
2009-06-30,1.4922587871551514,1.6337499618530273,1.6687500476837158,1.606874942779541,1.65625,618436800
2009-07-01,1.4996802806854248,1.6418750286102295,1.6749999523162842,1.6387499570846558,1.6437499523162842,413491200
2009-07-02,1.4191875457763672,1.5537500381469727,1.6012500524520874,1.5518749952316284,1.6006250381469727,586460800
2009-07-06,1.4197582006454468,1.5543750524520874,1.556249976158142,1.5143749713897705,1.5237499475479126,453585600
2009-07-07,1.3632419109344482,1.4924999475479126,1.5537500381469727,1.490625023841858,1.5499999523162842,579201600
2009-07-08,1.3615292310714722,1.490625023841858,1.518125057220459,1.4574999809265137,1.5112500190734863,781129600
2009-07-09,1.3700921535491943,1.5,1.5206249952316284,1.4874999523162842,1.5112500190734863,612950400
2009-07-10,1.3592455387115479,1.488124966621399,1.506250023841858,1.46875,1.480625033378601,521753600
2009-07-13,1.4271795749664307,1.5625,1.5625,1.4768749475479126,1.5006250143051147,566046400
2009-07-14,1.4437346458435059,1.580625057220459,1.5812499523162842,1.5481250286102295,1.5693750381469727,505473600
2009-07-15,1.5247981548309326,1.669374942779541,1.6793750524520874,1.6168750524520874,1.6200000047683716,566521600
2009-07-16,1.5521998405456543,1.699375033378601,1.7156250476837158,1.6556249856948853,1.6618750095367432,557816000
2009-07-17,1.554483413696289,1.7018749713897705,1.7087500095367432,1.681249976158142,1.7000000476837158,439872000
2009-07-20,1.585310697555542,1.7356250286102295,1.743749976158142,1.7043750286102295,1.7218749523162842,501836800
2009-07-21,1.601294994354248,1.7531249523162842,1.7662500143051147,1.7118749618530273,1.7643749713897705,593624000
2009-07-22,1.6007241010665894,1.752500057220459,1.774999976158142,1.7293750047683716,1.7324999570846558,542569600
2009-07-23,1.6703702211380005,1.8287500143051147,1.8468749523162842,1.753749966621399,1.7556250095367432,665883200
2009-07-24,1.688638687133789,1.8487499952316284,1.8487499952316284,1.794374942779541,1.8137500286102295,466672000
2009-07-27,1.6972012519836426,1.8581249713897705,1.859375,1.8193750381469727,1.840000033378601,485884800
2009-07-28,1.6874964237213135,1.847499966621399,1.8574999570846558,1.8081250190734863,1.8312499523162842,590504000
2009-07-29,1.6709413528442383,1.8293750286102295,1.8406250476837158,1.8049999475479126,1.821874976158142,597564800
2009-07-30,1.7057651281356812,1.8674999475479126,1.9118750095367432,1.865625023841858,1.8756250143051147,737996800
2009-07-31,1.7080482244491577,1.8700000047683716,1.8987499475479126,1.8574999570846558,1.8681249618530273,669360000
2009-08-03,1.7662773132324219,1.933750033378601,1.9381250143051147,1.893125057220459,1.9143749475479126,602091200
2009-08-04,1.7765531539916992,1.9450000524520874,1.9512499570846558,1.909999966621399,1.918125033378601,545542400
2009-08-05,1.7668479681015015,1.9343750476837158,1.9512499570846558,1.9018750190734863,1.9481250047683716,565097600
2009-08-06,1.7491506338119507,1.9149999618530273,1.9574999809265137,1.8962500095367432,1.9518749713897705,518768000
2009-08-07,1.7925370931625366,1.962499976158142,1.996250033378601,1.933750033378601,1.9550000429153442,642681600
2009-08-10,1.7839741706848145,1.953125,1.9643750190734863,1.928125023841858,1.9474999904632568,494056000
2009-08-11,1.7388755083084106,1.903749942779541,1.9418749809265137,1.896875023841858,1.9387500286102295,561656000
2009-08-12,1.7771233320236206,1.9456249475479126,1.9768749475479126,1.8993749618530273,1.9006249904632568,570401600
2009-08-13,1.8056671619415283,1.9768749475479126,1.9793750047683716,1.9268749952316284,1.9656250476837158,560739200
2009-08-14,1.7799782752990723,1.9487500190734863,1.9787499904632568,1.9043749570846558,1.9768749475479126,493531200
2009-08-17,1.6874964237213135,1.847499966621399,1.8756250143051147,1.84375,1.872499942779541,537676800
2009-08-18,1.7188944816589355,1.8818750381469727,1.893125057220459,1.853124976158142,1.8600000143051147,446080000
2009-08-19,1.748579978942871,1.9143749475479126,1.925624966621399,1.847499966621399,1.8512500524520874,502048000
2009-08-20,1.7851155996322632,1.9543750286102295,1.9618749618530273,1.909999966621399,1.9187500476837158,444144000
2009-08-21,1.8496241569519043,2.0250000953674316,2.036250114440918,1.9768749475479126,1.9850000143051147,516120000
2009-08-24,1.8541913032531738,2.0299999713897705,2.068125009536743,2.0143749713897705,2.0456249713897705,575768000
2009-08-25,1.8593286275863647,2.0356249809265137,2.077500104904175,2.028125047683716,2.046250104904175,587142400
2009-08-26,1.8599004745483398,2.036250114440918,2.0562500953674316,2.010624885559082,2.0250000953674316,486801600
2009-08-27,1.8701756000518799,2.047499895095825,2.0587499141693115,1.9887499809265137,2.0325000286102295,464705600
2009-08-28,1.863325595855713,2.0399999618530273,2.083750009536743,2.0168750286102295,2.078749895095825,487398400
2009-08-31,1.8342106342315674,2.008125066757202,2.012500047683716,1.9824999570846558,2.005000114440918,417595200
2009-09-01,1.752576231956482,1.9187500476837158,2.039375066757202,1.9118750095367432,1.9900000095367432,792246400
2009-09-02,1.7394462823867798,1.9043749570846558,1.9293750524520874,1.8956249952316284,1.9043749570846558,489675200
2009-09-03,1.7674189805984497,1.934999942779541,1.9406249523162842,1.8962500095367432,1.9262499809265137,331798400
2009-09-04,1.8176554441452026,1.9900000095367432,1.9918750524520874,1.9325000047683716,1.9443750381469727,353544000
2009-09-08,1.849054217338562,2.0243749618530273,2.0299999713897705,2.0037500858306885,2.0293750762939453,320121600
2009-09-09,1.878167986869812,2.0562500953674316,2.070625066757202,2.0199999809265137,2.031874895095825,372560000
2009-09-10,1.9141324758529663,2.0956249237060547,2.101875066757202,2.036250114440918,2.0606250762939453,369859200
2009-09-11,1.914703607559204,2.096250057220459,2.1187500953674316,2.078125,2.1050000190734863,388444800
2009-09-14,1.9369679689407349,2.1206250190734863,2.125,2.0625,2.063124895095825,299040000
2009-09-15,1.9483858346939087,2.133125066757202,2.1518750190734863,2.0975000858306885,2.1268749237060547,385998400
2009-09-16,2.007755994796753,2.198124885559082,2.200624942779541,2.1362500190734863,2.1524999141693115,396836800
2009-09-17,2.0037591457366943,2.1937499046325684,2.231250047683716,2.169374942779541,2.1943750381469727,541129600
2009-09-18,2.0060436725616455,2.1962499618530273,2.2143750190734863,2.181874990463257,2.213749885559082,357958400
2009-09-21,1.998051404953003,2.1875,2.1968750953674316,2.153125047683716,2.1624999046325684,298067200
2009-09-22,2.018601894378662,2.2100000381469727,2.223750114440918,2.1918749809265137,2.211250066757202,304681600
2009-09-23,1.987204909324646,2.1756250858306885,2.25,2.166249990463257,2.221250057220459,434408000
2009-09-24,1.9414162635803223,2.119999885559082,2.188124895095825,2.1024999618530273,2.1781249046325684,486377600
2009-09-25,1.9231008291244507,2.0999999046325684,2.1343750953674316,2.083750009536743,2.111875057220459,414358400
2009-09-28,1.9877768754959106,2.1706249713897705,2.1812500953674316,2.1131250858306885,2.114375114440918,303800000
2009-09-29,1.976330280303955,2.1581249237060547,2.2012500762939453,2.150624990463257,2.179374933242798,404912000
2009-09-30,1.9643100500106812,2.1449999809265137,2.1781249046325684,2.103749990463257,2.174375057220459,571089600
2009-10-01,1.8664381504058838,2.0381250381469727,2.1337499618530273,2.036250114440918,2.1337499618530273,578564800
2009-10-02,1.849267840385437,2.0193750858306885,2.041874885559082,1.997499942779541,2.0,491320000
2009-10-05,1.9013516902923584,2.0762500762939453,2.0893750190734863,2.0218749046325684,2.033750057220459,382225600
2009-10-06,1.9562970399856567,2.1362500190734863,2.161875009536743,2.1056249141693115,2.1081249713897705,462142400
2009-10-07,1.968316912651062,2.1493749618530273,2.153125047683716,2.119999885559082,2.1287500858306885,366286400
2009-10-08,1.999224066734314,2.1831250190734863,2.2049999237060547,2.163749933242798,2.1812500953674316,416350400
2009-10-09,2.0204010009765625,2.206249952316284,2.2074999809265137,2.171875,2.1831250190734863,277209600
2009-10-12,2.0392885208129883,2.226875066757202,2.2431249618530273,2.208750009536743,2.228749990463257,238060800
2009-10-13,2.0318477153778076,2.21875,2.224375009536743,2.1875,2.2143750190734863,308518400
2009-10-14,2.099385976791382,2.2925000190734863,2.297499895095825,2.249375104904175,2.268125057220459,393000000
2009-10-15,2.1119768619537354,2.3062500953674316,2.3087499141693115,2.268749952316284,2.270625114440918,331956800
2009-10-16,2.0822155475616455,2.273750066757202,2.2906250953674316,2.246875047683716,2.2718749046325684,422942400
2009-10-19,2.117128372192383,2.311875104904175,2.3262500762939453,2.268125057220459,2.281874895095825,341246400
2009-10-20,2.0965232849121094,2.289375066757202,2.319999933242798,2.265000104904175,2.3187499046325684,366598400
2009-10-21,2.05703067779541,2.2462499141693115,2.333750009536743,2.2431249618530273,2.2793750762939453,418147200
2009-10-22,2.095951557159424,2.288749933242798,2.3062500953674316,2.215625047683716,2.2437500953674316,433270400
2009-10-23,2.053025245666504,2.241874933242798,2.309375047683716,2.221250057220459,2.306874990463257,568136000
2009-10-26,2.006091594696045,2.190624952316284,2.2899999618530273,2.1787500381469727,2.244374990463257,588038400
2009-10-27,1.9872053861618042,2.1700000762939453,2.210624933242798,2.1600000858306885,2.1962499618530273,614497600
2009-10-28,1.9139436483383179,2.0899999141693115,2.1731250286102295,2.086250066757202,2.158750057220459,735529600
2009-10-29,1.9929280281066895,2.1762499809265137,2.1856250762939453,2.109999895095825,2.1187500953674316,524916800
2009-10-30,1.8801747560501099,2.0531249046325684,2.1756250858306885,2.046875,2.1649999618530273,970713600
2009-11-02,1.9065029621124268,2.0818750858306885,2.124375104904175,2.03125,2.073124885559082,837361600
2009-11-03,1.9162328243255615,2.0924999713897705,2.0999999046325684,2.049999952316284,2.056874990463257,601336000
2009-11-04,1.924818992614746,2.101875066757202,2.161250114440918,2.094374895095825,2.1293749809265137,613766400
2009-11-05,1.997506856918335,2.1812500953674316,2.182499885559082,2.1262500286102295,2.1362500190734863,362982400
2009-11-06,2.008953094482422,2.1937499046325684,2.2043750286102295,2.1493749618530273,2.156874895095825,447657600
2009-11-09,2.101102352142334,2.294374942779541,2.2950000762939453,2.224375009536743,2.2281250953674316,310096000
2009-11-10,2.101102352142334,2.294374942779541,2.309375047683716,2.2693750858306885,2.2831249237060547,366795200
2009-11-11,2.1222798824310303,2.317500114440918,2.346250057220459,2.296875,2.325624942779541,457742400
2009-11-12,2.0793535709381104,2.270625114440918,2.336250066757202,2.2593750953674316,2.3106250762939453,470067200
2009-11-13,2.102247953414917,2.2956249713897705,2.315000057220459,2.2593750953674316,2.2831249237060547,369344000
2009-11-16,2.162916660308838,2.361875057220459,2.3818750381469727,2.325000047683716,2.3268749713897705,373990400
2009-11-17,2.1674952507019043,2.366874933242798,2.369374990463257,2.3318750858306885,2.3499999046325684,323401600
2009-11-18,2.1663498878479004,2.3656249046325684,2.371875047683716,2.335624933242798,2.364375114440918,304929600
2009-11-19,2.1091156005859375,2.3031249046325684,2.333750009536743,2.2743749618530273,2.3318750858306885,435446400
2009-11-20,2.095951557159424,2.288749933242798,2.3006250858306885,2.268749952316284,2.278125047683716,288409600
2009-11-23,2.150325059890747,2.3481249809265137,2.377500057220459,2.3350000381469727,2.340625047683716,361545600
2009-11-24,2.1526145935058594,2.3506250381469727,2.3575000762939453,2.3112499713897705,2.3506250381469727,318281600
2009-11-25,2.1674952507019043,2.366874933242798,2.3731250762939453,2.344374895095825,2.3581249713897705,215144000
2009-11-27,2.0982401371002197,2.291249990463257,2.322499990463257,2.2356250286102295,2.2412500381469727,327657600
2009-11-30,2.1119768619537354,2.3062500953674316,2.3143749237060547,2.2668750286102295,2.2874999046325684,395168000
2009-12-01,2.1600542068481445,2.358750104904175,2.378124952316284,2.338749885559082,2.3475000858306885,304857600
2009-12-02,2.1634891033172607,2.362499952316284,2.393125057220459,2.346874952316284,2.3606250286102295,286870400
2009-12-03,2.12914776802063,2.325000047683716,2.4000000953674316,2.319999933242798,2.3737499713897705,381244800
2009-12-04,2.1520423889160156,2.3499999046325684,2.4081249237060547,2.309375047683716,2.3862500190734863,611072000
2009-12-07,2.144028663635254,2.341249942779541,2.371875047683716,2.328125,2.346874952316284,295017600
2009-12-08,2.099385976791382,2.2925000190734863,2.318125009536743,2.2768750190734863,2.3106250762939453,350894400
2009-12-09,2.1125497817993164,2.306874990463257,2.315000057220459,2.266249895095825,2.2899999618530273,367968000
2009-12-10,2.136589288711548,2.333125114440918,2.354374885559082,2.3262500762939453,2.3368749618530273,280844800
2009-12-11,2.156620979309082,2.3550000190734863,2.3637499809265137,2.3324999809265137,2.353749990463257,259000000
2009-12-14,2.1846654415130615,2.385624885559082,2.390625,2.364375114440918,2.385624885559082,199942400
2009-12-15,2.164060592651367,2.3631250858306885,2.387500047683716,2.3481249809265137,2.3687500953674316,206608000
2009-12-16,2.171501874923706,2.3712499141693115,2.3968749046325684,2.359999895095825,2.383125066757202,241744000
2009-12-17,2.119417667388916,2.3143749237060547,2.3450000286102295,2.309375047683716,2.336250066757202,269662400
2009-12-18,2.142310857772827,2.3393750190734863,2.343125104904175,2.299999952316284,2.338749885559082,256832000
2009-12-21,2.182948350906372,2.3837499618530273,2.4018750190734863,2.362499952316284,2.362499952316284,195284800
2009-12-22,2.2006912231445312,2.403125047683716,2.4131250381469727,2.390625,2.3975000381469727,172755200
2009-12-23,2.2103664875030518,2.4131250381469727,2.419374942779541,2.393125057220459,2.414375066757202,147361600
2009-12-24,2.2344112396240234,2.4393749237060547,2.440624952316284,2.422499895095825,2.4237499237060547,52748800
2009-12-28,2.2407093048095703,2.4462499618530273,2.4568750858306885,2.4281249046325684,2.4543750286102295,104827200
2009-12-29,2.2361292839050293,2.4412500858306885,2.4574999809265137,2.4375,2.455625057220459,112488000
2009-12-30,2.2304043769836426,2.434999942779541,2.440624952316284,2.4206249713897705,2.422499895095825,113265600
2009-12-31,2.18918514251709,2.390000104904175,2.4468750953674316,2.388124942779541,2.4468750953674316,135121600
2010-01-04,2.2596004009246826,2.4668750762939453,2.471874952316284,2.4287500381469727,2.4287500381469727,175697600
2010-01-05,2.2744851112365723,2.4831249713897705,2.484375,2.444999933242798,2.4668750762939453,155121600
2010-01-06,2.2762038707733154,2.484999895095825,2.497499942779541,2.4731249809265137,2.4774999618530273,169998400
2010-01-07,2.295095205307007,2.505625009536743,2.5118749141693115,2.4625000953674316,2.476875066757202,182819200
2010-01-08,2.311123847961426,2.523124933242798,2.5250000953674316,2.4825000762939453,2.492500066757202,164000000
2010-01-11,2.3185670375823975,2.53125,2.5481250286102295,2.5087499618530273,2.5456249713897705,211537600
2010-01-12,2.2750582695007324,2.483750104904175,2.507499933242798,2.463749885559082,2.4956250190734863,307198400
2010-01-13,2.311697006225586,2.523750066757202,2.538749933242798,2.4706249237060547,2.494999885559082,240659200
2010-01-14,2.324864149093628,2.5381250381469727,2.546875,2.515625,2.5174999237060547,165747200
2010-01-15,2.2739129066467285,2.4825000762939453,2.5356249809265137,2.4625000953674316,2.5293750762939453,313502400
2010-01-19,2.330017566680908,2.543750047683716,2.546250104904175,2.4781250953674316,2.4781250953674316,194171200
2010-01-20,2.281355381011963,2.4906249046325684,2.5093750953674316,2.4518749713897705,2.508125066757202,375145600
2010-01-21,2.194338321685791,2.395625114440918,2.508125066757202,2.3893749713897705,2.4931249618530273,589192000
2010-01-22,2.0987319946289062,2.291249990463257,2.3924999237060547,2.2850000858306885,2.375624895095825,680384000
2010-01-25,2.1164801120758057,2.3106250762939453,2.338749885559082,2.297499895095825,2.331249952316284,354564800
2010-01-26,2.099304437637329,2.291874885559082,2.340625047683716,2.28125,2.2931249141693115,339297600
2010-01-27,2.1193418502807617,2.3137500286102295,2.3243749141693115,2.2512500286102295,2.2874999046325684,566857600
2010-01-28,2.0706796646118164,2.260624885559082,2.3318750858306885,2.233750104904175,2.3299999237060547,695964800
2010-01-29,2.0248818397521973,2.210624933242798,2.311875104904175,2.2043750286102295,2.280625104904175,601084800
2010-02-01,2.0867106914520264,2.278125047683716,2.280625104904175,2.240000009536743,2.244374990463257,376672000
2010-02-02,2.1382343769073486,2.3343749046325684,2.344374895095825,2.2725000381469727,2.2881250381469727,368198400
2010-02-03,2.1176252365112305,2.311875104904175,2.3368749618530273,2.2987499237060547,2.313124895095825,331036800
2010-02-04,1.9882428646087646,2.1706249713897705,2.278749942779541,2.168750047683716,2.275624990463257,755452800
2010-02-05,1.9985485076904297,2.181874990463257,2.188124895095825,2.093125104904175,2.1762499809265137,904494400
2010-02-08,1.9664881229400635,2.1468749046325684,2.2049999237060547,2.1424999237060547,2.1787500381469727,457404800
2010-02-09,2.0145764350891113,2.1993749141693115,2.237499952316284,2.161875009536743,2.197499990463257,635508800
2010-02-10,2.005990505218506,2.190000057220459,2.216249942779541,2.1543750762939453,2.1937499046325684,454240000
2010-02-11,2.047208070755005,2.234999895095825,2.241874933242798,2.1600000858306885,2.184999942779541,402220800
2010-02-12,2.0443460941314697,2.231874942779541,2.234375,2.1706249713897705,2.1893749237060547,493745600
2010-02-16,2.109036684036255,2.302500009536743,2.307499885559082,2.249375104904175,2.2668750286102295,261656000
2010-02-17,2.12907338142395,2.3243749141693115,2.331249952316284,2.3037500381469727,2.3243749141693115,262382400
2010-02-18,2.1548359394073486,2.3524999618530273,2.361875057220459,2.315624952316284,2.317500114440918,238908800
2010-02-19,2.1662864685058594,2.365000009536743,2.3812499046325684,2.3293750286102295,2.3393750190734863,305593600
2010-02-22,2.1639950275421143,2.362499952316284,2.3812499046325684,2.349375009536743,2.3793749809265137,217683200
2010-02-23,2.1130452156066895,2.306874990463257,2.365000009536743,2.293750047683716,2.3506250381469727,340708800
2010-02-24,2.149110794067383,2.346250057220459,2.3550000190734863,2.307499885559082,2.3193750381469727,255300800
2010-02-25,2.1456761360168457,2.3424999713897705,2.34375,2.268125057220459,2.280625104904175,394054400
2010-02-26,2.148538112640381,2.3456249237060547,2.359999895095825,2.317500114440918,2.3450000286102295,227164800
2010-03-01,2.1914753913879395,2.3924999237060547,2.398124933242798,2.362499952316284,2.3637499809265137,180302400
2010-03-02,2.202352523803711,2.4043750762939453,2.430000066757202,2.3975000381469727,2.414375066757202,199028800
2010-03-03,2.2075045108795166,2.4100000858306885,2.4387500286102295,2.398750066757202,2.419374942779541,220256000
2010-03-04,2.219526767730713,2.4231250286102295,2.4312500953674316,2.3993749618530273,2.4181249141693115,177030400
2010-03-05,2.284789800643921,2.494374990463257,2.4981250762939453,2.4443750381469727,2.4568750858306885,200440000
2010-03-08,2.28536319732666,2.494999885559082,2.5062499046325684,2.486875057220459,2.4956250190734863,126064000
2010-03-09,2.2922329902648926,2.502500057220459,2.526249885559082,2.4774999618530273,2.478749990463257,214513600
2010-03-10,2.312269687652588,2.5243749618530273,2.538749933242798,2.5012500286102295,2.5062499046325684,245814400
2010-03-11,2.3323071002960205,2.546250104904175,2.547499895095825,2.497499942779541,2.515000104904175,190611200
2010-03-12,2.3323071002960205,2.546250104904175,2.5693750381469727,2.5331249237060547,2.5687499046325684,216451200
2010-03-15,2.334023952484131,2.5481250286102295,2.552500009536743,2.5093750953674316,2.538749933242798,167905600
2010-03-16,2.3712358474731445,2.588749885559082,2.59375,2.5481250286102295,2.5625,233480000
2010-03-17,2.399287223815918,2.619374990463257,2.6362500190734863,2.6024999618530273,2.6056249141693115,172232000
2010-03-18,2.3969974517822266,2.616874933242798,2.627500057220459,2.596874952316284,2.6212499141693115,156464000
2010-03-19,2.372952938079834,2.590625047683716,2.634999990463257,2.570625066757202,2.590625047683716,200758400
2010-03-22,2.3969974517822266,2.616874933242798,2.6268749237060547,2.557499885559082,2.5606250762939453,163569600
2010-03-23,2.4319190979003906,2.6549999713897705,2.659374952316284,2.6081249713897705,2.624375104904175,194536000
2010-03-24,2.4086432456970215,2.619374990463257,2.6418750286102295,2.6081249713897705,2.625624895095825,210091200
2010-03-25,2.3982975482940674,2.6081249713897705,2.6756250858306885,2.604374885559082,2.655625104904175,237980800
2010-03-26,2.4005980491638184,2.6106250286102295,2.645625114440918,2.586250066757202,2.6231250762939453,229345600
2010-03-29,2.4258856773376465,2.638124942779541,2.6493749618530273,2.624375104904175,2.6343750953674316,164675200
2010-03-30,2.430483102798462,2.643125057220459,2.6624999046325684,2.6206250190734863,2.646250009536743,170462400
2010-03-31,2.4143903255462646,2.625624895095825,2.648750066757202,2.6075000762939453,2.621875047683716,198086400
2010-04-01,2.446575164794922,2.6606249809265137,2.6812500953674316,2.630000114440918,2.658750057220459,223744000
2010-04-05,2.48622989654541,2.703749895095825,2.708125114440918,2.666874885559082,2.681874990463257,114694400
2010-04-06,2.4982998371124268,2.7168750762939453,2.726875066757202,2.6831250190734863,2.6893749237060547,130380800
2010-04-07,2.471287965774536,2.6875,2.719374895095825,2.661250114440918,2.705625057220459,234609600
2010-04-08,2.48622989654541,2.703749895095825,2.713749885559082,2.6518750190734863,2.6681249141693115,208628800
2010-04-09,2.518989086151123,2.739375114440918,2.742500066757202,2.706249952316284,2.715625047683716,207384000
2010-04-12,2.528184652328491,2.749375104904175,2.762500047683716,2.7406249046325684,2.7462499141693115,173299200
2010-04-13,2.5322072505950928,2.7537500858306885,2.7618749141693115,2.7143750190734863,2.7437500953674316,188694400
2010-04-14,2.5879547595977783,2.8143749237060547,2.815000057220459,2.7643749713897705,2.773124933242798,188384000
2010-04-15,2.593127489089966,2.819999933242798,2.831249952316284,2.804374933242798,2.8056249618530273,166507200
2010-04-16,2.5120925903320312,2.731874942779541,2.809375047683716,2.702500104904175,2.8006250858306885,582284800
2010-04-19,2.529909372329712,2.7512500286102295,2.755000114440918,2.6893749237060547,2.713749885559082,339075200
2010-04-20,2.5730133056640625,2.7981250286102295,2.8037500381469727,2.7674999237060547,2.7856249809265137,188649600
2010-04-21,2.563241720199585,2.7874999046325684,2.815000057220459,2.758125066757202,2.801875114440918,250211200
2010-04-22,2.5787594318389893,2.804374933242798,2.811875104904175,2.7174999713897705,2.75,335443200
2010-04-23,2.6109440326690674,2.8393750190734863,2.84375,2.7874999046325684,2.8012499809265137,243912000
2010-04-26,2.592552661895752,2.8193750381469727,2.856250047683716,2.815000057220459,2.844374895095825,218092800
2010-04-27,2.471287965774536,2.6875,2.8168749809265137,2.676875114440918,2.7874999046325684,552940800
2010-04-28,2.5057713985443115,2.7249999046325684,2.7412500381469727,2.6781249046325684,2.713749885559082,431100800
2010-04-29,2.567265510559082,2.791874885559082,2.8062500953674316,2.7593750953674316,2.7618749141693115,222424000
2010-04-30,2.4822072982788086,2.6993749141693115,2.802500009536743,2.698124885559082,2.794374942779541,350091200
2010-05-03,2.5494496822357178,2.7725000381469727,2.784374952316284,2.718125104904175,2.726249933242798,227897600
2010-05-04,2.4276082515716553,2.640000104904175,2.708750009536743,2.612499952316284,2.708750009536743,569996800
2010-05-05,2.3959996700286865,2.6056249141693115,2.6518750190734863,2.569999933242798,2.5956249237060547,499790400
2010-05-06,2.2356531620025635,2.4312500953674316,2.6162500381469727,2.1031250953674316,2.5843749046325684,987075200
2010-05-07,2.1712849140167236,2.3612499237060547,2.4700000286102295,2.2881250381469727,2.421250104904175,864512000
2010-05-10,2.362090587615967,2.5687499046325684,2.590625047683716,2.516249895095825,2.554374933242798,491921600
2010-05-11,2.3477232456207275,2.5531249046325684,2.621875047683716,2.5137500762939453,2.521250009536743,410360000
2010-05-12,2.4143903255462646,2.625624895095825,2.632499933242798,2.565624952316284,2.575624942779541,310897600
2010-05-13,2.3546206951141357,2.5606250762939453,2.6362500190734863,2.5556249618530273,2.612499952316284,346604800
2010-05-14,2.270136833190918,2.46875,2.53125,2.4237499237060547,2.5225000381469727,561172800
2010-05-17,2.2718610763549805,2.4706249237060547,2.494999885559082,2.3762500286102295,2.481874942779541,482307200
2010-05-18,2.2103655338287354,2.403749942779541,2.525624990463257,2.3868749141693115,2.5112500190734863,557113600
2010-05-19,2.1856529712677,2.3768749237060547,2.418750047683716,2.3162500858306885,2.375624895095825,706148800
2010-05-20,2.01840877532959,2.194999933242798,2.2956249713897705,2.192500114440918,2.2743749618530273,991745600
2010-05-21,2.077605962753296,2.2593750953674316,2.270625114440918,2.117500066757202,2.130000114440918,799622400
2010-05-24,2.0241568088531494,2.2012500762939453,2.270625114440918,2.197499990463257,2.234999895095825,478460800
2010-05-25,2.028754711151123,2.206249952316284,2.2074999809265137,2.065000057220459,2.094374895095825,773075200
2010-05-26,2.0017430782318115,2.176875114440918,2.273124933242798,2.1656250953674316,2.231874942779541,580707200
2010-05-27,2.137951135635376,2.325000047683716,2.325624942779541,2.2437500953674316,2.262500047683716,406563200
2010-05-28,2.082778215408325,2.265000104904175,2.320625066757202,2.244374990463257,2.3193750381469727,506364800
2010-06-01,2.012662172317505,2.1887500286102295,2.289375066757202,2.1831250190734863,2.223750114440918,472126400
2010-06-02,2.116112232208252,2.3012499809265137,2.3031249046325684,2.192500114440918,2.2118749618530273,399776000
2010-06-03,2.135652780532837,2.322499990463257,2.333125114440918,2.273124933242798,2.317500114440918,375427200
2010-06-04,1.9867998361587524,2.1606249809265137,2.2612500190734863,2.141249895095825,2.2306249141693115,652734400
2010-06-07,1.9322019815444946,2.101249933242798,2.1875,2.0981249809265137,2.171875,374614400
2010-06-08,1.9724323749542236,2.1449999809265137,2.155625104904175,2.068125009536743,2.1056249141693115,641145600
2010-06-09,1.9523175954818726,2.1231250762939453,2.213124990463257,2.1081249713897705,2.171875,452224000
2010-06-10,2.0684096813201904,2.249375104904175,2.252500057220459,2.1893749237060547,2.198124885559082,427062400
2010-06-11,2.0873758792877197,2.2699999809265137,2.273124933242798,2.2049999237060547,2.2068750858306885,346097600
2010-06-14,2.083353042602539,2.265625,2.3293750286102295,2.258125066757202,2.305000066757202,345632000
2010-06-15,2.176457643508911,2.366874933242798,2.3687500953674316,2.286875009536743,2.294374942779541,273830400
2010-06-16,2.174159288406372,2.364375114440918,2.383125066757202,2.3318750858306885,2.341249942779541,289275200
2010-06-17,2.1804800033569336,2.3712499141693115,2.380000114440918,2.325000047683716,2.3787500858306885,324030400
2010-06-18,2.1845028400421143,2.375624895095825,2.393125057220459,2.3612499237060547,2.3812499046325684,174400000
2010-06-21,2.172433614730835,2.362499952316284,2.4393749237060547,2.3368749618530273,2.4356250762939453,361883200
2010-06-22,2.10107421875,2.2799999713897705,2.378124952316284,2.273124933242798,2.358750104904175,370942400
2010-06-23,2.086674690246582,2.2643749713897705,2.299999952316284,2.234375,2.2825000286102295,419774400
2010-06-24,2.0187129974365234,2.190624952316284,2.2487499713897705,2.1787500381469727,2.2437500953674316,449248000
2010-06-25,2.0365676879882812,2.2100000381469727,2.2300000190734863,2.163749933242798,2.203125,346300800
2010-06-28,2.021017551422119,2.193125009536743,2.226249933242798,2.1787500381469727,2.2143750190734863,254216000
2010-06-29,1.898338794708252,2.059999942779541,2.1343750953674316,2.031874895095825,2.133125066757202,558020800
2010-06-30,1.8551422357559204,2.013124942779541,2.0850000381469727,2.005625009536743,2.046250104904175,368860800
2010-07-01,1.8470792770385742,2.0043749809265137,2.028749942779541,1.9375,2.0168750286102295,589779200
2010-07-02,1.823465347290039,1.9787499904632568,2.0268750190734863,1.956874966621399,2.015625,380377600
2010-07-06,1.8470792770385742,2.0043749809265137,2.0625,1.9668749570846558,2.0350000858306885,414516800
2010-07-07,1.9634219408035278,2.130625009536743,2.135624885559082,2.0112500190734863,2.013124942779541,348273600
2010-07-08,2.001433849334717,2.171875,2.177500009536743,2.1237499713897705,2.1656250953674316,343155200
2010-07-09,2.030808210372925,2.203749895095825,2.2049999237060547,2.1631250381469727,2.172499895095825,230024000
2010-07-12,2.0354161262512207,2.208750009536743,2.216249942779541,2.171875,2.190624952316284,226323200
2010-07-13,2.097618341445923,2.276249885559082,2.291874885559082,2.244999885559082,2.2537500858306885,307208000
2010-07-14,2.095891237258911,2.2743749618530273,2.291874885559082,2.241874933242798,2.259999990463257,285574400
2010-07-15,2.097618341445923,2.276249885559082,2.2906250953674316,2.2125000953674316,2.2725000381469727,350998400
2010-07-16,1.9801239967346191,2.148750066757202,2.2537500858306885,2.141249895095825,2.250624895095825,441576000
2010-07-19,2.004889965057373,2.1756250858306885,2.188124895095825,2.132499933242798,2.166249990463257,233272000
2010-07-20,2.047510862350464,2.221874952316284,2.226249933242798,2.115000009536743,2.116874933242798,283596800
2010-07-21,1.9962512254714966,2.166249990463257,2.2481250762939453,2.148124933242798,2.2462499141693115,409868800
2010-07-22,2.0843710899353027,2.2618749141693115,2.280625104904175,2.215625047683716,2.216249942779541,334872000
2010-07-23,2.119503974914551,2.299999952316284,2.3081250190734863,2.2406249046325684,2.253124952316284,323480000
2010-07-26,2.1678848266601562,2.3524999618530273,2.3550000190734863,2.296875,2.3106250762939453,238483200
2010-07-27,2.163278102874756,2.3475000858306885,2.380625009536743,2.331249952316284,2.375624895095825,243528000
2010-07-28,2.1362078189849854,2.318125009536743,2.353749990463257,2.302500009536743,2.3393750190734863,199432000
2010-07-29,2.1148977279663086,2.2950000762939453,2.359375,2.2593750953674316,2.3475000858306885,348688000
2010-07-30,2.116049289703369,2.296250104904175,2.3193750381469727,2.2412500381469727,2.249375104904175,319848000
2010-08-02,2.208777666091919,2.3968749046325684,2.405625104904175,2.3475000858306885,2.3662500381469727,216532800
2010-08-03,2.1886191368103027,2.375,2.3993749618530273,2.359999895095825,2.3862500190734863,199336000
2010-08-04,2.217416524887085,2.40625,2.4131250381469727,2.372499942779541,2.388124942779541,236025600
2010-08-05,2.213386058807373,2.4018750190734863,2.403749942779541,2.369374990463257,2.3768749237060547,182140800
2010-08-06,2.1943793296813965,2.3812499046325684,2.390000104904175,2.319999933242798,2.3531250953674316,313729600
2010-08-09,2.2179932594299316,2.406874895095825,2.4156250953674316,2.3787500858306885,2.4049999713897705,132430400
2010-08-10,2.1949548721313477,2.3818750381469727,2.40625,2.338124990463257,2.367500066757202,277190400
2010-08-11,2.074004650115967,2.250624895095825,2.3081250190734863,2.2437500953674316,2.3081250190734863,434321600
2010-08-12,2.048086404800415,2.2225000858306885,2.2387499809265137,2.1806249618530273,2.182499885559082,316886400
2010-08-13,2.034839391708374,2.208125114440918,2.2362499237060547,2.2043750286102295,2.2093749046325684,231582400
2010-08-16,2.034839391708374,2.208125114440918,2.221250057220459,2.163749933242798,2.180000066757202,220694400
2010-08-17,2.0820677280426025,2.2593750953674316,2.293750047683716,2.2325000762939453,2.244999885559082,217736000
2010-08-18,2.0918593406677246,2.2699999809265137,2.2931249141693115,2.233750104904175,2.2593750953674316,239969600
2010-08-19,2.019864320755005,2.1918749809265137,2.2568750381469727,2.172499895095825,2.2437500953674316,363449600
2010-08-20,2.0054659843444824,2.1762499809265137,2.1837499141693115,2.1443750858306885,2.176875114440918,260920000
2010-08-23,1.99106764793396,2.1606249809265137,2.2174999713897705,2.1575000286102295,2.1962499618530273,221734400
2010-08-24,1.9311678409576416,2.0956249237060547,2.130000114440918,2.0737500190734863,2.111875057220459,387553600
2010-08-25,1.9444148540496826,2.109999895095825,2.1262500286102295,2.0456249713897705,2.0712499618530273,372876800
2010-08-26,1.917921781539917,2.081249952316284,2.1362500190734863,2.0687499046325684,2.130000114440918,349740800
2010-08-27,1.9783966541290283,2.1468749046325684,2.150624990463257,2.0456249713897705,2.1081249713897705,364707200
2010-08-30,1.9219523668289185,2.085624933242798,2.148750066757202,2.0843749046325684,2.135624885559082,272748800
2010-08-31,1.9202253818511963,2.083750009536743,2.1112499237060547,2.052500009536743,2.0687499046325684,408860800
2010-09-01,2.0359909534454346,2.2093749046325684,2.2143750190734863,2.138124942779541,2.140625,298230400
2010-09-02,2.073428153991699,2.25,2.25,2.2100000381469727,2.2200000286102295,200331200
2010-09-03,2.1281447410583496,2.309375047683716,2.313124895095825,2.2699999809265137,2.2950000762939453,306470400
2010-09-07,2.0809166431427,2.258125066757202,2.2925000190734863,2.253124952316284,2.286250114440918,229593600
2010-09-08,2.107985496520996,2.2874999046325684,2.3062500953674316,2.2637500762939453,2.265000104904175,228547200
2010-09-09,2.1287195682525635,2.309999942779541,2.341249942779541,2.297499895095825,2.3399999141693115,164689600
2010-09-10,2.151181697845459,2.3343749046325684,2.338124990463257,2.306874990463257,2.318125009536743,127939200
2010-09-13,2.1984095573425293,2.385624885559082,2.393749952316284,2.359999895095825,2.378124952316284,180273600
2010-09-14,2.1943793296813965,2.3812499046325684,2.4081249237060547,2.3575000762939453,2.375,230504000
2010-09-15,2.2110812664031982,2.3993749618530273,2.4043750762939453,2.3531250953674316,2.366874933242798,184436800
2010-09-16,2.20935320854187,2.3975000381469727,2.400624990463257,2.3681249618530273,2.3843750953674316,175339200
2010-09-17,2.213961362838745,2.4024999141693115,2.4281249046325684,2.387500047683716,2.422499895095825,222804800
2010-09-20,2.279043436050415,2.4731249809265137,2.483750104904175,2.4049999713897705,2.4175000190734863,265888000
2010-09-21,2.2702622413635254,2.456249952316284,2.4931249618530273,2.436875104904175,2.4706249237060547,411166400
2010-09-22,2.250044345855713,2.434375047683716,2.476249933242798,2.419374942779541,2.4487500190734863,234540800
2010-09-23,2.2107620239257812,2.3918750286102295,2.442500114440918,2.3793749809265137,2.391249895095825,255406400
2010-09-24,2.300302267074585,2.4887499809265137,2.4931249618530273,2.4412500858306885,2.444999933242798,220070400
2010-09-27,2.2806615829467773,2.4674999713897705,2.4981250762939453,2.4625000953674316,2.491874933242798,163307200
2010-09-28,2.2974143028259277,2.4856250286102295,2.499375104904175,2.4206249713897705,2.473750114440918,253873600
2010-09-29,2.286438226699829,2.473750114440918,2.494374990463257,2.455625057220459,2.471874952316284,227456000
2010-09-30,2.2743070125579834,2.460624933242798,2.531874895095825,2.4375,2.500624895095825,396516800
2010-10-01,2.2927918434143066,2.4806249141693115,2.502500057220459,2.4518749713897705,2.4962499141693115,265196800
2010-10-04,2.257554531097412,2.442500114440918,2.4912500381469727,2.419374942779541,2.4706249237060547,242438400
2010-10-05,2.349404811859131,2.541874885559082,2.5537500381469727,2.4825000762939453,2.4887499809265137,260046400
2010-10-06,2.3499817848205566,2.5425000190734863,2.554374933242798,2.521250009536743,2.5406250953674316,201291200
2010-10-07,2.344205617904663,2.536250114440918,2.5637500286102295,2.505000114440918,2.563124895095825,193688000
2010-10-08,2.3690454959869385,2.563124895095825,2.577500104904175,2.523124933242798,2.5431249141693115,189328000
2010-10-11,2.3742434978485107,2.5687499046325684,2.5818750858306885,2.5506250858306885,2.572499990463257,125924800
2010-10-12,2.388685464859009,2.5843749046325684,2.599375009536743,2.5243749618530273,2.552500009536743,195905600
2010-10-13,2.424502372741699,2.6231250762939453,2.6518750190734863,2.601249933242798,2.612499952316284,214041600
2010-10-14,2.40948224067688,2.606874942779541,2.627500057220459,2.5712499618530273,2.6187500953674316,264108800
2010-10-15,2.416415214538574,2.614375114440918,2.643125057220459,2.573124885559082,2.640625,316923200
2010-10-18,2.4418323040008545,2.6418750286102295,2.65625,2.6056249141693115,2.6156249046325684,147224000
2010-10-19,2.373667001724243,2.568125009536743,2.619999885559082,2.538749933242798,2.5899999141693115,367438400
2010-10-20,2.4216136932373047,2.619999885559082,2.6449999809265137,2.5768749713897705,2.5793750286102295,273556800
2010-10-21,2.4314329624176025,2.630625009536743,2.6731250286102295,2.590625047683716,2.643749952316284,312859200
2010-10-22,2.4424092769622803,2.6424999237060547,2.648750066757202,2.625624895095825,2.6387500762939453,148176000
2010-10-25,2.4539639949798584,2.6549999713897705,2.703749895095825,2.6524999141693115,2.6762499809265137,212046400
2010-10-26,2.4551186561584473,2.65625,2.6631250381469727,2.619374990463257,2.6293749809265137,232819200
2010-10-27,2.4418323040008545,2.6418750286102295,2.6475000381469727,2.5924999713897705,2.619374990463257,235308800
2010-10-28,2.445298433303833,2.645625114440918,2.674999952316284,2.6181249618530273,2.6731250286102295,254292800
2010-10-29,2.44645357131958,2.6468749046325684,2.656874895095825,2.628124952316284,2.637500047683716,174616000
2010-11-01,2.4481873512268066,2.648750066757202,2.702500104904175,2.6187500953674316,2.674375057220459,256537600
2010-11-02,2.4863128662109375,2.690000057220459,2.703125,2.6737499237060547,2.690000057220459,164056000
2010-11-03,2.508265256881714,2.713749885559082,2.7149999141693115,2.6443750858306885,2.6987500190734863,309132800
2010-11-04,2.603003740310669,2.8162500858306885,2.8187499046325684,2.765625,2.7718749046325684,232376000
2010-11-05,2.623800277709961,2.838749885559082,2.846874952316284,2.813124895095825,2.819999933242798,204358400
2010-11-08,2.615135431289673,2.8293750286102295,2.835624933242798,2.8012499809265137,2.8193750381469727,212134400
2010-11-09,2.5752756595611572,2.786250114440918,2.8475000858306885,2.763124942779541,2.8424999713897705,237235200
2010-11-10,2.59607195854187,2.8087499141693115,2.8112499713897705,2.7431249618530273,2.7850000858306885,305272000
2010-11-11,2.5758538246154785,2.786875009536743,2.7956249713897705,2.7437500953674316,2.7593750953674316,207744000
2010-11-12,2.514619827270508,2.7206249237060547,2.773750066757202,2.695625066757202,2.749375104904175,338369600
2010-11-15,2.507110118865967,2.7125000953674316,2.7587499618530273,2.710624933242798,2.7381250858306885,229667200
2010-11-16,2.428546667098999,2.627500057220459,2.688124895095825,2.6031250953674316,2.680000066757202,459060800
2010-11-17,2.4291231632232666,2.628124952316284,2.6518750190734863,2.615000009536743,2.630625009536743,264761600
2010-11-18,2.504220724105835,2.7093749046325684,2.726875066757202,2.6806249618530273,2.6812500953674316,220392000
2010-11-19,2.516352891921997,2.7225000858306885,2.7249999046325684,2.6756250858306885,2.703749895095825,192028800
2010-11-22,2.5128867626190186,2.71875,2.7200000286102295,2.6543750762939453,2.695625066757202,293883200
2010-11-23,2.440099000930786,2.640000104904175,2.6649999618530273,2.6187500953674316,2.653125047683716,323099200
2010-11-24,2.5117316246032715,2.7174999713897705,2.718125104904175,2.672499895095825,2.672499895095825,174737600
2010-11-26,2.4574296474456787,2.658750057220459,2.700000047683716,2.65625,2.671250104904175,95217600
2010-11-29,2.4689831733703613,2.671250104904175,2.6837499141693115,2.606874942779541,2.640625,258712000
2010-11-30,2.4366331100463867,2.6362500190734863,2.6706249713897705,2.609999895095825,2.6181249618530273,251211200
2010-12-01,2.542348861694336,2.750624895095825,2.7612500190734863,2.7143750190734863,2.715625047683716,276492800
2010-12-02,2.608780860900879,2.822499990463257,2.8262500762939453,2.758125066757202,2.759999990463257,200433600
2010-12-03,2.6214892864227295,2.836250066757202,2.843125104904175,2.8012499809265137,2.8031249046325684,194249600
2010-12-06,2.6157121658325195,2.8299999237060547,2.844374895095825,2.8193750381469727,2.825624942779541,139435200
2010-12-07,2.6197564601898193,2.8343749046325684,2.8893749713897705,2.8318750858306885,2.885624885559082,307216000
2010-12-08,2.640552520751953,2.856874942779541,2.8606250286102295,2.8162500858306885,2.840625047683716,178478400
2010-12-09,2.6590375900268555,2.8768749237060547,2.8893749713897705,2.8499999046325684,2.888124942779541,161865600
2010-12-10,2.691965341567993,2.9124999046325684,2.916874885559082,2.8762500286102295,2.8943750858306885,138492800
2010-12-13,2.693121910095215,2.913749933242798,2.945625066757202,2.9131250381469727,2.936875104904175,172755200
2010-12-14,2.698319673538208,2.919374942779541,2.9462499618530273,2.9024999141693115,2.9237499237060547,173684800
2010-12-15,2.67521333694458,2.8943750858306885,2.932499885559082,2.8837499618530273,2.908750057220459,170310400
2010-12-16,2.7029428482055664,2.924375057220459,2.9306249618530273,2.8768749237060547,2.9000000953674316,168257600
2010-12-17,2.7104525566101074,2.932499885559082,2.940000057220459,2.9106249809265137,2.921250104904175,132019200
2010-12-20,2.7214272022247314,2.9443750381469727,2.960624933242798,2.9181249141693115,2.948124885559082,130985600
2010-12-21,2.755509376525879,2.981250047683716,2.986875057220459,2.9593749046325684,2.965625047683716,99227200
2010-12-22,2.773416757583618,3.000624895095825,3.0037500858306885,2.984375,2.9862499237060547,72683200
2010-12-23,2.7670629024505615,2.9931249618530273,3.0012500286102295,2.9781250953674316,2.994999885559082,65156800
2010-12-27,2.77052903175354,2.996875047683716,3.000624895095825,2.966249942779541,2.9706249237060547,64345600
2010-12-28,2.7757294178009033,3.002500057220459,3.008125066757202,2.9862499237060547,3.0062499046325684,48704000
2010-12-29,2.7797741889953613,3.0068750381469727,3.020625114440918,3.0062499046325684,3.0112500190734863,49617600
2010-12-30,2.7728402614593506,2.999375104904175,3.0137500762939453,2.9887499809265137,3.0012500286102295,81976000
2010-12-31,2.7763071060180664,3.003124952316284,3.0043749809265137,2.979374885559082,2.986875057220459,63993600
2011-01-03,2.8294646739959717,3.0606250762939453,3.0868749618530273,3.0425000190734863,3.044374942779541,141404800
2011-01-04,2.8254196643829346,3.0562500953674316,3.0762500762939453,3.0193750858306885,3.075000047683716,190265600
2011-01-05,2.854886770248413,3.088124990463257,3.093125104904175,3.03125,3.0374999046325684,159584000
2011-01-06,2.8444864749908447,3.0768749713897705,3.096874952316284,3.0587499141693115,3.090625047683716,146968000
2011-01-07,2.8335087299346924,3.065000057220459,3.0950000286102295,3.0168750286102295,3.0850000381469727,191270400
2011-01-10,2.8259975910186768,3.056874990463257,3.065000057220459,3.018749952316284,3.0374999046325684,181400000
2011-01-11,2.8450639247894287,3.077500104904175,3.093125104904175,3.055000066757202,3.0793750286102295,148750400
2011-01-12,2.897643566131592,3.1343750953674316,3.140625,3.104374885559082,3.1162500381469727,152384000
2011-01-13,2.8912882804870605,3.127500057220459,3.1387500762939453,3.1081249713897705,3.134999990463257,151043200
2011-01-14,2.928267478942871,3.1675000190734863,3.1700000762939453,3.111875057220459,3.1156249046325684,143531200
2011-01-18,2.9398229122161865,3.180000066757202,3.184999942779541,3.155625104904175,3.1624999046325684,117724800
2011-01-19,2.881465435028076,3.116874933242798,3.1781249046325684,3.0999999046325684,3.174375057220459,231569600
2011-01-20,2.8745322227478027,3.109375,3.122499942779541,3.061875104904175,3.1024999618530273,250337600
2011-01-21,2.8860883712768555,3.121875047683716,3.1606249809265137,3.115000009536743,3.146250009536743,184902400
2011-01-24,2.9219119548797607,3.1606249809265137,3.1649999618530273,3.116874933242798,3.117500066757202,142377600
2011-01-25,2.920755624771118,3.159374952316284,3.1943750381469727,3.108750104904175,3.140000104904175,215134400
2011-01-26,2.9432897567749023,3.1837499141693115,3.203125,3.163749933242798,3.1756250858306885,176643200
2011-01-27,2.9600467681884766,3.2018749713897705,3.210624933242798,3.174999952316284,3.1862499713897705,126369600
2011-01-28,2.856043577194214,3.0893750190734863,3.2174999713897705,3.078125,3.2068750858306885,339209600
2011-01-31,2.8964881896972656,3.133125066757202,3.140000104904175,3.090625047683716,3.106250047683716,189600000
2011-02-01,2.991824150085449,3.2362499237060547,3.2462499141693115,3.169374942779541,3.1731250286102295,205726400
2011-02-02,2.9785356521606445,3.221874952316284,3.240000009536743,3.2149999141693115,3.218125104904175,163278400
2011-02-03,2.9924025535583496,3.236875057220459,3.2462499141693115,3.176875114440918,3.211250066757202,213539200
2011-02-04,3.0103137493133545,3.2562499046325684,3.257499933242798,3.2100000381469727,3.240000009536743,160782400
2011-02-07,3.047870635986328,3.296875,3.3168749809265137,3.268749952316284,3.270625114440918,146184000
2011-02-08,3.0756049156188965,3.3268749713897705,3.3293750286102295,3.283750057220459,3.302500009536743,145012800
2011-02-09,3.059426784515381,3.309375047683716,3.328749895095825,3.278125047683716,3.307499885559082,214776000
2011-02-10,3.063472032546997,3.3137500286102295,3.320625066757202,3.262500047683716,3.2768750190734863,213355200
2011-02-11,3.0992941856384277,3.3524999618530273,3.3612499237060547,3.2850000858306885,3.2874999046325684,199236800
2011-02-14,3.1137402057647705,3.3681249618530273,3.3731250762939453,3.341249942779541,3.3481249809265137,106891200
2011-02-15,3.0969831943511963,3.3499999046325684,3.3575000762939453,3.3299999237060547,3.3475000858306885,130166400
2011-02-16,3.131650924682617,3.387500047683716,3.3975000381469727,3.356250047683716,3.369999885559082,188022400
2011-02-17,3.152451753616333,3.4100000858306885,3.4175000190734863,3.3631250858306885,3.3687500953674316,159531200
2011-02-18,3.165163516998291,3.4237499237060547,3.4306249618530273,3.398750066757202,3.413749933242798,169851200
2011-02-22,3.038626194000244,3.286875009536743,3.3887500762939453,3.2674999237060547,3.3499999046325684,288873600
2011-02-23,2.99875807762146,3.2437500953674316,3.296875,3.203125,3.28125,303710400
2011-02-24,2.9970240592956543,3.241874933242798,3.265625,3.1787500381469727,3.237499952316284,319246400
2011-02-25,3.059426784515381,3.309375047683716,3.3137500286102295,3.2637500762939453,3.268125057220459,175993600
2011-02-28,3.0975613594055176,3.3506250381469727,3.358750104904175,3.3125,3.333750009536743,176374400
2011-03-01,2.992980480194092,3.237499952316284,3.3768749237060547,3.237499952316284,3.3706250190734863,317715200
2011-03-02,3.0056915283203125,3.2512500286102295,3.2825000286102295,3.221250057220459,3.229374885559082,272356800
2011-03-03,3.108539342880249,3.362499952316284,3.3712499141693115,3.3106250762939453,3.3106250762939453,202657600
2011-03-04,3.06404972076416,3.3143749237060547,3.365000009536743,3.2699999809265137,3.359375,284171200
2011-03-07,3.0143589973449707,3.260624885559082,3.3481249809265137,3.226249933242798,3.333750009536743,293347200
2011-03-08,3.065782308578491,3.3162500858306885,3.338124990463257,3.242500066757202,3.2718749046325684,180321600
2011-03-09,3.0582711696624756,3.3081250190734863,3.328125,3.268125057220459,3.3031249046325684,223936000
2011-03-10,2.945024013519287,3.1856250762939453,3.239375114440918,3.1787500381469727,3.2387499809265137,353790400
2011-03-11,2.98604679107666,3.2300000190734863,3.2518749237060547,3.1649999618530273,3.1649999618530273,260008000
2011-03-14,2.9502241611480713,3.1912500858306885,3.221250057220459,3.1418750286102295,3.188124895095825,280032000
2011-03-15,2.88435435295105,3.119999885559082,3.1543750762939453,3.016249895095825,3.0199999809265137,452635200
2011-03-16,2.775150775909424,3.0018749237060547,3.117500066757202,2.958750009536743,3.096874952316284,658316800
2011-03-17,2.8444864749908447,3.0768749713897705,3.104374885559082,3.043750047683716,3.0868749618530273,306960000
2011-03-18,2.867598533630371,3.101875066757202,3.155625104904175,3.090625047683716,3.1543750762939453,270571200
2011-03-21,2.9554238319396973,3.1968750953674316,3.218125104904175,3.171250104904175,3.180000066757202,191294400
2011-03-22,2.9346227645874023,3.174375057220459,3.2043750286102295,3.169374942779541,3.1962499618530273,163616000
2011-03-23,2.953448534011841,3.186875104904175,3.202500104904175,3.1206250190734863,3.1493749618530273,179620800
2011-03-24,3.0084731578826904,3.2462499141693115,3.2562499046325684,3.186875104904175,3.2249999046325684,189868800
2011-03-25,3.0275886058807373,3.2668750286102295,3.2950000762939453,3.25,3.263124942779541,173561600
2011-03-28,3.013108253479004,3.2512500286102295,3.2981250286102295,3.249375104904175,3.28125,137857600
2011-03-29,3.054811954498291,3.296250104904175,3.296250104904175,3.224375009536743,3.244999885559082,138512000
2011-03-30,3.0930399894714355,3.3375000953674316,3.3581249713897705,3.3193750381469727,3.3268749713897705,148966400
2011-03-31,3.085510492324829,3.3293750286102295,3.348750114440918,3.3237500190734863,3.330625057220459,168427200
2011-04-01,3.110416889190674,3.356250047683716,3.3893749713897705,3.343125104904175,3.372499942779541,195604800
2011-04-04,3.1179471015930176,3.364375114440918,3.3843750953674316,3.3450000286102295,3.3731250762939453,142470400
2011-04-05,3.1162092685699463,3.362499952316284,3.3918750286102295,3.3475000858306885,3.3499999046325684,163019200
2011-04-06,3.134164810180664,3.3818750381469727,3.400624990463257,3.356874942779541,3.3949999809265137,174299200
2011-04-07,3.1220011711120605,3.3687500953674316,3.3975000381469727,3.333125114440918,3.3706250190734863,229652800
2011-04-08,3.097095012664795,3.3418750762939453,3.4000000953674316,3.315624952316284,3.3949999809265137,206979200
2011-04-11,3.0802981853485107,3.3237500190734863,3.371875047683716,3.3062500953674316,3.3506250381469727,165297600
2011-04-12,3.032801866531372,3.2725000381469727,3.297499895095825,3.2487499713897705,3.283750057220459,218268800
2011-04-13,3.031064510345459,3.270625114440918,3.3081250190734863,3.246875047683716,3.302500009536743,208512000
2011-04-14,3.0362768173217773,3.276249885559082,3.286250114440918,3.2125000953674316,3.234375,204168000
2011-04-15,3.0606043338775635,3.302500009536743,3.3162500858306885,3.2693750858306885,3.2881250381469727,156012800
2011-04-18,2.9887797832489014,3.2249999046325684,3.2387499809265137,3.1737499237060547,3.228749990463257,285249600
2011-04-19,3.0223758220672607,3.2612500190734863,3.265000104904175,3.2200000286102295,3.2356250286102295,147398400
2011-04-20,3.1052043437957764,3.3506250381469727,3.3656249046325684,3.336250066757202,3.341249942779541,194500800
2011-04-21,3.1359024047851562,3.3837499618530273,3.3887500762939453,3.3499999046325684,3.3862500190734863,120590400
2011-04-25,3.1330056190490723,3.380625009536743,3.3887500762939453,3.356874942779541,3.380625009536743,87179200
2011-04-26,3.1857151985168457,3.4375,3.4493749141693115,3.3918750286102295,3.3993749618530273,140793600
2011-04-27,3.2262609004974365,3.481250047683716,3.4912500381469727,3.421875,3.450624942779541,160291200
2011-04-28,3.250009536743164,3.5068750381469727,3.5143749713897705,3.468125104904175,3.469374895095825,156585600
2011-04-29,3.2627522945404053,3.520625114440918,3.5274999141693115,3.4981250762939453,3.505625009536743,135324800
2011-05-02,3.254063606262207,3.5112500190734863,3.5587499141693115,3.494999885559082,3.554374933242798,242224000
2011-05-03,3.227419853210449,3.4825000762939453,3.507499933242798,3.448124885559082,3.4962499141693115,205774400
2011-05-04,3.184558153152466,3.4362499713897705,3.483750104904175,3.406874895095825,3.481874942779541,239316800
2011-05-05,3.1289520263671875,3.3762500286102295,3.443125009536743,3.344374895095825,3.3993749618530273,339705600
2011-05-06,3.154437780380249,3.403749942779541,3.476249933242798,3.378124952316284,3.440624952316284,275672000
2011-05-09,3.1799240112304688,3.4312500953674316,3.4512500762939453,3.393749952316284,3.405625104904175,110262400
2011-05-10,3.2349491119384766,3.4906249046325684,3.5018749237060547,3.4462499618530273,3.453749895095825,115387200
2011-05-11,3.168339490890503,3.418750047683716,3.479374885559082,3.3843750953674316,3.4781250953674316,212412800
2011-05-12,3.1961419582366943,3.4487500190734863,3.4625000953674316,3.3631250858306885,3.398750066757202,188123200
2011-05-13,3.146329164505005,3.3949999809265137,3.461250066757202,3.3712499141693115,3.452500104904175,182833600
2011-05-16,3.105783462524414,3.351249933242798,3.422499895095825,3.340625047683716,3.3712499141693115,174238400
2011-05-17,3.1063621044158936,3.351875066757202,3.359375,3.297499895095825,3.3268749713897705,223676800
2011-05-18,3.159651041030884,3.409374952316284,3.4175000190734863,3.3399999141693115,3.3550000190734863,164582400
2011-05-19,3.1752898693084717,3.4262499809265137,3.4437499046325684,3.3893749713897705,3.4331250190734863,155744000
2011-05-20,3.1266353130340576,3.3737499713897705,3.4181249141693115,3.359375,3.409374952316284,213913600
2011-05-23,3.0530741214752197,3.294374942779541,3.3137500286102295,3.270625114440918,3.2881250381469727,209204800
2011-05-24,3.048440456390381,3.289375066757202,3.3262500762939453,3.2750000953674316,3.313124895095825,152008000
2011-05-25,3.0663959980010986,3.3087499141693115,3.3368749618530273,3.2593750953674316,3.2618749141693115,170624000
2011-05-26,3.0936191082000732,3.338124990463257,3.351249933242798,3.278125047683716,3.2906250953674316,181374400
2011-05-27,3.11736798286438,3.3637499809265137,3.382499933242798,3.348750114440918,3.3575000762939453,132185600
2011-05-31,3.1851370334625244,3.436875104904175,3.436875104904175,3.3818750381469727,3.427500009536743,160278400
2011-06-01,3.0391716957092285,3.2793750762939453,3.419374942779541,3.2750000953674316,3.4149999618530273,291016000
2011-06-02,3.0333802700042725,3.273124933242798,3.2981250286102295,3.234375,3.2856249809265137,233888000
2011-06-03,2.9737207889556885,3.208750009536743,3.257499933242798,3.1918749809265137,3.1943750381469727,251859200
2011-06-06,2.9111642837524414,3.141249895095825,3.2043750286102295,3.1318750381469727,3.192500114440918,202292800
2011-06-07,2.9053730964660645,3.134999990463257,3.1893749237060547,3.130625009536743,3.169374942779541,167752000
2011-06-08,2.8810458183288574,3.108750104904175,3.145625114440918,3.096874952316284,3.125624895095825,222860800
2011-06-09,2.9244871139526367,3.155625104904175,3.1806249618530273,3.1106250286102295,3.125624895095825,153216000
2011-06-10,2.843975067138672,3.0687499046325684,3.132499933242798,3.051875114440918,3.1287500858306885,249924800
2011-06-13,2.846292018890381,3.0712499618530273,3.0981249809265137,3.041249990463257,3.081249952316284,197649600
2011-06-14,2.91927433013916,3.1500000953674316,3.172499895095825,3.1268749237060547,3.128124952316284,192006400
2011-06-15,2.8167524337768555,3.039375066757202,3.117500066757202,3.0225000381469727,3.0981249809265137,309283200
2011-06-16,2.827179193496704,3.0506250858306885,3.083750009536743,3.005000114440918,3.0431249141693115,290198400
2011-06-17,2.8457131385803223,3.070625066757202,3.112499952316284,3.0487499237060547,3.1112499237060547,215512000
2011-06-20,2.8740949630737305,3.101249933242798,3.1137499809265137,3.047499895095825,3.049999952316284,159465600
2011-06-21,2.9505510330200195,3.1837499141693115,3.198124885559082,3.124375104904175,3.133125066757202,213097600
2011-06-22,2.9164655208587646,3.1443750858306885,3.2012500762939453,3.141249895095825,3.163749933242798,186880000
2011-06-23,2.9019734859466553,3.1287500858306885,3.130000114440918,3.023124933242798,3.0712499618530273,391241600
2011-06-24,2.8341481685638428,3.0556249618530273,3.130000114440918,3.0456249713897705,3.125624895095825,303539200
2011-06-27,2.8799448013305664,3.1050000190734863,3.132499933242798,3.046875,3.0587499141693115,189996800
2011-06-28,2.9570438861846924,3.188124895095825,3.1887500286102295,3.124375104904175,3.1318750381469727,169884800
2011-06-29,3.010956048965454,3.2462499141693115,3.253124952316284,3.193125009536743,3.215625047683716,248579200
2011-06-30,3.066027879714966,3.3056249618530273,3.315000057220459,3.2562499046325684,3.2637500762939453,188305600
2011-07-01,3.156461238861084,3.403125047683716,3.4106249809265137,3.2950000762939453,3.3056249618530273,205164800
2011-07-05,3.1512436866760254,3.3975000381469727,3.4106249809265137,3.375624895095825,3.3943750858306885,156168000
2011-07-06,3.155881643295288,3.4024999141693115,3.4131250381469727,3.3612499237060547,3.380000114440918,166113600
2011-07-07,3.2271833419799805,3.479374885559082,3.492500066757202,3.4512500762939453,3.4643750190734863,144566400
2011-07-08,3.1790690422058105,3.427500009536743,3.4281249046325684,3.374375104904175,3.3968749046325684,210073600
2011-07-11,3.06544828414917,3.305000066757202,3.3637499809265137,3.2874999046325684,3.3424999713897705,222544000
2011-07-12,3.0364627838134766,3.273750066757202,3.3424999713897705,3.271250009536743,3.288749933242798,231537600
2011-07-13,3.056173801422119,3.2950000762939453,3.3637499809265137,3.2793750762939453,3.3087499141693115,223297600
2011-07-14,3.01617431640625,3.2518749237060547,3.3418750762939453,3.237499952316284,3.3112499713897705,299588800
2011-07-15,3.0492167472839355,3.2874999046325684,3.296250104904175,3.242500066757202,3.286250114440918,234011200
2011-07-18,2.9976229667663574,3.231874942779541,3.265625,3.184999942779541,3.2562499046325684,261809600
2011-07-19,3.0944337844848633,3.336250066757202,3.3450000286102295,3.2674999237060547,3.268749952316284,187211200
2011-07-20,3.0915348529815674,3.333125114440918,3.359375,3.322499990463257,3.353749990463257,147574400
2011-07-21,3.1773300170898438,3.4256250858306885,3.442500114440918,3.3581249713897705,3.3706250190734863,195611200
2011-07-22,3.181387424468994,3.430000066757202,3.438124895095825,3.3887500762939453,3.4287500381469727,139716800
2011-07-25,3.147765874862671,3.393749952316284,3.4262499809265137,3.3581249713897705,3.3656249046325684,142270400
2011-07-26,3.1239981651306152,3.3681249618530273,3.398750066757202,3.351875066757202,3.387500047683716,158081600
2011-07-27,2.9964640140533447,3.2306249141693115,3.3299999237060547,3.2206249237060547,3.3299999237060547,319408000
2011-07-28,2.9773337841033936,3.2100000381469727,3.286250114440918,3.200000047683716,3.229374885559082,221011200
2011-07-29,2.936755657196045,3.166249990463257,3.226249933242798,3.117500066757202,3.145625114440918,315608000
2011-08-01,2.9089295864105225,3.1362500190734863,3.2456250190734863,3.078125,3.2406249046325684,394790400
2011-08-02,2.761106491088867,2.976875066757202,3.125,2.976875066757202,3.0918750762939453,403363200
2011-08-03,2.792410373687744,3.010624885559082,3.0168750286102295,2.8843750953674316,2.986875057220459,456107200
2011-08-04,2.529226779937744,2.726875066757202,2.9362499713897705,2.71875,2.927500009536743,680265600
2011-08-05,2.5176329612731934,2.7143750190734863,2.809375047683716,2.5743749141693115,2.7956249713897705,795868800
2011-08-08,2.1941604614257812,2.3656249046325684,2.640000104904175,2.3575000762939453,2.575624942779541,879371200
2011-08-09,2.3987934589385986,2.586250066757202,2.588124990463257,2.278749942779541,2.4412500858306885,657702400
2011-08-10,2.1773500442504883,2.3475000858306885,2.5299999713897705,2.3393750190734863,2.484375,823742400
2011-08-11,2.3790853023529053,2.565000057220459,2.632499933242798,2.377500057220459,2.3943750858306885,613078400
2011-08-12,2.4127073287963867,2.601249933242798,2.648124933242798,2.563124895095825,2.6131250858306885,421241600
2011-08-15,2.513575315475464,2.7100000381469727,2.7143750190734863,2.6387500762939453,2.646250009536743,264252800
2011-08-16,2.471256732940674,2.664375066757202,2.713124990463257,2.6056249141693115,2.6581249237060547,356408000
2011-08-17,2.474155902862549,2.6675000190734863,2.734999895095825,2.625,2.692500114440918,306566400
2011-08-18,2.259087562561035,2.4356250762939453,2.531874895095825,2.387500047683716,2.526249885559082,452953600
2011-08-19,2.187203884124756,2.3581249713897705,2.494374990463257,2.3499999046325684,2.3712499141693115,349593600
2011-08-22,2.187784433364868,2.358750104904175,2.463749885559082,2.346874952316284,2.4625000953674316,467718400
2011-08-23,2.33444881439209,2.5168750286102295,2.5193750858306885,2.353749990463257,2.3787500858306885,421713600
2011-08-24,2.396475315093994,2.583750009536743,2.5924999713897705,2.4931249618530273,2.505000114440918,464188800
2011-08-25,2.326331853866577,2.508125066757202,2.6443750858306885,2.4887499809265137,2.615000009536743,496174400
2011-08-26,2.3929972648620605,2.5799999237060547,2.6024999618530273,2.4018750190734863,2.481250047683716,439764800
2011-08-29,2.5309653282165527,2.728749990463257,2.731874942779541,2.645625114440918,2.648750066757202,258182400
2011-08-30,2.540241003036499,2.7387499809265137,2.7774999141693115,2.6649999618530273,2.7049999237060547,385892800
2011-08-31,2.560529947280884,2.760624885559082,2.825000047683716,2.7256250381469727,2.7774999141693115,450916800
2011-09-01,2.5141549110412598,2.710624933242798,2.8193750381469727,2.7018749713897705,2.770625114440918,351475200
2011-09-02,2.3819828033447266,2.568125009536743,2.625,2.5512499809265137,2.596874952316284,347036800
2011-09-06,2.348361015319824,2.531874895095825,2.5399999618530273,2.419374942779541,2.419374942779541,357377600
2011-09-07,2.481111764907837,2.674999952316284,2.677500009536743,2.5918750762939453,2.608750104904175,232764800
2011-09-08,2.428358793258667,2.6181249618530273,2.703749895095825,2.606874942779541,2.6418750286102295,317635200
2011-09-09,2.3002452850341797,2.4800000190734863,2.578125,2.453125,2.559375047683716,480844800
2011-09-12,2.332709312438965,2.515000104904175,2.5174999237060547,2.401249885559082,2.419374942779541,425276800
2011-09-13,2.3744468688964844,2.559999942779541,2.5793750286102295,2.4937500953674316,2.5299999713897705,372268800
2011-09-14,2.438793182373047,2.6293749809265137,2.6918749809265137,2.515000104904175,2.5850000381469727,406443200
2011-09-15,2.5234291553497314,2.7206249237060547,2.7231249809265137,2.640000104904175,2.6856250762939453,330536000
2011-09-16,2.5547335147857666,2.7543749809265137,2.7743749618530273,2.700000047683716,2.742500066757202,310480000
2011-09-19,2.503140687942505,2.6987500190734863,2.726875066757202,2.6268749237060547,2.6631250381469727,382321600
2011-09-20,2.497922897338867,2.693125009536743,2.7743749618530273,2.6856250762939453,2.7225000858306885,296329600
2011-09-21,2.343019723892212,2.521250009536743,2.706249952316284,2.521250009536743,2.690624952316284,421232000
2011-09-22,2.197814464569092,2.365000009536743,2.4237499237060547,2.299375057220459,2.3818750381469727,791020800
2011-09-23,2.2181434631347656,2.3868749141693115,2.4206249713897705,2.330625057220459,2.3368749618530273,492321600
2011-09-26,2.3290789127349854,2.5062499046325684,2.5137500762939453,2.369999885559082,2.440000057220459,417180800
2011-09-27,2.381352663040161,2.5625,2.6500000953674316,2.5331249237060547,2.606250047683716,359094400
2011-09-28,2.2820334434509277,2.455625057220459,2.604374885559082,2.4512500762939453,2.5737500190734863,386668800
2011-09-29,2.3203670978546143,2.496875047683716,2.5643749237060547,2.4075000286102295,2.5399999618530273,440768000
2011-09-30,2.2053656578063965,2.3731250762939453,2.4725000858306885,2.3687500953674316,2.4287500381469727,433468800
2011-10-03,2.0804898738861084,2.2387499809265137,2.4049999713897705,2.233750104904175,2.344374895095825,634704000
2011-10-04,2.1623852252960205,2.3268749713897705,2.344374895095825,2.135624885559082,2.172499895095825,745600000
2011-10-05,2.25066876411438,2.421875,2.4331250190734863,2.3031249046325684,2.3450000286102295,451316800
2011-10-06,2.3314032554626465,2.5087499618530273,2.515000104904175,2.382499933242798,2.418750047683716,421459200
2011-10-07,2.3023617267608643,2.4774999618530273,2.5406250953674316,2.4468750953674316,2.5381250381469727,436240000
2011-10-10,2.45395565032959,2.640625,2.6418750286102295,2.5581250190734863,2.5581250190734863,206043200
2011-10-11,2.4562785625457764,2.643125057220459,2.6606249809265137,2.604374885559082,2.608750104904175,269246400
2011-10-12,2.5004215240478516,2.690624952316284,2.753124952316284,2.6737499237060547,2.6875,281513600
2011-10-13,2.4911272525787354,2.6806249618530273,2.697499990463257,2.6187500953674316,2.6600000858306885,255019200
2011-10-14,2.577669620513916,2.773750066757202,2.7750000953674316,2.713749885559082,2.744999885559082,251899200
2011-10-17,2.478931188583374,2.6675000190734863,2.750624895095825,2.653749942779541,2.7462499141693115,280611200
2011-10-18,2.5770890712738037,2.773124933242798,2.811875104904175,2.621875047683716,2.663749933242798,399539200
2011-10-19,2.5131986141204834,2.7043750286102295,2.7931249141693115,2.6875,2.762500047683716,297131200
2011-10-20,2.5341084003448486,2.726875066757202,2.7487499713897705,2.6468749046325684,2.719374895095825,343380800
2011-10-21,2.629361867904663,2.8293750286102295,2.8393750190734863,2.7768750190734863,2.793750047683716,246612800
2011-10-24,2.6961560249328613,2.901249885559082,2.916874885559082,2.8368749618530273,2.8399999141693115,272555200
2011-10-25,2.5939323902130127,2.791249990463257,2.8768749237060547,2.7774999141693115,2.875624895095825,289137600
2011-10-26,2.6450440883636475,2.846250057220459,2.867500066757202,2.7518749237060547,2.849375009536743,381025600
2011-10-27,2.8274221420288086,3.0425000190734863,3.0799999237060547,2.952500104904175,2.9987499713897705,343633600
2011-10-28,2.8274221420288086,3.0425000190734863,3.055000066757202,3.005000114440918,3.0168750286102295,194736000
2011-10-31,2.6862828731536865,2.890625,2.979374885559082,2.8893749713897705,2.974375009536743,279411200
2011-11-01,2.541658878326416,2.734999895095825,2.8037500381469727,2.713124990463257,2.736875057220459,576875200
2011-11-02,2.6223931312561035,2.8218750953674316,2.8418750762939453,2.7693750858306885,2.817500114440918,306356800
2011-11-03,2.718808889389038,2.9256250858306885,2.936875104904175,2.805000066757202,2.8837499618530273,339708800
2011-11-04,2.6839585304260254,2.888124942779541,2.9000000953674316,2.822499990463257,2.8793749809265137,266824000
2011-11-07,2.7182278633117676,2.924999952316284,2.9312500953674316,2.8318750858306885,2.8862500190734863,251299200
2011-11-08,2.7873454093933105,2.999375104904175,3.0068750381469727,2.900624990463257,2.955625057220459,289412800
2011-11-09,2.5799927711486816,2.776249885559082,2.888124942779541,2.766249895095825,2.861875057220459,419308800
2011-11-10,2.6287825107574463,2.828749895095825,2.858750104904175,2.7725000381469727,2.8524999618530273,304590400
2011-11-11,2.731005907058716,2.9387500286102295,2.952500104904175,2.898124933242798,2.9000000953674316,200288000
2011-11-14,2.6781504154205322,2.8818750381469727,2.9237499237060547,2.8575000762939453,2.916249990463257,220012800
2011-11-15,2.706611156463623,2.9124999046325684,2.9412500858306885,2.8481249809265137,2.8706250190734863,221617600
2011-11-16,2.621811628341675,2.8212499618530273,2.922499895095825,2.809375047683716,2.8524999618530273,285424000
2011-11-17,2.5341084003448486,2.726875066757202,2.8218750953674316,2.6887500286102295,2.809375047683716,406937600
2011-11-18,2.5300416946411133,2.7225000858306885,2.7562499046325684,2.6993749141693115,2.7456250190734863,227003200
2011-11-21,2.4330456256866455,2.6181249618530273,2.648124933242798,2.573124885559082,2.6418750286102295,295294400
2011-11-22,2.4127185344696045,2.596250057220459,2.6368749141693115,2.567500114440918,2.606874942779541,247009600
2011-11-23,2.3075897693634033,2.4831249713897705,2.5531249046325684,2.481874942779541,2.547499895095825,283552000
2011-11-25,2.295973300933838,2.4706249237060547,2.5299999713897705,2.4700000286102295,2.474375009536743,115844800
2011-11-28,2.429561138153076,2.614375114440918,2.635624885559082,2.5768749713897705,2.606250047683716,195572800
2011-11-29,2.442919969558716,2.6287500858306885,2.6656250953674316,2.6106250286102295,2.6293749809265137,208268800
2011-11-30,2.644463300704956,2.8456249237060547,2.8631250858306885,2.768749952316284,2.7799999713897705,245446400
2011-12-01,2.645625591278076,2.846874952316284,2.8768749237060547,2.8212499618530273,2.8399999141693115,185470400
2011-12-02,2.6421408653259277,2.843125104904175,2.916249990463257,2.8368749618530273,2.898750066757202,192331200
2011-12-05,2.698479413986206,2.903749942779541,2.9462499618530273,2.8681249618530273,2.9306249618530273,215304000
2011-12-06,2.7002224922180176,2.905625104904175,2.9437499046325684,2.883125066757202,2.9024999141693115,178038400
2011-12-07,2.714742660522461,2.921250104904175,2.950000047683716,2.8456249237060547,2.884999990463257,218851200
2011-12-08,2.60148286819458,2.799375057220459,2.900624990463257,2.783750057220459,2.8887500762939453,294044800
2011-12-09,2.686863422393799,2.891249895095825,2.9075000286102295,2.818125009536743,2.8237500190734863,186281600
2011-12-12,2.607872486114502,2.8062500953674316,2.8424999713897705,2.760624885559082,2.841249942779541,239713600
2011-12-13,2.5619874000549316,2.7568750381469727,2.869374990463257,2.7281250953674316,2.8375000953674316,244044800
2011-12-14,2.5056488513946533,2.6962499618530273,2.753124952316284,2.6831250190734863,2.7331249713897705,256134400
2011-12-15,2.5230727195739746,2.7149999141693115,2.760624885559082,2.7074999809265137,2.752500057220459,183406400
2011-12-16,2.529463291168213,2.721874952316284,2.7831249237060547,2.7100000381469727,2.750624895095825,244412800
2011-12-19,2.4771881103515625,2.6656250953674316,2.755000114440918,2.653125047683716,2.7437500953674316,218782400
2011-12-20,2.624715566635132,2.8243749141693115,2.8343749046325684,2.746875047683716,2.746875047683716,206830400
2011-12-21,2.635751962661743,2.836250066757202,2.8450000286102295,2.7718749046325684,2.8243749141693115,228140800
2011-12-22,2.685702323913574,2.890000104904175,2.8918750286102295,2.844374895095825,2.8556249141693115,169132800
2011-12-23,2.7303755283355713,2.9375,2.9387500286102295,2.893125057220459,2.90625,115552000
2011-12-27,2.7338614463806152,2.9412500858306885,2.9574999809265137,2.921875,2.926875114440918,89406400
2011-12-28,2.6682162284851074,2.8706250190734863,2.9437499046325684,2.859375,2.943125009536743,143369600
2011-12-29,2.715852975845337,2.921875,2.929374933242798,2.880625009536743,2.8843750953674316,113073600
2011-12-30,2.694939374923706,2.8993749618530273,2.932499885559082,2.898124933242798,2.9200000762939453,80804800
2012-01-03,2.778013229370117,2.9887499809265137,3.0274999141693115,2.9831249713897705,2.9981250762939453,227060800
2012-01-04,2.7849831581115723,2.9962499141693115,3.0018749237060547,2.950000047683716,2.9725000858306885,137081600
2012-01-05,2.80241060256958,3.015000104904175,3.021250009536743,2.936875104904175,2.9649999141693115,190955200
2012-01-06,2.7907936573028564,3.002500057220459,3.021250009536743,2.976875066757202,3.0199999809265137,214761600
2012-01-09,2.797762870788574,3.009999990463257,3.018125057220459,2.9825000762939453,3.009999990463257,148697600
2012-01-10,2.846562147140503,3.0625,3.0868749618530273,3.054374933242798,3.075624942779541,158659200
2012-01-11,2.8506288528442383,3.0668749809265137,3.0737500190734863,3.0331249237060547,3.0431249141693115,168995200
2012-01-12,2.8628268241882324,3.0799999237060547,3.0893750190734863,3.034374952316284,3.0818750858306885,163593600
2012-01-13,2.8442373275756836,3.059999942779541,3.059999942779541,2.994999885559082,3.0381250381469727,189438400
2012-01-17,2.852370023727417,3.0687499046325684,3.117500066757202,3.0581250190734863,3.106250047683716,138022400
2012-01-18,2.916273593902588,3.137500047683716,3.1424999237060547,3.059375047683716,3.070625066757202,157204800
2012-01-19,2.948805570602417,3.172499895095825,3.1781249046325684,3.141249895095825,3.1600000858306885,116251200
2012-01-20,2.9528720378875732,3.176875114440918,3.176875114440918,3.146250009536743,3.161875009536743,91806400
2012-01-23,2.9557769298553467,3.180000066757202,3.210624933242798,3.1493749618530273,3.1756250858306885,125908800
2012-01-24,2.9493863582611084,3.1731250286102295,3.174375057220459,3.130625009536743,3.140625,120691200
2012-01-25,2.998185396194458,3.2256250381469727,3.2406249046325684,3.1387500762939453,3.1624999046325684,139676800
2012-01-26,2.9668145179748535,3.1918749809265137,3.266249895095825,3.166874885559082,3.2537500858306885,160252800
2012-01-27,2.962747573852539,3.1875,3.200624942779541,3.1575000286102295,3.161875009536743,109976000
2012-01-30,2.9447388648986816,3.1681249141693115,3.1706249713897705,3.1031250953674316,3.1268749237060547,103176000
2012-01-31,2.9366068840026855,3.159374952316284,3.206249952316284,3.1337499618530273,3.1987500190734863,142784000
2012-02-01,2.9888899326324463,3.215625047683716,3.2512500286102295,3.203125,3.2118749618530273,184182400
2012-02-02,3.0010898113250732,3.228749990463257,3.2462499141693115,3.2074999809265137,3.231874942779541,98179200
2012-02-03,3.087648868560791,3.3218750953674316,3.3237500190734863,3.2825000286102295,3.294374942779541,114032000
2012-02-06,3.083001136779785,3.3168749809265137,3.318125009536743,3.2856249809265137,3.293750047683716,92396800
2012-02-07,3.0963618755340576,3.331249952316284,3.34375,3.276249885559082,3.301875114440918,139091200
2012-02-08,3.1155331134796143,3.351875066757202,3.3531250953674316,3.3081250190734863,3.3368749618530273,124256000
2012-02-09,3.1230850219726562,3.359999895095825,3.371875047683716,3.3212499618530273,3.3637499809265137,128412800
2012-02-10,3.0806772708892822,3.3143749237060547,3.3162500858306885,3.2850000858306885,3.299999952316284,144548800
2012-02-13,3.12018084526062,3.356874942779541,3.367500066757202,3.3293750286102295,3.3575000762939453,104694400
2012-02-14,3.117856740951538,3.354374885559082,3.3556249141693115,3.305000066757202,3.341249942779541,167579200
2012-02-15,3.0870676040649414,3.3212499618530273,3.3837499618530273,3.306874990463257,3.374375104904175,148505600
2012-02-16,3.1503889560699463,3.3893749713897705,3.398750066757202,3.309375047683716,3.3212499618530273,131864000
2012-02-17,3.168978452682495,3.409374952316284,3.419374942779541,3.3887500762939453,3.418750047683716,85395200
2012-02-21,3.174787998199463,3.4156250953674316,3.443125009536743,3.393749952316284,3.4281249046325684,83238400
2012-02-22,3.152712345123291,3.3918750286102295,3.4181249141693115,3.380000114440918,3.403125047683716,121819200
2012-02-23,3.180016279220581,3.421250104904175,3.4262499809265137,3.365000009536743,3.387500047683716,110761600
2012-02-24,3.1939585208892822,3.4362499713897705,3.450000047683716,3.421875,3.4362499713897705,82985600
2012-02-27,3.2079014778137207,3.4512500762939453,3.4668750762939453,3.380000114440918,3.391249895095825,116262400
2012-02-28,3.2241671085357666,3.46875,3.4731249809265137,3.436875104904175,3.450624942779541,110897600
2012-02-29,3.184664487838745,3.4262499809265137,3.499375104904175,3.4256250858306885,3.4774999618530273,151368000
2012-03-01,3.234042167663574,3.479374885559082,3.490000009536743,3.4462499618530273,3.4543750286102295,211769600
2012-03-02,3.21429181098938,3.458125114440918,3.481250047683716,3.440000057220459,3.474375009536743,125121600
2012-03-05,3.188730478286743,3.4306249618530273,3.4493749141693115,3.403749942779541,3.445625066757202,121203200
2012-03-06,3.0911335945129395,3.325624942779541,3.3606250286102295,3.3062500953674316,3.356874942779541,182198400
2012-03-07,3.1335415840148926,3.3712499141693115,3.383125066757202,3.3343749046325684,3.3424999713897705,106342400
2012-03-08,3.1957011222839355,3.438124895095825,3.453125,3.398750066757202,3.4131250381469727,90812800
2012-03-09,3.2195188999176025,3.463749885559082,3.483750104904175,3.4437499046325684,3.453125,87836800
2012-03-12,3.2218432426452637,3.466249942779541,3.4749999046325684,3.4418749809265137,3.4643750190734863,68648000
2012-03-13,3.339773416519165,3.593125104904175,3.594374895095825,3.4912500381469727,3.5037500858306885,128480000
2012-03-14,3.331639289855957,3.5843749046325684,3.6112499237060547,3.561875104904175,3.59375,110035200
2012-03-15,3.3664956092834473,3.621875047683716,3.628124952316284,3.575624942779541,3.5950000286102295,113720000
2012-03-16,3.3798561096191406,3.6362500190734863,3.643749952316284,3.6206250190734863,3.637500047683716,93548800
2012-03-19,3.4054174423217773,3.663749933242798,3.6862499713897705,3.625624895095825,3.6312499046325684,93116800
2012-03-20,3.3856658935546875,3.6424999237060547,3.651249885559082,3.6006250381469727,3.6231250762939453,113115200
2012-03-21,3.3726813793182373,3.619999885559082,3.6443750858306885,3.6075000762939453,3.635624885559082,88950400
2012-03-22,3.32493257522583,3.5687499046325684,3.5868749618530273,3.5456249713897705,3.5668749809265137,155659200
2012-03-23,3.3464772701263428,3.5918750762939453,3.5999999046325684,3.5356249809265137,3.5762500762939453,102168000
2012-03-26,3.439063549041748,3.6912500858306885,3.6912500858306885,3.640000104904175,3.6418750286102295,90009600
2012-03-27,3.418682813644409,3.669374942779541,3.7043750286102295,3.6649999618530273,3.700000047683716,110110400
2012-03-28,3.3849105834960938,3.633125066757202,3.676875114440918,3.5893750190734863,3.666249990463257,133246400
2012-03-29,3.372098684310913,3.619374990463257,3.630000114440918,3.5612499713897705,3.590625047683716,119238400
2012-03-30,3.3983027935028076,3.6475000381469727,3.6624999046325684,3.6112499237060547,3.656874895095825,101344000
2012-04-02,3.4477970600128174,3.700624942779541,3.7225000858306885,3.6268749237060547,3.640625,92611200
2012-04-03,3.4239237308502197,3.674999952316284,3.7049999237060547,3.6293749809265137,3.6918749809265137,140358400
2012-04-04,3.3493893146514893,3.5950000286102295,3.625,3.573124885559082,3.615000009536743,183547200
2012-04-05,3.3499717712402344,3.5956249237060547,3.617500066757202,3.5693750381469727,3.577500104904175,110593600
2012-04-09,3.277766227722168,3.518125057220459,3.543750047683716,3.4956250190734863,3.5043749809265137,108129600
2012-04-10,3.163053035736084,3.3949999809265137,3.521250009536743,3.390000104904175,3.5,231081600
2012-04-11,3.2096364498138428,3.444999933242798,3.4781250953674316,3.4393749237060547,3.465625047683716,134977600
2012-04-12,3.3016414642333984,3.543750047683716,3.546250104904175,3.453125,3.458125114440918,104822400
2012-04-13,3.218371629714966,3.4543750286102295,3.526249885559082,3.450624942779541,3.525624990463257,123891200
2012-04-16,3.21254825592041,3.448124885559082,3.5012500286102295,3.429374933242798,3.4906249046325684,124769600
2012-04-17,3.311540126800537,3.554374933242798,3.568125009536743,3.484375,3.4931249618530273,116206400
2012-04-18,3.28824782371521,3.5293750762939453,3.5537500381469727,3.518125057220459,3.5225000381469727,111784000
2012-04-19,3.249814987182617,3.4881250858306885,3.557499885559082,3.4518749713897705,3.5299999713897705,183484800
2012-04-20,3.2573864459991455,3.4962499141693115,3.5406250953674316,3.4931249618530273,3.515625,103532800
2012-04-23,3.2003209590911865,3.434999942779541,3.443125009536743,3.3943750858306885,3.4231250286102295,101596800
2012-04-24,3.2265243530273438,3.463124990463257,3.4806249141693115,3.4375,3.4443750381469727,77417600
2012-04-25,3.3173632621765137,3.5606250762939453,3.5606250762939453,3.5250000953674316,3.53125,102196800
2012-04-26,3.3610353469848633,3.6075000762939453,3.6156249046325684,3.538749933242798,3.5431249141693115,93428800
2012-04-27,3.3744285106658936,3.621875047683716,3.6393749713897705,3.5893750190734863,3.6287500858306885,83291200
2012-04-30,3.34356689453125,3.588749885559082,3.609999895095825,3.572499990463257,3.604374885559082,95643200
2012-05-01,3.385490894317627,3.6337499618530273,3.6837499141693115,3.5799999237060547,3.5893750190734863,170158400
2012-05-02,3.366858959197998,3.6137499809265137,3.6212499141693115,3.5693750381469727,3.5924999713897705,94281600
2012-05-03,3.3161983489990234,3.559375047683716,3.6212499141693115,3.5456249713897705,3.6162500381469727,123187200
2012-05-04,3.2090556621551514,3.4443750381469727,3.528125047683716,3.440624952316284,3.520625114440918,123006400
2012-05-07,3.2113845348358154,3.4468750953674316,3.471874952316284,3.4175000190734863,3.421250104904175,112366400
2012-05-08,3.187509536743164,3.421250104904175,3.431874990463257,3.3393750190734863,3.4081249237060547,156769600
2012-05-09,3.147331714630127,3.378124952316284,3.4237499237060547,3.317500114440918,3.3499999046325684,176240000
2012-05-10,3.1589770317077637,3.390625,3.4356250762939453,3.3787500858306885,3.430000066757202,101454400
2012-05-11,3.1420910358428955,3.372499942779541,3.436875104904175,3.348750114440918,3.3506250381469727,91600000
2012-05-14,3.0727975368499756,3.2981250286102295,3.344374895095825,3.288749933242798,3.3081250190734863,93827200
2012-05-15,3.0396060943603516,3.262500047683716,3.3324999809265137,3.25,3.293750047683716,130110400
2012-05-16,3.015148401260376,3.2362499237060547,3.3193750381469727,3.234375,3.2899999618530273,132697600
2012-05-17,2.9237279891967773,3.138124942779541,3.244374990463257,3.135624885559082,3.237499952316284,179228800
2012-05-18,2.871903657913208,3.0824999809265137,3.174375057220459,3.075624942779541,3.163749933242798,145401600
2012-05-21,2.9714767932891846,3.1893749237060547,3.193125009536743,3.094374895095825,3.1050000190734863,107035200
2012-05-22,2.9819576740264893,3.200624942779541,3.2518749237060547,3.1606249809265137,3.208125114440918,107713600
2012-05-23,2.987781286239624,3.2068750858306885,3.2143750190734863,3.0950000286102295,3.156874895095825,143019200
2012-05-24,2.9994266033172607,3.219374895095825,3.2325000762939453,3.163749933242798,3.224375009536743,106779200
2012-05-25,2.9772989749908447,3.195625066757202,3.2331249713897705,3.1812500953674316,3.2143750190734863,93156800
2012-05-29,3.0506694316864014,3.2743749618530273,3.284374952316284,3.2256250381469727,3.2512500286102295,143168000
2012-05-30,2.9609949588775635,3.1781249046325684,3.221250057220459,3.1649999618530273,3.219374895095825,114900800
2012-05-31,2.963324546813965,3.1806249618530273,3.2125000953674316,3.109375,3.1756250858306885,187033600
2012-06-01,2.7991158962249756,3.0043749809265137,3.086250066757202,3.0043749809265137,3.065000057220459,233464000
2012-06-04,2.7991158962249756,3.0043749809265137,3.031874895095825,2.9568750858306885,3.015625,182803200
2012-06-05,2.835800886154175,3.043750047683716,3.0556249618530273,2.986875057220459,2.989375114440918,135368000
2012-06-06,2.967400550842285,3.184999942779541,3.186875104904175,3.088124990463257,3.0899999141693115,137742400
2012-06-07,2.967400550842285,3.184999942779541,3.2593750953674316,3.174375057220459,3.2568750381469727,173297600
2012-06-08,3.0174782276153564,3.2387499809265137,3.239375114440918,3.150624990463257,3.171875,118910400
2012-06-11,2.942361354827881,3.1581249237060547,3.2950000762939453,3.1500000953674316,3.291249990463257,185150400
2012-06-12,3.0093252658843994,3.2300000190734863,3.231874942779541,3.143749952316284,3.174999952316284,145259200
2012-06-13,2.969147205352783,3.186875104904175,3.25,3.1649999618530273,3.208750009536743,115969600
2012-06-14,3.0308713912963867,3.253124952316284,3.2799999713897705,3.1831250190734863,3.1987500190734863,125595200
2012-06-15,3.092013120651245,3.3187499046325684,3.3262500762939453,3.271250009536743,3.283750057220459,85281600
2012-06-18,3.1048226356506348,3.3324999809265137,3.3506250381469727,3.2793750762939453,3.2931249141693115,105436800
2012-06-19,3.1677117347717285,3.4000000953674316,3.4256250858306885,3.3606250286102295,3.369999885559082,97652800
2012-06-20,3.157102108001709,3.384999990463257,3.414375066757202,3.333125114440918,3.3949999809265137,170457600
2012-06-21,3.014286756515503,3.231874942779541,3.398124933242798,3.226249933242798,3.3918750286102295,172092800
2012-06-22,3.055673837661743,3.276249885559082,3.293750047683716,3.2406249046325684,3.265625,80105600
2012-06-25,2.9612414836883545,3.174999952316284,3.2143750190734863,3.153125047683716,3.2125000953674316,153940800
2012-06-26,2.9909706115722656,3.2068750858306885,3.2274999618530273,3.1575000286102295,3.1937499046325684,114496000
2012-06-27,3.0445990562438965,3.2643749713897705,3.2774999141693115,3.223750114440918,3.2281250953674316,93808000
2012-06-28,3.0282764434814453,3.246875047683716,3.2562499046325684,3.1737499237060547,3.221874952316284,132507200
2012-06-29,3.17867112159729,3.4081249237060547,3.4149999618530273,3.3481249809265137,3.3662500381469727,118001600
2012-07-02,3.197323799133301,3.4281249046325684,3.4356250762939453,3.3787500858306885,3.426875114440918,214387200
2012-07-03,3.2410426139831543,3.4749999046325684,3.479374885559082,3.4206249713897705,3.427500009536743,50809600
2012-07-05,3.2113142013549805,3.443125009536743,3.474375009536743,3.4175000190734863,3.450000047683716,96912000
2012-07-06,3.1483590602874756,3.375624895095825,3.391249895095825,3.3450000286102295,3.3768749237060547,132294400
2012-07-09,3.139031410217285,3.3656249046325684,3.380000114440918,3.3375000953674316,3.372499942779541,98422400
2012-07-10,3.0894837379455566,3.3125,3.413749933242798,3.286250114440918,3.403125047683716,101097600
2012-07-11,3.088901996612549,3.311875104904175,3.3318750858306885,3.2725000381469727,3.3137500286102295,144920000
2012-07-12,3.0603373050689697,3.28125,3.306874990463257,3.2331249713897705,3.270625114440918,119969600
2012-07-13,3.1541881561279297,3.3818750381469727,3.3943750858306885,3.294374942779541,3.296250104904175,90326400
2012-07-16,3.1448612213134766,3.371875047683716,3.3918750286102295,3.3456249237060547,3.3712499141693115,88160000
2012-07-17,3.186830997467041,3.416874885559082,3.431874990463257,3.328125,3.400624990463257,133569600
2012-07-18,3.232882022857666,3.466249942779541,3.481874942779541,3.398124933242798,3.4043750762939453,102188800
2012-07-19,3.249204158782959,3.483750104904175,3.5087499618530273,3.4600000381469727,3.483750104904175,100216000
2012-07-20,3.1914947032928467,3.421875,3.4568750858306885,3.4149999618530273,3.4462499618530273,105691200
2012-07-23,3.1291234493255615,3.3550000190734863,3.371875047683716,3.291249990463257,3.3218750953674316,133867200
2012-07-24,3.0795738697052,3.301875114440918,3.3606250286102295,3.2512500286102295,3.359375,201086400
2012-07-25,3.073162078857422,3.2950000762939453,3.3262500762939453,3.2618749141693115,3.309375047683716,169582400
2012-07-26,3.1705095767974854,3.3993749618530273,3.418750047683716,3.359375,3.390625,142718400
2012-07-27,3.29408860206604,3.531874895095825,3.549999952316284,3.429374933242798,3.440624952316284,175227200
2012-07-30,3.2911744117736816,3.528749942779541,3.5637500286102295,3.5093750953674316,3.523124933242798,102625600
2012-07-31,3.2591137886047363,3.494374990463257,3.5399999618530273,3.4825000762939453,3.5218749046325684,114024000
2012-08-01,3.2416255474090576,3.4756250381469727,3.5325000286102295,3.465625047683716,3.5299999713897705,113790400
2012-08-02,3.1979074478149414,3.4287500381469727,3.473750114440918,3.3731250762939453,3.421875,120483200
2012-08-03,3.321486234664917,3.5612499713897705,3.5768749713897705,3.5199999809265137,3.523750066757202,101176000
2012-08-06,3.3331449031829834,3.5737500190734863,3.603749990463257,3.572499990463257,3.581249952316284,51160000
2012-08-07,3.3652055263519287,3.6081249713897705,3.6424999237060547,3.603749990463257,3.6056249141693115,56766400
2012-08-08,3.375697135925293,3.619374990463257,3.628124952316284,3.5850000381469727,3.588749885559082,46409600
2012-08-09,3.3832759857177734,3.627500057220459,3.640625,3.6031250953674316,3.608750104904175,65163200
2012-08-10,3.3931851387023926,3.638124942779541,3.641249895095825,3.586250066757202,3.599375009536743,63366400
2012-08-13,3.3931851387023926,3.638124942779541,3.6387500762939453,3.596874952316284,3.6268749237060547,57532800
2012-08-14,3.3902716636657715,3.634999990463257,3.666874885559082,3.614375114440918,3.661875009536743,65001600
2012-08-15,3.393768310546875,3.6387500762939453,3.65625,3.6237499713897705,3.628124952316284,64651200
2012-08-16,3.4468142986297607,3.695625066757202,3.706249952316284,3.635624885559082,3.651249885559082,66577600
2012-08-17,3.4578895568847656,3.7074999809265137,3.713124990463257,3.690624952316284,3.7100000381469727,76366400
2012-08-20,3.4578895568847656,3.7074999809265137,3.7093749046325684,3.6756250858306885,3.6968750953674316,56732800
2012-08-21,3.4351561069488525,3.6831250190734863,3.755000114440918,3.668750047683716,3.726249933242798,80260800
2012-08-22,3.4369051456451416,3.684999942779541,3.700000047683716,3.6493749618530273,3.666874885559082,111806400
2012-08-23,3.3826940059661865,3.6268749237060547,3.6706249713897705,3.6156249046325684,3.6706249713897705,103294400
2012-08-24,3.423497200012207,3.6706249713897705,3.686875104904175,3.604374885559082,3.609999895095825,81752000
2012-08-27,3.423497200012207,3.6706249713897705,3.700624942779541,3.661875009536743,3.690000057220459,63462400
2012-08-28,3.419416666030884,3.666249990463257,3.688124895095825,3.643125057220459,3.653125047683716,70192000
2012-08-29,3.4217488765716553,3.668750047683716,3.690624952316284,3.650624990463257,3.671250104904175,51753600
2012-08-30,3.3739492893218994,3.617500066757202,3.640625,3.601875066757202,3.637500047683716,80752000
2012-08-31,3.4095075130462646,3.655625104904175,3.6862499713897705,3.609999895095825,3.658750057220459,111766400
2012-09-04,3.386772871017456,3.6312499046325684,3.666874885559082,3.5975000858306885,3.646250009536743,235824000
2012-09-05,3.390854597091675,3.635624885559082,3.666874885559082,3.6231250762939453,3.648124933242798,89854400
2012-09-06,3.529005765914917,3.783750057220459,3.7850000858306885,3.6812500953674316,3.681874990463257,115846400
2012-09-07,3.559901475906372,3.8168749809265137,3.818125009536743,3.791249990463257,3.7981250286102295,65300800
2012-09-10,3.517930507659912,3.7718749046325684,3.8212499618530273,3.7693750858306885,3.807499885559082,68772800
2012-09-11,3.5365843772888184,3.791874885559082,3.8168749809265137,3.7743749618530273,3.7768750190734863,51209600
2012-09-12,3.559901475906372,3.8168749809265137,3.8262500762939453,3.7925000190734863,3.818125009536743,76976000
2012-09-13,3.672405242919922,3.9375,3.958750009536743,3.8056249618530273,3.818125009536743,148091200
2012-09-14,3.699801206588745,3.9668750762939453,4.01687479019165,3.9437499046325684,3.9493749141693115,155561600
2012-09-17,3.678234100341797,3.9437499046325684,3.9668750762939453,3.922499895095825,3.952500104904175,78129600
2012-09-18,3.6741530895233154,3.9393749237060547,3.9462499618530273,3.916874885559082,3.9312500953674316,76614400
2012-09-19,3.6741530895233154,3.9393749237060547,3.966249942779541,3.924999952316284,3.944999933242798,71972800
2012-09-20,3.6759021282196045,3.9412500858306885,3.944999933242798,3.883125066757202,3.9018750190734863,90310400
2012-09-21,3.6700730323791504,3.934999942779541,3.981874942779541,3.934999942779541,3.981874942779541,79272000
2012-09-24,3.6578316688537598,3.921875,3.9437499046325684,3.8924999237060547,3.898750066757202,70531200
2012-09-25,3.589968204498291,3.8418750762939453,3.9487500190734863,3.8324999809265137,3.9356250762939453,107176000
2012-09-26,3.5432474613189697,3.791874885559082,3.8350000381469727,3.773124933242798,3.833125114440918,101641600
2012-09-27,3.6109931468963623,3.864375114440918,3.8793749809265137,3.802500009536743,3.8237500190734863,65483200
2012-09-28,3.5753684043884277,3.8262500762939453,3.8575000762939453,3.799999952316284,3.8318750858306885,87411200
2012-10-01,3.5952255725860596,3.8475000858306885,3.9181249141693115,3.8293750286102295,3.856874942779541,277371200
2012-10-02,3.601064682006836,3.853749990463257,3.8893749713897705,3.8187499046325684,3.878124952316284,105164800
2012-10-03,3.6302664279937744,3.884999990463257,3.903749942779541,3.8343749046325684,3.874375104904175,77281600
2012-10-04,3.687500476837158,3.9462499618530273,3.9518749713897705,3.9043750762939453,3.914375066757202,69873600
2012-10-05,3.682828187942505,3.9412500858306885,3.9962499141693115,3.918750047683716,3.984375,74339200
2012-10-08,3.6571311950683594,3.913749933242798,3.927500009536743,3.8968749046325684,3.911875009536743,40371200
2012-10-09,3.587632656097412,3.8393750190734863,3.914375066757202,3.8343749046325684,3.906874895095825,94233600
2012-10-10,3.5420784950256348,3.7906250953674316,3.8424999713897705,3.778125047683716,3.836250066757202,89028800
2012-10-11,3.5432474613189697,3.791874885559082,3.851249933242798,3.791874885559082,3.8399999141693115,69420800
2012-10-12,3.520470142364502,3.7674999237060547,3.8218750953674316,3.750624895095825,3.797499895095825,62980800
2012-10-15,3.5753684043884277,3.8262500762939453,3.836250066757202,3.759999990463257,3.786250114440918,77612800
2012-10-16,3.6483709812164307,3.9043750762939453,3.911875009536743,3.859999895095825,3.8631250858306885,77265600
2012-10-17,3.684579849243164,3.943125009536743,3.948124885559082,3.8993749618530273,3.911875009536743,76795200
2012-10-18,3.6670594215393066,3.924375057220459,3.958750009536743,3.8949999809265137,3.921250104904175,121656000
2012-10-19,3.540910243988037,3.789375066757202,3.90625,3.7725000381469727,3.905625104904175,169302400
2012-10-22,3.542663335800171,3.791249990463257,3.805000066757202,3.731250047683716,3.778125047683716,133171200
2012-10-23,3.4439640045166016,3.6856250762939453,3.719374895095825,3.6543750762939453,3.7100000381469727,180308800
2012-10-24,3.426443338394165,3.666874885559082,3.721250057220459,3.653125047683716,3.711250066757202,95376000
2012-10-25,3.442211866378784,3.6837499141693115,3.7306249141693115,3.6424999237060547,3.716249942779541,113134400
2012-10-26,3.4381234645843506,3.679374933242798,3.7068750858306885,3.6312499046325684,3.6787500381469727,96097600
2012-10-31,3.4270272254943848,3.6675000190734863,3.716249942779541,3.646250009536743,3.7074999809265137,96246400
2012-11-01,3.5117101669311523,3.758125066757202,3.7668750286102295,3.690624952316284,3.697499990463257,248420800
2012-11-02,3.4474682807922363,3.6893749237060547,3.8056249618530273,3.682499885559082,3.8012499809265137,112102400
2012-11-05,3.4620680809020996,3.7049999237060547,3.7206249237060547,3.6575000286102295,3.6781249046325684,75198400
2012-11-06,3.513462543487549,3.759999990463257,3.791874885559082,3.7200000286102295,3.7274999618530273,81668800
2012-11-07,3.3586959838867188,3.594374895095825,3.695625066757202,3.557499885559082,3.695625066757202,172555200
2012-11-08,3.2734298706054688,3.503124952316284,3.627500057220459,3.5018749237060547,3.591249942779541,129198400
2012-11-09,3.2798542976379395,3.509999990463257,3.5762500762939453,3.481250047683716,3.484375,136768000
2012-11-12,3.285109519958496,3.515625,3.5450000762939453,3.5012500286102295,3.534374952316284,52427200
2012-11-13,3.2646689414978027,3.4937500953674316,3.567500114440918,3.4706249237060547,3.478749990463257,86363200
2012-11-14,3.1758992671966553,3.398750066757202,3.525624990463257,3.383125066757202,3.515000104904175,204236800
2012-11-15,3.1636338233947754,3.385624885559082,3.4256250858306885,3.359999895095825,3.401249885559082,138320000
2012-11-16,3.191667318344116,3.4156250953674316,3.4331250190734863,3.336250066757202,3.396250009536743,157548800
2012-11-19,3.321319580078125,3.554374933242798,3.5587499141693115,3.4937500953674316,3.4987499713897705,98468800
2012-11-20,3.3294949531555176,3.563124895095825,3.572499990463257,3.505000114440918,3.5450000762939453,74204800
2012-11-21,3.3411762714385986,3.575624942779541,3.580625057220459,3.5531249046325684,3.5668749809265137,73337600
2012-11-23,3.4299473762512207,3.6706249713897705,3.6731250286102295,3.6050000190734863,3.609999895095825,52569600
2012-11-26,3.4200186729431152,3.6600000858306885,3.6606249809265137,3.6106250286102295,3.634999990463257,89134400
2012-11-27,3.3873140811920166,3.625,3.672499895095825,3.6131250858306885,3.648750066757202,111892800
2012-11-28,3.4322831630706787,3.6731250286102295,3.6806249618530273,3.549375057220459,3.5875000953674316,154185600
2012-11-29,3.4690768718719482,3.7125000953674316,3.731250047683716,3.671875,3.7043750286102295,165892800
2012-11-30,3.45914888381958,3.7018749713897705,3.7256250381469727,3.686875104904175,3.7118749618530273,108099200
2012-12-03,3.4322831630706787,3.6731250286102295,3.752500057220459,3.669374942779541,3.7481250762939453,121083200
2012-12-04,3.4223544597625732,3.6624999046325684,3.6962499618530273,3.643749952316284,3.674999952316284,144401600
2012-12-05,3.436954975128174,3.6781249046325684,3.711250066757202,3.6181249618530273,3.671250104904175,168772800
2012-12-06,3.4556446075439453,3.698124885559082,3.7049999237060547,3.659374952316284,3.6700000762939453,136616000
2012-12-07,3.4813408851623535,3.7256250381469727,3.740000009536743,3.6862499713897705,3.731874942779541,164104000
2012-12-10,3.483677387237549,3.7281250953674316,3.7456250190734863,3.711250066757202,3.7143750190734863,111788800
2012-12-11,3.529813528060913,3.7774999141693115,3.8137500286102295,3.755000114440918,3.7593750953674316,138177600
2012-12-12,3.5333189964294434,3.78125,3.8368749618530273,3.7725000381469727,3.806874990463257,164675200
2012-12-13,3.4947738647460938,3.740000009536743,3.799375057220459,3.7168750762939453,3.778749942779541,152003200
2012-12-14,3.4655725955963135,3.708750009536743,3.733750104904175,3.6962499618530273,3.718125104904175,113483200
2012-12-17,3.544999361038208,3.793750047683716,3.7987499237060547,3.7256250381469727,3.7274999618530273,131281600
2012-12-18,3.6267619132995605,3.8812499046325684,3.8887500762939453,3.796250104904175,3.806874990463257,136974400
2012-12-19,3.570112466812134,3.820625066757202,3.891249895095825,3.819999933242798,3.890625,122827200
2012-12-20,3.612745761871338,3.8662500381469727,3.867500066757202,3.806874990463257,3.8268749713897705,86771200
2012-12-21,3.5461668968200684,3.7950000762939453,3.8125,3.75,3.7612500190734863,202961600
2012-12-24,3.5239744186401367,3.771250009536743,3.7831249237060547,3.7637500762939453,3.7799999713897705,32979200
2012-12-26,3.491325855255127,3.729374885559082,3.784374952316284,3.711250066757202,3.7825000286102295,85017600
2012-12-27,3.4883997440338135,3.726249933242798,3.750624895095825,3.635624885559082,3.7356250286102295,146697600
2012-12-28,3.4111664295196533,3.643749952316284,3.7143750190734863,3.634999990463257,3.6756250858306885,114827200
2012-12-31,3.5311124324798584,3.7718749046325684,3.773124933242798,3.616874933242798,3.624375104904175,236536000
2013-01-02,3.7031335830688477,3.955625057220459,3.9593749046325684,3.887500047683716,3.9075000286102295,110841600
2013-01-03,3.6849961280822754,3.9362499713897705,3.974375009536743,3.9175000190734863,3.952500104904175,99990400
2013-01-04,3.7171754837036133,3.9706249237060547,3.9881250858306885,3.936875104904175,3.9512500762939453,85686400
2013-01-07,3.6996235847473145,3.9518749713897705,3.9600000381469727,3.9231250286102295,3.9468750953674316,76024000
2013-01-08,3.677389144897461,3.9281249046325684,3.9487500190734863,3.8993749618530273,3.938124895095825,93524800
2013-01-09,3.697868824005127,3.950000047683716,3.971250057220459,3.934999942779541,3.947499990463257,85115200
2013-01-10,3.752281904220581,4.008124828338623,4.012499809265137,3.9518749713897705,3.9931249618530273,113041600
2013-01-11,3.7552080154418945,4.011250019073486,4.015625,3.986875057220459,4.010000228881836,67804800
2013-01-14,3.746432065963745,4.001874923706055,4.010624885559082,3.976249933242798,4.00124979019165,69961600
2013-01-15,3.7528672218322754,4.008749961853027,4.018125057220459,3.963124990463257,3.9674999713897705,65699200
2013-01-16,3.7516980171203613,4.007500171661377,4.022500038146973,3.9856250286102295,3.9962499141693115,62625600
2013-01-17,3.799091339111328,4.058125019073486,4.083749771118164,4.03000020980835,4.043749809265137,120070400
2013-01-18,3.817814588546753,4.078125,4.088125228881836,4.030624866485596,4.061874866485596,94251200
2013-01-22,3.8576011657714844,4.120625019073486,4.121874809265137,4.059999942779541,4.079999923706055,91849600
2013-01-23,3.8687191009521484,4.132500171661377,4.143125057220459,4.10812520980835,4.124374866485596,77153600
2013-01-24,3.8716437816619873,4.135624885559082,4.178750038146973,4.115624904632568,4.12375020980835,116184000
2013-01-25,3.9172823429107666,4.184374809265137,4.184374809265137,4.141250133514404,4.165625095367432,90126400
2013-01-28,3.9096765518188477,4.176249980926514,4.189374923706055,4.143125057220459,4.188125133514404,73019200
2013-01-29,3.9377620220184326,4.206250190734863,4.218124866485596,4.152500152587891,4.156875133514404,75192000
2013-01-30,3.9079208374023438,4.174375057220459,4.223124980926514,4.166250228881836,4.205625057220459,113696000
2013-01-31,3.8938791751861572,4.159375190734863,4.190625190734863,4.147500038146973,4.163750171661377,80380800
2013-02-01,3.9640908241271973,4.234375,4.248125076293945,4.191874980926514,4.204999923706055,105830400
2013-02-04,3.878666400909424,4.143125057220459,4.20187520980835,4.138124942779541,4.1875,140896000
2013-02-05,3.9570693969726562,4.226874828338623,4.25,4.185625076293945,4.18874979019165,105844800
2013-02-06,3.9617509841918945,4.231874942779541,4.238749980926514,4.191874980926514,4.196875095367432,95212800
2013-02-07,3.9535582065582275,4.223124980926514,4.243124961853027,4.160624980926514,4.23562479019165,146587200
2013-02-08,3.9933454990386963,4.265625,4.273125171661377,4.236249923706055,4.236875057220459,112428800
2013-02-11,3.9927616119384766,4.264999866485596,4.273125171661377,4.244999885559082,4.265625,70696000
2013-02-12,4.005634784698486,4.278749942779541,4.296249866485596,4.257500171661377,4.266250133514404,75948800
2013-02-13,4.013238430023193,4.286874771118164,4.31374979019165,4.263124942779541,4.296249866485596,103110400
2013-02-14,4.022016525268555,4.296249866485596,4.304999828338623,4.25124979019165,4.260000228881836,67123200
2013-02-15,4.012653827667236,4.286250114440918,4.311874866485596,4.253125190734863,4.303750038146973,122833600
2013-02-19,4.068826198577881,4.346250057220459,4.350625038146973,4.298749923706055,4.299375057220459,93025600
2013-02-20,3.9664306640625,4.236875057220459,4.34499979019165,4.236875057220459,4.341875076293945,198236800
2013-02-21,3.920793294906616,4.188125133514404,4.21999979019165,4.160624980926514,4.21999979019165,193800000
2013-02-22,3.9951012134552,4.267499923706055,4.268125057220459,4.207499980926514,4.228750228881836,116721600
2013-02-25,3.848240375518799,4.11062479019165,4.323750019073486,4.108749866485596,4.309999942779541,238784000
2013-02-26,3.896803379058838,4.162499904632568,4.17312479019165,4.09250020980835,4.147500038146973,235532800
2013-02-27,3.994516372680664,4.26687479019165,4.291250228881836,4.148749828338623,4.155624866485596,141606400
2013-02-28,3.9781343936920166,4.249374866485596,4.321875095367432,4.241250038146973,4.26687479019165,102774400
2013-03-01,4.003878593444824,4.276875019073486,4.291874885559082,4.183750152587891,4.221875190734863,406961600
2013-03-04,4.0454206466674805,4.321249961853027,4.323124885559082,4.246250152587891,4.261250019073486,101953600
2013-03-05,4.119143962860107,4.400000095367432,4.426249980926514,4.365624904632568,4.365624904632568,139094400
2013-03-06,4.132603168487549,4.414374828338623,4.43874979019165,4.394374847412109,4.435625076293945,105424000
2013-03-07,4.150153636932373,4.433125019073486,4.441874980926514,4.416250228881836,4.427499771118164,71284800
2013-03-08,4.1846771240234375,4.46999979019165,4.479374885559082,4.423749923706055,4.468124866485596,122736000
2013-03-11,4.213931083679199,4.50124979019165,4.501874923706055,4.449999809265137,4.461249828338623,65388800
2013-03-12,4.19462251663208,4.480625152587891,4.504374980926514,4.453750133514404,4.495625019073486,90108800
2013-03-13,4.203985214233398,4.490624904632568,4.505624771118164,4.455625057220459,4.486249923706055,84288000
2013-03-14,4.2490363121032715,4.538750171661377,4.544374942779541,4.511875152587891,4.516250133514404,67876800
2013-03-15,4.237922191619873,4.526875019073486,4.541250228881836,4.498125076293945,4.531875133514404,82078400
2013-03-18,4.193451404571533,4.479374885559082,4.517499923706055,4.433750152587891,4.440625190734863,101104000
2013-03-19,4.172387599945068,4.456874847412109,4.508749961853027,4.398749828338623,4.499374866485596,172459200
2013-03-20,4.226359844207764,4.512499809265137,4.53125,4.493124961853027,4.506249904632568,74777600
2013-03-21,4.158456325531006,4.440000057220459,4.494999885559082,4.425624847412109,4.462500095367432,102006400
2013-03-22,4.221092224121094,4.506875038146973,4.508749961853027,4.461249828338623,4.46875,60702400
2013-03-25,4.192408084869385,4.476250171661377,4.549375057220459,4.439374923706055,4.536250114440918,134792000
2013-03-26,4.256214141845703,4.544374942779541,4.54562520980835,4.50124979019165,4.51437520980835,73828800
2013-03-27,4.252114772796631,4.539999961853027,4.546875,4.474374771118164,4.489375114440918,95608000
2013-03-28,4.272018909454346,4.56125020980835,4.581250190734863,4.524374961853027,4.541874885559082,83164800
2013-04-01,4.245678424835205,4.533124923706055,4.585625171661377,4.513124942779541,4.565625190734863,85880000
2013-04-02,4.288993835449219,4.57937479019165,4.603125095367432,4.554999828338623,4.568124771118164,99328000
2013-04-03,4.201189041137695,4.48562479019165,4.59250020980835,4.463125228881836,4.584374904632568,162443200
2013-04-04,4.2357258796691895,4.522500038146973,4.540625095367432,4.479374885559082,4.497499942779541,139449600
2013-04-05,4.197091102600098,4.481249809265137,4.493124961853027,4.401249885559082,4.411250114440918,137622400
2013-04-08,4.2550435066223145,4.543125152587891,4.543125152587891,4.458749771118164,4.488749980926514,89398400
2013-04-09,4.281970977783203,4.571875095367432,4.606874942779541,4.528749942779541,4.558125019073486,85553600
2013-04-10,4.390264511108398,4.6875,4.696249961853027,4.596250057220459,4.598750114440918,98352000
2013-04-11,4.417775630950928,4.716875076293945,4.746250152587891,4.677499771118164,4.686874866485596,90396800
2013-04-12,4.39494514465332,4.692500114440918,4.707499980926514,4.639999866485596,4.686874866485596,100384000
2013-04-15,4.1929931640625,4.476874828338623,4.653124809265137,4.474999904632568,4.646249771118164,143379200
2013-04-16,4.312409400939941,4.604374885559082,4.611249923706055,4.519999980926514,4.542500019073486,102691200
2013-04-17,4.185969352722168,4.469375133514404,4.543125152587891,4.424375057220459,4.540625095367432,214248000
2013-04-18,4.132701396942139,4.412499904632568,4.489375114440918,4.381875038146973,4.487500190734863,149235200
2013-04-19,4.200603008270264,4.485000133514404,4.496250152587891,4.416250228881836,4.436874866485596,101788800
2013-04-22,4.245678424835205,4.533124923706055,4.554999828338623,4.450624942779541,4.509375095367432,95937600
2013-04-23,4.332312107086182,4.625625133514404,4.633749961853027,4.531875133514404,4.57687520980835,130393600
2013-04-24,4.343432426452637,4.637499809265137,4.65500020980835,4.611249923706055,4.630624771118164,74585600
2013-04-25,4.37387228012085,4.670000076293945,4.711874961853027,4.644999980926514,4.65500020980835,81379200
2013-04-26,4.357481956481934,4.652500152587891,4.672500133514404,4.622499942779541,4.656875133514404,86652800
2013-04-29,4.412506580352783,4.711249828338623,4.735000133514404,4.663125038146973,4.678124904632568,79931200
2013-04-30,4.437094688415527,4.737500190734863,4.739375114440918,4.67312479019165,4.713125228881836,71868800
2013-05-01,4.356894493103027,4.651875019073486,4.720624923706055,4.641250133514404,4.716249942779541,186643200
2013-05-02,4.435335636138916,4.73562479019165,4.746874809265137,4.667500019073486,4.675000190734863,78048000
2013-05-03,4.521969795227051,4.828125,4.864999771118164,4.815625190734863,4.821875095367432,69572800
2013-05-06,4.5529961585998535,4.861249923706055,4.87375020980835,4.837500095367432,4.841875076293945,47446400
2013-05-07,4.596899032592773,4.908124923706055,4.911250114440918,4.853125095367432,4.878749847412109,60851200
2013-05-08,4.639044284820557,4.953125,4.955625057220459,4.89187479019165,4.899374961853027,43089600
2013-05-09,4.616215229034424,4.928750038146973,4.974999904632568,4.900000095367432,4.949999809265137,66862400
2013-05-10,4.644898414611816,4.959374904632568,4.961874961853027,4.903124809265137,4.932499885559082,58836800
2013-05-13,4.650751113891602,4.965624809265137,4.980000019073486,4.921249866485596,4.943124771118164,51361600
2013-05-14,4.748506546020508,5.070000171661377,5.074375152587891,4.970624923706055,4.970624923706055,55177600
2013-05-15,4.798264503479004,5.123125076293945,5.142499923706055,5.047500133514404,5.054375171661377,74158400
2013-05-16,4.753190517425537,5.074999809265137,5.136250019073486,5.058750152587891,5.101874828338623,70878400
2013-05-17,4.846264362335205,5.174375057220459,5.177499771118164,5.098124980926514,5.108749866485596,75795200
2013-05-20,4.843338966369629,5.171249866485596,5.211874961853027,5.151249885559082,5.163125038146973,58105600
2013-05-21,4.860313415527344,5.189374923706055,5.224374771118164,5.144374847412109,5.178750038146973,66414400
2013-05-22,4.777193069458008,5.100625038146973,5.303124904632568,5.06125020980835,5.196875095367432,179649600
2013-05-23,4.760215759277344,5.082499980926514,5.106874942779541,4.98562479019165,4.99875020980835,132459200
2013-05-24,4.747337818145752,5.068749904632568,5.069375038146973,4.987500190734863,5.014999866485596,95048000
2013-05-28,4.800021171569824,5.125,5.220624923706055,5.099999904632568,5.178124904632568,107700800
2013-05-29,4.743825912475586,5.065000057220459,5.097499847412109,5.008124828338623,5.073750019073486,90451200
2013-05-30,4.776606559753418,5.099999904632568,5.145625114440918,5.063125133514404,5.071875095367432,61025600
2013-05-31,4.639044284820557,4.953125,5.129374980926514,4.940625190734863,5.072500228881836,116550400
2013-06-03,4.688212871551514,5.005624771118164,5.013124942779541,4.903749942779541,4.976874828338623,189761600
2013-06-04,4.647825717926025,4.962500095367432,5.052499771118164,4.908124923706055,5.01437520980835,126908800
2013-06-05,4.513774394989014,4.819375038146973,4.950624942779541,4.811874866485596,4.930624961853027,161976000
2013-06-06,4.593385696411133,4.904375076293945,4.90625,4.759375095367432,4.816249847412109,193665600
2013-06-07,4.7075324058532715,5.026249885559082,5.038125038146973,4.931250095367432,4.973124980926514,133553600
2013-06-10,4.7075324058532715,5.026249885559082,5.067500114440918,5.004374980926514,5.0625,113854400
2013-06-11,4.615044116973877,4.927499771118164,5.014999866485596,4.90500020980835,4.938125133514404,121771200
2013-06-12,4.5407023429870605,4.848124980926514,5.003749847412109,4.835625171661377,4.996250152587891,142680000
2013-06-13,4.675338268280029,4.991875171661377,5.008749961853027,4.818124771118164,4.840000152587891,87422400
2013-06-14,4.616215229034424,4.928750038146973,5.019374847412109,4.912499904632568,4.982500076293945,110142400
2013-06-17,4.687043190002441,5.004374980926514,5.051875114440918,4.951250076293945,4.996874809265137,88176000
2013-06-18,4.757289886474609,5.07937479019165,5.098750114440918,5.010624885559082,5.012499809265137,64353600
2013-06-19,4.629678249359131,4.943124771118164,5.09250020980835,4.93874979019165,5.074375152587891,166684800
2013-06-20,4.40079927444458,4.698750019073486,4.86062479019165,4.67312479019165,4.846250057220459,250678400
2013-06-21,4.424799919128418,4.724374771118164,4.768125057220459,4.631875038146973,4.758749961853027,186238400
2013-06-24,4.31533670425415,4.607500076293945,4.688125133514404,4.528124809265137,4.62624979019165,257411200
2013-06-25,4.398458957672119,4.696249961853027,4.730000019073486,4.628749847412109,4.690625190734863,119651200
2013-06-26,4.481815814971924,4.781875133514404,4.804999828338623,4.731249809265137,4.768125057220459,85872000
2013-06-27,4.533951282501221,4.837500095367432,4.883749961853027,4.831250190734863,4.84250020980835,85755200
2013-06-28,4.494703769683838,4.79562520980835,4.859375,4.767499923706055,4.8125,118539200
2013-07-01,4.545080184936523,4.849374771118164,4.921249866485596,4.743750095367432,4.849999904632568,438195200
2013-07-02,4.533951282501221,4.837500095367432,4.909375190734863,4.801875114440918,4.838125228881836,105419200
2013-07-03,4.54449462890625,4.848750114440918,4.878749847412109,4.784999847412109,4.801875114440918,44641600
2013-07-05,4.644076347351074,4.954999923706055,4.958125114440918,4.849999904632568,4.92062520980835,81644800
2013-07-08,4.695041656494141,5.009375095367432,5.038125038146973,4.988124847412109,5.005624771118164,80596800
2013-07-09,4.764163017272949,5.083125114440918,5.096250057220459,5.03125,5.072500228881836,65441600
2013-07-10,4.76650333404541,5.085625171661377,5.121250152587891,5.053124904632568,5.074375152587891,75728000
2013-07-11,4.897134780883789,5.224999904632568,5.235000133514404,5.169374942779541,5.20437479019165,77443200
2013-07-12,4.895964622497559,5.223750114440918,5.250625133514404,5.206250190734863,5.222499847412109,67595200
2013-07-15,4.942241191864014,5.273125171661377,5.283750057220459,5.239375114440918,5.258124828338623,47182400
2013-07-16,4.9006500244140625,5.228750228881836,5.28125,5.20187520980835,5.275000095367432,98532800
2013-07-17,4.927008628845215,5.256875038146973,5.288125038146973,5.243124961853027,5.270625114440918,62974400
2013-07-18,4.979729652404785,5.313125133514404,5.338125228881836,5.273125171661377,5.277500152587891,77099200
2013-07-19,5.000816345214844,5.335625171661377,5.335625171661377,5.278124809265137,5.290625095367432,62171200
2013-07-22,5.018391132354736,5.354374885559082,5.368750095367432,5.323124885559082,5.349374771118164,54260800
2013-07-23,4.997302532196045,5.331874847412109,5.375,5.324999809265137,5.374374866485596,54980800
2013-07-24,4.959814071655273,5.291874885559082,5.375,5.269374847412109,5.372499942779541,102939200
2013-07-25,4.979144096374512,5.3125,5.324999809265137,5.253749847412109,5.267499923706055,102416000
2013-07-26,4.989686012268066,5.323750019073486,5.329999923706055,5.227499961853027,5.270625114440918,86350400
2013-07-29,4.960984706878662,5.293125152587891,5.324375152587891,5.26437520980835,5.300624847412109,73128000
2013-07-30,4.962155818939209,5.294374942779541,5.336874961853027,5.268750190734863,5.326250076293945,99505600
2013-07-31,4.962740898132324,5.295000076293945,5.371874809265137,5.286874771118164,5.315625190734863,103448000
2013-08-01,5.082242488861084,5.422500133514404,5.432499885559082,5.376874923706055,5.381249904632568,68681600
2013-08-02,5.100400924682617,5.441874980926514,5.441874980926514,5.384375095367432,5.400625228881836,59488000
2013-08-05,5.086343288421631,5.426875114440918,5.441874980926514,5.403749942779541,5.418125152587891,45811200
2013-08-06,5.031864643096924,5.368750095367432,5.413750171661377,5.340000152587891,5.402500152587891,81329600
2013-08-07,4.997302532196045,5.331874847412109,5.343124866485596,5.288125038146973,5.328750133514404,82521600
2013-08-08,5.024834632873535,5.361249923706055,5.389999866485596,5.311874866485596,5.378749847412109,65409600
2013-08-09,4.998476028442383,5.333125114440918,5.384375095367432,5.298749923706055,5.353125095367432,79814400
2013-08-12,4.987930774688721,5.321875095367432,5.335000038146973,5.276875019073486,5.281875133514404,60017600
2013-08-13,5.019563674926758,5.355625152587891,5.371250152587891,5.279375076293945,5.341249942779541,59449600
2013-08-14,4.970357418060303,5.303124904632568,5.364999771118164,5.296249866485596,5.346250057220459,93964800
2013-08-15,4.82274055480957,5.145625114440918,5.214375019073486,5.131249904632568,5.214375019073486,126372800
2013-08-16,4.796965599060059,5.118124961853027,5.165625095367432,5.09499979019165,5.130624771118164,94451200
2013-08-19,4.734872817993164,5.051875114440918,5.138750076293945,5.050624847412109,5.105000019073486,75531200
2013-08-20,4.778220176696777,5.098124980926514,5.136875152587891,5.056250095367432,5.066874980926514,72678400
2013-08-21,4.7196431159973145,5.035624980926514,5.126874923706055,5.01437520980835,5.071875095367432,122480000
2013-08-22,4.803996562957764,5.125625133514404,5.141250133514404,5.057499885559082,5.058125019073486,63465600
2013-08-23,4.835626602172852,5.159375190734863,5.173749923706055,5.109375,5.156875133514404,57672000
2013-08-26,4.802824020385742,5.124374866485596,5.20437479019165,5.117499828338623,5.172500133514404,73814400
2013-08-27,4.6452484130859375,4.956250190734863,5.060625076293945,4.950624942779541,5.021249771118164,189302400
2013-08-28,4.676880836486816,4.989999771118164,5.026875019073486,4.941249847412109,4.95437479019165,97363200
2013-08-29,4.692697525024414,5.006875038146973,5.060625076293945,4.961249828338623,4.969375133514404,90654400
2013-08-30,4.661065578460693,4.973124980926514,5.028749942779541,4.946875095367432,5.028749942779541,98404800
2013-09-03,4.702653884887695,5.017499923706055,5.09250020980835,4.978750228881836,5.070624828338623,111404800
2013-09-04,4.782907009124756,5.103125095367432,5.119999885559082,5.005000114440918,5.023125171661377,71044800
2013-09-05,4.788764953613281,5.109375,5.142499923706055,5.101874828338623,5.107500076293945,60142400
2013-09-06,4.79579496383667,5.116875171661377,5.178124904632568,5.025000095367432,5.148125171661377,133894400
2013-09-09,4.893032550811768,5.220624923706055,5.224999904632568,5.145625114440918,5.145625114440918,78675200
2013-09-10,4.9633283615112305,5.29562520980835,5.29812479019165,5.258749961853027,5.28125,87723200
2013-09-11,4.992615699768066,5.32687520980835,5.32937479019165,5.263124942779541,5.281875133514404,96936000
2013-09-12,4.971529006958008,5.304375171661377,5.339375019073486,5.286250114440918,5.326250076293945,76246400
2013-09-13,4.987930774688721,5.321875095367432,5.332499980926514,5.288125038146973,5.31374979019165,60792000
2013-09-16,5.049437999725342,5.387499809265137,5.443749904632568,5.368750095367432,5.4375,81614400
2013-09-17,5.093371868133545,5.434374809265137,5.435625076293945,5.395625114440918,5.396249771118164,43523200
2013-09-18,5.2105278968811035,5.559374809265137,5.590000152587891,5.403124809265137,5.429375171661377,108835200
2013-09-19,5.194711685180664,5.542500019073486,5.596250057220459,5.530624866485596,5.591875076293945,84105600
2013-09-20,5.116217613220215,5.458749771118164,5.566874980926514,5.455625057220459,5.566249847412109,90456000
2013-09-23,5.075212478637695,5.414999961853027,5.458125114440918,5.378749847412109,5.449999809265137,114185600
2013-09-24,5.048266887664795,5.386250019073486,5.450624942779541,5.366875171661377,5.409999847412109,93176000
2013-09-25,5.02399206161499,5.355000019073486,5.40625,5.341875076293945,5.388750076293945,122228800
2013-09-26,5.0556535720825195,5.388750076293945,5.421875,5.351250171661377,5.368124961853027,64043200
2013-09-27,5.013435363769531,5.34375,5.355625152587891,5.314374923706055,5.337500095367432,110316800
2013-09-30,4.96300745010376,5.289999961853027,5.317500114440918,5.229374885559082,5.250625133514404,132993600
2013-10-01,5.036890506744385,5.368750095367432,5.376874923706055,5.284375190734863,5.291874885559082,90547200
2013-10-02,5.020472526550293,5.351250171661377,5.358749866485596,5.271874904632568,5.302499771118164,112582400
2013-10-03,4.937208652496338,5.262499809265137,5.341249942779541,5.209374904632568,5.333749771118164,161136000
2013-10-04,5.005226135253906,5.335000038146973,5.348124980926514,5.251874923706055,5.265625,96539200
2013-10-07,4.922548770904541,5.246874809265137,5.309374809265137,5.233749866485596,5.243750095367432,91710400
2013-10-08,4.807621955871582,5.124374866485596,5.256249904632568,5.116250038146973,5.243750095367432,189288000
2013-10-09,4.808207988739014,5.125,5.166874885559082,5.063125133514404,5.14187479019165,169656000
2013-10-10,5.015782356262207,5.346250057220459,5.354374885559082,5.231249809265137,5.233749866485596,137838400
2013-10-11,5.083215713500977,5.418125152587891,5.42312479019165,5.325624942779541,5.332499980926514,98747200
2013-10-14,5.126018047332764,5.463749885559082,5.471250057220459,5.34375,5.353125095367432,138804800
2013-10-15,5.0521368980407715,5.385000228881836,5.475625038146973,5.368750095367432,5.432499885559082,122198400
2013-10-16,5.190518379211426,5.53249979019165,5.538125038146973,5.441874980926514,5.446249961853027,83500800
2013-10-17,5.260295867919922,5.606874942779541,5.612500190734863,5.48562479019165,5.488124847412109,76678400
2013-10-18,5.33007287979126,5.681250095367432,5.690000057220459,5.625625133514404,5.647500038146973,75899200
2013-10-21,5.330660343170166,5.681875228881836,5.705625057220459,5.656875133514404,5.68625020980835,64340800
2013-10-22,5.3904709815979,5.745625019073486,5.78249979019165,5.699999809265137,5.715624809265137,111318400
2013-10-23,5.342973709106445,5.695000171661377,5.714375019073486,5.653124809265137,5.707499980926514,97467200
2013-10-24,5.380504131317139,5.735000133514404,5.744999885559082,5.68874979019165,5.714375019073486,78867200
2013-10-25,5.422720909118652,5.78000020980835,5.783750057220459,5.732500076293945,5.753125190734863,72648000
2013-10-28,5.44382905960083,5.802499771118164,5.816249847412109,5.765625,5.776875019073486,80011200
2013-10-29,5.503049373626709,5.865624904632568,5.866250038146973,5.810625076293945,5.824999809265137,77862400
2013-10-30,5.446173667907715,5.804999828338623,5.885000228881836,5.761250019073486,5.876874923706055,127148800
2013-10-31,5.413338661193848,5.769999980926514,5.84250020980835,5.753749847412109,5.79562520980835,111043200
2013-11-01,5.434448719024658,5.792500019073486,5.823124885559082,5.733749866485596,5.786250114440918,359265600
2013-11-04,5.476665496826172,5.837500095367432,5.843124866485596,5.793749809265137,5.830625057220459,52174400
2013-11-05,5.4455885887146,5.804375171661377,5.832499980926514,5.755000114440918,5.793125152587891,78956800
2013-11-06,5.497187614440918,5.859375,5.881249904632568,5.818124771118164,5.852499961853027,66904000
2013-11-07,5.357046127319336,5.710000038146973,5.890625,5.699999809265137,5.881875038146973,126510400
2013-11-08,5.49953556060791,5.861875057220459,5.863124847412109,5.706250190734863,5.706874847412109,112308800
2013-11-11,5.503049373626709,5.865624904632568,5.879374980926514,5.839375019073486,5.855625152587891,51204800
2013-11-12,5.4801836013793945,5.841249942779541,5.868124961853027,5.803124904632568,5.84250020980835,94361600
2013-11-13,5.569312572479248,5.93625020980835,5.9375,5.785624980926514,5.786250114440918,81976000
2013-11-14,5.627360820770264,5.998125076293945,6.005624771118164,5.926875114440918,5.947500228881836,93361600
2013-11-15,5.674272060394287,6.04812479019165,6.050624847412109,6.0,6.016250133514404,76409600
2013-11-18,5.636158466339111,6.007500171661377,6.077499866485596,5.978750228881836,6.069375038146973,84513600
2013-11-19,5.60801362991333,5.977499961853027,6.034375190734863,5.958125114440918,5.99875020980835,106124800
2013-11-20,5.576935768127441,5.944375038146973,6.037499904632568,5.90749979019165,6.00124979019165,117940800
2013-11-21,5.664889812469482,6.038125038146973,6.045000076293945,5.965624809265137,5.973750114440918,73680000
2013-11-22,5.717075347900391,6.09375,6.097499847412109,6.026875019073486,6.039999961853027,64520000
2013-11-25,5.715316295623779,6.091875076293945,6.119375228881836,6.066874980926514,6.116875171661377,77753600
2013-11-26,5.711797714233398,6.088125228881836,6.121874809265137,6.068124771118164,6.090000152587891,64691200
2013-11-27,5.73466682434082,6.112500190734863,6.12375020980835,6.082499980926514,6.099374771118164,79300800
2013-11-29,5.725872039794922,6.103125095367432,6.158124923706055,6.094375133514404,6.129374980926514,50659200
2013-12-02,5.704176902770996,6.079999923706055,6.135624885559082,6.057499885559082,6.114375114440918,80600000
2013-12-03,5.658439636230469,6.03125,6.067500114440918,5.983749866485596,6.036874771118164,101361600
2013-12-04,5.646711349487305,6.018750190734863,6.070000171661377,5.927499771118164,5.977499961853027,142264000
2013-12-05,5.600388526916504,5.969375133514404,6.020625114440918,5.956874847412109,6.000625133514404,107665600
2013-12-06,5.726458549499512,6.103750228881836,6.111875057220459,6.04812479019165,6.083125114440918,90582400
2013-12-09,5.7510857582092285,6.130000114440918,6.148749828338623,6.115624904632568,6.135000228881836,60702400
2013-12-10,5.710039138793945,6.086249828338623,6.127500057220459,6.07937479019165,6.103125095367432,85419200
2013-12-11,5.581625461578369,5.949375152587891,6.093124866485596,5.93625020980835,6.091249942779541,121531200
2013-12-12,5.548202991485596,5.913750171661377,5.959374904632568,5.886250019073486,5.943124771118164,110864000
2013-12-13,5.543512344360352,5.908750057220459,5.945624828338623,5.886875152587891,5.93625020980835,109681600
2013-12-16,5.613289833068848,5.98312520980835,6.020625114440918,5.961874961853027,5.964375019073486,102832000
2013-12-17,5.571071624755859,5.938125133514404,5.994375228881836,5.918125152587891,5.991875171661377,95435200
2013-12-18,5.7598795890808105,6.13937520980835,6.148125171661377,5.846875190734863,5.962500095367432,155595200
2013-12-19,5.758122444152832,6.137499809265137,6.146874904632568,6.080625057220459,6.113124847412109,109872000
2013-12-20,5.816172122955322,6.199375152587891,6.231874942779541,6.143125057220459,6.144374847412109,93891200
2013-12-23,5.881258010864258,6.268750190734863,6.276249885559082,6.238124847412109,6.262499809265137,63603200
2013-12-24,5.908492565155029,6.291874885559082,6.29562520980835,6.263124942779541,6.263750076293945,34657600
2013-12-26,5.968357563018799,6.355625152587891,6.361249923706055,6.316874980926514,6.318124771118164,57494400
2013-12-27,5.967769622802734,6.355000019073486,6.37624979019165,6.339375019073486,6.371874809265137,67920000
2013-12-30,5.96190071105957,6.348750114440918,6.363749980926514,6.333749771118164,6.354374885559082,52430400
2013-12-31,6.019419193267822,6.409999847412109,6.409999847412109,6.35812520980835,6.368750095367432,53532800
2014-01-02,5.90379524230957,6.286874771118164,6.366875171661377,6.257500171661377,6.360000133514404,114081600
2014-01-03,5.896165370941162,6.278749942779541,6.333749771118164,6.267499923706055,6.307499885559082,89019200
2014-01-06,5.869167804718018,6.25,6.329999923706055,6.227499961853027,6.323750019073486,115792000
2014-01-07,5.936664581298828,6.321875095367432,6.343124866485596,6.287499904632568,6.297500133514404,77683200
2014-01-08,5.939011573791504,6.324375152587891,6.346250057220459,6.281875133514404,6.320624828338623,104400000
2014-01-09,5.9484028816223145,6.334374904632568,6.367499828338623,6.275625228881836,6.364999771118164,94233600
2014-01-10,5.974225044250488,6.361875057220459,6.372499942779541,6.289374828338623,6.356874942779541,71889600
2014-01-13,5.820455074310303,6.198124885559082,6.369375228881836,6.173749923706055,6.334374904632568,134673600
2014-01-14,5.943706035614014,6.32937479019165,6.338749885559082,6.215000152587891,6.238124847412109,89772800
2014-01-15,6.012373924255371,6.402500152587891,6.419374942779541,6.355000019073486,6.36062479019165,85704000
2014-01-16,5.9924211502075195,6.381249904632568,6.388124942779541,6.343124866485596,6.37375020980835,59227200
2014-01-17,5.941947937011719,6.327499866485596,6.385000228881836,6.306875228881836,6.362500190734863,67280000
2014-01-21,5.974812984466553,6.362500190734863,6.40625,6.287499904632568,6.400625228881836,79364800
2014-01-22,5.986551284790039,6.375,6.393750190734863,6.346250057220459,6.388750076293945,63108800
2014-01-23,5.889710426330566,6.271874904632568,6.311874866485596,6.203125,6.310625076293945,107662400
2014-01-24,5.636162757873535,6.001874923706055,6.191874980926514,6.00124979019165,6.188125133514404,210553600
2014-01-27,5.576296329498291,5.938125133514404,6.042500019073486,5.882500171661377,6.012499809265137,193964800
2014-01-28,5.643791675567627,6.010000228881836,6.027500152587891,5.948124885559082,5.951250076293945,106886400
2014-01-29,5.5357985496521,5.894999980926514,5.977499961853027,5.864999771118164,5.911874771118164,160955200
2014-01-30,5.654355049133301,6.021249771118164,6.058750152587891,5.956874847412109,5.994375228881836,112651200
2014-01-31,5.583924770355225,5.946249961853027,6.024374961853027,5.866250038146973,5.871874809265137,117388800
2014-02-03,5.328029632568359,5.673749923706055,5.961874961853027,5.655624866485596,5.933125019073486,725332800
2014-02-04,5.406093120574951,5.756875038146973,5.787499904632568,5.691249847412109,5.731874942779541,149636800
2014-02-05,5.393766403198242,5.743750095367432,5.768750190734863,5.647500038146973,5.718124866485596,154494400
2014-02-06,5.53110408782959,5.889999866485596,5.893750190734863,5.769374847412109,5.769999980926514,117587200
2014-02-07,5.67431116104126,6.042500019073486,6.052499771118164,5.912499904632568,5.949375152587891,119019200
2014-02-10,5.691333293914795,6.060625076293945,6.066874980926514,6.009375095367432,6.041250228881836,74171200
2014-02-11,5.816345691680908,6.193749904632568,6.226250171661377,6.066249847412109,6.076250076293945,152017600
2014-02-12,5.8251495361328125,6.203125,6.253125190734863,6.176875114440918,6.213749885559082,95803200
2014-02-13,5.883253574371338,6.264999866485596,6.278124809265137,6.117499828338623,6.117499828338623,88897600
2014-02-14,5.947227478027344,6.333125114440918,6.357500076293945,6.241875171661377,6.255624771118164,68228800
2014-02-18,5.964250087738037,6.351250171661377,6.367499828338623,6.309374809265137,6.344375133514404,64737600
2014-02-19,5.88560152053833,6.267499923706055,6.399374961853027,6.255000114440918,6.316874980926514,113816000
2014-02-20,5.947813987731934,6.333749771118164,6.367499828338623,6.238124847412109,6.283124923706055,105548800
2014-02-21,5.93783712387085,6.323124885559082,6.392499923706055,6.317500114440918,6.364999771118164,90721600
2014-02-24,5.9971160888671875,6.386250019073486,6.478750228881836,6.344375133514404,6.348124980926514,70350400
2014-02-25,5.998290538787842,6.387499809265137,6.440000057220459,6.346875190734863,6.401249885559082,104078400
2014-02-26,5.9965291023254395,6.385624885559082,6.441249847412109,6.353750228881836,6.40749979019165,100873600
2014-02-27,6.061676502227783,6.454999923706055,6.456874847412109,6.356249809265137,6.370625019073486,84822400
2014-02-28,6.08984899520874,6.485000133514404,6.547500133514404,6.401875019073486,6.45187520980835,127668800
2014-03-03,6.005918979644775,6.395625114440918,6.429375171661377,6.310625076293945,6.375,141980800
2014-03-04,6.180233955383301,6.581250190734863,6.607500076293945,6.518750190734863,6.518750190734863,400547200
2014-03-05,6.179059982299805,6.579999923706055,6.61062479019165,6.568749904632568,6.587500095367432,64326400
2014-03-06,6.214861869812012,6.618124961853027,6.649374961853027,6.599374771118164,6.620625019073486,81899200
2014-03-07,6.216623783111572,6.619999885559082,6.67312479019165,6.565000057220459,6.669374942779541,91788800
2014-03-10,6.215449333190918,6.618750095367432,6.621250152587891,6.541250228881836,6.600625038146973,54252800
2014-03-11,6.1514739990234375,6.550624847412109,6.65500020980835,6.520625114440918,6.636250019073486,81569600
2014-03-12,6.154410362243652,6.553750038146973,6.557499885559082,6.456874847412109,6.486875057220459,62078400
2014-03-13,6.015896797180176,6.40625,6.602499961853027,6.369375228881836,6.59375,114904000
2014-03-14,5.98068380355835,6.368750095367432,6.447500228881836,6.354374885559082,6.378125190734863,141224000
2014-03-17,6.0851545333862305,6.480000019073486,6.51437520980835,6.428124904632568,6.433750152587891,87892800
2014-03-18,6.174951553344727,6.575624942779541,6.594375133514404,6.496874809265137,6.510624885559082,83798400
2014-03-19,6.115086078643799,6.511875152587891,6.596250057220459,6.423749923706055,6.578750133514404,110198400
2014-03-20,6.176711559295654,6.577499866485596,6.590624809265137,6.454999923706055,6.478125095367432,90094400
2014-03-21,6.1309332847595215,6.528749942779541,6.668749809265137,6.519374847412109,6.636250019073486,99180800
2014-03-24,6.081632614135742,6.476250171661377,6.591249942779541,6.420000076293945,6.574999809265137,119512000
2014-03-25,6.139737129211426,6.538125038146973,6.581250190734863,6.465624809265137,6.541250228881836,74288000
2014-03-26,6.0487380027771,6.439374923706055,6.606874942779541,6.43874979019165,6.588749885559082,71985600
2014-03-27,6.028777599334717,6.418125152587891,6.466875076293945,6.366875171661377,6.426875114440918,75104000
2014-03-28,6.079266548156738,6.471875190734863,6.541874885559082,6.443124771118164,6.451250076293945,66352000
2014-03-31,6.182592868804932,6.581874847412109,6.601250171661377,6.54562520980835,6.554375171661377,47713600
2014-04-01,6.2618489265441895,6.666250228881836,6.676875114440918,6.612500190734863,6.624374866485596,44204800
2014-04-02,6.304708480834961,6.711874961853027,6.731249809265137,6.661250114440918,6.684999942779541,46499200
2014-04-03,6.290617942810059,6.696875095367432,6.736875057220459,6.65500020980835,6.73562479019165,49192000
2014-04-04,6.142085075378418,6.538750171661377,6.771874904632568,6.51687479019165,6.769374847412109,108936000
2014-04-07,6.005293369293213,6.393125057220459,6.526875019073486,6.367499828338623,6.503749847412109,107732800
2014-04-08,6.051673889160156,6.442500114440918,6.465000152587891,6.341875076293945,6.383749961853027,66664000
2014-04-09,6.183181285858154,6.582499980926514,6.586249828338623,6.443749904632568,6.477499961853027,38878400
2014-04-10,5.920754432678223,6.303124904632568,6.588125228881836,6.290625095367432,6.581874847412109,88881600
2014-04-11,5.815664768218994,6.191249847412109,6.322500228881836,6.177499771118164,6.237500190734863,88652800
2014-04-14,5.906076908111572,6.287499904632568,6.316874980926514,6.1875,6.287499904632568,76972800
2014-04-15,5.990615367889404,6.377500057220459,6.383124828338623,6.190000057220459,6.3125,99105600
2014-04-16,6.108623027801514,6.503125190734863,6.508749961853027,6.405624866485596,6.461874961853027,53382400
2014-04-17,6.126821517944336,6.522500038146973,6.561874866485596,6.469375133514404,6.490624904632568,77920000
2014-04-21,6.1737871170043945,6.572500228881836,6.574375152587891,6.513124942779541,6.53000020980835,58137600
2014-04-22,6.224276542663574,6.62624979019165,6.666250228881836,6.578125,6.584374904632568,57924800
2014-04-23,6.201967716217041,6.602499961853027,6.631249904632568,6.589375019073486,6.62375020980835,49174400
2014-04-24,6.221930027008057,6.62375020980835,6.666250228881836,6.5625,6.664999961853027,92292800
2014-04-25,6.1232991218566895,6.518750190734863,6.590000152587891,6.487500190734863,6.581874847412109,76329600
2014-04-28,6.160284042358398,6.558125019073486,6.613749980926514,6.423749923706055,6.569375038146973,133672000
2014-04-29,6.213710308074951,6.614999771118164,6.637499809265137,6.570624828338623,6.599999904632568,58214400
2014-04-30,6.258914947509766,6.663125038146973,6.67062520980835,6.578125,6.596875190734863,61560000
2014-05-01,6.2524566650390625,6.65625,6.693749904632568,6.616250038146973,6.652500152587891,77787200
2014-05-02,6.236020088195801,6.638750076293945,6.714375019073486,6.619999885559082,6.65625,82444800
2014-05-05,6.260674476623535,6.664999961853027,6.671875,6.537499904632568,6.573750019073486,52752000
2014-05-06,6.153238296508789,6.550624847412109,6.643125057220459,6.54562520980835,6.634375095367432,66174400
2014-05-07,6.22251558303833,6.624374866485596,6.629374980926514,6.493750095367432,6.593124866485596,94696000
2014-05-08,6.207839012145996,6.608749866485596,6.704999923706055,6.568749904632568,6.612500190734863,66867200
2014-05-09,6.230149269104004,6.632500171661377,6.635000228881836,6.550000190734863,6.61062479019165,63907200
2014-05-12,6.348151206970215,6.758124828338623,6.763750076293945,6.684374809265137,6.68625020980835,49374400
2014-05-13,6.3575439453125,6.768125057220459,6.803750038146973,6.756875038146973,6.773749828338623,51905600
2014-05-14,6.300012588500977,6.706874847412109,6.764999866485596,6.68625020980835,6.759375095367432,51526400
2014-05-15,6.187878131866455,6.587500095367432,6.680624961853027,6.522500038146973,6.676875114440918,103478400
2014-05-16,6.233670234680176,6.636250019073486,6.638124942779541,6.541874885559082,6.596250057220459,73768000
2014-05-19,6.2777018547058105,6.683125019073486,6.691874980926514,6.595624923706055,6.60812520980835,42344000
2014-05-20,6.190813064575195,6.590624809265137,6.676249980926514,6.559999942779541,6.675624847412109,252667200
2014-05-21,6.297661781311035,6.70437479019165,6.711874961853027,6.630624771118164,6.631875038146973,60000000
2014-05-22,6.330539226531982,6.739375114440918,6.767499923706055,6.686874866485596,6.709374904632568,48312000
2014-05-23,6.382204055786133,6.794374942779541,6.802499771118164,6.746250152587891,6.75,38803200
2014-05-27,6.460872650146484,6.878125190734863,6.881249904632568,6.836874961853027,6.84375,39326400
2014-05-28,6.449131965637207,6.865624904632568,6.898125171661377,6.844375133514404,6.87624979019165,53190400
2014-05-29,6.5172343254089355,6.938125133514404,6.93874979019165,6.863124847412109,6.898749828338623,47678400
2014-05-30,6.534844875335693,6.956874847412109,6.968124866485596,6.913125038146973,6.925624847412109,51745600
2014-06-02,6.5506978034973145,6.973750114440918,6.981874942779541,6.908750057220459,6.979374885559082,49388800
2014-06-03,6.545998573303223,6.96875,6.975625038146973,6.929375171661377,6.940625190734863,39942400
2014-06-04,6.5730061531066895,6.997499942779541,7.003749847412109,6.928750038146973,6.941874980926514,35568000
2014-06-05,6.655197620391846,7.085000038146973,7.101874828338623,6.961874961853027,7.010624885559082,66700800
2014-06-06,6.7197771072387695,7.153749942779541,7.158124923706055,7.111875057220459,7.117499828338623,43236800
2014-06-09,6.73445463180542,7.169374942779541,7.204999923706055,7.140625,7.150000095367432,46632000
2014-06-10,6.736801624298096,7.171875,7.17312479019165,7.121250152587891,7.151249885559082,30648000
2014-06-11,6.689834117889404,7.121874809265137,7.135624885559082,7.088125228881836,7.120625019073486,48814400
2014-06-12,6.594728469848633,7.020625114440918,7.111875057220459,6.988124847412109,7.101250171661377,71508800
2014-06-13,6.633476734161377,7.061874866485596,7.074375152587891,7.000625133514404,7.046875,41929600
2014-06-16,6.642282485961914,7.071249961853027,7.102499961853027,7.026249885559082,7.044374942779541,37699200
2014-06-17,6.677506923675537,7.108749866485596,7.121250152587891,7.037499904632568,7.050624847412109,34094400
2014-06-18,6.776137828826904,7.213749885559082,7.223750114440918,7.081250190734863,7.112500190734863,52147200
2014-06-19,6.794924259185791,7.233749866485596,7.240624904632568,7.181875228881836,7.226250171661377,48616000
2014-06-20,6.819581508636475,7.260000228881836,7.269999980926514,7.244375228881836,7.266250133514404,42492800
2014-06-23,6.8178205490112305,7.258124828338623,7.268125057220459,7.230000019073486,7.261875152587891,28809600
2014-06-24,6.733279705047607,7.168125152587891,7.301249980926514,7.151875019073486,7.228750228881836,63763200
2014-06-25,6.792093753814697,7.224999904632568,7.240624904632568,7.130000114440918,7.130000114440918,47628800
2014-06-26,6.781518459320068,7.213749885559082,7.231249809265137,7.119999885559082,7.231249809265137,57760000
2014-06-27,6.8085455894470215,7.242499828338623,7.248125076293945,7.175624847412109,7.183750152587891,36131200
2014-06-30,6.802671909332275,7.236249923706055,7.268750190734863,7.223124980926514,7.236249923706055,33299200
2014-07-01,6.892565727233887,7.331874847412109,7.37624979019165,7.267499923706055,7.271874904632568,147625600
2014-07-02,6.905492782592773,7.345624923706055,7.363124847412109,7.32687520980835,7.330625057220459,32699200
2014-07-03,6.978937149047852,7.423749923706055,7.424375057220459,7.377500057220459,7.387499809265137,24043200
2014-07-07,6.926642894744873,7.368124961853027,7.401249885559082,7.345624923706055,7.389999866485596,43584000
2014-07-08,6.834986686706543,7.270625114440918,7.34375,7.235000133514404,7.339375019073486,61644800
2014-07-09,6.897852897644043,7.337500095367432,7.348124980926514,7.276875019073486,7.306250095367432,37774400
2014-07-10,6.8432111740112305,7.279375076293945,7.316249847412109,7.181875228881836,7.193124771118164,49065600
2014-07-11,6.860249996185303,7.297500133514404,7.307499885559082,7.237500190734863,7.269374847412109,30817600
2014-07-14,6.929582118988037,7.371250152587891,7.389999866485596,7.358749866485596,7.369375228881836,31307200
2014-07-15,6.905492782592773,7.345624923706055,7.408750057220459,7.278749942779541,7.380000114440918,55196800
2014-07-16,6.956607341766357,7.400000095367432,7.419374942779541,7.355625152587891,7.40749979019165,129798400
2014-07-17,6.796793460845947,7.230000019073486,7.406875133514404,7.208125114440918,7.353750228881836,86273600
2014-07-18,6.934282302856445,7.37624979019165,7.389999866485596,7.266250133514404,7.277500152587891,50091200
2014-07-21,6.905492782592773,7.345624923706055,7.359375,7.280624866485596,7.328125,47227200
2014-07-22,6.966010093688965,7.409999847412109,7.436874866485596,7.385624885559082,7.400000095367432,31793600
2014-07-23,6.998913764953613,7.445000171661377,7.458749771118164,7.404375076293945,7.431250095367432,27328000
2014-07-24,6.99714994430542,7.443124771118164,7.473750114440918,7.430624961853027,7.460000038146973,31371200
2014-07-25,6.932519435882568,7.374374866485596,7.414374828338623,7.34499979019165,7.403124809265137,48569600
2014-07-28,6.936045169830322,7.378125190734863,7.400625228881836,7.292500019073486,7.378749847412109,43710400
2014-07-29,6.876700401306152,7.315000057220459,7.426249980926514,7.314374923706055,7.408124923706055,48376000
2014-07-30,6.881402492523193,7.320000171661377,7.386250019073486,7.258124828338623,7.367499828338623,50652800
2014-07-31,6.6070146560668945,7.028124809265137,7.228750228881836,7.021874904632568,7.213749885559082,109910400
2014-08-01,6.5676493644714355,6.986249923706055,7.075624942779541,6.916874885559082,6.989375114440918,213870400
2014-08-04,6.659307479858398,7.083749771118164,7.113124847412109,6.950624942779541,7.010624885559082,63078400
2014-08-05,6.530045509338379,6.946249961853027,7.061874866485596,6.896249771118164,7.026875019073486,89340800
2014-08-06,6.5318098068237305,6.948124885559082,7.008124828338623,6.878125190734863,6.881249904632568,55907200
2014-08-07,6.460714340209961,6.872499942779541,7.025625228881836,6.840624809265137,7.01437520980835,86427200
2014-08-08,6.611126899719238,7.03249979019165,7.041250228881836,6.869375228881836,6.90625,54190400
2014-08-11,6.647556781768799,7.071249961853027,7.135624885559082,7.067500114440918,7.083125114440918,43243200
2014-08-12,6.629930019378662,7.052499771118164,7.099374771118164,7.010624885559082,7.057499885559082,64332800
2014-08-13,6.723351001739502,7.151875019073486,7.166250228881836,7.085625171661377,7.106874942779541,52184000
2014-08-14,6.783867835998535,7.216249942779541,7.216249942779541,7.159375190734863,7.171875,40118400
2014-08-15,6.7821044921875,7.214375019073486,7.28249979019165,7.11062479019165,7.268750190734863,96513600
2014-08-18,6.89491605758667,7.334374904632568,7.340624809265137,7.284375190734863,7.293749809265137,112153600
2014-08-19,6.9648332595825195,7.408750057220459,7.42062520980835,7.355000019073486,7.366250038146973,35187200
2014-08-20,7.003612995147705,7.449999809265137,7.466249942779541,7.387499809265137,7.391250133514404,56585600
2014-08-21,7.04180383682251,7.490624904632568,7.511875152587891,7.451250076293945,7.463749885559082,44592000
2014-08-22,7.0200653076171875,7.46750020980835,7.508124828338623,7.43625020980835,7.481249809265137,75612800
2014-08-25,7.092920780181885,7.545000076293945,7.569375038146973,7.520625114440918,7.539999961853027,52752000
2014-08-26,7.10408353805542,7.556875228881836,7.59250020980835,7.550000190734863,7.554375171661377,36553600
2014-08-27,7.098208904266357,7.550624847412109,7.571875095367432,7.526249885559082,7.56125020980835,33219200
2014-08-28,7.087044715881348,7.538750171661377,7.54812479019165,7.483749866485596,7.496250152587891,47193600
2014-08-29,7.126997947692871,7.581250190734863,7.583125114440918,7.515625,7.564374923706055,47801600
2014-09-02,7.119359493255615,7.573124885559082,7.603750228881836,7.518125057220459,7.603750228881836,124558400
2014-09-03,7.114659786224365,7.568124771118164,7.633749961853027,7.545000076293945,7.631249904632568,64411200
2014-09-04,7.089395046234131,7.541250228881836,7.645625114440918,7.502500057220459,7.589375019073486,81740800
2014-09-05,7.155789375305176,7.611875057220459,7.616250038146973,7.48312520980835,7.538125038146973,62190400
2014-09-08,7.1181864738464355,7.571875095367432,7.616875171661377,7.527500152587891,7.596875190734863,65336000
2014-09-09,7.030052185058594,7.478125095367432,7.567500114440918,7.444375038146973,7.555624961853027,77672000
2014-09-10,7.0811686515808105,7.53249979019165,7.539374828338623,7.432499885559082,7.485000133514404,67494400
2014-09-11,7.092920780181885,7.545000076293945,7.548749923706055,7.458125114440918,7.46875,61969600
2014-09-12,7.012425899505615,7.459374904632568,7.533124923706055,7.416250228881836,7.533124923706055,82784000
2014-09-15,6.999499320983887,7.445624828338623,7.471250057220459,7.401249885559082,7.458125114440918,54129600
2014-09-16,7.107610702514648,7.560625076293945,7.585000038146973,7.409999847412109,7.420000076293945,111704000
2014-09-17,7.12347412109375,7.577499866485596,7.649374961853027,7.505624771118164,7.583749771118164,96726400
2014-09-18,7.199267864227295,7.658124923706055,7.663750171661377,7.607500076293945,7.62624979019165,59952000
2014-09-19,7.1857523918151855,7.643750190734863,7.724374771118164,7.616250038146973,7.709374904632568,67806400
2014-09-22,7.077057361602783,7.528124809265137,7.621874809265137,7.498125076293945,7.620625019073486,85569600
2014-09-23,6.99714994430542,7.443124771118164,7.536874771118164,7.438125133514404,7.472499847412109,83228800
2014-09-24,7.1065993309021,7.556250095367432,7.56374979019165,7.402500152587891,7.443124771118164,66377600
2014-09-25,6.872064113616943,7.306875228881836,7.515625,7.306250095367432,7.515625,129140800
2014-09-26,6.9855122566223145,7.427499771118164,7.461249828338623,7.317500114440918,7.336874961853027,48654400
2014-09-29,6.957884788513184,7.398125171661377,7.423749923706055,7.285624980926514,7.296249866485596,55110400
2014-09-30,6.917912483215332,7.355625152587891,7.45437479019165,7.329999923706055,7.411874771118164,61156800
2014-10-01,6.735693454742432,7.161874771118164,7.339375019073486,7.128125190734863,7.333749771118164,115227200
2014-10-02,6.735105037689209,7.161250114440918,7.210625171661377,7.012499809265137,7.144374847412109,97993600
2014-10-03,6.882645130157471,7.318124771118164,7.349374771118164,7.213749885559082,7.256249904632568,61705600
2014-10-06,6.865010738372803,7.299375057220459,7.400000095367432,7.25,7.379374980926514,96732800
2014-10-07,6.656926155090332,7.078125,7.256875038146973,7.072500228881836,7.224999904632568,126577600
2014-10-08,6.886171817779541,7.321875095367432,7.34250020980835,7.008749961853027,7.081250190734863,132198400
2014-10-09,6.610488414764404,7.028749942779541,7.318124771118164,7.019999980926514,7.297500133514404,166012800
2014-10-10,6.462949752807617,6.871874809265137,7.097499847412109,6.867499828338623,7.027500152587891,159539200
2014-10-13,6.247811317443848,6.643125057220459,6.912499904632568,6.635624885559082,6.865624904632568,144409600
2014-10-14,6.275439739227295,6.672500133514404,6.811874866485596,6.616875171661377,6.715624809265137,174734400
2014-10-15,6.177274703979492,6.568124771118164,6.603750228881836,6.252500057220459,6.482500076293945,255444800
2014-10-16,6.167282581329346,6.557499885559082,6.653124809265137,6.324999809265137,6.336249828338623,218760000
2014-10-17,6.3177618980407715,6.71750020980835,6.806250095367432,6.65500020980835,6.712500095367432,136827200
2014-10-20,6.440613269805908,6.848124980926514,6.856249809265137,6.6875,6.693124771118164,88984000
2014-10-21,6.695134162902832,7.118750095367432,7.127500057220459,6.931875228881836,6.946249961853027,110457600
2014-10-22,6.602259159088135,7.019999980926514,7.179999828338623,7.011250019073486,7.144374847412109,106432000
2014-10-23,6.751565456390381,7.178750038146973,7.268125057220459,7.130624771118164,7.158124923706055,80323200
2014-10-24,6.84972620010376,7.283124923706055,7.292500019073486,7.148125171661377,7.200624942779541,86742400
2014-10-27,6.789181709289551,7.21875,7.290625095367432,7.184999942779541,7.237500190734863,77094400
2014-10-28,6.990801811218262,7.433125019073486,7.435625076293945,7.31125020980835,7.319375038146973,59595200
2014-10-29,6.9737548828125,7.414999961853027,7.488124847412109,7.314374923706055,7.446249961853027,105049600
2014-10-30,7.0625128746032715,7.509375095367432,7.549375057220459,7.358749866485596,7.368750095367432,77840000
2014-10-31,7.2206339836120605,7.677499771118164,7.691249847412109,7.613124847412109,7.688125133514404,87841600
2014-11-03,7.228274822235107,7.685625076293945,7.736249923706055,7.652500152587891,7.698124885559082,58563200
2014-11-04,7.1818366050720215,7.636250019073486,7.67312479019165,7.557499885559082,7.646249771118164,102016000
2014-11-05,7.272361755371094,7.732500076293945,7.748125076293945,7.661874771118164,7.744375228881836,70992000
2014-11-06,7.331141471862793,7.795000076293945,7.800000190734863,7.676249980926514,7.738124847412109,62824000
2014-11-07,7.342309951782227,7.806875228881836,7.824999809265137,7.75,7.793749809265137,59604800
2014-11-10,7.386397838592529,7.853750228881836,7.858749866485596,7.789374828338623,7.811874866485596,25374400
2014-11-11,7.4005022048950195,7.868750095367432,7.879374980926514,7.828750133514404,7.861875057220459,29198400
2014-11-12,7.387571811676025,7.855000019073486,7.873125076293945,7.802499771118164,7.806875228881836,40046400
2014-11-13,7.398738384246826,7.866875171661377,7.918749809265137,7.794374942779541,7.868750095367432,51702400
2014-11-14,7.405206203460693,7.87375020980835,7.89187479019165,7.833125114440918,7.861875057220459,26555200
2014-11-17,7.414609909057617,7.883749961853027,7.898125171661377,7.827499866485596,7.841249942779541,40148800
2014-11-18,7.499255657196045,7.973750114440918,8.0024995803833,7.886875152587891,7.886875152587891,56382400
2014-11-19,7.472805023193359,7.945624828338623,7.973750114440918,7.876874923706055,7.95437479019165,48142400
2014-11-20,7.501606464385986,7.976250171661377,7.98562479019165,7.867499828338623,7.872499942779541,41385600
2014-11-21,7.576846122741699,8.056249618530273,8.142499923706055,8.006875038146973,8.133749961853027,48851200
2014-11-24,7.6256327629089355,8.108124732971191,8.117500305175781,8.079999923706055,8.098750114440918,41107200
2014-11-25,7.617992877960205,8.100000381469727,8.148124694824219,8.070625305175781,8.125624656677246,42697600
2014-11-26,7.652085781097412,8.136249542236328,8.143750190734863,8.088749885559082,8.106249809265137,25088000
2014-11-28,7.620344638824463,8.102499961853027,8.151874542236328,8.077500343322754,8.1225004196167,21585600
2014-12-01,7.513363838195801,7.988749980926514,8.047499656677246,7.958125114440918,8.034375190734863,68652800
2014-12-02,7.6044721603393555,8.085624694824219,8.107500076293945,7.988749980926514,7.988749980926514,50764800
2014-12-03,7.6673688888549805,8.15250015258789,8.171250343322754,8.088749885559082,8.103750228881836,41296000
2014-12-04,7.646207332611084,8.130000114440918,8.180624961853027,8.05875015258789,8.121874809265137,48572800
2014-12-05,7.67618465423584,8.161874771118164,8.195625305175781,8.123749732971191,8.148750305175781,41924800
2014-12-08,7.572144508361816,8.051250457763672,8.167499542236328,7.996874809265137,8.123749732971191,59281600
2014-12-09,7.558620929718018,8.036874771118164,8.048749923706055,7.838749885559082,7.875,93104000
2014-12-10,7.318799018859863,7.781875133514404,7.999374866485596,7.762499809265137,7.996250152587891,115340800
2014-12-11,7.385220050811768,7.852499961853027,8.010624885559082,7.820624828338623,7.833125114440918,74848000
2014-12-12,7.1530375480651855,7.605625152587891,7.828750133514404,7.601874828338623,7.740624904632568,110892800
2014-12-15,7.0466413497924805,7.492499828338623,7.727499961853027,7.444375038146973,7.68625020980835,114411200
2014-12-16,6.935548305511475,7.374374866485596,7.714375019073486,7.371250152587891,7.428750038146973,139726400
2014-12-17,7.2159318923950195,7.672500133514404,7.707499980926514,7.40500020980835,7.417500019073486,123755200
2014-12-18,7.570380210876465,8.0493745803833,8.0493745803833,7.82937479019165,7.889999866485596,83571200
2014-12-19,7.63209867477417,8.114999771118164,8.179374694824219,8.045624732971191,8.103750228881836,61928000
2014-12-22,7.699471950531006,8.171250343322754,8.175000190734863,8.0962495803833,8.119999885559082,26008000
2014-12-23,7.724795341491699,8.198124885559082,8.236249923706055,8.180000305175781,8.2318754196167,28875200
2014-12-24,7.724207878112793,8.197500228881836,8.241874694824219,8.197500228881836,8.219374656677246,11120000
2014-12-26,7.776618003845215,8.253125190734863,8.282500267028809,8.2368745803833,8.241874694824219,11014400
2014-12-29,7.790754318237305,8.2681245803833,8.289999961853027,8.228124618530273,8.228750228881836,14828800
2014-12-30,7.711248874664307,8.18375015258789,8.241874694824219,8.173749923706055,8.226875305175781,19592000
2014-12-31,7.556365489959717,8.01937484741211,8.226249694824219,8.006250381469727,8.209375381469727,34265600
2015-01-02,7.5463547706604,8.008749961853027,8.121874809265137,7.910624980926514,8.079999923706055,42342400
2015-01-05,7.271332740783691,7.716875076293945,7.924375057220459,7.690625190734863,7.909999847412109,90105600
2015-01-06,7.140590667724609,7.578125,7.795000076293945,7.499374866485596,7.748125076293945,117161600
2015-01-07,7.318443298339844,7.76687479019165,7.792500019073486,7.654375076293945,7.696875095367432,61499200
2015-01-08,7.575801372528076,8.039999961853027,8.055624961853027,7.890625,7.890625,58868800
2015-01-09,7.445060729980469,7.901249885559082,8.074999809265137,7.849999904632568,8.07437515258789,70956800
2015-01-12,7.330222129821777,7.779375076293945,7.933750152587891,7.728125095367432,7.917500019073486,49008000
2015-01-13,7.292531490325928,7.739375114440918,7.99875020980835,7.619375228881836,7.894374847412109,101068800
2015-01-14,7.201838970184326,7.643125057220459,7.663750171661377,7.46999979019165,7.550000190734863,95172800
2015-01-15,7.071099758148193,7.504374980926514,7.731249809265137,7.494999885559082,7.699999809265137,75382400
2015-01-16,7.251896381378174,7.696249961853027,7.714375019073486,7.468124866485596,7.488749980926514,66670400
2015-01-20,7.285465240478516,7.731874942779541,7.78249979019165,7.589375019073486,7.755624771118164,67980800
2015-01-21,7.357311725616455,7.808125019073486,7.853750228881836,7.647500038146973,7.6875,69441600
2015-01-22,7.57638692855835,8.040624618530273,8.054374694824219,7.753749847412109,7.881249904632568,72606400
2015-01-23,7.490994930267334,7.949999809265137,8.042499542236328,7.941874980926514,8.012499809265137,47694400
2015-01-26,7.52750825881958,7.988749980926514,7.999374866485596,7.868124961853027,7.935625076293945,37331200
2015-01-27,7.3296332359313965,7.778749942779541,7.886250019073486,7.702499866485596,7.798749923706055,74860800
2015-01-28,7.138824939727783,7.576250076293945,7.896249771118164,7.5625,7.887499809265137,69633600
2015-01-29,7.275453567504883,7.721250057220459,7.741250038146973,7.466875076293945,7.596250057220459,56987200
2015-01-30,7.09171199798584,7.526249885559082,7.731249809265137,7.50124979019165,7.605625152587891,74571200
2015-02-02,7.260140895843506,7.704999923706055,7.716875076293945,7.403124809265137,7.569375038146973,69979200
2015-02-03,7.471561431884766,7.929375171661377,7.932499885559082,7.758124828338623,7.786874771118164,64270400
2015-02-04,7.4150261878967285,7.869375228881836,7.973124980926514,7.829999923706055,7.856249809265137,53268800
2015-02-05,7.571677207946777,8.035625457763672,8.04312515258789,7.926875114440918,7.936874866485596,48936000
2015-02-06,7.5239763259887695,7.985000133514404,8.116250038146973,7.936874866485596,8.064374923706055,48700800
2015-02-09,7.455660343170166,7.912499904632568,7.989375114440918,7.87375020980835,7.920000076293945,44804800
2015-02-10,7.611135959625244,8.077500343322754,8.103124618530273,7.927499771118164,8.008749961853027,37910400
2015-02-11,7.623502254486084,8.090624809265137,8.129375457763672,8.00374984741211,8.0625,39852800
2015-02-12,7.768374919891357,8.244375228881836,8.249375343322754,8.150625228881836,8.166874885559082,36441600
2015-02-13,7.831975936889648,8.311875343322754,8.31624984741211,8.233750343322754,8.255624771118164,36716800
2015-02-17,7.8620123863220215,8.34375,8.354999542236328,8.259374618530273,8.286250114440918,32032000
2015-02-18,7.860243797302246,8.341875076293945,8.346875190734863,8.27750015258789,8.301875114440918,30555200
2015-02-19,7.851412773132324,8.332500457763672,8.362500190734863,8.26937484741211,8.284375190734863,29740800
2015-02-20,7.941516876220703,8.428125381469727,8.434374809265137,8.229374885559082,8.288125038146973,52547200
2015-02-23,7.939159393310547,8.42562484741211,8.42562484741211,8.366874694824219,8.404999732971191,28110400
2015-02-24,7.985682010650635,8.475000381469727,8.491250038146973,8.391249656677246,8.417499542236328,30403200
2015-02-25,7.966837406158447,8.454999923706055,8.506250381469727,8.423749923706055,8.461250305175781,33952000
2015-02-26,7.949761867523193,8.436875343322754,8.462499618530273,8.379375457763672,8.448124885559082,33574400
2015-02-27,7.900294303894043,8.384374618530273,8.454375267028809,8.37874984741211,8.428750038146973,28592000
2015-03-02,7.995696544647217,8.485625267028809,8.489999771118164,8.384374618530273,8.389374732971191,35614400
2015-03-03,7.9279704093933105,8.413749694824219,8.453125,8.332500457763672,8.443124771118164,45961600
2015-03-04,7.864366054534912,8.3462495803833,8.364375114440918,8.25,8.35562515258789,68803200
2015-03-05,7.878500461578369,8.361249923706055,8.388750076293945,8.314374923706055,8.374375343322754,34152000
2015-03-06,7.658246040344238,8.1274995803833,8.320625305175781,8.094374656677246,8.275625228881836,80409600
2015-03-09,7.7212629318237305,8.194375038146973,8.225000381469727,8.133749961853027,8.1431245803833,36833600
2015-03-10,7.468616008758545,7.926249980926514,8.068124771118164,7.924375057220459,8.057499885559082,74320000
2015-03-11,7.4362263679504395,7.89187479019165,7.966249942779541,7.880624771118164,7.946875095367432,65040000
2015-03-12,7.622323036193848,8.089374542236328,8.095000267028809,7.942500114440918,7.948750019073486,54987200
2015-03-13,7.532808303833008,7.994375228881836,8.076250076293945,7.89187479019165,8.064374923706055,95446400
2015-03-16,7.731861114501953,8.2056245803833,8.210624694824219,8.055000305175781,8.05875015258789,54422400
2015-03-17,7.68180513381958,8.15250015258789,8.1875,8.076874732971191,8.130000114440918,67376000
2015-03-18,7.8649582862854,8.346875190734863,8.411874771118164,8.047499656677246,8.107500076293945,94996800
2015-03-19,7.791930675506592,8.26937484741211,8.335624694824219,8.2368745803833,8.3100004196167,64356800
2015-03-20,7.9297380447387695,8.415624618530273,8.465624809265137,8.356249809265137,8.363750457763672,55256000
2015-03-23,7.904410362243652,8.388750076293945,8.47249984741211,8.38687515258789,8.41812515258789,45304000
2015-03-24,7.808420658111572,8.286874771118164,8.416250228881836,8.283124923706055,8.3725004196167,55776000
2015-03-25,7.585161209106445,8.03499984741211,8.315625190734863,8.029375076293945,8.293749809265137,84784000
2015-03-26,7.550350666046143,7.998125076293945,8.078125,7.90500020980835,7.970624923706055,89476800
2015-03-27,7.580439567565918,8.029999732971191,8.046875,7.966249942779541,7.984375,57217600
2015-03-30,7.766883850097656,8.227499961853027,8.2524995803833,8.125,8.1274995803833,48142400
2015-03-31,7.628822326660156,8.081250190734863,8.213125228881836,8.076250076293945,8.146249771118164,68755200
2015-04-01,7.578670024871826,8.028124809265137,8.076874732971191,7.930624961853027,8.076874732971191,82193600
2015-04-02,7.623513698577881,8.0756254196167,8.1225004196167,7.999374866485596,8.017499923706055,53435200
2015-04-06,7.729712963104248,8.188124656677246,8.236249923706055,7.98312520980835,7.996250152587891,58547200
2015-04-07,7.6931328773498535,8.149374961853027,8.260624885559082,8.141875267028809,8.189374923706055,44406400
2015-04-08,7.73974609375,8.198749542236328,8.239375114440918,8.129375457763672,8.164999961853027,62830400
2015-04-09,7.809957981109619,8.273124694824219,8.292499542236328,8.1381254196167,8.182499885559082,50176000
2015-04-10,7.890787124633789,8.358750343322754,8.364375114440918,8.276249885559082,8.2943754196167,34164800
2015-04-13,7.822934627532959,8.286874771118164,8.407500267028809,8.279999732971191,8.346875190734863,43908800
2015-04-14,7.850668430328369,8.31624984741211,8.333125114440918,8.207500457763672,8.265625,45225600
2015-04-15,7.920287609100342,8.390000343322754,8.438124656677246,8.351249694824219,8.3618745803833,47715200
2015-04-16,7.914978981018066,8.384374618530273,8.43375015258789,8.34000015258789,8.359999656677246,42201600
2015-04-17,7.733255863189697,8.191875457763672,8.295000076293945,8.118749618530273,8.270625114440918,89832000
2015-04-20,7.874854564666748,8.341875076293945,8.371874809265137,8.271875381469727,8.279999732971191,46315200
2015-04-21,7.855386734008789,8.321249961853027,8.420000076293945,8.293749809265137,8.407500267028809,39377600
2015-04-22,7.931495666503906,8.401874542236328,8.420000076293945,8.266875267028809,8.353750228881836,41913600
2015-04-23,7.9710283279418945,8.443750381469727,8.506250381469727,8.353124618530273,8.364375114440918,54478400
2015-04-24,8.007020950317383,8.4818754196167,8.509374618530273,8.440625190734863,8.486249923706055,39729600
2015-04-27,7.939759731292725,8.410625457763672,8.548749923706055,8.39437484741211,8.538749694824219,50787200
2015-04-28,7.991087913513184,8.46500015258789,8.470624923706055,8.298125267028809,8.411250114440918,55100800
2015-04-29,7.923239231109619,8.3931245803833,8.454375267028809,8.319375038146973,8.376874923706055,79048000
2015-04-30,7.769245147705078,8.229999542236328,8.378125190734863,8.15999984741211,8.341875076293945,90468800
2015-05-01,7.932675361633301,8.403124809265137,8.407500267028809,8.292499542236328,8.302499771118164,57230400
2015-05-04,7.983417510986328,8.45687484741211,8.507499694824219,8.434374809265137,8.445625305175781,46368000
2015-05-05,7.797565937042236,8.260000228881836,8.462499618530273,8.24625015258789,8.429374694824219,67000000
2015-05-06,7.730892658233643,8.189374923706055,8.339374542236328,8.09000015258789,8.309374809265137,93884800
2015-05-07,7.791665554046631,8.25374984741211,8.295000076293945,8.150625228881836,8.181249618530273,54843200
2015-05-08,7.999347686767578,8.473750114440918,8.491874694824219,8.406874656677246,8.412500381469727,60043200
2015-05-11,7.919103145599365,8.388750076293945,8.493749618530273,8.384374618530273,8.464374542236328,42384000
2015-05-12,7.8719048500061035,8.338749885559082,8.392499923706055,8.233750343322754,8.3100004196167,55436800
2015-05-13,7.876626491546631,8.34375,8.439374923706055,8.321874618530273,8.379375457763672,45873600
2015-05-14,8.038880348205566,8.515625,8.524999618530273,8.413125038146973,8.441875457763672,45633600
2015-05-15,8.056580543518066,8.534375190734863,8.548749923706055,8.489375114440918,8.53499984741211,30716800
2015-05-18,8.1043701171875,8.585000038146973,8.61312484741211,8.5131254196167,8.5181245803833,31390400
2015-05-19,8.097877502441406,8.578125,8.625,8.554374694824219,8.599374771118164,26710400
2015-05-20,8.086670875549316,8.56624984741211,8.641249656677246,8.538749694824219,8.588749885559082,22308000
2015-05-21,8.13622760772705,8.618749618530273,8.640000343322754,8.538749694824219,8.556249618530273,20428000
2015-05-22,8.098470687866211,8.578749656677246,8.623749732971191,8.571249961853027,8.579999923706055,14265600
2015-05-26,7.926187515258789,8.396249771118164,8.536250114440918,8.352499961853027,8.53125,34778400
2015-05-27,8.066611289978027,8.545000076293945,8.572500228881836,8.404999732971191,8.438750267028809,20912800
2015-05-28,8.052445411682129,8.529999732971191,8.542499542236328,8.46500015258789,8.520000457763672,28336800
2015-05-29,7.948608875274658,8.420000076293945,8.52750015258789,8.399999618530273,8.522500038146973,25803200
2015-06-01,7.981646537780762,8.454999923706055,8.520000457763672,8.382499694824219,8.487500190734863,37086400
2015-06-02,7.969846725463867,8.442500114440918,8.507499694824219,8.353750228881836,8.414999961853027,26419200
2015-06-03,8.014690399169922,8.489999771118164,8.546250343322754,8.4399995803833,8.491250038146973,29102400
2015-06-04,7.886068344116211,8.353750228881836,8.473750114440918,8.3125,8.418749809265137,42716800
2015-06-05,7.850668430328369,8.31624984741211,8.37874984741211,8.251250267028809,8.326250076293945,39340000
2015-06-08,7.749185562133789,8.208749771118164,8.31624984741211,8.203749656677246,8.305000305175781,29508800
2015-06-09,7.749185562133789,8.208749771118164,8.258749961853027,8.147500038146973,8.211250305175781,27781600
2015-06-10,7.929727077484131,8.399999618530273,8.4399995803833,8.274999618530273,8.28125,35219200
2015-06-11,7.9792866706848145,8.452500343322754,8.493749618530273,8.423749923706055,8.449999809265137,31018400
2015-06-12,7.863645076751709,8.329999923706055,8.392499923706055,8.301250457763672,8.373749732971191,37148000
2015-06-15,7.789305686950684,8.251250267028809,8.28125,8.151249885559082,8.21875,52836800
2015-06-16,7.875447750091553,8.342499732971191,8.352499961853027,8.225000381469727,8.241250038146973,37437600
2015-06-17,7.90140438079834,8.369999885559082,8.428750038146973,8.270000457763672,8.3725004196167,44884000
2015-06-18,8.059528350830078,8.537500381469727,8.59000015258789,8.416250228881836,8.427499771118164,48420000
2015-06-19,7.9674859046936035,8.4399995803833,8.52750015258789,8.43375015258789,8.522500038146973,23019200
2015-06-22,8.07958698272705,8.55875015258789,8.611249923706055,8.53499984741211,8.5600004196167,28890400
2015-06-23,8.086670875549316,8.56624984741211,8.600000381469727,8.529999732971191,8.573749542236328,23512800
2015-06-24,7.968296051025391,8.431249618530273,8.568750381469727,8.431249618530273,8.5287504196167,27688000
2015-06-25,7.917497634887695,8.3774995803833,8.492500305175781,8.3774995803833,8.483750343322754,19932800
2015-06-26,7.91867733001709,8.37874984741211,8.438750267028809,8.327500343322754,8.416250228881836,27628000
2015-06-29,7.596168041229248,8.037500381469727,8.297499656677246,8.020000457763672,8.237500190734863,59671200
2015-06-30,7.6233391761779785,8.06624984741211,8.173749923706055,8.016249656677246,8.168749809265137,47496000
2015-07-01,7.736749172210693,8.186249732971191,8.229999542236328,8.114999771118164,8.212499618530273,35364800
2015-07-02,7.724935054779053,8.173749923706055,8.248749732971191,8.133749961853027,8.231249809265137,23533600
2015-07-06,7.678861618041992,8.125,8.197500228881836,8.03125,8.046250343322754,31766400
2015-07-07,7.767467021942139,8.21875,8.237500190734863,7.922500133514404,8.142499923706055,49491200
2015-07-08,7.514652729034424,7.951250076293945,8.1274995803833,7.928750038146973,8.098750114440918,45748800
2015-07-09,7.537099361419678,7.974999904632568,8.168749809265137,7.971250057220459,8.145000457763672,36599200
2015-07-10,7.7296624183654785,8.178750038146973,8.220000267028809,8.103750228881836,8.166250228881836,29277600
2015-07-13,7.899778842926025,8.358750343322754,8.37125015258789,8.295000076293945,8.298749923706055,27017600
2015-07-14,7.971841812133789,8.4350004196167,8.461250305175781,8.353750228881836,8.353750228881836,21504000
2015-07-15,7.964751720428467,8.427499771118164,8.479999542236328,8.383749961853027,8.444999694824219,24407200
2015-07-16,8.085250854492188,8.555000305175781,8.561249732971191,8.505000114440918,8.524999618530273,24529600
2015-07-17,8.101789474487305,8.572500228881836,8.579999923706055,8.522500038146973,8.55875015258789,15824800
2015-07-20,8.11124324798584,8.582500457763672,8.62874984741211,8.552499771118164,8.598750114440918,15590400
2015-07-21,8.043902397155762,8.511249542236328,8.59375,8.484999656677246,8.569999694824219,21688000
2015-07-22,8.0096435546875,8.475000381469727,8.515000343322754,8.443750381469727,8.443750381469727,13934400
2015-07-23,7.928126811981201,8.388750076293945,8.5024995803833,8.353750228881836,8.498749732971191,17001600
2015-07-24,7.7591962814331055,8.210000038146973,8.399999618530273,8.182499885559082,8.396249771118164,22997600
2015-07-27,7.669412136077881,8.114999771118164,8.177499771118164,8.077500343322754,8.126250267028809,36130400
2015-07-28,7.853706359863281,8.3100004196167,8.331250190734863,8.118749618530273,8.193750381469727,35527200
2015-07-29,7.963573455810547,8.426250457763672,8.451250076293945,8.313750267028809,8.326250076293945,28096000
2015-07-30,7.968296051025391,8.431249618530273,8.449999809265137,8.322500228881836,8.37874984741211,26016800
2015-07-31,7.944670677185059,8.40625,8.482500076293945,8.381250381469727,8.482500076293945,21937600
2015-08-03,7.887962818145752,8.3462495803833,8.4087495803833,8.260000228881836,8.4037504196167,35012000
2015-08-04,7.854886531829834,8.311249732971191,8.386249542236328,8.271249771118164,8.34375,18974400
2015-08-05,7.913954257965088,8.373749732971191,8.470000267028809,8.345000267028809,8.401249885559082,20272800
2015-08-06,7.793454647064209,8.24625015258789,8.398750305175781,8.178750038146973,8.387499809265137,27496800
2015-08-07,7.75446891784668,8.204999923706055,8.233750343322754,8.118749618530273,8.2212495803833,27556800
2015-08-10,7.945853233337402,8.407500267028809,8.416250228881836,8.306249618530273,8.306249618530273,30011200
2015-08-11,7.798181533813477,8.251250267028809,8.318750381469727,8.18375015258789,8.279999732971191,33119200
2015-08-12,7.815901756286621,8.270000457763672,8.292499542236328,7.994999885559082,8.131250381469727,55163200
2015-08-13,7.800544261932373,8.25374984741211,8.324999809265137,8.203749656677246,8.265000343322754,29604000
2015-08-14,7.854886531829834,8.311249732971191,8.319999694824219,8.22249984741211,8.241250038146973,19082400
2015-08-17,7.944670677185059,8.40625,8.40625,8.213749885559082,8.260000228881836,23092800
2015-08-18,7.896234035491943,8.354999542236328,8.412500381469727,8.335000038146973,8.382499694824219,17944800
2015-08-19,7.7710089683532715,8.22249984741211,8.359999656677246,8.148750305175781,8.286250114440918,50494400
2015-08-20,7.448497295379639,7.881249904632568,8.132499694824219,7.875,8.082500457763672,68294400
2015-08-21,6.984221935272217,7.389999866485596,7.798749923706055,7.382500171661377,7.710000038146973,100240800
2015-08-24,6.4065327644348145,6.778749942779541,7.253749847412109,6.25,6.616250038146973,86661600
2015-08-25,6.252957344055176,6.616250038146973,7.21750020980835,6.605000019073486,7.21750020980835,69799200
2015-08-26,6.737316608428955,7.128749847412109,7.146249771118164,6.696249961853027,6.953750133514404,57304000
2015-08-27,7.0645527839660645,7.474999904632568,7.489999771118164,7.182499885559082,7.324999809265137,66073600
2015-08-28,7.063370704650879,7.473750114440918,7.519999980926514,7.377500057220459,7.416250228881836,41505600
2015-08-31,6.953505992889404,7.357500076293945,7.466249942779541,7.307499885559082,7.391250133514404,37468000
2015-09-01,6.531758785247803,6.911250114440918,7.138750076293945,6.840000152587891,7.011250019073486,81476000
2015-09-02,6.78456974029541,7.178750038146973,7.181250095367432,6.963749885559082,7.127500057220459,53676800
2015-09-03,6.79520320892334,7.190000057220459,7.37375020980835,7.146249771118164,7.238749980926514,46442400
2015-09-04,6.589645862579346,6.972499847412109,7.065000057220459,6.898749828338623,6.991250038146973,50857600
2015-09-08,6.926334381103516,7.328750133514404,7.333749771118164,7.158750057220459,7.216249942779541,36719200
2015-09-09,6.7337727546691895,7.125,7.472499847412109,7.09250020980835,7.463749885559082,40766400
2015-09-10,6.805835723876953,7.201250076293945,7.303750038146973,7.086249828338623,7.108749866485596,42141600
2015-09-11,6.866086006164551,7.264999866485596,7.268750190734863,7.106249809265137,7.166250228881836,24742400
2015-09-14,6.81646728515625,7.212500095367432,7.284999847412109,7.172500133514404,7.284999847412109,26164000
2015-09-15,6.986584186553955,7.392499923706055,7.432499885559082,7.21999979019165,7.256249904632568,26920800
2015-09-16,7.111808776855469,7.525000095367432,7.538750171661377,7.391250133514404,7.418749809265137,30150400
2015-09-17,7.076367378234863,7.487500190734863,7.721250057220459,7.456250190734863,7.507500171661377,60553600
2015-09-18,6.847184181213379,7.244999885559082,7.403749942779541,7.207499980926514,7.262499809265137,67630400
2015-09-21,6.9121599197387695,7.31374979019165,7.40749979019165,7.224999904632568,7.317500114440918,39931200
2015-09-22,6.738497257232666,7.130000114440918,7.168749809265137,7.027500152587891,7.128749847412109,49998400
2015-09-23,6.7089643478393555,7.098750114440918,7.183750152587891,7.054999828338623,7.139999866485596,31843200
2015-09-24,6.6711602210998535,7.058750152587891,7.09375,6.882500171661377,6.997499942779541,60435200
2015-09-25,6.661708354949951,7.048749923706055,7.206250190734863,6.972499847412109,7.178750038146973,80169600
2015-09-28,6.325022220611572,6.692500114440918,6.977499961853027,6.670000076293945,6.96999979019165,75724000
2015-09-29,6.333290100097656,6.701250076293945,6.817500114440918,6.618750095367432,6.712500095367432,66328800
2015-09-30,6.568380832672119,6.949999809265137,6.963749885559082,6.795000076293945,6.862500190734863,63759200
2015-10-01,6.606184005737305,6.989999771118164,7.012499809265137,6.821249961853027,6.986249923706055,53401600
2015-10-02,6.802291393280029,7.197500228881836,7.197500228881836,6.771249771118164,6.815000057220459,74792000
2015-10-05,7.04210901260376,7.451250076293945,7.471250057220459,7.295000076293945,7.301249980926514,37464800
2015-10-06,6.993671417236328,7.400000095367432,7.488749980926514,7.341249942779541,7.445000171661377,35321600
2015-10-07,7.108264923095703,7.521249771118164,7.552499771118164,7.377500057220459,7.481249809265137,39704800
2015-10-08,7.237034320831299,7.65749979019165,7.682499885559082,7.461249828338623,7.486249923706055,45593600
2015-10-09,7.244120121002197,7.664999961853027,7.708749771118164,7.610000133514404,7.672500133514404,23751200
2015-10-12,7.257116317749023,7.678750038146973,7.698750019073486,7.635000228881836,7.676249980926514,13438400
2015-10-13,7.168513298034668,7.585000038146973,7.728750228881836,7.568749904632568,7.614999771118164,21977600
2015-10-14,7.092906951904297,7.505000114440918,7.631249904632568,7.483749866485596,7.583749771118164,28014400
2015-10-15,7.31500244140625,7.739999771118164,7.739999771118164,7.537499904632568,7.572500228881836,28884800
2015-10-16,7.374070644378662,7.802499771118164,7.809999942779541,7.707499980926514,7.773749828338623,26463200
2015-10-19,7.3823418617248535,7.81125020980835,7.817500114440918,7.723750114440918,7.753749847412109,19736800
2015-10-20,7.365801811218262,7.793749809265137,7.853750228881836,7.755000114440918,7.777500152587891,17704000
2015-10-21,7.2807440757751465,7.703750133514404,7.847499847412109,7.684999942779541,7.837500095367432,32178400
2015-10-22,7.517016887664795,7.953750133514404,7.977499961853027,7.775000095367432,7.789999961853027,40262400
2015-10-23,7.690676689147949,8.137499809265137,8.170000076293945,8.042499542236328,8.113750457763672,38832000
2015-10-26,7.6528730392456055,8.09749984741211,8.125,8.0625,8.118749618530273,19144000
2015-10-27,7.618613243103027,8.061249732971191,8.0962495803833,8.001250267028809,8.038749694824219,20084000
2015-10-28,7.792276859283447,8.244999885559082,8.2475004196167,8.032500267028809,8.095000267028809,32535200
2015-10-29,7.786366939544678,8.238750457763672,8.271249771118164,8.188750267028809,8.201250076293945,20513600
2015-10-30,7.714303970336914,8.162500381469727,8.2837495803833,8.148750305175781,8.257499694824219,22090400
2015-11-02,7.89387321472168,8.352499961853027,8.3774995803833,8.1850004196167,8.192500114440918,21087200
2015-11-03,7.941126823425293,8.40250015258789,8.460000038146973,8.306249618530273,8.328749656677246,17909600
2015-11-04,7.896234035491943,8.354999542236328,8.443750381469727,8.307499885559082,8.436249732971191,22628800
2015-11-05,7.878513813018799,8.336250305175781,8.40625,8.255000114440918,8.363750457763672,21389600
2015-11-06,7.872605800628662,8.329999923706055,8.353750228881836,8.204999923706055,8.305000305175781,26251200
2015-11-09,7.7261176109313965,8.175000190734863,8.2837495803833,8.083749771118164,8.272500038146973,30615200
2015-11-10,7.752107620239258,8.202500343322754,8.213749885559082,8.103750228881836,8.131250381469727,18394400
2015-11-11,7.6977667808532715,8.145000457763672,8.239999771118164,8.141249656677246,8.237500190734863,20208000
2015-11-12,7.483937740325928,7.918749809265137,8.092499732971191,7.917500019073486,8.050000190734863,34828000
2015-11-13,7.313821792602539,7.738749980926514,7.903749942779541,7.731249809265137,7.878749847412109,43609600
2015-11-16,7.534736633300781,7.972499847412109,7.977499961853027,7.711249828338623,7.722499847412109,33580800
2015-11-17,7.518198013305664,7.954999923706055,8.083749771118164,7.917500019073486,8.005000114440918,44875200
2015-11-18,7.763919830322266,8.21500015258789,8.227499961853027,8.0024995803833,8.006250381469727,32996000
2015-11-19,7.749741554260254,8.199999809265137,8.239999771118164,8.175000190734863,8.201250076293945,16680800
2015-11-20,7.806451320648193,8.260000228881836,8.323749542236328,8.225000381469727,8.272500038146973,19141600
2015-11-23,7.789912700653076,8.242500305175781,8.313750267028809,8.197500228881836,8.262499809265137,17185600
2015-11-24,7.807629585266113,8.261249542236328,8.301250457763672,8.111249923706055,8.148750305175781,25356000
2015-11-25,7.80881404876709,8.262499809265137,8.293749809265137,8.237500190734863,8.27750015258789,12291200
2015-11-27,7.821809768676758,8.276249885559082,8.295000076293945,8.223750114440918,8.268750190734863,7873600
2015-11-30,7.760378837585449,8.211250305175781,8.305000305175781,8.199999809265137,8.291250228881836,27885600
2015-12-01,7.90686559677124,8.366250038146973,8.37874984741211,8.242500305175781,8.267499923706055,26833600
2015-12-02,7.743837356567383,8.193750381469727,8.390000343322754,8.171250343322754,8.361249923706055,25401600
2015-12-03,7.522922515869141,7.960000038146973,8.242500305175781,7.896249771118164,8.220000267028809,38038400
2015-12-04,7.817083835601807,8.271249771118164,8.302499771118164,7.988749980926514,8.0024995803833,38281600
2015-12-07,7.721391677856445,8.170000076293945,8.243749618530273,8.082500457763672,8.243749618530273,22770400
2015-12-08,7.619794845581055,8.0625,8.148750305175781,7.971250057220459,8.022500038146973,28233600
2015-12-09,7.499296188354492,7.934999942779541,8.197500228881836,7.846250057220459,8.00374984741211,46811200
2015-12-10,7.5382795333862305,7.976250171661377,8.09749984741211,7.920000076293945,7.946249961853027,28891200
2015-12-11,7.238214015960693,7.658750057220459,7.841249942779541,7.637499809265137,7.783750057220459,54960800
2015-12-14,7.319728374481201,7.744999885559082,7.75,7.519999980926514,7.683750152587891,58331200
2015-12-15,7.475667953491211,7.909999847412109,7.988749980926514,7.868750095367432,7.881249904632568,34160800
2015-12-16,7.688313961029053,8.135000228881836,8.166250228881836,7.888750076293945,8.007499694824219,43472000
2015-12-17,7.463855266571045,7.897500038146973,8.172499656677246,7.888750076293945,8.167499542236328,32440000
2015-12-18,7.181509494781494,7.598750114440918,7.831250190734863,7.598750114440918,7.822500228881836,45567200
2015-12-21,7.303188800811768,7.727499961853027,7.747499942779541,7.613749980926514,7.71750020980835,34292000
2015-12-22,7.436391830444336,7.84375,7.87375020980835,7.697500228881836,7.787499904632568,30472000
2015-12-23,7.617709636688232,8.03499984741211,8.043749809265137,7.929999828338623,7.940000057220459,26417600
2015-12-24,7.586897850036621,8.0024995803833,8.063750267028809,7.993750095367432,8.011249542236328,8244000
2015-12-28,7.563196659088135,7.977499961853027,7.978750228881836,7.878749847412109,7.945000171661377,17292000
2015-12-29,7.719626426696777,8.142499923706055,8.173749923706055,8.073749542236328,8.078749656677246,20361600
2015-12-30,7.616523265838623,8.0337495803833,8.12874984741211,8.016249656677246,8.117500305175781,13340000
2015-12-31,7.466020107269287,7.875,8.024999618530273,7.869999885559082,7.966249942779541,37656000
2016-01-04,7.251519203186035,7.648749828338623,7.648749828338623,7.461249828338623,7.601250171661377,58936000
2016-01-05,7.283517837524414,7.682499885559082,7.75,7.573750019073486,7.681250095367432,39704000
2016-01-06,7.087979316711426,7.476250171661377,7.573750019073486,7.388750076293945,7.445000171661377,47102400
2016-01-07,6.750229358673096,7.119999885559082,7.37375020980835,7.087500095367432,7.210000038146973,72752000
2016-01-08,6.605650424957275,6.96750020980835,7.25,6.93874979019165,7.21750020980835,63688800
2016-01-11,6.60920524597168,6.971250057220459,7.071249961853027,6.81125020980835,7.046249866485596,67857600
2016-01-12,6.712307453155518,7.079999923706055,7.153749942779541,6.90749979019165,7.108749866485596,58816000
2016-01-13,6.382853984832764,6.732500076293945,7.176249980926514,6.702499866485596,7.153749942779541,76050400
2016-01-14,6.591428279876709,6.952499866485596,7.052499771118164,6.652500152587891,6.792500019073486,65778400
2016-01-15,6.30582332611084,6.651249885559082,6.726250171661377,6.492499828338623,6.574999809265137,94068800
2016-01-19,6.321232318878174,6.667500019073486,6.818749904632568,6.542500019073486,6.800000190734863,75782400
2016-01-20,6.171909332275391,6.510000228881836,6.633749961853027,6.173749923706055,6.453750133514404,122976000
2016-01-21,6.235905170440674,6.577499866485596,6.726250171661377,6.433750152587891,6.538750171661377,82689600
2016-01-22,6.488326549530029,6.84375,6.860000133514404,6.727499961853027,6.792500019073486,53171200
2016-01-25,6.297529220581055,6.642499923706055,6.817500114440918,6.619999885559082,6.800000190734863,50050400
2016-01-26,6.459884166717529,6.81374979019165,6.840000152587891,6.663750171661377,6.683750152587891,39936800
2016-01-27,6.3236002922058105,6.670000076293945,6.913750171661377,6.59250020980835,6.768750190734863,58720000
2016-01-28,6.391149044036865,6.741250038146973,6.8125,6.597499847412109,6.797500133514404,52557600
2016-01-29,6.6921610832214355,7.058750152587891,7.068749904632568,6.793749809265137,6.800000190734863,50482400
2016-02-01,6.698087215423584,7.065000057220459,7.128749847412109,6.929999828338623,6.976250171661377,35754400
2016-02-02,6.446849346160889,6.800000190734863,6.934999942779541,6.760000228881836,6.931250095367432,60852800
2016-02-03,6.527432918548584,6.885000228881836,6.921249866485596,6.586249828338623,6.892499923706055,73552800
2016-02-04,6.546396732330322,6.90500020980835,6.988749980926514,6.792500019073486,6.847499847412109,41268800
2016-02-05,6.303454399108887,6.648749828338623,6.866250038146973,6.591249942779541,6.866250038146973,64092800
2016-02-08,6.128061771392822,6.463749885559082,6.513750076293945,6.28000020980835,6.492499828338623,66372000
2016-02-09,6.122135639190674,6.457499980926514,6.567500114440918,6.309999942779541,6.317500114440918,60628000
2016-02-10,6.115025520324707,6.449999809265137,6.663750171661377,6.442500114440918,6.53000020980835,49424800
2016-02-11,5.965704441070557,6.292500019073486,6.369999885559082,6.163750171661377,6.24875020980835,78288800
2016-02-12,6.202722072601318,6.542500019073486,6.546249866485596,6.361249923706055,6.425000190734863,44756000
2016-02-16,6.407742023468018,6.758749961853027,6.764999866485596,6.616250038146973,6.704999923706055,44642400
2016-02-17,6.619870185852051,6.982500076293945,7.016250133514404,6.853750228881836,6.862500190734863,44727200
2016-02-18,6.5665435791015625,6.926249980926514,7.013750076293945,6.900000095367432,7.005000114440918,25282400
2016-02-19,6.559431076049805,6.918749809265137,6.933750152587891,6.809999942779541,6.857500076293945,33218400
2016-02-22,6.747860908508301,7.117499828338623,7.133749961853027,7.050000190734863,7.052499771118164,28823200
2016-02-23,6.587874889373779,6.948750019073486,7.086249828338623,6.932499885559082,7.057499885559082,26749600
2016-02-24,6.643572807312012,7.007500171661377,7.026249885559082,6.723750114440918,6.820000171661377,58596800
2016-02-25,6.802375316619873,7.175000190734863,7.175000190734863,6.977499961853027,7.045000076293945,43501600
2016-02-26,6.770376682281494,7.141250133514404,7.256249904632568,7.127500057220459,7.253749847412109,50137600
2016-02-29,6.650684356689453,7.014999866485596,7.222499847412109,7.014999866485596,7.142499923706055,36776800
2016-03-01,6.978952407836914,7.361249923706055,7.363749980926514,7.09375,7.136250019073486,40967200
2016-03-02,7.041759967803955,7.427499771118164,7.428750038146973,7.296249866485596,7.333749771118164,43056800
2016-03-03,7.0903496742248535,7.478750228881836,7.483749866485596,7.358749866485596,7.409999847412109,27195200
2016-03-04,7.1330108642578125,7.523749828338623,7.598750114440918,7.428750038146973,7.5,37190400
2016-03-07,7.154343605041504,7.546249866485596,7.578750133514404,7.445000171661377,7.446249961853027,25727200
2016-03-08,6.9908013343811035,7.37375020980835,7.492499828338623,7.362500190734863,7.447500228881836,33855200
2016-03-09,7.061906337738037,7.448750019073486,7.481249809265137,7.380000114440918,7.447500228881836,29785600
2016-03-10,7.069016933441162,7.456250190734863,7.574999809265137,7.301249980926514,7.507500171661377,49216800
2016-03-11,7.3036627769470215,7.703750133514404,7.706250190734863,7.582499980926514,7.587500095367432,28993600
2016-03-14,7.278775215148926,7.677499771118164,7.724999904632568,7.627500057220459,7.65625,18380000
2016-03-15,7.263371467590332,7.661250114440918,7.661250114440918,7.572500228881836,7.587500095367432,20338400
2016-03-16,7.346325874328613,7.74875020980835,7.78125,7.611249923706055,7.611249923706055,30448000
2016-03-17,7.435208320617676,7.84250020980835,7.888750076293945,7.704999923706055,7.741250038146973,26676000
2016-03-18,7.495645999908447,7.90625,7.93625020980835,7.862500190734863,7.886250019073486,25070400
2016-03-21,7.5146074295043945,7.926249980926514,7.947500228881836,7.861249923706055,7.880000114440918,18249600
2016-03-22,7.505128860473633,7.916250228881836,7.971250057220459,7.84250020980835,7.855000019073486,21001600
2016-03-23,7.394915580749512,7.800000190734863,7.881249904632568,7.78000020980835,7.864999771118164,24322400
2016-03-24,7.385435104370117,7.789999961853027,7.792500019073486,7.683750152587891,7.701250076293945,20699200
2016-03-28,7.391359329223633,7.796249866485596,7.84499979019165,7.757500171661377,7.828750133514404,20502400
2016-03-29,7.537124156951904,7.949999809265137,7.949999809265137,7.733749866485596,7.762499809265137,27072000
2016-03-30,7.597564220428467,8.013750076293945,8.076250076293945,7.977499961853027,8.0337495803833,26584000
2016-03-31,7.563196659088135,7.977499961853027,8.039999961853027,7.957499980926514,8.0024995803833,19315200
2016-04-01,7.660374164581299,8.079999923706055,8.095000267028809,7.852499961853027,7.881249904632568,22890400
2016-04-04,7.611784934997559,8.0287504196167,8.0912504196167,7.99875020980835,8.074999809265137,24824000
2016-04-05,7.46127986907959,7.869999885559082,7.948750019073486,7.84250020980835,7.901249885559082,28215200
2016-04-06,7.617709636688232,8.03499984741211,8.042499542236328,7.849999904632568,7.87375020980835,29738400
2016-04-07,7.435208320617676,7.84250020980835,7.96875,7.778749942779541,7.9375,34036800
2016-04-08,7.481426239013672,7.891250133514404,7.989999771118164,7.838749885559082,7.952499866485596,30104000
2016-04-11,7.441133499145508,7.848750114440918,8.005000114440918,7.841249942779541,7.947500228881836,31383200
2016-04-12,7.58452844619751,8.0,8.020000457763672,7.824999809265137,7.863749980926514,32199200
2016-04-13,7.731478214263916,8.154999732971191,8.162500381469727,8.06624984741211,8.074999809265137,33372800
2016-04-14,7.732662200927734,8.15625,8.201250076293945,8.125,8.162500381469727,21731200
2016-04-15,7.711333274841309,8.133749961853027,8.166250228881836,8.109999656677246,8.151249885559082,22405600
2016-04-18,7.821544647216797,8.25,8.25374984741211,8.077500343322754,8.078749656677246,20152000
2016-04-19,7.86776065826416,8.298749923706055,8.327500343322754,8.228750228881836,8.291250228881836,27555200
2016-04-20,7.885540008544922,8.317500114440918,8.383749961853027,8.263750076293945,8.311249732971191,24347200
2016-04-21,7.799026966094971,8.226249694824219,8.329999923706055,8.204999923706055,8.3149995803833,32085600
2016-04-22,7.80613899230957,8.233750343322754,8.25374984741211,8.146249771118164,8.198749542236328,21172800
2016-04-25,7.770586967468262,8.196249961853027,8.198749542236328,8.116250038146973,8.171250343322754,19062400
2016-04-26,7.799026966094971,8.226249694824219,8.270000457763672,8.181249618530273,8.232500076293945,16622400
2016-04-27,7.832209587097168,8.261249542236328,8.295000076293945,8.15625,8.192500114440918,26438400
2016-04-28,7.693554878234863,8.114999771118164,8.289999961853027,8.069999694824219,8.1899995803833,34266400
2016-04-29,7.60822868347168,8.024999618530273,8.082500457763672,7.918749809265137,8.052499771118164,46917600
2016-05-02,7.72199821472168,8.145000457763672,8.163749694824219,8.0287504196167,8.06624984741211,26954400
2016-05-03,7.588083744049072,8.00374984741211,8.053750038146973,7.9375,8.0287504196167,39915200
2016-05-04,7.499200820922852,7.909999847412109,7.981249809265137,7.868750095367432,7.913750171661377,38432000
2016-05-05,7.505128860473633,7.916250228881836,7.989999771118164,7.872499942779541,7.958749771118164,20032000
2016-05-06,7.553716659545898,7.96750020980835,7.973750114440918,7.827499866485596,7.84250020980835,19950400
2016-05-09,7.571491718292236,7.986249923706055,8.020000457763672,7.941249847412109,7.953750133514404,13354400
2016-05-10,7.75162410736084,8.176250457763672,8.180000305175781,8.038749694824219,8.047499656677246,12608000
2016-05-11,7.610599040985107,8.02750015258789,8.170000076293945,8.02750015258789,8.135000228881836,17030400
2016-05-12,7.615340709686279,8.032500267028809,8.100000381469727,7.9375,8.087499618530273,21756000
2016-05-13,7.481426239013672,7.891250133514404,8.052499771118164,7.861249923706055,8.0,20914400
2016-05-16,7.626004695892334,8.043749809265137,8.088749885559082,7.900000095367432,7.90749979019165,14613600
2016-05-17,7.489721775054932,7.900000095367432,8.043749809265137,7.847499847412109,8.017499923706055,20065600
2016-05-18,7.492091178894043,7.902500152587891,8.005000114440918,7.800000190734863,7.861249923706055,30198400
2016-05-19,7.439947605133057,7.847499847412109,7.868750095367432,7.732500076293945,7.829999923706055,27193600
2016-05-20,7.52527379989624,7.9375,7.989999771118164,7.894999980926514,7.900000095367432,17992000
2016-05-23,7.506312847137451,7.917500019073486,7.96875,7.902500152587891,7.943749904632568,7615200
2016-05-24,7.699481010437012,8.12125015258789,8.1537504196167,7.993750095367432,7.997499942779541,12191200
2016-05-25,7.800210952758789,8.227499961853027,8.272500038146973,8.1850004196167,8.186249732971191,24442400
2016-05-26,7.808507442474365,8.236249923706055,8.268750190734863,8.210000038146973,8.251250267028809,8723200
2016-05-27,7.872504234313965,8.303750038146973,8.307499885559082,8.251250267028809,8.255000114440918,15307200
2016-05-31,7.849987030029297,8.279999732971191,8.3462495803833,8.225000381469727,8.333749771118164,18007200
2016-06-01,7.881982326507568,8.313750267028809,8.327500343322754,8.202500343322754,8.21875,10792800
2016-06-02,7.9282002449035645,8.362500190734863,8.362500190734863,8.229999542236328,8.274999618530273,16033600
2016-06-03,7.878429412841797,8.3100004196167,8.34375,8.197500228881836,8.3100004196167,24094400
2016-06-06,7.962568759918213,8.398750305175781,8.427499771118164,8.329999923706055,8.34749984741211,15306400
2016-06-07,7.982716083526611,8.420000076293945,8.473750114440918,8.40625,8.40999984741211,9928000
2016-06-08,8.033672332763672,8.473750114440918,8.487500190734863,8.425000190734863,8.4350004196167,10556000
2016-06-09,8.012344360351562,8.451250076293945,8.463749885559082,8.381250381469727,8.40625,16053600
2016-06-10,7.8642072677612305,8.295000076293945,8.353750228881836,8.239999771118164,8.324999809265137,29064800
2016-06-13,7.740957736968994,8.164999961853027,8.3149995803833,8.154999732971191,8.237500190734863,18420000
2016-06-14,7.711333274841309,8.133749961853027,8.18375015258789,8.039999961853027,8.1274995803833,33176800
2016-06-15,7.686446666717529,8.107500076293945,8.22249984741211,8.088749885559082,8.166250228881836,23292000
2016-06-16,7.735030651092529,8.1587495803833,8.170000076293945,7.93625020980835,8.024999618530273,32186400
2016-06-17,7.673410892486572,8.09375,8.148750305175781,8.03499984741211,8.147500038146973,25310400
2016-06-20,7.770586967468262,8.196249961853027,8.335000038146973,8.1899995803833,8.274999618530273,36440800
2016-06-21,7.81561803817749,8.243749618530273,8.28125,8.193750381469727,8.233750343322754,30184800
2016-06-22,7.789155006408691,8.204999923706055,8.31624984741211,8.192500114440918,8.251250267028809,17014400
2016-06-23,7.988514423370361,8.414999961853027,8.420000076293945,8.297499656677246,8.335000038146973,19823200
2016-06-24,7.408243656158447,7.803750038146973,8.107500076293945,7.776249885559082,7.840000152587891,88425600
2016-06-27,7.147181034088135,7.528749942779541,7.691249847412109,7.462500095367432,7.691249847412109,75303200
2016-06-28,7.403496265411377,7.798749923706055,7.803750038146973,7.647500038146973,7.677499771118164,45063200
2016-06-29,7.662185192108154,8.071249961853027,8.088749885559082,7.922500133514404,7.927499771118164,40388000
2016-06-30,7.862727642059326,8.282500267028809,8.293749809265137,8.061249732971191,8.112500190734863,31797600
2016-07-01,7.899513244628906,8.321249961853027,8.368749618530273,8.27750015258789,8.279999732971191,22857600
2016-07-05,7.787971019744873,8.203749656677246,8.255000114440918,8.148750305175781,8.25,30904000
2016-07-06,7.880528926849365,8.301250457763672,8.3125,8.09749984741211,8.15625,34842400
2016-07-07,7.867475509643555,8.287500381469727,8.37874984741211,8.22249984741211,8.319999694824219,38462400
2016-07-08,8.103618621826172,8.536250114440918,8.55875015258789,8.390000343322754,8.40999984741211,32104800
2016-07-11,8.164139747619629,8.600000381469727,8.649999618530273,8.5625,8.585000038146973,24408000
2016-07-12,8.280427932739258,8.72249984741211,8.75,8.666250228881836,8.6875,19234400
2016-07-13,8.27568531036377,8.717499732971191,8.762499809265137,8.672499656677246,8.761249542236328,18102400
2016-07-14,8.367053985595703,8.813750267028809,8.861249923706055,8.7787504196167,8.84000015258789,36532800
2016-07-15,8.349255561828613,8.795000076293945,8.87125015258789,8.75,8.869999885559082,22346400
2016-07-18,8.39316177368164,8.8412504196167,8.856249809265137,8.779999732971191,8.805000305175781,13854400
2016-07-19,8.372984886169434,8.819999694824219,8.823749542236328,8.77750015258789,8.800000190734863,13005600
2016-07-20,8.445372581481934,8.896249771118164,8.916250228881836,8.824999809265137,8.866250038146973,14978400
2016-07-21,8.376547813415527,8.823749542236328,8.9037504196167,8.78499984741211,8.883749961853027,14103200
2016-07-22,8.458425521850586,8.90999984741211,8.911250114440918,8.813750267028809,8.837499618530273,15501600
2016-07-25,8.413336753845215,8.862500190734863,8.891249656677246,8.802499771118164,8.885000228881836,12309600
2016-07-26,8.414522171020508,8.863750457763672,8.898750305175781,8.78499984741211,8.850000381469727,16763200
2016-07-27,8.396719932556152,8.845000267028809,8.907500267028809,8.772500038146973,8.9037504196167,21241600
2016-07-28,8.414522171020508,8.863750457763672,8.893750190734863,8.7837495803833,8.827500343322754,10680000
2016-07-29,8.444186210632324,8.895000457763672,8.927499771118164,8.8149995803833,8.8412504196167,14130400
2016-08-01,8.427573204040527,8.8774995803833,8.9350004196167,8.835000038146973,8.898750305175781,11783200
2016-08-02,8.32314682006836,8.767499923706055,8.868749618530273,8.68375015258789,8.853750228881836,18551200
2016-08-03,8.372984886169434,8.819999694824219,8.819999694824219,8.729999542236328,8.75374984741211,11428800
2016-08-04,8.383667945861816,8.831250190734863,8.862500190734863,8.787500381469727,8.823749542236328,7913600
2016-08-05,8.517760276794434,8.97249984741211,8.979999542236328,8.888750076293945,8.901249885559082,10889600
2016-08-08,8.514199256896973,8.96875,9.005000114440918,8.94124984741211,8.9975004196167,7153600
2016-08-09,8.518943786621094,8.973750114440918,9.023750305175781,8.944999694824219,8.973750114440918,9366400
2016-08-10,8.482160568237305,8.9350004196167,8.993749618530273,8.897500038146973,8.988750457763672,21488800
2016-08-11,8.555730819702148,9.012499809265137,9.037500381469727,8.957500457763672,8.981249809265137,9877600
2016-08-12,8.541497230529785,8.9975004196167,9.018750190734863,8.960000038146973,8.981249809265137,12643200
2016-08-15,8.590144157409668,9.048749923706055,9.082500457763672,9.03125,9.032500267028809,7833600
2016-08-16,8.504705429077148,8.958749771118164,9.015000343322754,8.956250190734863,9.006250381469727,15710400
2016-08-17,8.530811309814453,8.986249923706055,9.001250267028809,8.8774995803833,8.958749771118164,18324000
2016-08-18,8.571159362792969,9.0287504196167,9.03125,8.976249694824219,8.984999656677246,9495200
2016-08-19,8.548608779907227,9.005000114440918,9.020000457763672,8.9375,8.981249809265137,11139200
2016-08-22,8.545050621032715,9.001250267028809,9.022500038146973,8.942500114440918,8.977499961853027,13209600
2016-08-23,8.573531150817871,9.03125,9.088749885559082,9.03125,9.057499885559082,10506400
2016-08-24,8.495210647583008,8.948749542236328,9.029999732971191,8.9037504196167,9.021249771118164,19748000
2016-08-25,8.479785919189453,8.932499885559082,8.970000267028809,8.891249656677246,8.90625,13648000
2016-08-26,8.445372581481934,8.896249771118164,9.046250343322754,8.8125,8.948749542236328,37726400
2016-08-29,8.526066780090332,8.981249809265137,9.007499694824219,8.9037504196167,8.90999984741211,8838400
2016-08-30,8.496397972106934,8.949999809265137,9.0,8.899999618530273,8.975000381469727,8312800
2016-08-31,8.452493667602539,8.9037504196167,8.931249618530273,8.826250076293945,8.923749923706055,20139200
2016-09-01,8.45012092590332,8.901249885559082,8.930000305175781,8.792499542236328,8.90250015258789,41115200
2016-09-02,8.524877548217773,8.979999542236328,9.023750305175781,8.927499771118164,8.981249809265137,19932000
2016-09-06,8.578278541564941,9.036250114440918,9.039999961853027,8.9399995803833,9.011249542236328,11318400
2016-09-07,8.57946491241455,9.037500381469727,9.051250457763672,8.976249694824219,9.016249656677246,13220000
2016-09-08,8.539116859436035,8.994999885559082,9.026249885559082,8.962499618530273,9.001250267028809,15239200
2016-09-09,8.12379264831543,8.557499885559082,8.867500305175781,8.557499885559082,8.867500305175781,58343200
2016-09-12,8.359933853149414,8.806249618530273,8.842499732971191,8.479999542236328,8.488750457763672,42487200
2016-09-13,8.119047164916992,8.552499771118164,8.706250190734863,8.493749618530273,8.681249618530273,76755200
2016-09-14,8.105989456176758,8.538749694824219,8.667499542236328,8.491250038146973,8.557499885559082,35073600
2016-09-15,8.27568531036377,8.717499732971191,8.748749732971191,8.512499809265137,8.52750015258789,32788000
2016-09-16,8.20804214477539,8.646249771118164,8.672499656677246,8.581250190734863,8.648750305175781,24916000
2016-09-19,8.210416793823242,8.648750305175781,8.767499923706055,8.618749618530273,8.708749771118164,24170400
2016-09-20,8.212790489196777,8.651249885559082,8.742500305175781,8.646249771118164,8.727499961853027,22347200
2016-09-21,8.389873504638672,8.829999923706055,8.852499961853027,8.642499923706055,8.704999923706055,27960800
2016-09-22,8.500330924987793,8.946249961853027,8.973750114440918,8.9087495803833,8.930000305175781,23041600
2016-09-23,8.405314445495605,8.8462495803833,8.918749809265137,8.84000015258789,8.907500267028809,20584000
2016-09-26,8.271106719970703,8.704999923706055,8.786250114440918,8.686249732971191,8.771249771118164,18380000
2016-09-27,8.372058868408203,8.811249732971191,8.819999694824219,8.6537504196167,8.6899995803833,18377600
2016-09-28,8.455198287963867,8.898750305175781,8.912500381469727,8.741250038146973,8.833749771118164,15708000
2016-09-29,8.304360389709473,8.739999771118164,8.914999961853027,8.686249732971191,8.87874984741211,35818400
2016-09-30,8.429068565368652,8.87125015258789,8.93375015258789,8.793749809265137,8.811249732971191,20559200
2016-10-03,8.380372047424316,8.819999694824219,8.84375,8.765000343322754,8.826250076293945,16015200
2016-10-04,8.306736946105957,8.742500305175781,8.856249809265137,8.677499771118164,8.836250305175781,28216000
2016-10-05,8.373247146606445,8.8125,8.850000381469727,8.787500381469727,8.793749809265137,10866400
2016-10-06,8.387499809265137,8.827500343322754,8.842499732971191,8.737500190734863,8.7837495803833,17480000
2016-10-07,8.325739860534668,8.762499809265137,8.862500190734863,8.69124984741211,8.8462495803833,43132000
2016-10-10,8.4088773727417,8.850000381469727,8.895000457763672,8.837499618530273,8.850000381469727,10836800
2016-10-11,8.204595565795898,8.635000228881836,8.81624984741211,8.55875015258789,8.80875015258789,47496000
2016-10-12,8.222412109375,8.6537504196167,8.698749542236328,8.59375,8.641249656677246,18868800
2016-10-13,8.165399551391602,8.59375,8.640000343322754,8.447500228881836,8.526249885559082,33629600
2016-10-14,8.173711776733398,8.602499961853027,8.728750228881836,8.5962495803833,8.6850004196167,27291200
2016-10-17,8.120268821716309,8.546250343322754,8.62125015258789,8.523750305175781,8.5962495803833,18282400
2016-10-18,8.211722373962402,8.642499923706055,8.693750381469727,8.611249923706055,8.68375015258789,17147200
2016-10-19,8.252105712890625,8.6850004196167,8.7212495803833,8.637499809265137,8.668749809265137,13704800
2016-10-20,8.228346824645996,8.65999984741211,8.712499618530273,8.59749984741211,8.657500267028809,22104000
2016-10-21,8.230724334716797,8.662500381469727,8.675000190734863,8.568750381469727,8.586250305175781,14867200
2016-10-24,8.298421859741211,8.733750343322754,8.773750305175781,8.706250190734863,8.74625015258789,10231200
2016-10-25,8.248538970947266,8.681249618530273,8.74625015258789,8.666250228881836,8.723750114440918,17746400
2016-10-26,8.212906837463379,8.643750190734863,8.701250076293945,8.581250190734863,8.602499961853027,16666400
2016-10-27,8.172528266906738,8.601249694824219,8.71500015258789,8.592499732971191,8.71500015258789,24264800
2016-10-28,8.121456146240234,8.547499656677246,8.65999984741211,8.482500076293945,8.59749984741211,41013600
2016-10-31,8.119081497192383,8.545000076293945,8.598750114440918,8.532500267028809,8.579999923706055,18393600
2016-11-01,8.007436752319336,8.427499771118164,8.581250190734863,8.311249732971191,8.578749656677246,43204800
2016-11-02,7.906481742858887,8.321249961853027,8.430000305175781,8.282500267028809,8.393750190734863,30325600
2016-11-03,7.834034442901611,8.244999885559082,8.359999656677246,8.220000267028809,8.338749885559082,20912000
2016-11-04,7.812658309936523,8.22249984741211,8.332500457763672,8.21500015258789,8.2524995803833,22587200
2016-11-07,8.152338027954102,8.579999923706055,8.5912504196167,8.442500114440918,8.452500343322754,34184800
2016-11-08,8.225972175598145,8.657500267028809,8.717499732971191,8.524999618530273,8.550000190734863,28989600
2016-11-09,8.410064697265625,8.851249694824219,8.904999732971191,8.501250267028809,8.657500267028809,66555200
2016-11-10,8.446882247924805,8.890000343322754,9.006250381469727,8.7524995803833,8.925000190734863,63530400
2016-11-11,8.4088773727417,8.850000381469727,8.8725004196167,8.761249542236328,8.822500228881836,39172800
2016-11-14,8.423127174377441,8.864999771118164,8.918749809265137,8.792499542236328,8.901249885559082,28949600
2016-11-15,8.551400184631348,9.0,9.0,8.882499694824219,8.901249885559082,19215200
2016-11-16,8.521709442138672,8.96875,8.988750457763672,8.931249618530273,8.942500114440918,12002400
2016-11-17,8.609599113464355,9.061249732971191,9.063750267028809,8.973750114440918,8.981249809265137,21517600
2016-11-18,8.5715913772583,9.021249771118164,9.081250190734863,9.0,9.067500114440918,12876000
2016-11-21,8.692739486694336,9.148750305175781,9.154999732971191,9.05875015258789,9.072500228881836,17889600
2016-11-22,8.730743408203125,9.188750267028809,9.206250190734863,9.117500305175781,9.1875,15255200
2016-11-23,8.740242004394531,9.198749542236328,9.203749656677246,9.118749618530273,9.138750076293945,20726400
2016-11-25,8.804381370544434,9.266249656677246,9.267499923706055,9.223750114440918,9.233750343322754,6759200
2016-11-28,8.728365898132324,9.186249732971191,9.263750076293945,9.168749809265137,9.234999656677246,26615200
2016-11-29,8.75687313079834,9.2162504196167,9.257499694824219,9.151249885559082,9.182499885559082,18360800
2016-11-30,8.705804824829102,9.162500381469727,9.289999961853027,9.162500381469727,9.274999618530273,25120800
2016-12-01,8.64047908782959,9.09375,9.196249961853027,9.06624984741211,9.196249961853027,39560800
2016-12-02,8.654731750488281,9.108750343322754,9.154999732971191,9.073749542236328,9.107500076293945,17010400
2016-12-05,8.75687313079834,9.2162504196167,9.251250267028809,9.171250343322754,9.1875,18279200
2016-12-06,8.813881874084473,9.276249885559082,9.2787504196167,9.1899995803833,9.237500190734863,21093600
2016-12-07,9.03835678100586,9.512499809265137,9.524999618530273,9.248749732971191,9.257499694824219,32771200
2016-12-08,9.090616226196289,9.567500114440918,9.612500190734863,9.489999771118164,9.516249656677246,30206400
2016-12-09,9.19394588470459,9.676250457763672,9.680000305175781,9.583749771118164,9.585000038146973,18606400
2016-12-12,9.173751831054688,9.654999732971191,9.717499732971191,9.616250038146973,9.668749809265137,19416000
2016-12-13,9.29727554321289,9.78499984741211,9.833749771118164,9.7162504196167,9.7162504196167,25861600
2016-12-14,9.146438598632812,9.626250267028809,9.824999809265137,9.579999923706055,9.75374984741211,63384800
2016-12-15,9.212949752807617,9.696249961853027,9.786250114440918,9.633749961853027,9.646249771118164,24421600
2016-12-16,9.18563175201416,9.667499542236328,9.7524995803833,9.632499694824219,9.7475004196167,19365600
2016-12-19,9.215323448181152,9.698749542236328,9.7475004196167,9.666250228881836,9.68375015258789,17498400
2016-12-20,9.285399436950684,9.772500038146973,9.795000076293945,9.736249923706055,9.763750076293945,18470400
2016-12-21,9.244253158569336,9.717499732971191,9.771249771118164,9.713749885559082,9.756250381469727,18748000
2016-12-22,9.210956573486328,9.682499885559082,9.708749771118164,9.640000343322754,9.697500228881836,22940000
2016-12-23,9.233552932739258,9.706250190734863,9.706250190734863,9.663749694824219,9.681249618530273,8256800
2016-12-27,9.277545928955078,9.7524995803833,9.791250228881836,9.727499961853027,9.731249809265137,23036000
2016-12-28,9.130097389221191,9.59749984741211,9.774999618530273,9.581250190734863,9.774999618530273,25183200
2016-12-29,9.120586395263672,9.587499618530273,9.631250381469727,9.542499542236328,9.598750114440918,12317600
2016-12-30,9.05399227142334,9.517499923706055,9.623749732971191,9.447500228881836,9.619999885559082,19888000
2017-01-03,9.187173843383789,9.657500267028809,9.707500457763672,9.543749809265137,9.641249656677246,24531200
2017-01-04,9.29538631439209,9.771249771118164,9.786250114440918,9.688750267028809,9.69124984741211,19205600
2017-01-05,9.278738975524902,9.75374984741211,9.772500038146973,9.678750038146973,9.74625015258789,19476800
2017-01-06,9.346519470214844,9.824999809265137,9.869999885559082,9.713749885559082,9.767499923706055,22015200
2017-01-09,9.284685134887695,9.760000228881836,9.813750267028809,9.756250381469727,9.797499656677246,20226400
2017-01-10,9.283495903015137,9.758749961853027,9.84375,9.720000267028809,9.761249542236328,17085600
2017-01-11,9.334626197814941,9.8125,9.8125,9.6850004196167,9.7475004196167,25768000
2017-01-12,9.291816711425781,9.767499923706055,9.78125,9.6274995803833,9.761249542236328,37748000
2017-01-13,9.331059455871582,9.80875015258789,9.837499618530273,9.776249885559082,9.779999732971191,17244800
2017-01-17,9.264470100402832,9.738750457763672,9.7837495803833,9.698749542236328,9.742500305175781,22771200
2017-01-18,9.303709030151367,9.779999732971191,9.7837495803833,9.707500457763672,9.763750076293945,28008800
2017-01-19,9.239494323730469,9.712499618530273,9.803750038146973,9.664999961853027,9.787500381469727,13522400
2017-01-20,9.294198036193848,9.770000457763672,9.827500343322754,9.71875,9.773750305175781,45551200
2017-01-23,9.253764152526855,9.727499961853027,9.779999732971191,9.65250015258789,9.739999771118164,23843200
2017-01-24,9.363164901733398,9.842499732971191,9.891249656677246,9.736249923706055,9.74625015258789,21312800
2017-01-25,9.522507667541504,10.010000228881836,10.020000457763672,9.928750038146973,9.944999694824219,16119200
2017-01-26,9.511808395385742,9.998749732971191,10.03125,9.97249984741211,10.005000114440918,18152000
2017-01-27,9.486831665039062,9.97249984741211,10.020000457763672,9.947500228881836,10.005000114440918,25557600
2017-01-30,9.372678756713867,9.852499961853027,9.901249885559082,9.744999885559082,9.897500038146973,49948800
2017-01-31,9.367921829223633,9.84749984741211,9.84749984741211,9.736249923706055,9.791250228881836,32398400
2017-02-01,9.3703031539917,9.850000381469727,9.931249618530273,9.789999961853027,9.899999618530273,36632800
2017-02-02,9.375057220458984,9.854999542236328,9.887499809265137,9.7787504196167,9.8100004196167,20557600
2017-02-03,9.507050514221191,9.993749618530273,10.012499809265137,9.918749809265137,9.944999694824219,20160000
2017-02-06,9.473753929138184,9.958749771118164,9.992500305175781,9.925000190734863,9.952500343322754,31026400
2017-02-07,9.47732162475586,9.962499618530273,10.020000457763672,9.9399995803833,9.99625015258789,18602400
2017-02-08,9.502294540405273,9.988750457763672,9.994999885559082,9.9037504196167,9.928750038146973,17306400
2017-02-09,9.603368759155273,10.095000267028809,10.131250381469727,10.008749961853027,10.008749961853027,18193600
2017-02-10,9.6782865524292,10.173749923706055,10.202500343322754,10.1274995803833,10.138750076293945,14407200
2017-02-13,9.786492347717285,10.287500381469727,10.317500114440918,10.228750228881836,10.229999542236328,14909600
2017-02-14,9.869731903076172,10.375,10.375,10.237500190734863,10.270000457763672,21208000
2017-02-15,9.967241287231445,10.477499961853027,10.498749732971191,10.3462495803833,10.351249694824219,15846400
2017-02-16,9.955350875854492,10.46500015258789,10.5,10.386249542236328,10.482500076293945,23444000
2017-02-17,9.975564956665039,10.486249923706055,10.491250038146973,10.390000343322754,10.393750190734863,22647200
2017-02-21,10.095666885375977,10.612500190734863,10.635000228881836,10.53125,10.53125,15912000
2017-02-22,10.082587242126465,10.598750114440918,10.62125015258789,10.55875015258789,10.572500228881836,12481600
2017-02-23,10.100425720214844,10.617500305175781,10.6537504196167,10.5337495803833,10.65250015258789,18579200
2017-02-24,10.118258476257324,10.636249542236328,10.641249656677246,10.518750190734863,10.520000457763672,24274400
2017-02-27,10.155125617980957,10.675000190734863,10.688750267028809,10.602499961853027,10.631250381469727,21016800
2017-02-28,10.101611137390137,10.618749618530273,10.65625,10.573749542236328,10.633749961853027,28338400
2017-03-01,10.36916446685791,10.899999618530273,10.954999923706055,10.618749618530273,10.618749618530273,20655200
2017-03-02,10.253820419311523,10.7787504196167,10.888750076293945,10.766249656677246,10.888750076293945,19643200
2017-03-03,10.259766578674316,10.78499984741211,10.801250457763672,10.72249984741211,10.762499809265137,12942400
2017-03-06,10.19674015045166,10.71875,10.75374984741211,10.654999732971191,10.698749542236328,22536000
2017-03-07,10.140852928161621,10.65999984741211,10.723750114440918,10.632499694824219,10.686249732971191,31226400
2017-03-08,10.095666885375977,10.612500190734863,10.710000038146973,10.598750114440918,10.6850004196167,17860800
2017-03-09,10.12182903289795,10.640000343322754,10.672499656677246,10.538749694824219,10.6225004196167,16643200
2017-03-10,10.18485164642334,10.706250190734863,10.743749618530273,10.614999771118164,10.738750457763672,17269600
2017-03-13,10.200307846069336,10.72249984741211,10.726249694824219,10.672499656677246,10.706250190734863,10044800
2017-03-14,10.12658405303955,10.645000457763672,10.670000076293945,10.574999809265137,10.662500381469727,22681600
2017-03-15,10.293060302734375,10.819999694824219,10.867500305175781,10.675000190734863,10.699999809265137,20925600
2017-03-16,10.258578300476074,10.7837495803833,10.8462495803833,10.74625015258789,10.84000015258789,24390400
2017-03-17,10.21933650970459,10.742500305175781,10.824999809265137,10.742500305175781,10.8100004196167,8480000
2017-03-20,10.194361686706543,10.7162504196167,10.768750190734863,10.677499771118164,10.738750457763672,11483200
2017-03-21,9.932756423950195,10.44124984741211,10.792499542236328,10.428750038146973,10.779999732971191,43176000
2017-03-22,9.980254173278809,10.479999542236328,10.506250381469727,10.368749618530273,10.43375015258789,20970400
2017-03-23,9.956445693969727,10.454999923706055,10.571249961853027,10.416250228881836,10.457500457763672,18217600
2017-03-24,9.944543838500977,10.442500114440918,10.545000076293945,10.361249923706055,10.491250038146973,23172800
2017-03-27,9.918352127075195,10.414999961853027,10.443750381469727,10.239999771118164,10.265000343322754,20249600
2017-03-28,10.06001091003418,10.563750267028809,10.611249923706055,10.376250267028809,10.395000457763672,16336800
2017-03-29,10.085004806518555,10.59000015258789,10.609999656677246,10.513750076293945,10.53499984741211,9493600
2017-03-30,10.139764785766602,10.647500038146973,10.675000190734863,10.5625,10.583749771118164,13066400
2017-03-31,10.099289894104004,10.604999542236328,10.672499656677246,10.59749984741211,10.613750457763672,11507200
2017-04-03,10.062387466430664,10.56624984741211,10.62874984741211,10.438750267028809,10.609999656677246,19964000
2017-04-04,10.079055786132812,10.583749771118164,10.586250305175781,10.49625015258789,10.5337495803833,17192800
2017-04-05,10.014772415161133,10.516249656677246,10.748749732971191,10.494999885559082,10.645000457763672,33134400
2017-04-06,10.061200141906738,10.5649995803833,10.626250267028809,10.482500076293945,10.532500267028809,22043200
2017-04-07,10.043341636657715,10.546250343322754,10.62125015258789,10.5,10.545000076293945,15628000
2017-04-10,10.05524730682373,10.55875015258789,10.642499923706055,10.508749961853027,10.563750267028809,17591200
2017-04-11,10.03262996673584,10.53499984741211,10.545000076293945,10.382499694824219,10.521249771118164,24760800
2017-04-12,9.949302673339844,10.447500228881836,10.523750305175781,10.418749809265137,10.506250381469727,23537600
2017-04-13,9.821928024291992,10.313750267028809,10.482500076293945,10.3100004196167,10.40625,18564000
2017-04-17,9.98858642578125,10.488750457763672,10.488750457763672,10.337499618530273,10.358750343322754,19884800
2017-04-18,9.923115730285645,10.420000076293945,10.478750228881836,10.354999542236328,10.40999984741211,17679200
2017-04-19,9.889782905578613,10.385000228881836,10.518750190734863,10.362500190734863,10.481249809265137,16156800
2017-04-20,10.043341636657715,10.546250343322754,10.59749984741211,10.414999961853027,10.446249961853027,18147200
2017-04-21,9.987397193908691,10.487500190734863,10.547499656677246,10.443750381469727,10.543749809265137,17968000
2017-04-24,10.199283599853516,10.710000038146973,10.734999656677246,10.664999961853027,10.7162504196167,22608000
2017-04-25,10.315945625305176,10.832500457763672,10.875,10.771249771118164,10.779999732971191,19124000
2017-04-26,10.309991836547852,10.826250076293945,10.926250457763672,10.819999694824219,10.836250305175781,18158400
2017-04-27,10.323088645935059,10.84000015258789,10.8725004196167,10.78499984741211,10.858750343322754,12623200
2017-04-28,10.28618335723877,10.801250457763672,10.8725004196167,10.779999732971191,10.868749618530273,8603200
2017-05-01,10.329035758972168,10.8462495803833,10.891249656677246,10.805000305175781,10.84749984741211,14709600
2017-05-02,10.336179733276367,10.853750228881836,10.873749732971191,10.813750267028809,10.863750457763672,15128800
2017-05-03,10.311182022094727,10.827500343322754,10.850000381469727,10.758749961853027,10.8125,16698400
2017-05-04,10.331417083740234,10.848750114440918,10.867500305175781,10.763750076293945,10.856249809265137,16139200
2017-05-05,10.420697212219238,10.942500114440918,10.942500114440918,10.8462495803833,10.887499809265137,15602400
2017-05-08,10.413555145263672,10.9350004196167,10.956250190734863,10.890000343322754,10.942500114440918,8240800
2017-05-09,10.392129898071289,10.912500381469727,10.978750228881836,10.876250267028809,10.956250190734863,8151200
2017-05-10,10.42426872253418,10.946249961853027,10.949999809265137,10.885000228881836,10.90625,8929600
2017-05-11,10.384984016418457,10.904999732971191,10.920000076293945,10.788749694824219,10.898750305175781,13099200
2017-05-12,10.356415748596191,10.875,10.888750076293945,10.84000015258789,10.8774995803833,12172000
2017-05-15,10.454030990600586,10.977499961853027,10.9975004196167,10.9087495803833,10.9087495803833,9889600
2017-05-16,10.44212532043457,10.96500015258789,11.020000457763672,10.925000190734863,11.016249656677246,9390400
2017-05-17,10.075485229492188,10.579999923706055,10.831250190734863,10.567500114440918,10.7837495803833,30048000
2017-05-18,10.146909713745117,10.654999732971191,10.74625015258789,10.539999961853027,10.5649995803833,20983200
2017-05-19,10.281423568725586,10.796250343322754,10.864999771118164,10.704999923706055,10.710000038146973,17479200
2017-05-22,10.382607460021973,10.90250015258789,10.921250343322754,10.84000015258789,10.84375,9185600
2017-05-23,10.427841186523438,10.949999809265137,10.96875,10.904999732971191,10.94124984741211,10344000
2017-05-24,10.474266052246094,10.998749732971191,11.012499809265137,10.94124984741211,10.976249694824219,10317600
2017-05-25,10.568305969238281,11.09749984741211,11.135000228881836,11.037500381469727,11.053750038146973,12141600
2017-05-26,10.573067665100098,11.102499961853027,11.118749618530273,11.078749656677246,11.088749885559082,4684000
2017-05-30,10.552831649780273,11.081250190734863,11.107500076293945,11.050000190734863,11.063750267028809,5975200
2017-05-31,10.548070907592773,11.076250076293945,11.116250038146973,11.0,11.113750457763672,14460800
2017-06-01,10.706395149230957,11.242500305175781,11.2475004196167,11.09375,11.12125015258789,12827200
2017-06-02,10.776626586914062,11.31624984741211,11.34000015258789,11.223750114440918,11.256250381469727,10377600
2017-06-05,10.768293380737305,11.307499885559082,11.335000038146973,11.286250114440918,11.30875015258789,8260000
2017-06-06,10.7052001953125,11.241250038146973,11.302499771118164,11.225000381469727,11.244999885559082,9068000
2017-06-07,10.734963417053223,11.272500038146973,11.296250343322754,11.197500228881836,11.271249771118164,12890400
2017-06-08,10.748056411743164,11.286250114440918,11.335000038146973,11.229999542236328,11.282500267028809,12226400
2017-06-09,10.71353530883789,11.25,11.396249771118164,11.113750457763672,11.3125,20101600
2017-06-12,10.706395149230957,11.242500305175781,11.25,11.151249885559082,11.220000267028809,13027200
2017-06-13,10.807576179504395,11.348750114440918,11.359999656677246,11.263750076293945,11.300000190734863,9403200
2017-06-14,10.788531303405762,11.328749656677246,11.385000228881836,11.236249923706055,11.381250381469727,17894400
2017-06-15,10.742105484008789,11.279999732971191,11.291250228881836,11.148750305175781,11.180000305175781,11216800
2017-06-16,10.743295669555664,11.28125,11.298749923706055,11.188750267028809,11.298749923706055,10661600
2017-06-19,10.917091369628906,11.463749885559082,11.475000381469727,11.359999656677246,11.369999885559082,12536800
2017-06-20,10.776626586914062,11.31624984741211,11.431249618530273,11.3125,11.427499771118164,15948000
2017-06-21,10.766140937805176,11.295000076293945,11.356249809265137,11.2475004196167,11.336250305175781,12691200
2017-06-22,10.75541877746582,11.2837495803833,11.348750114440918,11.268750190734863,11.298749923706055,6785600
2017-06-23,10.785204887390137,11.3149995803833,11.34749984741211,11.2524995803833,11.296250343322754,8492800
2017-06-26,10.789970397949219,11.319999694824219,11.427499771118164,11.303750038146973,11.380000114440918,14647200
2017-06-27,10.62435531616211,11.146249771118164,11.333749771118164,11.142499923706055,11.301250457763672,21716800
2017-06-28,10.801884651184082,11.332500457763672,11.361249923706055,11.223750114440918,11.243749618530273,10946400
2017-06-29,10.62435531616211,11.146249771118164,11.361249923706055,11.012499809265137,11.354999542236328,27496000
2017-06-30,10.657718658447266,11.181249618530273,11.265000343322754,11.162500381469727,11.21875,14837600
2017-07-03,10.695844650268555,11.2212495803833,11.324999809265137,11.2212495803833,11.27750015258789,13294400
2017-07-05,10.735163688659668,11.262499809265137,11.287500381469727,11.170000076293945,11.25374984741211,11185600
2017-07-06,10.54691219329834,11.0649995803833,11.197500228881836,11.042499542236328,11.1850004196167,20985600
2017-07-07,10.679162979125977,11.203749656677246,11.21875,11.103750228881836,11.117500305175781,13846400
2017-07-10,10.701800346374512,11.227499961853027,11.265000343322754,11.173749923706055,11.188750267028809,6484800
2017-07-11,10.679162979125977,11.203749656677246,11.241250038146973,11.083749771118164,11.204999923706055,18106400
2017-07-12,10.84239387512207,11.375,11.393750190734863,11.3149995803833,11.3149995803833,9680000
2017-07-13,10.874563217163086,11.4087495803833,11.425000190734863,11.353750228881836,11.37874984741211,9188000
2017-07-14,10.972262382507324,11.511249542236328,11.557499885559082,11.40250015258789,11.413749694824219,8672800
2017-07-17,10.975839614868164,11.515000343322754,11.551250457763672,11.4975004196167,11.512499809265137,7088800
2017-07-18,10.987754821777344,11.52750015258789,11.53125,11.432499885559082,11.475000381469727,8509600
2017-07-19,11.102133750915527,11.647500038146973,11.649999618530273,11.5600004196167,11.5625,7612800
2017-07-20,11.10809326171875,11.6537504196167,11.688750267028809,11.602499961853027,11.680000305175781,13090400
2017-07-21,11.094986915588379,11.640000343322754,11.641249656677246,11.573749542236328,11.5962495803833,10214400
2017-07-24,11.084264755249023,11.62874984741211,11.645000457763672,11.579999923706055,11.630000114440918,7684800
2017-07-25,11.13192367553711,11.678750038146973,11.72249984741211,11.663749694824219,11.7162504196167,11392000
2017-07-26,11.142647743225098,11.6899995803833,11.720000267028809,11.6587495803833,11.713749885559082,5920000
2017-07-27,11.120007514953613,11.666250228881836,11.738750457763672,11.523750305175781,11.736249923706055,15969600
2017-07-28,11.089032173156738,11.633749961853027,11.647500038146973,11.5625,11.609999656677246,9634400
2017-07-31,11.078306198120117,11.6225004196167,11.6875,11.598750114440918,11.677499771118164,8838400
2017-08-01,11.120007514953613,11.666250228881836,11.688750267028809,11.625,11.68375015258789,7972800
2017-08-02,11.130732536315918,11.677499771118164,11.697500228881836,11.581250190734863,11.686249732971191,12100800
2017-08-03,11.09617805480957,11.641249656677246,11.668749809265137,11.607500076293945,11.667499542236328,6900800
2017-08-04,11.130732536315918,11.677499771118164,11.712499618530273,11.637499809265137,11.688750267028809,7317600
2017-08-07,11.167668342590332,11.7162504196167,11.720000267028809,11.672499656677246,11.682499885559082,6020800
2017-08-08,11.120007514953613,11.666250228881836,11.817500114440918,11.619999885559082,11.682499885559082,10094400
2017-08-09,11.106903076171875,11.65250015258789,11.663749694824219,11.546250343322754,11.581250190734863,10037600
2017-08-10,10.80307388305664,11.333749771118164,11.578749656677246,11.323749542236328,11.568750381469727,20883200
2017-08-11,10.824524879455566,11.356249809265137,11.422499656677246,11.326250076293945,11.350000381469727,14302400
2017-08-14,11.042562484741211,11.585000038146973,11.607500076293945,11.494999885559082,11.4975004196167,13010400
2017-08-15,11.040179252624512,11.582500457763672,11.625,11.547499656677246,11.625,9591200
2017-08-16,11.074731826782227,11.618749618530273,11.678750038146973,11.576250076293945,11.633749961853027,12680000
2017-08-17,10.731588363647461,11.258749961853027,11.587499618530273,11.258749961853027,11.555000305175781,21722400
2017-08-18,10.69465160369873,11.220000267028809,11.351249694824219,11.172499656677246,11.237500190734863,17008800
2017-08-21,10.712525367736816,11.238750457763672,11.263750076293945,11.138750076293945,11.208749771118164,10120800
2017-08-22,10.925795555114746,11.462499618530273,11.488750457763672,11.296250343322754,11.297499656677246,11576800
2017-08-23,10.855502128601074,11.388750076293945,11.431249618530273,11.350000381469727,11.367500305175781,7924800
2017-08-24,10.806650161743164,11.337499618530273,11.443750381469727,11.311249732971191,11.428750038146973,9068800
2017-08-25,10.853116989135742,11.386249542236328,11.482500076293945,11.37125015258789,11.420000076293945,10180800
2017-08-28,10.85788631439209,11.391249656677246,11.443750381469727,11.3412504196167,11.438750267028809,7667200
2017-08-29,10.873372077941895,11.407500267028809,11.4375,11.232500076293945,11.24625015258789,10064000
2017-08-30,10.978222846984863,11.517499923706055,11.546250343322754,11.388750076293945,11.40999984741211,9444800
2017-08-31,11.112859725952148,11.6587495803833,11.681249618530273,11.573749542236328,11.582500457763672,11116800
2017-09-01,11.14741039276123,11.694999694824219,11.733750343322754,11.672499656677246,11.696249961853027,10704000
2017-09-05,10.982990264892578,11.522500038146973,11.654999732971191,11.412500381469727,11.6274995803833,24272000
2017-09-06,11.054476737976074,11.59749984741211,11.631250381469727,11.5337495803833,11.59375,8597600
2017-09-07,11.052094459533691,11.595000267028809,11.6274995803833,11.546250343322754,11.6274995803833,9540800
2017-09-08,11.021117210388184,11.5625,11.611249923706055,11.537500381469727,11.557499885559082,8852800
2017-09-11,11.248686790466309,11.801250457763672,11.817500114440918,11.696249961853027,11.696249961853027,8216000
2017-09-12,11.329707145690918,11.886249542236328,11.888750076293945,11.826250076293945,11.848750114440918,20649600
2017-09-13,11.342813491821289,11.899999618530273,11.901249885559082,11.84375,11.852499961853027,6689600
2017-09-14,11.334474563598633,11.891249656677246,11.90999984741211,11.84375,11.861249923706055,5440000
2017-09-15,11.367833137512207,11.926250457763672,11.927499771118164,11.859999656677246,11.8725004196167,7332000
2017-09-18,11.411920547485352,11.97249984741211,12.007499694824219,11.928750038146973,11.960000038146973,7762400
2017-09-19,11.428597450256348,11.989999771118164,12.0024995803833,11.958749771118164,11.993749618530273,3612000
2017-09-20,11.438132286071777,12.0,12.012499809265137,11.892499923706055,12.0,10591200
2017-09-21,11.374983787536621,11.93375015258789,11.988750457763672,11.916250228881836,11.981249809265137,5051200
2017-09-22,11.37974739074707,11.938750267028809,11.956250190734863,11.898750305175781,11.899999618530273,4880800
2017-09-25,11.332090377807617,11.888750076293945,11.948749542236328,11.806249618530273,11.9087495803833,8308000
2017-09-26,11.344005584716797,11.901249885559082,11.958749771118164,11.876250267028809,11.932499885559082,8243200
2017-09-27,11.432256698608398,11.982500076293945,12.023750305175781,11.87125015258789,11.96875,11399200
2017-09-28,11.45849609375,12.010000228881836,12.016249656677246,11.942500114440918,11.949999809265137,5428800
2017-09-29,11.53720474243164,12.092499732971191,12.100000381469727,11.987500190734863,12.005000114440918,8116800
2017-10-02,11.630228042602539,12.1899995803833,12.193750381469727,12.108750343322754,12.116250038146973,10728800
2017-10-03,11.686280250549316,12.248749732971191,12.25,12.1875,12.210000038146973,5241600
2017-10-04,11.714903831481934,12.2787504196167,12.303750038146973,12.217499732971191,12.231249809265137,7459200
2017-10-05,11.846091270446777,12.416250228881836,12.421250343322754,12.300000190734863,12.3100004196167,7521600
2017-10-06,11.8234281539917,12.392499923706055,12.396249771118164,12.34000015258789,12.369999885559082,8575200
2017-10-09,11.784073829650879,12.351249694824219,12.421250343322754,12.319999694824219,12.413749694824219,4770400
2017-10-10,11.842510223388672,12.412500381469727,12.453749656677246,12.353750228881836,12.411250114440918,8184800
2017-10-11,11.875904083251953,12.447500228881836,12.451250076293945,12.383749961853027,12.401249885559082,5380800
2017-10-12,11.837739944458008,12.407500267028809,12.452500343322754,12.386249542236328,12.414999961853027,6861600
2017-10-13,11.868748664855957,12.4399995803833,12.473750114440918,12.423749923706055,12.461250305175781,4282400
2017-10-16,11.902140617370605,12.475000381469727,12.494999885559082,12.427499771118164,12.4662504196167,5058400
2017-10-17,11.91883659362793,12.492500305175781,12.493749618530273,12.443750381469727,12.46500015258789,4187200
2017-10-18,11.934342384338379,12.508749961853027,12.537500381469727,12.492500305175781,12.532500267028809,3808000
2017-10-19,11.94030475616455,12.515000343322754,12.520000457763672,12.3774995803833,12.418749809265137,7004800
2017-10-20,12.06433391571045,12.645000457763672,12.648750305175781,12.579999923706055,12.609999656677246,6864000
2017-10-23,11.971307754516602,12.547499656677246,12.682499885559082,12.538749694824219,12.680000305175781,6760000
2017-10-24,12.008283615112305,12.586250305175781,12.614999771118164,12.551250457763672,12.595000267028809,5832000
2017-10-25,11.891409873962402,12.463749885559082,12.563750267028809,12.337499618530273,12.552499771118164,12392000
2017-10-26,11.91883659362793,12.492500305175781,12.561249732971191,12.489999771118164,12.529999732971191,6454400
2017-10-27,12.109654426574707,12.692500114440918,12.713749885559082,12.547499656677246,12.577500343322754,10646400
2017-10-30,12.023782730102539,12.602499961853027,12.6850004196167,12.569999694824219,12.577500343322754,8707200
2017-10-31,12.059565544128418,12.640000343322754,12.670000076293945,12.607500076293945,12.645000457763672,6496000
2017-11-01,12.09176254272461,12.673749923706055,12.765000343322754,12.632499694824219,12.728750228881836,7982400
2017-11-02,12.098918914794922,12.681249618530273,12.697500228881836,12.548749923706055,12.663749694824219,8862400
2017-11-03,12.175243377685547,12.761249542236328,12.770000457763672,12.654999732971191,12.697500228881836,5732000
2017-11-06,12.207444190979004,12.795000076293945,12.81624984741211,12.742500305175781,12.744999885559082,5340800
2017-11-07,12.20386791229248,12.791250228881836,12.852499961853027,12.727499961853027,12.8125,8201600
2017-11-08,12.243224143981934,12.832500457763672,12.837499618530273,12.733750343322754,12.761249542236328,6416000
2017-11-09,12.150201797485352,12.734999656677246,12.75374984741211,12.552499771118164,12.6875,16762400
2017-11-10,12.1394681930542,12.723750114440918,12.732500076293945,12.651249885559082,12.6875,9957600
2017-11-13,12.159743309020996,12.744999885559082,12.771249771118164,12.641249656677246,12.646249771118164,6424000
2017-11-14,12.103689193725586,12.686249732971191,12.697500228881836,12.56624984741211,12.649999618530273,10588800
2017-11-15,11.980854988098145,12.557499885559082,12.633749961853027,12.479999542236328,12.579999923706055,11112000
2017-11-16,12.176440238952637,12.762499809265137,12.8100004196167,12.657500267028809,12.6587495803833,12188000
2017-11-17,12.109654426574707,12.692500114440918,12.75,12.68375015258789,12.726249694824219,7955200
2017-11-20,12.145430564880371,12.729999542236328,12.75374984741211,12.692500114440918,12.720000267028809,6656000
2017-11-21,12.302852630615234,12.895000457763672,12.918749809265137,12.8125,12.819999694824219,9820000
2017-11-22,12.284965515136719,12.876250267028809,12.911250114440918,12.856249809265137,12.897500038146973,5951200
2017-11-24,12.338630676269531,12.932499885559082,12.943750381469727,12.911250114440918,12.925000190734863,5050400
2017-11-27,12.329090118408203,12.922499656677246,12.970000267028809,12.895000457763672,12.9350004196167,6527200
2017-11-28,12.568803787231445,13.173749923706055,13.182499885559082,12.961250305175781,12.973750114440918,13350400
2017-11-29,12.560457229614258,13.164999961853027,13.256250381469727,13.112500190734863,13.196249961853027,11983200
2017-11-30,12.767970085144043,13.382499694824219,13.493749618530273,13.258749961853027,13.267499923706055,15046400
2017-12-01,12.717877388000488,13.329999923706055,13.421250343322754,12.961250305175781,13.369999885559082,22000000
2017-12-04,12.686871528625488,13.297499656677246,13.568750381469727,13.296250343322754,13.521249771118164,14411200
2017-12-05,12.599808692932129,13.206250190734863,13.399999618530273,13.188750267028809,13.329999923706055,15933600
2017-12-06,12.601004600524902,13.207500457763672,13.258749961853027,13.15625,13.168749809265137,8176800
2017-12-07,12.678523063659668,13.288749694824219,13.324999809265137,13.178750038146973,13.1899995803833,8138400
2017-12-08,12.813287734985352,13.430000305175781,13.4350004196167,13.354999542236328,13.383749961853027,6057600
2017-12-11,12.894384384155273,13.515000343322754,13.520000457763672,13.431249618530273,13.4375,8781600
2017-12-12,12.940896034240723,13.563750267028809,13.614999771118164,13.516249656677246,13.545000076293945,7275200
2017-12-13,12.931353569030762,13.553750038146973,13.640000343322754,13.550000190734863,13.587499618530273,11194400
2017-12-14,12.826406478881836,13.443750381469727,13.601249694824219,13.436249732971191,13.59375,10213600
2017-12-15,13.039881706237793,13.667499542236328,13.7162504196167,13.552499771118164,13.561249732971191,10019200
2017-12-18,13.198494911193848,13.833749771118164,13.876250267028809,13.8149995803833,13.823749542236328,9434400
2017-12-19,13.10785961151123,13.738750457763672,13.866250038146973,13.7212495803833,13.866250038146973,18046400
2017-12-20,13.08758544921875,13.717499732971191,13.848750114440918,13.682499885559082,13.8412504196167,18012000
2017-12-21,13.132904052734375,13.765000343322754,13.848750114440918,13.739999771118164,13.7787504196167,11016000
2017-12-22,13.126938819885254,13.758749961853027,13.770000457763672,13.697500228881836,13.766249656677246,10542400
2017-12-26,13.093618392944336,13.703749656677246,13.723750114440918,13.673749923706055,13.688750267028809,4550400
2017-12-27,13.109146118164062,13.720000267028809,13.758749961853027,13.686249732971191,13.717499732971191,4708800
2017-12-28,13.158112525939941,13.771249771118164,13.773750305175781,13.727499961853027,13.765000343322754,7778400
2017-12-29,13.069729804992676,13.678750038146973,13.832500457763672,13.641249656677246,13.831250190734863,11952000
2018-01-02,13.24649429321289,13.863750457763672,13.863750457763672,13.72249984741211,13.770000457763672,15379200
2018-01-03,13.405343055725098,14.029999732971191,14.050000190734863,13.87874984741211,13.883749961853027,8994400
2018-01-04,13.524776458740234,14.154999732971191,14.207500457763672,14.0962495803833,14.107500076293945,11100000
2018-01-05,13.694374084472656,14.332500457763672,14.350000381469727,14.18375015258789,14.244999885559082,10957600
2018-01-08,13.745725631713867,14.386249542236328,14.404999732971191,14.287500381469727,14.321249961853027,7715200
2018-01-09,13.80783748626709,14.451250076293945,14.524999618530273,14.404999732971191,14.436249732971191,10405600
2018-01-10,13.763647079467773,14.404999732971191,14.436249732971191,14.2787504196167,14.358750343322754,11608000
2018-01-11,13.95593547821045,14.606249809265137,14.608750343322754,14.449999809265137,14.46875,13354400
2018-01-12,14.141058921813965,14.800000190734863,14.821249961853027,14.62874984741211,14.645000457763672,12074400
2018-01-16,14.043124198913574,14.697500228881836,15.03125,14.613750457763672,14.951250076293945,19564000
2018-01-17,14.314242362976074,14.981249809265137,15.022500038146973,14.725000381469727,14.807499885559082,13421600
2018-01-18,14.264078140258789,14.928750038146973,15.012499809265137,14.866250038146973,14.958749771118164,11466400
2018-01-19,14.388290405273438,15.05875015258789,15.05875015258789,14.925000190734863,14.991250038146973,12498400
2018-01-22,14.618796348571777,15.300000190734863,15.302499771118164,15.023750305175781,15.023750305175781,12737600
2018-01-23,14.680903434753418,15.364999771118164,15.40250015258789,15.270000457763672,15.306249618530273,10464800
2018-01-24,14.672544479370117,15.356249809265137,15.517499923706055,15.208749771118164,15.446249961853027,14710400
2018-01-25,14.678515434265137,15.362500190734863,15.4662504196167,15.265000343322754,15.456250190734863,12304800
2018-01-26,15.01412582397461,15.713749885559082,15.71500015258789,15.432499885559082,15.463749885559082,10795200
2018-01-29,14.81347370147705,15.50374984741211,15.697500228881836,15.489999771118164,15.642499923706055,14835200
2018-01-30,14.500558853149414,15.176250457763672,15.353750228881836,15.1274995803833,15.271249771118164,19798400
2018-01-31,14.529223442077637,15.206250190734863,15.352499961853027,15.071249961853027,15.289999961853027,12788800
2018-02-01,14.491004943847656,15.166250228881836,15.324999809265137,15.068750381469727,15.100000381469727,11066400
2018-02-02,13.86158275604248,14.507499694824219,15.015000343322754,14.498749732971191,14.998749732971191,29116800
2018-02-05,12.735313415527344,13.328749656677246,14.539999961853027,13.21500015258789,14.276249885559082,59005600
2018-02-06,13.196331024169922,13.811249732971191,13.858750343322754,12.756250381469727,12.882499694824219,65334400
2018-02-07,13.043455123901367,13.651249885559082,14.140000343322754,13.651249885559082,13.732500076293945,34136000
2018-02-08,12.079617500305176,12.642499923706055,13.701250076293945,12.633749961853027,13.6875,54952800
2018-02-09,12.446283340454102,13.026249885559082,13.211250305175781,12.168749809265137,12.956250190734863,72404800
2018-02-12,12.784282684326172,13.380000114440918,13.552499771118164,13.047499656677246,13.236249923706055,32959200
2018-02-13,12.857137680053711,13.456250190734863,13.516249656677246,13.1850004196167,13.248749732971191,18068000
2018-02-14,13.205886840820312,13.821249961853027,13.858750343322754,13.289999961853027,13.300000190734863,24564800
2018-02-15,13.533135414123535,14.163749694824219,14.167499542236328,13.731249809265137,14.012499809265137,20341600
2018-02-16,13.541499137878418,14.172499656677246,14.404999732971191,14.09000015258789,14.09375,23835200
2018-02-20,13.379066467285156,14.0024995803833,14.232500076293945,13.901249885559082,14.057499885559082,18263200
2018-02-21,13.230966567993164,13.84749984741211,14.331250190734863,13.8462495803833,14.041250228881836,20400000
2018-02-22,13.26082706451416,13.87874984741211,14.1587495803833,13.8125,13.97249984741211,19359200
2018-02-23,13.688403129577637,14.326250076293945,14.328749656677246,13.981249809265137,14.03499984741211,15329600
2018-02-26,14.0084867477417,14.661250114440918,14.673749923706055,14.390000343322754,14.453749656677246,16670400
2018-02-27,13.654961585998535,14.291250228881836,14.770000457763672,14.288749694824219,14.68375015258789,22444800
2018-02-28,13.356372833251953,13.978750228881836,14.476249694824219,13.967499732971191,14.426250457763672,20877600
2018-03-01,12.994485855102539,13.600000381469727,14.15625,13.381250381469727,13.984999656677246,42380000
2018-03-02,13.127060890197754,13.738750457763672,13.796250343322754,13.297499656677246,13.393750190734863,44201600
2018-03-05,13.42564868927002,14.051250457763672,14.118749618530273,13.582500457763672,13.592499732971191,26714400
2018-03-06,13.49252700805664,14.12125015258789,14.171250343322754,13.942500114440918,14.15625,20048800
2018-03-07,13.477002143859863,14.104999542236328,14.147500038146973,13.842499732971191,13.864999771118164,21141600
2018-03-08,13.60360336303711,14.237500190734863,14.25374984741211,14.068750381469727,14.1850004196167,20075200
2018-03-09,14.070591926574707,14.726249694824219,14.732500076293945,14.368749618530273,14.40625,19589600
2018-03-12,14.044317245483398,14.698749542236328,14.845000267028809,14.654999732971191,14.773750305175781,14744800
2018-03-13,13.865164756774902,14.511249542236328,14.895000457763672,14.4375,14.8412504196167,34554400
2018-03-14,13.71825885772705,14.357500076293945,14.641249656677246,14.292499542236328,14.6225004196167,34484800
2018-03-15,13.689597129821777,14.327500343322754,14.489999771118164,14.265000343322754,14.417499542236328,22004800
2018-03-16,13.714676856994629,14.353750228881836,14.473750114440918,14.34749984741211,14.376250267028809,18197600
2018-03-19,13.346819877624512,13.96875,14.266249656677246,13.770000457763672,14.262499809265137,35084800
2018-03-20,13.388622283935547,14.012499809265137,14.082500457763672,13.932499885559082,14.008749961853027,19548000
2018-03-21,13.328819274902344,13.930000305175781,14.22249984741211,13.90625,13.986249923706055,25728000
2018-03-22,12.667400360107422,13.238750457763672,13.765000343322754,13.204999923706055,13.671250343322754,35500000
2018-03-23,12.121999740600586,12.668749809265137,13.321249961853027,12.649999618530273,13.287500381469727,42747200
2018-03-26,12.791790962219238,13.368749618530273,13.390000343322754,12.803750038146973,13.077500343322754,39804000
2018-03-27,12.338485717773438,12.895000457763672,13.524999618530273,12.725000381469727,13.46500015258789,45618400
2018-03-28,12.276290893554688,12.829999923706055,13.09375,12.698749542236328,12.911250114440918,44767200
2018-03-29,12.615971565246582,13.1850004196167,13.352499961853027,12.866250038146973,12.949999809265137,21190400
2018-04-02,12.046649932861328,12.59000015258789,13.146249771118164,12.302499771118164,13.088749885559082,27272800
2018-04-03,12.345664024353027,12.90250015258789,12.952500343322754,12.518750190734863,12.7162504196167,23377600
2018-04-04,12.623148918151855,13.192500114440918,13.255000114440918,12.486249923706055,12.5,32685600
2018-04-05,12.804949760437012,13.382499694824219,13.478750228881836,13.24625015258789,13.375,18411200
2018-04-06,12.239215850830078,12.791250228881836,13.326250076293945,12.609999656677246,13.162500381469727,30396800
2018-04-09,12.339680671691895,12.896249771118164,13.28499984741211,12.862500190734863,12.956250190734863,21163200
2018-04-10,12.737966537475586,13.3125,13.404999732971191,13.098750114440918,13.231249809265137,21487200
2018-04-11,12.611186981201172,13.180000305175781,13.363750457763672,13.142499923706055,13.143750190734863,18068000
2018-04-12,12.80614185333252,13.383749961853027,13.4975004196167,13.303750038146973,13.323749542236328,17275200
2018-04-13,12.737966537475586,13.3125,13.551250457763672,13.192500114440918,13.545000076293945,19539200
2018-04-16,12.94249439239502,13.526249885559082,13.613750457763672,13.399999618530273,13.487500190734863,14555200
2018-04-17,13.215192794799805,13.811249732971191,13.882499694824219,13.672499656677246,13.732500076293945,15932800
2018-04-18,13.236721992492676,13.833749771118164,13.925000190734863,13.7837495803833,13.87125015258789,12022400
2018-04-19,13.08243179321289,13.672499656677246,13.776249885559082,13.557499885559082,13.74625015258789,20021600
2018-04-20,12.867141723632812,13.447500228881836,13.692500114440918,13.3412504196167,13.671250343322754,13934400
2018-04-23,12.85876750946045,13.438750267028809,13.571249961853027,13.31624984741211,13.512499809265137,13796800
2018-04-24,12.516700744628906,13.081250190734863,13.576250076293945,12.9037504196167,13.555000305175781,31982400
2018-04-25,12.57171630859375,13.138750076293945,13.1875,12.861249923706055,13.061249732971191,23195200
2018-04-26,12.820497512817383,13.398750305175781,13.493749618530273,13.201250076293945,13.25374984741211,17175200
2018-04-27,12.849202156066895,13.428750038146973,13.505000114440918,13.319999694824219,13.467499732971191,14940800
2018-04-30,12.64108943939209,13.211250305175781,13.556249618530273,13.210000038146973,13.49625015258789,20148000
2018-05-01,12.696106910705566,13.268750190734863,13.274999618530273,12.982500076293945,13.162500381469727,18676000
2018-05-02,12.519091606140137,13.083749771118164,13.332500457763672,13.038749694824219,13.227499961853027,15929600
2018-05-03,12.46168041229248,13.023750305175781,13.095000267028809,12.668749809265137,12.986249923706055,30462400
2018-05-04,12.78342056274414,13.359999656677246,13.436249732971191,12.881250381469727,12.913749694824219,17428000
2018-05-07,12.85876750946045,13.438750267028809,13.557499885559082,13.368749618530273,13.444999694824219,16083200
2018-05-08,12.862359046936035,13.442500114440918,13.486249923706055,13.270000457763672,13.399999618530273,18550400
2018-05-09,13.11591911315918,13.707500457763672,13.741250038146973,13.46500015258789,13.522500038146973,15869600
2018-05-10,13.355132102966309,13.957500457763672,13.994999885559082,13.77750015258789,13.792499542236328,11142400
2018-05-11,13.410151481628418,14.015000343322754,14.074999809265137,13.918749809265137,13.973750114440918,8717600
2018-05-14,13.441245079040527,14.047499656677246,14.164999961853027,13.994999885559082,14.09375,9128000
2018-05-15,13.257054328918457,13.854999542236328,13.913749694824219,13.75374984741211,13.911250114440918,23487200
2018-05-16,13.37307071685791,13.976249694824219,14.0287504196167,13.858750343322754,13.858750343322754,12227200
2018-05-17,13.349151611328125,13.951250076293945,14.073749542236328,13.859999656677246,13.9375,9861600
2018-05-18,13.284564018249512,13.883749961853027,13.949999809265137,13.837499618530273,13.9087495803833,15313600
2018-05-21,13.474738121032715,14.082500457763672,14.148750305175781,14.008749961853027,14.046250343322754,12397600
2018-05-22,13.398189544677734,14.0024995803833,14.176250457763672,13.970000267028809,14.145000457763672,14471200
2018-05-23,13.475934028625488,14.083749771118164,14.085000038146973,13.84000015258789,13.857500076293945,14796800
2018-05-24,13.420912742614746,14.026249885559082,14.0625,13.813750267028809,14.029999732971191,12769600
2018-05-25,13.351542472839355,13.953749656677246,14.023750305175781,13.893750190734863,13.958749771118164,15753600
2018-05-29,13.054924011230469,13.643750190734863,13.8462495803833,13.498749732971191,13.755000114440918,35442400
2018-05-30,13.385034561157227,13.988750457763672,14.042499542236328,13.771249771118164,13.78499984741211,10105600
2018-05-31,13.198450088500977,13.793749809265137,13.97249984741211,13.74625015258789,13.94124984741211,27311200
2018-06-01,13.475934028625488,14.083749771118164,14.125,13.960000038146973,13.9662504196167,13561600
2018-06-04,13.606301307678223,14.220000267028809,14.2475004196167,14.151249885559082,14.180000305175781,13183200
2018-06-05,13.639792442321777,14.255000114440918,14.28125,14.142499923706055,14.228750228881836,12352800
2018-06-06,13.859867095947266,14.484999656677246,14.487500190734863,14.234999656677246,14.305000305175781,10137600
2018-06-07,13.843121528625488,14.467499732971191,14.563750267028809,14.363750457763672,14.52750015258789,14388000
2018-06-08,13.926844596862793,14.555000305175781,14.5600004196167,14.395000457763672,14.411250114440918,6480000
2018-06-11,13.960335731506348,14.59000015258789,14.677499771118164,14.563750267028809,14.571249961853027,7740800
2018-06-12,14.00459098815918,14.636249542236328,14.668749809265137,14.550000190734863,14.642499923706055,8945600
2018-06-13,13.894553184509277,14.521249771118164,14.68375015258789,14.508749961853027,14.6537504196167,13329600
2018-06-14,13.974688529968262,14.604999542236328,14.666250228881836,14.53125,14.62874984741211,12973600
2018-06-15,13.936413764953613,14.5649995803833,14.600000381469727,14.376250267028809,14.511249542236328,10596800
2018-06-18,13.87780475616455,14.50374984741211,14.517499923706055,14.329999923706055,14.387499809265137,13019200
2018-06-19,13.770162582397461,14.391249656677246,14.414999961853027,14.180000305175781,14.233750343322754,15316000
2018-06-20,13.816767692565918,14.416250228881836,14.489999771118164,14.373749732971191,14.448749542236328,9612800
2018-06-21,13.638259887695312,14.229999542236328,14.40625,14.168749809265137,14.404999732971191,18368000
2018-06-22,13.681387901306152,14.274999618530273,14.386249542236328,14.2524995803833,14.3774995803833,10988000
2018-06-25,13.310003280639648,13.887499809265137,14.157500267028809,13.69124984741211,14.138750076293945,42752000
2018-06-26,13.363913536071777,13.943750381469727,14.045000076293945,13.866250038146973,13.948749542236328,12317600
2018-06-27,13.138687133789062,13.708749771118164,14.180000305175781,13.701250076293945,14.012499809265137,21559200
2018-06-28,13.294428825378418,13.87125015258789,13.956250190734863,13.62125015258789,13.701250076293945,32663200
2018-06-29,13.332765579223633,13.911250114440918,14.149999618530273,13.897500038146973,13.993749618530273,15677600
2018-07-02,13.395061492919922,13.976249694824219,13.986249923706055,13.696249961853027,13.725000381469727,19010400
2018-07-03,13.281251907348633,13.857500076293945,14.076250076293945,13.81624984741211,14.067500114440918,11128800
2018-07-05,13.501686096191406,14.087499618530273,14.09375,13.867500305175781,13.988750457763672,18143200
2018-07-06,13.716129302978516,14.311249732971191,14.366250038146973,14.045000076293945,14.09000015258789,12553600
2018-07-09,13.970110893249512,14.576250076293945,14.582500457763672,14.4375,14.44124984741211,8697600
2018-07-10,14.061161041259766,14.671250343322754,14.694999694824219,14.59749984741211,14.635000228881836,9173600
2018-07-11,13.867081642150879,14.46875,14.588749885559082,14.432499885559082,14.5,18662400
2018-07-12,14.107887268066406,14.720000267028809,14.731249809265137,14.542499542236328,14.612500190734863,10757600
2018-07-13,14.129450798034668,14.742500305175781,14.78499984741211,14.651249885559082,14.710000038146973,6771200
2018-07-16,14.103094100952148,14.71500015258789,14.767499923706055,14.668749809265137,14.7524995803833,8293600
2018-07-17,14.227685928344727,14.845000267028809,14.888750076293945,14.6225004196167,14.62874984741211,8863200
2018-07-18,14.280400276184082,14.899999618530273,14.911250114440918,14.797499656677246,14.845000267028809,6092000
2018-07-19,14.173776626586914,14.788749694824219,14.857500076293945,14.726249694824219,14.819999694824219,7015200
2018-07-20,14.139032363891602,14.7524995803833,14.829999923706055,14.728750228881836,14.761249542236328,8986400
2018-07-23,14.189350128173828,14.805000305175781,14.824999809265137,14.681249618530273,14.71875,4024000
2018-07-24,14.321133613586426,14.942500114440918,15.048749923706055,14.8462495803833,14.962499618530273,11740800
2018-07-25,14.582300186157227,15.21500015258789,15.239999771118164,14.912500381469727,14.920000076293945,14030400
2018-07-26,14.493645668029785,15.1225004196167,15.210000038146973,15.101249694824219,15.107500076293945,5773600
2018-07-27,14.300763130187988,14.921250343322754,15.173749923706055,14.80875015258789,15.167499542236328,18111200
2018-07-30,14.140229225158691,14.75374984741211,14.944999694824219,14.697500228881836,14.928750038146973,19594400
2018-07-31,14.278002738952637,14.897500038146973,14.978750228881836,14.807499885559082,14.859999656677246,9374400
2018-08-01,14.243260383605957,14.861249923706055,14.988750457763672,14.7787504196167,14.920000076293945,9717600
2018-08-02,14.377437591552734,15.001250267028809,15.0337495803833,14.673749923706055,14.706250190734863,7692000
2018-08-03,14.516409873962402,15.146249771118164,15.146249771118164,15.010000228881836,15.0287504196167,7999200
2018-08-06,14.620638847351074,15.255000114440918,15.287500381469727,15.09749984741211,15.141249656677246,9107200
2018-08-07,14.705696105957031,15.34375,15.397500038146973,15.313750267028809,15.329999923706055,10809600
2018-08-08,14.69251823425293,15.329999923706055,15.382499694824219,15.279999732971191,15.327500343322754,8177600
2018-08-09,14.652982711791992,15.288749694824219,15.387499809265137,15.272500038146973,15.337499618530273,5538400
2018-08-10,14.449319839477539,15.076250076293945,15.176250457763672,14.99625015258789,15.104999542236328,15300800
2018-08-13,14.33670711517334,14.958749771118164,15.1875,14.932499885559082,15.113750457763672,11723200
2018-08-14,14.524795532226562,15.154999732971191,15.182499885559082,15.005000114440918,15.056249618530273,7207200
2018-08-15,14.305557250976562,14.926250457763672,15.005000114440918,14.75374984741211,14.991250038146973,16075200
2018-08-16,14.539172172546387,15.170000076293945,15.272500038146973,15.09749984741211,15.09749984741211,11795200
2018-08-17,14.627822875976562,15.262499809265137,15.324999809265137,15.092499732971191,15.132499694824219,10018400
2018-08-20,14.698509216308594,15.336250305175781,15.369999885559082,15.270000457763672,15.335000038146973,8046400
2018-08-21,14.75721263885498,15.397500038146973,15.510000228881836,15.383749961853027,15.399999618530273,6628000
2018-08-22,14.74642562866211,15.386249542236328,15.449999809265137,15.323749542236328,15.354999542236328,5658400
2018-08-23,14.700902938842773,15.338749885559082,15.4662504196167,15.303750038146973,15.361249923706055,6684000
2018-08-24,14.877013206481934,15.522500038146973,15.541250228881836,15.404999732971191,15.407500267028809,10738400
2018-08-27,15.105834007263184,15.761249542236328,15.779999732971191,15.648750305175781,15.662500381469727,12343200
2018-08-28,15.123804092407227,15.779999732971191,15.835000038146973,15.726249694824219,15.824999809265137,4047200
2018-08-29,15.289132118225098,15.952500343322754,15.978750228881836,15.7787504196167,15.80875015258789,6338400
2018-08-30,15.154953002929688,15.8125,15.932499885559082,15.743749618530273,15.883749961853027,9800000
2018-08-31,15.15615463256836,15.813750267028809,15.869999885559082,15.706250190734863,15.762499809265137,6286400
2018-09-04,15.111824989318848,15.767499923706055,15.801250457763672,15.635000228881836,15.765000343322754,8345600
2018-09-05,15.015983581542969,15.667499542236328,15.737500190734863,15.548749923706055,15.712499618530273,15202400
2018-09-06,14.930923461914062,15.578749656677246,15.717499732971191,15.447500228881836,15.682499885559082,12907200
2018-09-07,14.865032196044922,15.510000228881836,15.630000114440918,15.420000076293945,15.443750381469727,10264800
2018-09-10,14.915349960327148,15.5625,15.663749694824219,15.539999961853027,15.632499694824219,5683200
2018-09-11,15.023173332214355,15.675000190734863,15.71875,15.442500114440918,15.487500190734863,10818400
2018-09-12,15.027962684631348,15.680000305175781,15.741250038146973,15.574999809265137,15.668749809265137,10714400
2018-09-13,15.192093849182129,15.851249694824219,15.876250267028809,15.766249656677246,15.795000076293945,8346400
2018-09-14,15.200478553771973,15.859999656677246,15.898750305175781,15.761249542236328,15.87874984741211,9532800
2018-09-17,15.035152435302734,15.6875,15.854999542236328,15.65250015258789,15.854999542236328,6483200
2018-09-18,15.19688606262207,15.856249809265137,15.928750038146973,15.707500457763672,15.707500457763672,11951200
2018-09-19,15.228033065795898,15.888750076293945,15.9399995803833,15.8462495803833,15.856249809265137,7698400
2018-09-20,15.465243339538574,16.136249542236328,16.181249618530273,16.024999618530273,16.0362491607666,13409600
2018-09-21,15.446069717407227,16.116249084472656,16.247499465942383,16.092500686645508,16.237499237060547,6392800
2018-09-24,15.34424114227295,16.010000228881836,16.05500030517578,15.930000305175781,16.040000915527344,8314400
2018-09-25,15.307103157043457,15.9712495803833,16.068750381469727,15.943750381469727,16.05875015258789,6454400
2018-09-26,15.21117115020752,15.856249809265137,16.11750030517578,15.806249618530273,15.973750114440918,8153600
2018-09-27,15.296309471130371,15.944999694824219,16.075000762939453,15.880000114440918,15.916250228881836,4924000
2018-09-28,15.291512489318848,15.9399995803833,16.0049991607666,15.862500190734863,15.868749618530273,6521600
2018-10-01,15.398235321044922,16.051250457763672,16.186250686645508,15.973750114440918,16.09749984741211,11517600
2018-10-02,15.381446838378906,16.033750534057617,16.123750686645508,15.989999771118164,16.028749465942383,6467200
2018-10-03,15.404232025146484,16.0575008392334,16.217500686645508,16.010000228881836,16.158750534057617,11238400
2018-10-04,15.160805702209473,15.803750038146973,15.993749618530273,15.600000381469727,15.983750343322754,23792800
2018-10-05,14.992925643920898,15.62874984741211,15.883749961853027,15.436249732971191,15.817500114440918,23050400
2018-10-08,14.972538948059082,15.607500076293945,15.65625,15.362500190734863,15.52750015258789,15156000
2018-10-09,14.937767028808594,15.571249961853027,15.725000381469727,15.5,15.55875015258789,14552000
2018-10-10,13.978449821472168,14.571249961853027,15.506250381469727,14.536250114440918,15.5024995803833,26454400
2018-10-11,13.36568546295166,13.932499885559082,14.636249542236328,13.743749618530273,14.451250076293945,52879200
2018-10-12,13.742216110229492,14.324999809265137,14.43375015258789,13.951250076293945,14.423749923706055,31114400
2018-10-15,13.591123580932617,14.167499542236328,14.422499656677246,14.141249656677246,14.270000457763672,22721600
2018-10-16,14.172708511352539,14.773750305175781,14.819999694824219,14.329999923706055,14.3774995803833,15355200
2018-10-17,14.172708511352539,14.773750305175781,14.848750114440918,14.47249984741211,14.772500038146973,28916000
2018-10-18,13.76979923248291,14.353750228881836,14.733750343322754,14.193750381469727,14.663749694824219,25052800
2018-10-19,13.743414878845215,14.326250076293945,14.643750190734863,14.231249809265137,14.426250457763672,16844000
2018-10-22,13.619904518127441,14.197500228881836,14.442500114440918,14.135000228881836,14.4037504196167,22492800
2018-10-23,13.476005554199219,14.047499656677246,14.177499771118164,13.536250114440918,13.767499923706055,36132800
2018-10-24,12.664185523986816,13.201250076293945,14.06624984741211,13.135000228881836,14.02750015258789,27758400
2018-10-25,13.112664222717285,13.668749809265137,13.84000015258789,13.286250114440918,13.395000457763672,23336000
2018-10-26,12.647395133972168,13.18375015258789,13.53499984741211,12.881250381469727,13.242500305175781,44816800
2018-10-29,12.507097244262695,13.037500381469727,13.668749809265137,12.641249656677246,13.532500267028809,34712800
2018-10-30,12.872833251953125,13.418749809265137,13.454999923706055,12.970000267028809,13.018750190734863,19484000
2018-10-31,13.148640632629395,13.706250190734863,13.963749885559082,13.6587495803833,13.711250305175781,20225600
2018-11-01,13.412450790405273,13.981249809265137,14.015000343322754,13.678750038146973,13.805000305175781,12924000
2018-11-02,13.266155242919922,13.828749656677246,14.163749694824219,13.5912504196167,14.125,26580000
2018-11-05,13.406458854675293,13.975000381469727,14.037500381469727,13.772500038146973,13.8774995803833,10698400
2018-11-06,13.573137283325195,14.148750305175781,14.167499542236328,13.96500015258789,13.96875,9796800
2018-11-07,14.146330833435059,14.74625015258789,14.766249656677246,14.353750228881836,14.396249771118164,17100000
2018-11-08,14.09476375579834,14.692500114440918,14.772500038146973,14.56624984741211,14.664999961853027,14064000
2018-11-09,13.836949348449707,14.423749923706055,14.55875015258789,14.244999885559082,14.543749809265137,14184800
2018-11-12,13.294938087463379,13.858750343322754,14.375,13.811249732971191,14.345000267028809,19968800
2018-11-13,13.252964973449707,13.8149995803833,14.145000457763672,13.731249809265137,13.917499542236328,13830400
2018-11-14,13.059904098510742,13.613750457763672,14.067500114440918,13.446249961853027,14.023750305175781,23010400
2018-11-15,13.33450698852539,13.899999618530273,13.956250190734863,13.300000190734863,13.477499961853027,23942400
2018-11-16,13.404056549072266,13.97249984741211,14.074999809265137,13.723750114440918,13.7787504196167,16845600
2018-11-19,12.950780868530273,13.5,13.932499885559082,13.399999618530273,13.907500267028809,14618400
2018-11-20,12.472321510314941,13.001250267028809,13.28499984741211,12.893750190734863,13.1225004196167,32700000
2018-11-21,12.550264358520508,13.082500457763672,13.288749694824219,13.082500457763672,13.162500381469727,11981600
2018-11-23,12.394375801086426,12.920000076293945,13.057499885559082,12.887499809265137,12.897500038146973,6330400
2018-11-26,12.775704383850098,13.317500114440918,13.323749542236328,13.109999656677246,13.154999732971191,15980000
2018-11-27,12.85964298248291,13.404999732971191,13.404999732971191,13.145000457763672,13.206250190734863,13045600
2018-11-28,13.43883228302002,14.008749961853027,14.024999618530273,13.423749923706055,13.52750015258789,21144800
2018-11-29,13.394464492797852,13.962499618530273,14.125,13.80875015258789,13.936249732971191,24102400
2018-11-30,13.562341690063477,14.137499809265137,14.198749542236328,13.914999961853027,13.942500114440918,14088800
2018-12-03,13.907699584960938,14.4975004196167,14.619999885559082,14.321249961853027,14.613750457763672,22461600
2018-12-04,13.023929595947266,13.576250076293945,14.453749656677246,13.523750305175781,14.407500267028809,34371200
2018-12-06,12.984354972839355,13.53499984741211,13.53499984741211,12.770000457763672,13.12125015258789,45036800
2018-12-07,12.364398002624512,12.888750076293945,13.649999618530273,12.791250228881836,13.470000267028809,31880800
2018-12-10,12.396774291992188,12.922499656677246,13.032500267028809,12.398750305175781,12.861249923706055,31996000
2018-12-11,12.407567977905273,12.93375015258789,13.297499656677246,12.774999618530273,13.279999732971191,26009600
2018-12-12,12.534675598144531,13.06624984741211,13.40625,13.061249732971191,13.266249656677246,24937600
2018-12-13,12.525083541870117,13.056249618530273,13.258749961853027,12.93375015258789,13.162500381469727,24120000
2018-12-14,12.052619934082031,12.563750267028809,12.914999961853027,12.50374984741211,12.807499885559082,24893600
2018-12-17,11.566963195800781,12.057499885559082,12.579999923706055,11.897500038146973,12.460000038146973,30257600
2018-12-18,11.55257511138916,12.042499542236328,12.311249732971191,11.8774995803833,12.241250038146973,20262400
2018-12-19,11.201226234436035,11.676250457763672,12.4350004196167,11.493749618530273,12.051250457763672,37709600
2018-12-20,10.842679023742676,11.302499771118164,11.703749656677246,11.057499885559082,11.545000076293945,43688800
2018-12-21,10.383408546447754,10.823749542236328,11.651249885559082,10.763750076293945,11.3725004196167,43680000
2018-12-24,9.810214042663574,10.226249694824219,10.779999732971191,10.226249694824219,10.673749923706055,27532800
2018-12-26,10.802035331726074,11.228750228881836,11.242500305175781,10.173749923706055,10.367500305175781,31381600
2018-12-27,11.014878273010254,11.449999809265137,11.449999809265137,10.592499732971191,10.928750038146973,29025600
2018-12-28,10.96076488494873,11.393750190734863,11.725000381469727,11.274999618530273,11.5625,30678400
2018-12-31,11.161582946777344,11.602499961853027,11.607500076293945,11.3725004196167,11.553750038146973,24488800
2019-01-02,11.174808502197266,11.616250038146973,11.708749771118164,11.2212495803833,11.236249923706055,28129600
2019-01-03,10.622865676879883,11.042499542236328,11.453749656677246,11.00374984741211,11.432499885559082,37719200
2019-01-04,11.355186462402344,11.803750038146973,11.856249809265137,11.321249961853027,11.361249923706055,28156800
2019-01-07,11.519927978515625,11.975000381469727,12.126250267028809,11.726249694824219,11.821249961853027,20404800
2019-01-08,11.731566429138184,12.194999694824219,12.25374984741211,11.947500228881836,12.207500457763672,24505600
2019-01-09,11.839792251586914,12.307499885559082,12.40625,12.148750305175781,12.274999618530273,17686400
2019-01-10,11.931181907653809,12.40250015258789,12.422499656677246,12.077500343322754,12.15250015258789,21517600
2019-01-11,11.926371574401855,12.397500038146973,12.404999732971191,12.2212495803833,12.28499984741211,12399200
2019-01-14,11.792895317077637,12.258749961853027,12.336250305175781,12.161250114440918,12.201250076293945,10645600
2019-01-15,12.062252044677734,12.538749694824219,12.56624984741211,12.296250343322754,12.296250343322754,20006400
2019-01-16,12.109149932861328,12.587499618530273,12.6875,12.556249618530273,12.578749656677246,10234400
2019-01-17,12.287120819091797,12.772500038146973,12.8725004196167,12.491250038146973,12.49625015258789,11667200
2019-01-18,12.611794471740723,13.109999656677246,13.166250228881836,12.891249656677246,12.976249694824219,17273600
2019-01-22,12.284719467163086,12.770000457763672,12.975000381469727,12.587499618530273,12.952500343322754,22629600
2019-01-23,12.317181587219238,12.803750038146973,12.946249961853027,12.550000190734863,12.873749732971191,14889600
2019-01-24,12.337626457214355,12.824999809265137,12.885000228881836,12.680000305175781,12.792499542236328,11960800
2019-01-25,12.540847778320312,13.036250114440918,13.126250267028809,12.976249694824219,13.020000457763672,11018400
2019-01-28,12.360471725463867,12.848750114440918,12.848750114440918,12.647500038146973,12.806249618530273,10587200
2019-01-29,12.315979957580566,12.802499771118164,12.912500381469727,12.712499618530273,12.854999542236328,7749600
2019-01-30,12.704388618469238,13.206250190734863,13.297499656677246,12.886249542236328,12.96875,15488000
2019-01-31,12.917228698730469,13.427499771118164,13.482500076293945,13.177499771118164,13.201250076293945,15589600
2019-02-01,12.943683624267578,13.454999923706055,13.5649995803833,13.366250038146973,13.456250190734863,12276000
2019-02-04,13.125262260437012,13.643750190734863,13.643750190734863,13.37874984741211,13.451250076293945,7891200
2019-02-05,13.231080055236816,13.75374984741211,13.78125,13.626250267028809,13.6875,9606400
2019-02-06,13.186589241027832,13.707500457763672,13.765000343322754,13.62874984741211,13.71500015258789,6291200
2019-02-07,12.937670707702637,13.448749542236328,13.583749771118164,13.260000228881836,13.526249885559082,18327200
2019-02-08,12.964127540588379,13.476249694824219,13.484999656677246,13.2162504196167,13.302499771118164,13964000
2019-02-11,12.978556632995605,13.491250038146973,13.576250076293945,13.431249618530273,13.550000190734863,9456800
2019-02-12,13.31645679473877,13.842499732971191,13.87874984741211,13.657500267028809,13.667499542236328,9073600
2019-02-13,13.393417358398438,13.922499656677246,14.017499923706055,13.883749961853027,13.93375015258789,14171200
2019-02-14,13.328482627868652,13.854999542236328,13.983750343322754,13.703749656677246,13.795000076293945,15445600
2019-02-15,13.619488716125488,14.157500267028809,14.162500381469727,14.0337495803833,14.05875015258789,12152800
2019-02-19,13.669992446899414,14.210000038146973,14.28125,14.0625,14.0649995803833,8236800
2019-02-20,13.719295501708984,14.261249542236328,14.311249732971191,14.142499923706055,14.204999923706055,10860800
2019-02-21,13.619488716125488,14.157500267028809,14.223750114440918,14.046250343322754,14.188750267028809,11104000
2019-02-22,13.785432815551758,14.329999923706055,14.351249694824219,14.194999694824219,14.228750228881836,10725600
2019-02-25,13.83353328704834,14.380000114440918,14.551250457763672,14.358750343322754,14.491250038146973,15235200
2019-02-26,13.798661231994629,14.34375,14.444999694824219,14.306249618530273,14.321249961853027,8008800
2019-02-27,13.789039611816406,14.333749771118164,14.364999771118164,14.1537504196167,14.261249542236328,9504000
2019-02-28,13.719295501708984,14.261249542236328,14.351249694824219,14.237500190734863,14.297499656677246,6207200
2019-03-01,13.914098739624023,14.463749885559082,14.4975004196167,14.287500381469727,14.454999923706055,11697600
2019-03-04,13.7998628616333,14.345000267028809,14.59375,14.079999923706055,14.571249961853027,22920800
2019-03-05,13.760177612304688,14.303750038146973,14.376250267028809,14.237500190734863,14.354999542236328,6935200
2019-03-06,13.584615707397461,14.12125015258789,14.3100004196167,14.0912504196167,14.3100004196167,14912800
2019-03-07,13.36094856262207,13.888750076293945,14.082500457763672,13.792499542236328,14.071249961853027,21213600
2019-03-08,13.305636405944824,13.831250190734863,13.84375,13.619999885559082,13.675000190734863,16125600
2019-03-11,13.697649955749512,14.238750457763672,14.24625015258789,13.907500267028809,13.907500267028809,7689600
2019-03-12,13.784228324890137,14.328749656677246,14.391249656677246,14.272500038146973,14.288749694824219,8247200
2019-03-13,13.9730224609375,14.524999618530273,14.62874984741211,14.417499542236328,14.438750267028809,10539200
2019-03-14,13.95378303527832,14.505000114440918,14.569999694824219,14.449999809265137,14.522500038146973,8000800
2019-03-15,14.088460922241211,14.645000457763672,14.731249809265137,14.542499542236328,14.557499885559082,11382400
2019-03-18,14.194281578063965,14.755000114440918,14.78125,14.638750076293945,14.663749694824219,10544000
2019-03-19,14.19788932800293,14.758749961853027,14.956250190734863,14.649999618530273,14.868749618530273,10365600
2019-03-20,14.091874122619629,14.62125015258789,14.836250305175781,14.507499694824219,14.696249961853027,15984000
2019-03-21,14.414743423461914,14.956250190734863,15.0024995803833,14.5337495803833,14.537500381469727,10440000
2019-03-22,13.858150482177734,14.37874984741211,14.858750343322754,14.375,14.796250343322754,24634400
2019-03-25,13.842489242553711,14.362500190734863,14.475000381469727,14.220000267028809,14.34375,17669600
2019-03-26,14.037656784057617,14.5649995803833,14.678750038146973,14.411250114440918,14.557499885559082,17268800
2019-03-27,13.89670181274414,14.418749809265137,14.632499694824219,14.239999771118164,14.572500228881836,11254400
2019-03-28,14.00994873046875,14.536250114440918,14.573749542236328,14.354999542236328,14.488750457763672,10474400
2019-03-29,14.191866874694824,14.725000381469727,14.741250038146973,14.569999694824219,14.698749542236328,10920800
2019-04-01,14.509919166564941,15.055000305175781,15.082500457763672,14.9037504196167,14.9350004196167,10202400
2019-04-02,14.520758628845215,15.06624984741211,15.09000015258789,14.975000381469727,15.072500228881836,5352000
2019-04-03,14.573768615722656,15.12125015258789,15.251250267028809,15.039999961853027,15.204999923706055,11982400
2019-04-04,14.641236305236816,15.19124984741211,15.212499618530273,15.0625,15.146249771118164,6494400
2019-04-05,14.76653003692627,15.321249961853027,15.333749771118164,15.229999542236328,15.266249656677246,8048000
2019-04-08,14.80025863647461,15.356249809265137,15.364999771118164,15.201250076293945,15.27750015258789,9227200
2019-04-09,14.642439842224121,15.192500114440918,15.272500038146973,15.12874984741211,15.234999656677246,14523200
2019-04-10,14.737613677978516,15.291250228881836,15.305000305175781,15.193750381469727,15.241250038146973,5372000
2019-04-11,14.730387687683105,15.2837495803833,15.348750114440918,15.21875,15.348750114440918,6541600
2019-04-12,14.92796516418457,15.488750457763672,15.522500038146973,15.391249656677246,15.475000381469727,7901600
2019-04-15,14.908685684204102,15.46875,15.505000114440918,15.37125015258789,15.498749732971191,6855200
2019-04-16,14.923145294189453,15.483750343322754,15.574999809265137,15.413749694824219,15.567500114440918,8297600
2019-04-17,14.852065086364746,15.40999984741211,15.613750457763672,15.354999542236328,15.611249923706055,8873600
2019-04-18,14.902664184570312,15.462499618530273,15.491250038146973,15.31624984741211,15.47249984741211,9608800
2019-04-22,14.924346923828125,15.484999656677246,15.505000114440918,15.358750343322754,15.368749618530273,4647200
2019-04-23,15.19662094116211,15.767499923706055,15.789999961853027,15.5024995803833,15.5287504196167,8218400
2019-04-24,15.127951622009277,15.696249961853027,15.788749694824219,15.673749923706055,15.75,6232000
2019-04-25,15.101446151733398,15.668749809265137,15.744999885559082,15.523750305175781,15.678750038146973,8588800
2019-04-26,15.2448091506958,15.817500114440918,15.819999694824219,15.577500343322754,15.672499656677246,8664800
2019-04-29,15.283360481262207,15.857500076293945,15.920000076293945,15.811249732971191,15.823749542236328,4897600
2019-04-30,15.28697681427002,15.861249923706055,15.9037504196167,15.648750305175781,15.8125,9565600
2019-05-01,15.076143264770508,15.642499923706055,15.970000267028809,15.62874984741211,15.947500228881836,12355200
2019-05-02,15.003860473632812,15.567500114440918,15.723750114440918,15.388750076293945,15.609999656677246,14682400
2019-05-03,15.285771369934082,15.859999656677246,15.893750190734863,15.708749771118164,15.733750343322754,8413600
2019-05-06,15.15927505493164,15.728750228881836,15.78125,15.305000305175781,15.342499732971191,12381600
2019-05-07,14.654486656188965,15.204999923706055,15.513750076293945,14.976249694824219,15.443750381469727,18081600
2019-05-08,14.613525390625,15.162500381469727,15.362500190734863,15.088749885559082,15.162500381469727,11017600
2019-05-09,14.5171480178833,15.0625,15.133749961853027,14.706250190734863,14.911250114440918,17158400
2019-05-10,14.647259712219238,15.197500228881836,15.296250343322754,14.601249694824219,14.953749656677246,20601600
2019-05-13,13.925615310668945,14.448749542236328,14.723750114440918,14.348750114440918,14.609999656677246,21946400
2019-05-14,14.174999237060547,14.707500457763672,14.87874984741211,14.550000190734863,14.5600004196167,9532800
2019-05-15,14.329207420349121,14.867500305175781,14.947500228881836,14.492500305175781,14.516249656677246,18363200
2019-05-16,14.596658706665039,15.145000457763672,15.305000305175781,14.944999694824219,14.949999809265137,12007200
2019-05-17,14.41353702545166,14.954999923706055,15.236249923706055,14.873749732971191,14.873749732971191,14469600
2019-05-20,14.224392890930176,14.758749961853027,14.901249885559082,14.663749694824219,14.763750076293945,10997600
2019-05-21,14.468954086303711,15.012499809265137,15.057499885559082,14.916250228881836,14.942500114440918,7444000
2019-05-22,14.385828971862793,14.926250457763672,15.024999618530273,14.867500305175781,14.897500038146973,9784000
2019-05-23,14.031633377075195,14.55875015258789,14.662500381469727,14.391249656677246,14.6587495803833,16682400
2019-05-24,14.08102798461914,14.609999656677246,14.760000228881836,14.541250228881836,14.717499732971191,7073600
2019-05-28,13.819602012634277,14.338749885559082,14.75374984741211,14.336250305175781,14.642499923706055,12160000
2019-05-29,13.641300201416016,14.1537504196167,14.255000114440918,13.983750343322754,14.208749771118164,18328000
2019-05-30,13.700331687927246,14.21500015258789,14.321249961853027,14.095000267028809,14.22249984741211,10667200
2019-05-31,13.334086418151855,13.835000038146973,14.023750305175781,13.829999923706055,13.928750038146973,17451200
2019-06-03,13.259392738342285,13.757499694824219,13.960000038146973,13.609999656677246,13.832500457763672,26744000
2019-06-04,13.832853317260742,14.352499961853027,14.373749732971191,13.9662504196167,14.016249656677246,15865600
2019-06-05,14.071392059326172,14.600000381469727,14.607500076293945,14.333749771118164,14.543749809265137,13927200
2019-06-06,14.256922721862793,14.792499542236328,14.87125015258789,14.5625,14.633749961853027,15095200
2019-06-07,14.53521728515625,15.081250190734863,15.212499618530273,14.890000343322754,14.911250114440918,15596800
2019-06-10,14.677375793457031,15.228750228881836,15.420000076293945,15.21500015258789,15.267499923706055,14725600
2019-06-11,14.666533470153809,15.217499732971191,15.481249809265137,15.143750190734863,15.438750267028809,11797600
2019-06-12,14.614727973937988,15.163749694824219,15.2524995803833,15.101249694824219,15.188750267028809,7770400
2019-06-13,14.742432594299316,15.296250343322754,15.323749542236328,15.182499885559082,15.266249656677246,8564000
2019-06-14,14.690629005432129,15.242500305175781,15.31624984741211,15.15999984741211,15.244999885559082,5502400
2019-06-17,14.713519096374512,15.266249656677246,15.3462495803833,15.236249923706055,15.272500038146973,6456000
2019-06-18,14.996633529663086,15.5600004196167,15.699999809265137,15.427499771118164,15.46500015258789,11450400
2019-06-19,15.083374977111816,15.649999618530273,15.703749656677246,15.473750114440918,15.59000015258789,8264000
2019-06-20,15.35805606842041,15.9350004196167,15.984999656677246,15.699999809265137,15.958749771118164,8596000
2019-06-21,15.319502830505371,15.895000457763672,16.05500030517578,15.864999771118164,15.90250015258789,9380800
2019-06-24,15.280950546264648,15.854999542236328,15.947500228881836,15.832500457763672,15.90999984741211,6564000
2019-06-25,14.975027084350586,15.505000114440918,15.822500228881836,15.493749618530273,15.822500228881836,9684800
2019-06-26,14.937604904174805,15.4662504196167,15.668749809265137,15.458749771118164,15.608750343322754,7421600
2019-06-27,15.052290916442871,15.585000038146973,15.636249542236328,15.516249656677246,15.55875015258789,6930400
2019-06-28,15.212862014770508,15.751250267028809,15.795000076293945,15.633749961853027,15.69124984741211,8176800
2019-07-01,15.465182304382324,16.012500762939453,16.1512508392334,15.876250267028809,16.126249313354492,14213600
2019-07-02,15.548482894897461,16.0987491607666,16.103750228881836,15.9087495803833,16.008750915527344,8196000
2019-07-03,15.78873348236084,16.34749984741211,16.35124969482422,16.157499313354492,16.18000030517578,7509600
2019-07-05,15.750099182128906,16.3075008392334,16.331249237060547,16.045000076293945,16.202499389648438,10513600
2019-07-08,15.575047492980957,16.126249313354492,16.190000534057617,16.06624984741211,16.1512508392334,9624800
2019-07-09,15.625748634338379,16.178749084472656,16.204999923706055,15.984999656677246,15.988750457763672,6425600
2019-07-10,15.758550643920898,16.31624984741211,16.4325008392334,16.233749389648438,16.299999237060547,9528000
2019-07-11,15.828569412231445,16.388750076293945,16.423749923706055,16.27375030517578,16.39875030517578,8438400
2019-07-12,15.975858688354492,16.541250228881836,16.547500610351562,16.416250228881836,16.451250076293945,6107200
2019-07-15,15.984309196472168,16.549999237060547,16.591249465942383,16.489999771118164,16.59000015258789,5984000
2019-07-16,15.875651359558105,16.4375,16.5575008392334,16.4012508392334,16.537500381469727,7233600
2019-07-17,15.65713882446289,16.21125030517578,16.448749542236328,16.21125030517578,16.4325008392334,7994400
2019-07-18,15.771834373474121,16.329999923706055,16.372499465942383,16.094999313354492,16.14875030517578,10921600
2019-07-19,15.591947555541992,16.143749237060547,16.47624969482422,16.122499465942383,16.459999084472656,11212000
2019-07-22,15.666796684265137,16.221250534057617,16.2862491607666,16.1299991607666,16.19124984741211,6487200
2019-07-23,15.88772964477539,16.450000762939453,16.452499389648438,16.25749969482422,16.353750228881836,6449600
2019-07-24,16.03260040283203,16.600000381469727,16.600000381469727,16.3487491607666,16.362499237060547,7730400
2019-07-25,15.879276275634766,16.44124984741211,16.551250457763672,16.34375,16.551250457763672,8701600
2019-07-26,16.090547561645508,16.65999984741211,16.6825008392334,16.512500762939453,16.5262508392334,8018400
2019-07-29,16.037429809570312,16.604999542236328,16.64875030517578,16.530000686645508,16.642499923706055,6095200
2019-07-30,15.957751274108887,16.522499084472656,16.563749313354492,16.383750915527344,16.424999237060547,7137600
2019-07-31,15.59556770324707,16.147499084472656,16.565000534057617,15.912500381469727,16.541250228881836,21890400
2019-08-01,15.317893981933594,15.859999656677246,16.518749237060547,15.770000457763672,16.16374969482422,24650400
2019-08-02,15.119902610778809,15.654999732971191,15.78125,15.438750267028809,15.757499694824219,19723200
2019-08-05,14.212030410766602,14.71500015258789,15.15250015258789,14.458749771118164,15.142499923706055,28081600
2019-08-06,14.581457138061523,15.09749984741211,15.118749618530273,14.728750228881836,14.898750305175781,19573600
2019-08-07,14.589910507202148,15.106249809265137,15.194999694824219,14.491250038146973,14.733750343322754,27776000
2019-08-08,15.14766788482666,15.68375015258789,15.6899995803833,15.217499732971191,15.28125,13480000
2019-08-09,14.9520902633667,15.481249809265137,15.65625,15.273750305175781,15.587499618530273,20086400
2019-08-12,14.592324256896973,15.108750343322754,15.367500305175781,14.989999771118164,15.297499656677246,10941600
2019-08-13,15.030563354492188,15.5625,15.741250038146973,15.0287504196167,15.063750267028809,22540800
2019-08-14,14.150461196899414,14.651249885559082,15.164999961853027,14.635000228881836,15.095000267028809,23925600
2019-08-15,14.226518630981445,14.729999542236328,14.824999809265137,14.491250038146973,14.7475004196167,22384000
2019-08-16,14.64302921295166,15.161250114440918,15.206250190734863,14.90625,14.911250114440918,15766400
2019-08-19,14.996760368347168,15.52750015258789,15.598750114440918,15.430000305175781,15.510000228881836,10437600
2019-08-20,14.758926391601562,15.28125,15.521249771118164,15.265000343322754,15.462499618530273,9954400
2019-08-21,14.991930961608887,15.522500038146973,15.571249961853027,15.448749542236328,15.532500267028809,7360800
2019-08-22,14.978652000427246,15.508749961853027,15.681249618530273,15.30875015258789,15.606249809265137,10997600
2019-08-23,14.205995559692383,14.708749771118164,15.553750038146973,14.569999694824219,15.362500190734863,25715200
2019-08-26,14.517473220825195,15.03125,15.032500267028809,14.789999961853027,14.96500015258789,13218400
2019-08-27,14.40278148651123,14.912500381469727,15.242500305175781,14.835000038146973,15.201250076293945,11397600
2019-08-28,14.604397773742676,15.12125015258789,15.146249771118164,14.75,14.836250305175781,12473600
2019-08-29,14.9798583984375,15.510000228881836,15.569999694824219,15.305000305175781,15.423749923706055,14029600
2019-08-30,14.965370178222656,15.494999885559082,15.6850004196167,15.386249542236328,15.682499885559082,11126400
2019-09-03,14.79031753540039,15.313750267028809,15.398750305175781,15.15250015258789,15.296250343322754,12726400
2019-09-04,15.117487907409668,15.65250015258789,15.65999984741211,15.47249984741211,15.568750381469727,8378400
2019-09-05,15.513472557067871,16.0625,16.16374969482422,15.9350004196167,15.949999809265137,9084000
2019-09-06,15.53399658203125,16.083749771118164,16.157499313354492,16.021249771118164,16.103750228881836,10239200
2019-09-09,15.544861793518066,16.094999313354492,16.208749771118164,15.986249923706055,16.202499389648438,5370400
2019-09-10,15.547277450561523,16.09749984741211,16.09749984741211,15.853750228881836,16.0,5675200
2019-09-11,15.759756088256836,16.3174991607666,16.322500228881836,16.053749084472656,16.123750686645508,10235200
2019-09-12,15.869616508483887,16.431249618530273,16.551250457763672,16.331249237060547,16.418750762939453,10445600
2019-09-13,15.841848373413086,16.40250015258789,16.516250610351562,16.356250762939453,16.477500915527344,4653600
2019-09-16,15.742855072021484,16.299999237060547,16.344999313354492,16.217500686645508,16.25749969482422,6168800
2019-09-17,15.817706108093262,16.377500534057617,16.387500762939453,16.25374984741211,16.263750076293945,4585600
2019-09-18,15.840642929077148,16.4012508392334,16.407499313354492,16.082500457763672,16.329999923706055,11322400
2019-09-19,15.830991744995117,16.391250610351562,16.563749313354492,16.35124969482422,16.4375,10442400
2019-09-20,15.668004989624023,16.22249984741211,16.49250030517578,16.141250610351562,16.4637508392334,11045600
2019-09-23,15.671626091003418,16.22624969482422,16.3075008392334,16.125,16.149999618530273,7199200
2019-09-24,15.421723365783691,15.967499732971191,16.39875030517578,15.853750228881836,16.356250762939453,17552000
2019-09-25,15.59556770324707,16.147499084472656,16.208749771118164,15.798749923706055,15.9712495803833,11957600
2019-09-26,15.538826942443848,16.0887508392334,16.178749084472656,15.916250228881836,16.158750534057617,15797600
2019-09-27,15.367395401000977,15.911250114440918,16.1875,15.725000381469727,16.176250457763672,14188000
2019-09-30,15.507437705993652,16.056249618530273,16.138750076293945,15.963749885559082,15.9662504196167,7940800
2019-10-01,15.139219284057617,15.675000190734863,16.235000610351562,15.645000457763672,16.158750534057617,13739200
2019-10-02,14.6068115234375,15.123749732971191,15.484999656677246,14.9662504196167,15.484999656677246,24392000
2019-10-03,14.830157279968262,15.354999542236328,15.356249809265137,14.77750015258789,15.086250305175781,25265600
2019-10-04,15.229764938354492,15.768750190734863,15.801250457763672,15.4375,15.4399995803833,17114400
2019-10-07,15.105413436889648,15.640000343322754,15.869999885559082,15.604999542236328,15.677499771118164,12913600
2019-10-08,14.633371353149414,15.151249885559082,15.50374984741211,15.149999618530273,15.414999961853027,20396000
2019-10-09,14.898969650268555,15.426250457763672,15.543749809265137,15.30875015258789,15.382499694824219,14031200
2019-10-10,15.10179328918457,15.636249542236328,15.743749618530273,15.40250015258789,15.417499542236328,14121600
2019-10-11,15.420515060424805,15.9662504196167,16.225000381469727,15.947500228881836,15.962499618530273,17359200
2019-10-14,15.392744064331055,15.9375,16.001249313354492,15.888750076293945,15.925000190734863,7004000
2019-10-15,15.689737319946289,16.2450008392334,16.329999923706055,16.03874969482422,16.046249389648438,10967200
2019-10-16,15.636610984802246,16.190000534057617,16.266250610351562,16.135000228881836,16.181249618530273,6991200
2019-10-17,15.717504501342773,16.27375030517578,16.385000228881836,16.198749542236328,16.325000762939453,8613600
2019-10-18,15.583492279052734,16.135000228881836,16.292499542236328,16.02750015258789,16.21875,9864800
2019-10-21,15.804424285888672,16.363750457763672,16.375,16.239999771118164,16.295000076293945,6664000
2019-10-22,15.687317848205566,16.24250030517578,16.446250915527344,16.229999542236328,16.421249389648438,8942400
2019-10-23,15.780282974243164,16.3387508392334,16.344999313354492,16.188749313354492,16.2137508392334,5436800
2019-10-24,15.834606170654297,16.395000457763672,16.459999084472656,16.291250228881836,16.448749542236328,6166400
2019-10-25,15.963788032531738,16.528749465942383,16.5887508392334,16.3174991607666,16.323749542236328,8921600
2019-10-28,16.1436767578125,16.71500015258789,16.766250610351562,16.662500381469727,16.662500381469727,7435200
2019-10-29,16.125566482543945,16.696250915527344,16.80500030517578,16.65625,16.671249389648438,9321600
2019-10-30,16.22697639465332,16.801250457763672,16.842500686645508,16.55500030517578,16.721250534057617,11763200
2019-10-31,16.12797737121582,16.698749542236328,16.7862491607666,16.524999618530273,16.7862491607666,11747200
2019-11-01,16.438249588012695,17.020000457763672,17.020000457763672,16.84749984741211,16.8700008392334,10062400
2019-11-04,16.55414581298828,17.139999389648438,17.21500015258789,17.10124969482422,17.198749542236328,12171200
2019-11-05,16.519132614135742,17.103750228881836,17.204999923706055,17.071250915527344,17.16374969482422,6136000
2019-11-06,16.530000686645508,17.114999771118164,17.141250610351562,16.9950008392334,17.106250762939453,8744800
2019-11-07,16.642276763916016,17.231250762939453,17.368749618530273,17.170000076293945,17.266250610351562,9263200
2019-11-08,16.72316551208496,17.315000534057617,17.315000534057617,17.09749984741211,17.186250686645508,6059200
2019-11-11,16.65796661376953,17.247499465942383,17.264999389648438,17.125,17.146249771118164,4145600
2019-11-12,16.717124938964844,17.30875015258789,17.427499771118164,17.21875,17.28499984741211,12240000
2019-11-13,16.730409622192383,17.322500228881836,17.37125015258789,17.1612491607666,17.1924991607666,9032000
2019-11-14,16.775074005126953,17.368749618530273,17.3799991607666,17.209999084472656,17.282499313354492,7597600
2019-11-15,17.020151138305664,17.622499465942383,17.623750686645508,17.457500457763672,17.528749465942383,7340800
2019-11-18,17.038259506225586,17.641250610351562,17.674999237060547,17.5362491607666,17.59000015258789,6375200
2019-11-19,17.022565841674805,17.625,17.721250534057617,17.553749084472656,17.721250534057617,5566400
2019-11-20,16.904254913330078,17.502500534057617,17.6200008392334,17.306249618530273,17.559999465942383,10697600
2019-11-21,16.848716735839844,17.44499969482422,17.521249771118164,17.34375,17.5049991607666,5360000
2019-11-22,16.917531967163086,17.516250610351562,17.546249389648438,17.392499923706055,17.532499313354492,6132800
2019-11-25,17.175891876220703,17.783750534057617,17.787500381469727,17.6299991607666,17.6299991607666,9232800
2019-11-26,17.255569458007812,17.866249084472656,17.887500762939453,17.75,17.795000076293945,4515200
2019-11-27,17.404064178466797,18.020000457763672,18.020000457763672,17.895000457763672,17.93000030517578,4798400
2019-11-29,17.267641067504883,17.87874984741211,17.981250762939453,17.857500076293945,17.948749542236328,4607200
2019-12-02,16.980314254760742,17.581249237060547,17.915000915527344,17.52750015258789,17.915000915527344,13140000
2019-12-03,16.743682861328125,17.33625030517578,17.35124969482422,17.0674991607666,17.237499237060547,17376800
2019-12-04,16.95737648010254,17.5575008392334,17.627500534057617,17.428749084472656,17.466249465942383,7591200
2019-12-05,17.015321731567383,17.61750030517578,17.637500762939453,17.453750610351562,17.636249542236328,12666400
2019-12-06,17.31834602355957,17.931249618530273,17.987499237060547,17.852500915527344,17.852500915527344,7368800
2019-12-09,17.215726852416992,17.825000762939453,17.967500686645508,17.813749313354492,17.883750915527344,6154400
2019-12-10,17.16864585876465,17.7762508392334,17.896249771118164,17.700000762939453,17.811250686645508,9097600
2019-12-11,17.26643943786621,17.877500534057617,17.90999984741211,17.7862491607666,17.833749771118164,10552800
2019-12-12,17.55980110168457,18.181249618530273,18.282499313354492,17.8487491607666,17.873750686645508,22165600
2019-12-13,17.581531524658203,18.203750610351562,18.360000610351562,18.051250457763672,18.155000686645508,16690400
2019-12-16,17.8217830657959,18.452499389648438,18.528749465942383,18.417499542236328,18.421249389648438,6932000
2019-12-17,17.827821731567383,18.458749771118164,18.53874969482422,18.452499389648438,18.508750915527344,5035200
2019-12-18,17.831436157226562,18.462499618530273,18.53874969482422,18.458749771118164,18.50749969482422,5082400
2019-12-19,17.972688674926758,18.608749389648438,18.6200008392334,18.47624969482422,18.477500915527344,6998400
2019-12-20,18.154991149902344,18.797500610351562,18.853750228881836,18.733749389648438,18.739999771118164,10580800
2019-12-23,18.1839656829834,18.827499389648438,18.873750686645508,18.80875015258789,18.87125015258789,6698400
2019-12-24,18.186264038085938,18.796249389648438,18.826250076293945,18.7549991607666,18.81999969482422,4448000
2019-12-26,18.365262985229492,18.981250762939453,18.985000610351562,18.83625030517578,18.83625030517578,5531200
2019-12-27,18.357999801635742,18.9737491607666,19.084999084472656,18.9112491607666,19.083749771118164,8368800
2019-12-30,18.162073135375977,18.771249771118164,18.993749618530273,18.703750610351562,18.981250762939453,14896800
2019-12-31,18.243106842041016,18.854999542236328,18.88249969482422,18.6512508392334,18.693750381469727,13115200
2020-01-02,18.570865631103516,19.193750381469727,19.198749542236328,18.928749084472656,19.049999237060547,10762400
2020-01-03,18.29511070251465,18.908750534057617,19.05500030517578,18.752500534057617,18.75749969482422,13150400
2020-01-06,18.432987213134766,19.051250457763672,19.061250686645508,18.671249389648438,18.681249618530273,12921600
2020-01-07,18.32534408569336,18.940000534057617,19.040000915527344,18.883750915527344,18.978750228881836,7532000
2020-01-08,18.511600494384766,19.13249969482422,19.298749923706055,18.9325008392334,18.97249984741211,15204800
2020-01-09,18.765579223632812,19.395000457763672,19.408750534057617,19.268749237060547,19.344999313354492,6920000
2020-01-10,18.6555233001709,19.28125,19.4950008392334,19.22624969482422,19.485000610351562,8572000
2020-01-13,18.909503936767578,19.543750762939453,19.548749923706055,19.309999465942383,19.368749618530273,7689600
2020-01-14,18.855073928833008,19.487499237060547,19.625,19.421249389648438,19.49250030517578,13446400
2020-01-15,18.932477951049805,19.5674991607666,19.674999237060547,19.4637508392334,19.477500915527344,11309600
2020-01-16,19.2445125579834,19.889999389648438,19.892499923706055,19.72249984741211,19.748750686645508,8612800
2020-01-17,19.37755584716797,20.02750015258789,20.042499542236328,19.9112491607666,19.988750457763672,9099200
2020-01-21,19.288055419921875,19.934999465942383,20.040000915527344,19.881250381469727,19.883750915527344,9461600
2020-01-22,19.300151824951172,19.947500228881836,20.133750915527344,19.922500610351562,20.049999237060547,8363200
2020-01-23,19.334012985229492,19.982500076293945,20.006250381469727,19.702499389648438,19.85124969482422,13135200
2020-01-24,18.979652404785156,19.616249084472656,20.076250076293945,19.458749771118164,20.075000762939453,26492800
2020-01-27,18.376142501831055,18.99250030517578,19.18375015258789,18.891250610351562,18.9375,20271200
2020-01-28,18.759532928466797,19.388750076293945,19.501249313354492,19.11750030517578,19.170000076293945,14028000
2020-01-29,18.730506896972656,19.358749389648438,19.59375,19.331249237060547,19.565000534057617,15958400
2020-01-30,18.83693504333496,19.46875,19.5049991607666,18.988750457763672,19.078750610351562,25759200
2020-01-31,18.163280487060547,18.772499084472656,19.40999984741211,18.65250015258789,19.395000457763672,36671200
2020-02-03,18.434192657470703,19.052499771118164,19.2862491607666,18.950000762939453,18.957500457763672,18044800
2020-02-04,18.990535736083984,19.627500534057617,19.737499237060547,19.46875,19.511249542236328,10380800
2020-02-05,19.427143096923828,20.078750610351562,20.103750228881836,19.818750381469727,20.008750915527344,14085600
2020-02-06,19.558969497680664,20.21500015258789,20.237499237060547,20.0674991607666,20.200000762939453,6754400
2020-02-07,19.34490203857422,19.993749618530273,20.165000915527344,19.923749923706055,20.072500228881836,9452000
2020-02-10,19.63637351989746,20.295000076293945,20.295000076293945,19.8700008392334,19.8700008392334,7579200
2020-02-11,19.696847915649414,20.357500076293945,20.571250915527344,20.295000076293945,20.471250534057617,14159200
2020-02-12,19.948410034179688,20.61750030517578,20.64875030517578,20.501249313354492,20.549999237060547,9036000
2020-02-13,19.904870986938477,20.572500228881836,20.701250076293945,20.389999389648438,20.421249389648438,13749600
2020-02-14,19.962921142578125,20.63249969482422,20.64875030517578,20.469999313354492,20.6200008392334,15224800
2020-02-18,19.858909606933594,20.524999618530273,20.576250076293945,20.341249465942383,20.5,15158400
2020-02-19,20.042747497558594,20.71500015258789,20.8125,20.618749618530273,20.653749465942383,5505600
2020-02-20,19.881885528564453,20.548749923706055,20.751249313354492,20.1512508392334,20.641250610351562,20771200
2020-02-21,19.461008071899414,20.113750457763672,20.403749465942383,20.011249542236328,20.362499237060547,15805600
2020-02-24,18.141511917114258,18.75,19.190000534057617,18.604999542236328,18.857500076293945,31227200
2020-02-25,17.073579788208008,17.646249771118164,19.033750534057617,17.52750015258789,18.959999084472656,43575200
2020-02-26,16.94417381286621,17.512500762939453,18.25374984741211,17.416250228881836,17.798749923706055,45477600
2020-02-27,15.416657447814941,15.93375015258789,17.295000076293945,15.928750038146973,16.811250686645508,56812800
2020-02-28,15.354975700378418,15.869999885559082,15.869999885559082,14.642499923706055,14.97249984741211,55681600
2020-03-02,16.597064971923828,17.153749465942383,17.16374969482422,15.600000381469727,15.953749656677246,39533600
2020-03-03,15.663385391235352,16.188749313354492,17.68375015258789,15.876250267028809,17.21125030517578,50661600
2020-03-04,16.96110725402832,17.530000686645508,17.553749084472656,16.512500762939453,16.802499771118164,27922400
2020-03-05,15.827862739562988,16.358749389648438,17.03125,16.061250686645508,16.647499084472656,32146400
2020-03-06,15.31264591217041,15.826250076293945,15.956250190734863,15.032500267028809,15.34749984741211,47868800
2020-03-09,12.928852081298828,13.362500190734863,14.398750305175781,13.260000228881836,13.522500038146973,34568000
2020-03-10,14.25439167022705,14.732500076293945,14.736249923706055,13.272500038146973,14.363750457763672,45027200
2020-03-11,12.839353561401367,13.270000457763672,14.111249923706055,12.9375,13.931249618530273,32555200
2020-03-12,10.38783073425293,10.736249923706055,12.542499542236328,10.71875,11.489999771118164,60542400
2020-03-13,12.302364349365234,12.71500015258789,12.726249694824219,10.867500305175781,12.081250190734863,54628800
2020-03-16,9.428751945495605,9.744999885559082,11.397500038146973,9.541250228881836,9.952500343322754,47088000
2020-03-17,10.600692749023438,10.956250190734863,11.103750228881836,9.5625,10.207500457763672,45632800
2020-03-18,9.513409614562988,9.832500457763672,10.255000114440918,8.713749885559082,9.477499961853027,53110400
2020-03-19,9.507362365722656,9.826250076293945,10.326250076293945,9.09749984741211,9.637499809265137,46201600
2020-03-20,8.645036697387695,8.9350004196167,10.210000038146973,8.90250015258789,10.046250343322754,42610400
2020-03-23,8.149166107177734,8.422499656677246,8.9712495803833,8.103750228881836,8.881250381469727,44834400
2020-03-24,9.688777923583984,10.013750076293945,10.0625,9.289999961853027,9.367500305175781,40387200
2020-03-25,9.961329460144043,10.270000457763672,11.045000076293945,9.688750267028809,10.111249923706055,47287200
2020-03-26,11.134963035583496,11.479999542236328,11.59375,10.461250305175781,10.47249984741211,36812000
2020-03-27,10.446304321289062,10.770000457763672,11.423749923706055,10.563750267028809,10.762499809265137,40746400
2020-03-30,11.126477241516113,11.4712495803833,11.532500267028809,10.787500381469727,10.975000381469727,28704800
2020-03-31,10.779723167419434,11.113750457763672,11.619999885559082,10.992500305175781,11.375,26149600
2020-04-01,9.80978012084961,10.113750457763672,10.583749771118164,9.93375015258789,10.2837495803833,29367200
2020-04-02,10.270500183105469,10.588749885559082,10.664999961853027,10.0,10.047499656677246,30104000
2020-04-03,9.977094650268555,10.286250114440918,10.713749885559082,10.043749809265137,10.505000114440918,33636800
2020-04-06,11.3253173828125,11.676250457763672,11.84000015258789,10.99625015258789,11.09000015258789,28328800
2020-04-07,11.336227416992188,11.6875,12.56624984741211,11.663749694824219,12.489999771118164,51339200
2020-04-08,12.098849296569824,12.473750114440918,12.588749885559082,11.72249984741211,11.93375015258789,35538400
2020-04-09,12.458939552307129,12.845000267028809,13.12125015258789,12.602499961853027,12.787500381469727,38817600
2020-04-13,12.228574752807617,12.607500076293945,12.768750190734863,12.21875,12.7475004196167,35795200
2020-04-14,12.959672927856445,13.361249923706055,13.432499885559082,12.9975004196167,13.101249694824219,30342400
2020-04-15,12.403168678283691,12.787500381469727,12.956250190734863,12.569999694824219,12.768750190734863,25416000
2020-04-16,12.530472755432129,12.918749809265137,12.991250038146973,12.602499961853027,12.913749694824219,34400800
2020-04-17,13.200946807861328,13.609999656677246,13.667499542236328,13.213749885559082,13.487500190734863,34440000
2020-04-20,12.734160423278809,13.12874984741211,13.571249961853027,13.104999542236328,13.22249984741211,34745600
2020-04-21,11.947294235229492,12.317500114440918,12.795000076293945,12.234999656677246,12.671250343322754,43440000
2020-04-22,12.489252090454102,12.876250267028809,13.045000076293945,12.676250457763672,12.800000190734863,27426400
2020-04-23,12.481976509094238,12.868749618530273,13.31624984741211,12.84375,13.0024995803833,42484000
2020-04-24,12.839641571044922,13.237500190734863,13.293749809265137,12.817500114440918,13.022500038146973,34975200
2020-04-27,13.208220481872559,13.617500305175781,13.72249984741211,13.385000228881836,13.426250457763672,20616000
2020-04-28,13.079703330993652,13.484999656677246,14.022500038146973,13.453749656677246,13.991250038146973,44737600
2020-04-29,13.762300491333008,14.188750267028809,14.34749984741211,13.928750038146973,14.037500381469727,32170400
2020-04-30,13.494355201721191,13.912500381469727,14.09375,13.739999771118164,14.042499542236328,50856800
2020-05-01,12.780235290527344,13.176250457763672,13.494999885559082,13.0649995803833,13.420000076293945,40196000
2020-05-04,12.862677574157715,13.261249542236328,13.28499984741211,12.84375,12.988750457763672,25247200
2020-05-05,13.095466613769531,13.501250267028809,13.7837495803833,13.457500457763672,13.542499542236328,31132000
2020-05-06,12.916028022766113,13.31624984741211,13.712499618530273,13.3125,13.676250457763672,37440000
2020-05-07,13.225194931030273,13.635000228881836,13.832500457763672,13.587499618530273,13.638750076293945,26938400
2020-05-08,13.662884712219238,14.086250305175781,14.126250267028809,13.84375,13.961250305175781,15480800
2020-05-11,13.673794746398926,14.09749984741211,14.237500190734863,13.84000015258789,13.885000228881836,16305600
2020-05-12,13.111226081848145,13.517499923706055,14.257499694824219,13.513750076293945,14.212499618530273,20503200
2020-05-13,12.655351638793945,13.047499656677246,13.572500228881836,12.800000190734863,13.4712495803833,58800000
2020-05-14,12.962098121643066,13.363750457763672,13.368749618530273,12.5625,12.797499656677246,40606400
2020-05-15,13.078492164611816,13.483750343322754,13.484999656677246,13.018750190734863,13.12125015258789,25212800
2020-05-18,13.877484321594238,14.307499885559082,14.463749885559082,14.088749885559082,14.12125015258789,24758400
2020-05-19,13.593775749206543,14.015000343322754,14.418749809265137,14.008749961853027,14.243749618530273,24476000
2020-05-20,14.04964828491211,14.484999656677246,14.576250076293945,14.358750343322754,14.380000114440918,22688000
2020-05-21,13.841110229492188,14.270000457763672,14.555000305175781,14.166250228881836,14.4712495803833,26906400
2020-05-22,13.899306297302246,14.329999923706055,14.354999542236328,14.1225004196167,14.255000114440918,24694400
2020-05-26,14.256973266601562,14.698749542236328,14.987500190734863,14.6537504196167,14.970000267028809,23455200
2020-05-27,14.66677474975586,15.12125015258789,15.12874984741211,14.475000381469727,14.991250038146973,32077600
2020-05-28,14.618281364440918,15.071249961853027,15.454999923706055,14.998749732971191,15.243749618530273,30883200
2020-05-29,14.72982406616211,15.186249732971191,15.266249656677246,14.731249809265137,15.022500038146973,44300000
2020-06-01,14.86561393737793,15.326250076293945,15.390000343322754,15.076250076293945,15.130000114440918,20056000
2020-06-02,15.111739158630371,15.579999923706055,15.581250190734863,15.28125,15.426250457763672,17674400
2020-06-03,15.516691207885742,15.9975004196167,16.100000381469727,15.768750190734863,15.798749923706055,18524000
2020-06-04,15.42090892791748,15.898750305175781,16.078750610351562,15.676250457763672,15.876250267028809,18604800
2020-06-05,16.21868896484375,16.721250534057617,16.924999237060547,16.50749969482422,16.521249771118164,23484000
2020-06-08,16.623640060424805,17.138750076293945,17.147499084472656,16.756250381469727,16.831249237060547,16521600
2020-06-09,16.3702392578125,16.877500534057617,17.040000915527344,16.7237491607666,16.81624984741211,19054400
2020-06-10,16.179887771606445,16.681249618530273,17.041250228881836,16.607500076293945,16.94124984741211,43129600
2020-06-11,14.30789852142334,14.751250267028809,15.957500457763672,14.693750381469727,15.883749961853027,40648800
2020-06-12,14.661924362182617,15.116250038146973,15.585000038146973,14.555000305175781,15.5,57118400
2020-06-15,14.922601699829102,15.385000228881836,15.505000114440918,14.358750343322754,14.483750343322754,36074400
2020-06-16,15.498502731323242,15.978750228881836,16.25,15.453749656677246,16.237499237060547,30352000
2020-06-17,15.3687744140625,15.845000267028809,16.127500534057617,15.774999618530273,16.09375,17270400
2020-06-18,15.37725830078125,15.853750228881836,15.912500381469727,15.632499694824219,15.677499771118164,12575200
2020-06-19,15.19660758972168,15.667499542236328,16.260000228881836,15.53125,16.2450008392334,22573600
2020-06-22,15.409996032714844,15.887499809265137,15.920000076293945,15.488750457763672,15.611249923706055,14757600
2020-06-23,15.537300109863281,16.018749237060547,16.274999618530273,15.981249809265137,16.171249389648438,13054400
2020-06-24,14.752857208251953,15.210000038146973,15.864999771118164,15.0024995803833,15.796250343322754,28120000
2020-06-25,15.053543090820312,15.520000457763672,15.55875015258789,14.926250457763672,15.142499923706055,18270400
2020-06-26,14.351544380187988,14.796250343322754,15.430000305175781,14.734999656677246,15.411250114440918,23632000
2020-06-29,14.767407417297363,15.225000381469727,15.228750228881836,14.680000305175781,14.927499771118164,12917600
2020-06-30,15.165085792541504,15.635000228881836,15.797499656677246,15.173749923706055,15.173749923706055,15432000
2020-07-01,15.357860565185547,15.833749771118164,15.9662504196167,15.6850004196167,15.736249923706055,17850400
2020-07-02,15.519116401672363,16.0,16.361249923706055,15.932499885559082,16.2137508392334,14616000
2020-07-06,15.999237060546875,16.4950008392334,16.537500381469727,16.34749984741211,16.434999465942383,17749600
2020-07-07,15.664606094360352,16.149999618530273,16.543750762939453,16.11750030517578,16.325000762939453,13033600
2020-07-08,15.90709400177002,16.399999618530273,16.420000076293945,16.045000076293945,16.24250030517578,12993600
2020-07-09,15.727655410766602,16.21500015258789,16.49625015258789,15.832500457763672,16.47249984741211,18845600
2020-07-10,16.05016326904297,16.547500610351562,16.573749542236328,16.052499771118164,16.204999923706055,14467200
2020-07-13,15.77857494354248,16.267499923706055,17.078750610351562,16.181249618530273,16.811250686645508,22992800
2020-07-14,16.175039291381836,16.676250457763672,16.717500686645508,15.96500015258789,16.100000381469727,18840000
2020-07-15,16.484210968017578,16.9950008392334,17.110000610351562,16.71500015258789,17.049999237060547,19252800
2020-07-16,16.37145233154297,16.87874984741211,16.922500610351562,16.69499969482422,16.771249771118164,11724800
2020-07-17,16.45389747619629,16.9637508392334,17.059999465942383,16.768749237060547,16.988750457763672,8366400
2020-07-20,16.731544494628906,17.25,17.318750381469727,16.860000610351562,16.938749313354492,9564800
2020-07-21,16.788528442382812,17.30875015258789,17.518749237060547,17.207500457763672,17.46875,13047200
2020-07-22,16.978878021240234,17.5049991607666,17.540000915527344,17.262500762939453,17.2762508392334,8512800
2020-07-23,16.583629608154297,17.09749984741211,17.549999237060547,16.936250686645508,17.471250534057617,16815200
2020-07-24,16.366605758666992,16.873750686645508,16.988750457763672,16.701250076293945,16.88249969482422,11617600
2020-07-27,16.596965789794922,17.111249923706055,17.137500762939453,16.866249084472656,16.954999923706055,7725600
2020-07-28,16.39449119567871,16.90250015258789,17.157499313354492,16.8700008392334,17.03499984741211,6981600
2020-07-29,16.788528442382812,17.30875015258789,17.3799991607666,16.997499465942383,17.002500534057617,6130400
2020-07-30,16.672134399414062,17.188749313354492,17.236249923706055,16.729999542236328,16.971250534057617,13034400
2020-07-31,16.937658309936523,17.462499618530273,17.47249984741211,16.915000915527344,17.399999618530273,15390400
2020-08-03,17.171659469604492,17.703750610351562,17.792499542236328,17.594999313354492,17.657499313354492,13606400
2020-08-04,17.29895782470703,17.834999084472656,17.837499618530273,17.606250762939453,17.606250762939453,6630400
2020-08-05,17.517200469970703,18.059999465942383,18.09375,17.966249465942383,17.9950008392334,7491200
2020-08-06,17.75119972229004,18.301250457763672,18.318750381469727,17.953750610351562,17.99625015258789,7912800
2020-08-07,17.77181053161621,18.322500228881836,18.34375,18.079999923706055,18.1875,9497600
2020-08-10,17.87729263305664,18.431249618530273,18.457500457763672,18.153749465942383,18.37874984741211,7003200
2020-08-11,17.5863094329834,18.131250381469727,18.6512508392334,18.047500610351562,18.582500457763672,11744800
2020-08-12,18.070064544677734,18.6299991607666,18.727500915527344,18.415000915527344,18.415000915527344,10907200
2020-08-13,18.01066017150879,18.568750381469727,18.72624969482422,18.457500457763672,18.537500381469727,6229600
2020-08-14,18.00944709777832,18.5674991607666,18.636249542236328,18.450000762939453,18.518749237060547,6955200
2020-08-17,18.123416900634766,18.684999465942383,18.737499237060547,18.639999389648438,18.686250686645508,6004800
2020-08-18,18.193737030029297,18.75749969482422,18.8174991607666,18.549999237060547,18.729999542236328,5552000
2020-08-19,18.05552101135254,18.614999771118164,18.872499465942383,18.542499542236328,18.8125,6708000
2020-08-20,18.162214279174805,18.725000381469727,18.774999618530273,18.389999389648438,18.405000686645508,4591200
2020-08-21,18.283458709716797,18.850000381469727,18.8799991607666,18.645000457763672,18.6875,5632800
2020-08-24,18.6617374420166,19.239999771118164,19.247499465942383,19.032499313354492,19.15250015258789,6171200
2020-08-25,18.792680740356445,19.375,19.38249969482422,19.167499542236328,19.3125,9372800
2020-08-26,19.166109085083008,19.760000228881836,19.790000915527344,19.3799991607666,19.447500228881836,4713600
2020-08-27,19.2509765625,19.84749984741211,20.022499084472656,19.645000457763672,19.864999771118164,6936400
2020-08-28,19.49104118347168,20.094999313354492,20.1200008392334,19.827499389648438,19.97249984741211,4264400
2020-08-31,19.357669830322266,19.957500457763672,20.184999465942383,19.9325008392334,20.072500228881836,5570400
2020-09-01,19.716543197631836,20.327499389648438,20.342500686645508,19.952499389648438,20.05500030517578,7978000
2020-09-02,20.286396026611328,20.915000915527344,21.040000915527344,20.43000030517578,20.575000762939453,9121600
2020-09-03,18.89452362060547,19.479999542236328,20.762500762939453,19.149999618530273,20.700000762939453,23483200
2020-09-04,18.576868057250977,19.15250015258789,19.747499465942383,18.28499984741211,19.5575008392334,22482000
2020-09-08,17.563276290893555,18.107500076293945,18.637500762939453,18.0674991607666,18.4950008392334,27679600
2020-09-09,18.25678253173828,18.822500228881836,19.112499237060547,18.477500915527344,18.582500457763672,14875600
2020-09-10,17.614194869995117,18.15999984741211,19.122499465942383,18.049999237060547,19.040000915527344,14140800
2020-09-11,17.631168365478516,18.177499771118164,18.4950008392334,17.844999313354492,18.3700008392334,10326000
2020-09-14,18.08946418762207,18.649999618530273,18.860000610351562,18.497499465942383,18.5575008392334,6671600
2020-09-15,18.281030654907227,18.84749984741211,19.052499771118164,18.725000381469727,18.947500228881836,7864400
2020-09-16,18.133119583129883,18.69499969482422,19.170000076293945,18.667499542236328,19.00749969482422,7595200
2020-09-17,17.825159072875977,18.377500534057617,18.572500228881836,18.052499771118164,18.110000610351562,11381200
2020-09-18,17.405656814575195,17.94499969482422,18.475000381469727,17.65250015258789,18.467500686645508,11346800
2020-09-21,17.017677307128906,17.545000076293945,17.55500030517578,16.975000381469727,17.412500381469727,15273200
2020-09-22,17.36201286315918,17.899999618530273,17.96500015258789,17.424999237060547,17.717500686645508,8152000
2020-09-23,16.554529190063477,17.0674991607666,17.9950008392334,17.010000228881836,17.96500015258789,10515600
2020-09-24,16.641822814941406,17.157499313354492,17.50749969482422,16.767499923706055,16.917499542236328,9802800
2020-09-25,17.17772102355957,17.709999084472656,17.797500610351562,16.959999084472656,17.0625,6419600
2020-09-28,17.754840850830078,18.30500030517578,18.38249969482422,18.082500457763672,18.197500228881836,8079200
2020-09-29,17.563276290893555,18.107500076293945,18.362499237060547,18.017499923706055,18.27750015258789,7067600
2020-09-30,17.815458297729492,18.36750030517578,18.7450008392334,18.162500381469727,18.184999465942383,22132800
2020-10-01,18.05309295654297,18.612499237060547,18.782499313354492,18.389999389648438,18.674999237060547,8808800
2020-10-02,17.70149040222168,18.25,18.479999542236328,17.959999084472656,18.022499084472656,10392400
2020-10-05,18.329530715942383,18.897499084472656,18.917499542236328,18.4950008392334,18.4950008392334,6625600
2020-10-06,17.805761337280273,18.357500076293945,19.165000915527344,18.302499771118164,18.920000076293945,15110000
2020-10-07,18.426525115966797,18.997499465942383,19.092500686645508,18.707500457763672,18.707500457763672,7213200
2020-10-08,18.7490291595459,19.329999923706055,19.34000015258789,19.122499465942383,19.227500915527344,6133600
2020-10-09,19.090932846069336,19.6825008392334,19.735000610351562,19.462499618530273,19.53499984741211,8966400
2020-10-12,19.702003479003906,20.3125,20.49250030517578,19.934999465942383,19.9950008392334,7579600
2020-10-13,19.44011116027832,20.042499542236328,20.299999237060547,19.927499771118164,20.290000915527344,7532400
2020-10-14,19.207332611083984,19.802499771118164,20.25,19.702499389648438,20.11750030517578,7504400
2020-10-15,19.146705627441406,19.739999771118164,19.799999237060547,19.25,19.3125,9441200
2020-10-16,19.127307891845703,19.719999313354492,20.112499237060547,19.702499389648438,19.90999984741211,8711200
2020-10-19,18.540491104125977,19.114999771118164,19.9424991607666,19.012500762939453,19.872499465942383,11616400
2020-10-20,18.683557510375977,19.262500762939453,19.662500381469727,19.190000534057617,19.27750015258789,11279200
2020-10-21,18.615663528442383,19.1924991607666,19.524999618530273,19.157499313354492,19.264999389648438,9851200
2020-10-22,18.82419776916504,19.407499313354492,19.479999542236328,18.96500015258789,19.225000381469727,9615200
2020-10-23,18.943021774291992,19.530000686645508,19.5625,19.24250030517578,19.5625,6026800
2020-10-26,18.25193214416504,18.8174991607666,19.219999313354492,18.392499923706055,19.127500534057617,17708800
2020-10-27,18.12099266052246,18.6825008392334,18.892499923706055,18.657499313354492,18.854999542236328,8005200
2020-10-28,16.88916015625,17.412500381469727,18.084999084472656,17.350000381469727,18.0049991607666,24238400
2020-10-29,17.22622299194336,17.760000228881836,18.112499237060547,17.239999771118164,17.434999465942383,16132000
2020-10-30,16.857637405395508,17.3799991607666,17.719999313354492,16.962499618530273,17.5674991607666,18484000
2020-11-02,17.238346099853516,17.772499084472656,18.0,17.457500457763672,17.774999618530273,10147200
2020-11-03,17.84212875366211,18.395000457763672,18.635000228881836,18.094999313354492,18.147499084472656,10893600
2020-11-04,18.639911651611328,19.217500686645508,19.704999923706055,18.792499542236328,18.924999237060547,20320800
2020-11-05,19.36979103088379,19.969999313354492,20.190000534057617,19.8174991607666,19.862499237060547,15354400
2020-11-06,19.36737060546875,19.967500686645508,20.112499237060547,19.674999237060547,19.934999465942383,10264000
2020-11-09,19.85234260559082,20.467500686645508,21.577499389648438,20.40250015258789,21.542499542236328,28417600
2020-11-10,19.78687286376953,20.399999618530273,20.52750015258789,20.002500534057617,20.329999923706055,10491200
2020-11-11,20.077852249145508,20.700000762939453,20.80500030517578,20.520000457763672,20.674999237060547,5188000
2020-11-12,19.694726943969727,20.30500030517578,20.670000076293945,20.072500228881836,20.577499389648438,8625600
2020-11-13,20.237892150878906,20.864999771118164,20.952499389648438,20.469999313354492,20.53499984741211,6149200
2020-11-16,20.732566833496094,21.375,21.38249969482422,21.03499984741211,21.200000762939453,7123200
2020-11-17,20.521602630615234,21.157499313354492,21.3075008392334,20.889999389648438,21.077499389648438,6808800
2020-11-18,20.014806747436523,20.635000228881836,21.252500534057617,20.635000228881836,21.18000030517578,6958000
2020-11-19,20.177276611328125,20.802499771118164,20.860000610351562,20.392499923706055,20.5575008392334,6738800
2020-11-20,19.90568733215332,20.522499084472656,20.799999237060547,20.514999389648438,20.77750015258789,3707200
2020-11-23,20.15060043334961,20.774999618530273,20.917499542236328,20.469999313354492,20.752500534057617,5054400
2020-11-24,20.79076385498047,21.434999465942383,21.502500534057617,20.987499237060547,21.084999084472656,6769200
2020-11-25,20.73014259338379,21.372499465942383,21.427499771118164,21.229999542236328,21.427499771118164,4118000
2020-11-27,20.844112396240234,21.489999771118164,21.542499542236328,21.362499237060547,21.510000228881836,2332000
2020-11-30,20.65254783630371,21.292499542236328,21.420000076293945,20.959999084472656,21.389999389648438,7734800
2020-12-01,21.105993270874023,21.760000228881836,21.952499389648438,21.635000228881836,21.707500457763672,7810800
2020-12-02,21.190866470336914,21.84749984741211,21.86750030517578,21.542499542236328,21.6200008392334,7015600
2020-12-03,21.181169509887695,21.837499618530273,22.017499923706055,21.700000762939453,21.834999084472656,4099200
2020-12-04,21.542470932006836,22.209999084472656,22.212499618530273,21.90999984741211,21.90999984741211,3390800
2020-12-07,21.462451934814453,22.127500534057617,22.18000030517578,21.962499618530273,22.11750030517578,4973600
2020-12-08,21.5764217376709,22.2450008392334,22.325000762939453,21.947500228881836,21.952499389648438,3333600
2020-12-09,21.193296432495117,21.850000381469727,22.354999542236328,21.737499237060547,22.337499618530273,10551200
2020-12-10,21.181169509887695,21.837499618530273,21.959999084472656,21.5625,21.665000915527344,7682000
2020-12-11,21.11811637878418,21.772499084472656,21.809999465942383,21.420000076293945,21.612499237060547,6881600
2020-12-14,20.933828353881836,21.582500457763672,22.19499969482422,21.5575008392334,22.0625,9446400
2020-12-15,21.49639892578125,22.162500381469727,22.170000076293945,21.735000610351562,21.915000915527344,6826000
2020-12-16,21.566722869873047,22.235000610351562,22.354999542236328,22.084999084472656,22.202499389648438,6468800
2020-12-17,21.814054489135742,22.489999771118164,22.510000228881836,22.344999313354492,22.447500228881836,4880400
2020-12-18,21.66129493713379,22.332500457763672,22.542499542236328,22.045000076293945,22.52750015258789,15771600
2020-12-21,21.484272003173828,22.149999618530273,22.260000228881836,21.4424991607666,21.790000915527344,13902000
2020-12-22,21.406675338745117,22.06999969482422,22.200000762939453,21.927499771118164,22.18000030517578,7285600
2020-12-23,21.436777114868164,22.079999923706055,22.329999923706055,22.0625,22.165000915527344,6956000
2020-12-24,21.601825714111328,22.25,22.2549991607666,22.072500228881836,22.139999389648438,1938800
2020-12-28,21.978038787841797,22.637500762939453,22.6875,22.497499465942383,22.59000015258789,4328000
2020-12-29,21.90036964416504,22.5575008392334,22.854999542236328,22.47249984741211,22.827499389648438,11392800
2020-12-30,21.951337814331055,22.610000610351562,22.737499237060547,22.565000534057617,22.649999618530273,3710800
2020-12-31,22.17220687866211,22.837499618530273,22.927499771118164,22.517499923706055,22.592500686645508,7084000
2021-01-04,21.567846298217773,22.21500015258789,23.024999618530273,21.727500915527344,23.00749969482422,17792000
2021-01-05,21.85910415649414,22.514999389648438,22.655000686645508,22.1200008392334,22.1200008392334,8517600
2021-01-06,22.123668670654297,22.787500381469727,23.202499389648438,22.2450008392334,22.315000534057617,14572800
2021-01-07,22.77414894104004,23.457500457763672,23.55500030517578,23.075000762939453,23.100000381469727,8939200
2021-01-08,23.041133880615234,23.732500076293945,23.75,23.209999084472656,23.642499923706055,7393600
2021-01-11,22.725605010986328,23.407499313354492,23.637500762939453,23.28499984741211,23.30500030517578,8733600
2021-01-12,22.728031158447266,23.40999984741211,23.547500610351562,23.1200008392334,23.434999465942383,6423600
2021-01-13,22.85666847229004,23.542499542236328,23.670000076293945,23.299999237060547,23.40999984741211,4741200
2021-01-14,22.686769485473633,23.36750030517578,23.702499389648438,23.329999923706055,23.639999389648438,4511600
2021-01-15,22.35667610168457,23.02750015258789,23.252500534057617,22.790000915527344,23.155000686645508,6078800
2021-01-19,22.711044311523438,23.392499923706055,23.459999084472656,23.15999984741211,23.350000381469727,5157600
2021-01-20,23.332393646240234,24.032499313354492,24.145000457763672,23.645000457763672,23.690000534057617,5597200
2021-01-21,23.37851333618164,24.079999923706055,24.167499542236328,23.957500457763672,24.112499237060547,5290400
2021-01-22,23.208608627319336,23.905000686645508,24.05500030517578,23.787500381469727,23.81999969482422,5680800
2021-01-25,23.38822364807129,24.09000015258789,24.137500762939453,23.357500076293945,24.0049991607666,7730400
2021-01-26,23.317834854125977,24.017499923706055,24.267499923706055,23.989999771118164,24.21500015258789,4032800
2021-01-27,22.17220687866211,22.837499618530273,23.575000762939453,22.540000915527344,23.565000534057617,14197200
2021-01-28,22.538711547851562,23.21500015258789,23.75,23.030000686645508,23.077499389648438,8597200
2021-01-29,21.662504196166992,22.3125,23.107500076293945,22.077499389648438,22.985000610351562,13051200
2021-02-01,22.36395263671875,23.03499984741211,23.172500610351562,22.457500457763672,22.735000610351562,8448800
2021-02-02,22.999876022338867,23.690000534057617,23.897499084472656,23.450000762939453,23.457500457763672,6744400
2021-02-03,23.043563842773438,23.735000610351562,23.954999923706055,23.5575008392334,23.809999465942383,5496400
2021-02-04,23.562978744506836,24.270000457763672,24.270000457763672,23.84749984741211,23.872499465942383,4207600
2021-02-05,23.74258804321289,24.454999923706055,24.547500610351562,24.3075008392334,24.524999618530273,5580000
2021-02-08,24.084819793701172,24.8075008392334,24.8174991607666,24.540000915527344,24.657499313354492,4796800
2021-02-09,24.045984268188477,24.767499923706055,24.857500076293945,24.637500762939453,24.690000534057617,3990800
2021-02-10,24.038705825805664,24.760000228881836,25.032499313354492,24.4325008392334,25.0049991607666,6457200
2021-02-11,24.113941192626953,24.837499618530273,24.954999923706055,24.5,24.905000686645508,4356400
2021-02-12,24.354232788085938,25.084999084472656,25.107500076293945,24.712499618530273,24.712499618530273,4266000
2021-02-16,24.310546875,25.040000915527344,25.267499923706055,24.934999465942383,25.24250030517578,5452400
2021-02-17,24.32510757446289,25.05500030517578,25.072500228881836,24.649999618530273,24.782499313354492,5529600
2021-02-18,24.111515045166016,24.834999084472656,24.924999237060547,24.447500228881836,24.674999237060547,5792000
2021-02-19,24.004724502563477,24.725000381469727,25.030000686645508,24.674999237060547,24.989999771118164,6422400
2021-02-22,23.657638549804688,24.36750030517578,24.6825008392334,24.3174991607666,24.362499237060547,6933200
2021-02-23,23.70861053466797,24.420000076293945,24.594999313354492,23.49250030517578,24.042499542236328,15386800
2021-02-24,24.225595474243164,24.952499389648438,25.00749969482422,24.137500762939453,24.25749969482422,10410000
2021-02-25,23.06298065185547,23.7549991607666,24.957500457763672,23.542499542236328,24.774999618530273,15158800
2021-02-26,22.808128356933594,23.49250030517578,24.145000457763672,23.232500076293945,23.997499465942383,15949600
2021-03-01,23.91734504699707,24.635000228881836,24.802499771118164,24.142499923706055,24.142499923706055,8591200
2021-03-02,23.545989990234375,24.252500534057617,24.69499969482422,24.225000381469727,24.674999237060547,11107600
2021-03-03,22.924631118774414,23.612499237060547,24.287500381469727,23.59749984741211,24.157499313354492,11657200
2021-03-04,22.354244232177734,23.024999618530273,23.922500610351562,22.422500610351562,23.575000762939453,19076800
2021-03-05,23.172203063964844,23.86750030517578,24.0049991607666,22.524999618530273,23.479999542236328,13710800
2021-03-08,22.944049835205078,23.63249969482422,24.3700008392334,23.59000015258789,23.9950008392334,13467600
2021-03-09,23.59210205078125,24.299999237060547,24.639999389648438,24.075000762939453,24.135000228881836,10841200
2021-03-10,23.885791778564453,24.602500915527344,24.829999923706055,24.427499771118164,24.6200008392334,9801200
2021-03-11,24.376081466674805,25.107500076293945,25.3700008392334,24.877500534057617,24.940000534057617,9720000
2021-03-12,24.44646644592285,25.18000030517578,25.1875,24.799999237060547,24.93000030517578,6969600
2021-03-15,24.740154266357422,25.482500076293945,25.502500534057617,24.912500381469727,25.200000762939453,5912800
2021-03-16,24.679475784301758,25.420000076293945,25.639999389648438,25.297500610351562,25.5575008392334,6792800
2021-03-17,24.820255279541016,25.565000534057617,25.684999465942383,25.065000534057617,25.217500686645508,7748000
2021-03-18,24.099384307861328,24.822500228881836,25.502500534057617,24.737499237060547,25.217500686645508,8959200
2021-03-19,24.004724502563477,24.725000381469727,24.9950008392334,24.4375,24.787500381469727,7883600
2021-03-22,24.3955020904541,25.127500534057617,25.3125,24.797500610351562,24.80500030517578,6100000
2021-03-23,24.01416778564453,24.717500686645508,25.217500686645508,24.604999542236328,25.022499084472656,7867600
2021-03-24,23.77370834350586,24.469999313354492,25.125,24.459999084472656,24.90250015258789,7664400
2021-03-25,24.031169891357422,24.735000610351562,24.84000015258789,24.002500534057617,24.2549991607666,11113600
2021-03-26,24.801115036010742,25.52750015258789,25.582500457763672,24.809999465942383,24.892499923706055,10181200
2021-03-29,24.776826858520508,25.502500534057617,25.627500534057617,25.125,25.322500228881836,10312000
2021-03-30,24.645673751831055,25.36750030517578,25.454999923706055,25.147499084472656,25.31999969482422,7113600
2021-03-31,24.849693298339844,25.577499389648438,25.78499984741211,25.434999465942383,25.434999465942383,7120000
2021-04-01,25.369470596313477,26.112499237060547,26.13249969482422,25.802499771118164,25.829999923706055,9206000
2021-04-05,26.09812355041504,26.862499237060547,26.94499969482422,26.482500076293945,26.497499465942383,8551600
2021-04-06,26.068986892700195,26.832500457763672,26.979999542236328,26.7450008392334,26.78499984741211,5787600
2021-04-07,26.132131576538086,26.897499084472656,26.94499969482422,26.75,26.8125,4468400
2021-04-08,26.375015258789062,27.147499084472656,27.157499313354492,26.9424991607666,27.06999969482422,4738000
2021-04-09,26.7587833404541,27.542499542236328,27.565000534057617,27.1200008392334,27.137500762939453,6024000
2021-04-12,26.783069610595703,27.5674991607666,27.602500915527344,27.3700008392334,27.454999923706055,5993200
2021-04-13,26.931232452392578,27.719999313354492,27.8125,27.489999771118164,27.540000915527344,4851600
2021-04-14,26.76120948791504,27.545000076293945,27.86750030517578,27.452499389648438,27.71500015258789,7879600
2021-04-15,27.32470703125,28.125,28.15999984741211,27.834999084472656,27.834999084472656,5727200
2021-04-16,27.516586303710938,28.322500228881836,28.397499084472656,28.107500076293945,28.3125,5789600
2021-04-19,27.249408721923828,28.047500610351562,28.237499237060547,27.84000015258789,28.172500610351562,7867200
2021-04-20,26.84136199951172,27.627500534057617,27.952499389648438,27.412500381469727,27.844999313354492,8563600
2021-04-21,27.341707229614258,28.142499923706055,28.172500610351562,27.512500762939453,27.52750015258789,11540400
2021-04-22,26.848649978637695,27.635000228881836,28.229999542236328,27.469999313354492,28.112499237060547,9570000
2021-04-23,27.424291610717773,28.227500915527344,28.422500610351562,27.69499969482422,27.707500457763672,7693200
2021-04-26,27.540876388549805,28.34749984741211,28.420000076293945,28.25,28.3174991607666,4037600
2021-04-27,27.523874282836914,28.329999923706055,28.407499313354492,28.162500381469727,28.375,4674000
2021-04-28,27.4898681640625,28.295000076293945,28.517499923706055,28.239999771118164,28.364999771118164,5860800
2021-04-29,27.84691619873047,28.662500381469727,28.75,28.174999237060547,28.700000762939453,13111200
2021-04-30,27.485010147094727,28.290000915527344,28.457500457763672,28.15999984741211,28.325000762939453,7189600
2021-05-03,27.59674072265625,28.405000686645508,28.6299991607666,28.334999084472656,28.572500228881836,6923200
2021-05-04,27.256696701049805,28.05500030517578,28.1825008392334,27.520000457763672,28.112499237060547,14849200
2021-05-05,27.268842697143555,28.0674991607666,28.325000762939453,27.959999084472656,28.292499542236328,8499600
2021-05-06,27.71332550048828,28.524999618530273,28.540000915527344,27.790000915527344,28.075000762939453,12385200
2021-05-07,28.09951400756836,28.922500610351562,29.02750015258789,28.53499984741211,28.6299991607666,6983600
2021-05-10,27.562734603881836,28.3700008392334,29.012500762939453,28.342500686645508,28.977500915527344,9599600
2021-05-11,27.07453155517578,27.86750030517578,27.99250030517578,27.287500381469727,27.702499389648438,13697200
2021-05-12,25.913536071777344,26.672500610351562,27.63249969482422,26.582500457763672,27.44499969482422,16284800
2021-05-13,26.528039932250977,27.30500030517578,27.572500228881836,26.872499465942383,26.8799991607666,16456000
2021-05-14,27.336851119995117,28.137500762939453,28.260000228881836,27.684999465942383,27.684999465942383,13634400
2021-05-17,27.208118438720703,28.0049991607666,28.104999542236328,27.709999084472656,27.977500915527344,8976800
2021-05-18,26.73206329345703,27.514999389648438,28.0625,27.49250030517578,28.017499923706055,7960800
2021-05-19,26.59847640991211,27.377500534057617,27.387500762939453,26.627500534057617,26.834999084472656,12560000
2021-05-20,27.1595401763916,27.954999923706055,28.13249969482422,27.475000381469727,27.487499237060547,10020800
2021-05-21,27.12553596496582,27.920000076293945,28.34749984741211,27.842500686645508,28.172500610351562,8975200
2021-05-24,27.66474723815918,28.475000381469727,28.6299991607666,28.19499969482422,28.229999542236328,6609600
2021-05-25,27.55059051513672,28.357500076293945,28.6825008392334,28.267499923706055,28.63249969482422,8968800
2021-05-26,27.65260124206543,28.462499618530273,28.52750015258789,28.282499313354492,28.4325008392334,6134800
2021-05-27,27.669601440429688,28.479999542236328,28.68000030517578,28.46500015258789,28.600000381469727,3992000
2021-05-28,27.783754348754883,28.59749984741211,28.752500534057617,28.559999465942383,28.71500015258789,4609600
2021-06-01,27.72789764404297,28.540000915527344,28.947500228881836,28.47249984741211,28.93000030517578,5901200
2021-06-02,27.825048446655273,28.639999389648438,28.7450008392334,28.489999771118164,28.622499465942383,4670400
2021-06-03,27.616165161132812,28.424999237060547,28.575000762939453,28.072500228881836,28.274999618530273,7688000
2021-06-04,28.109230041503906,28.9325008392334,28.97249984741211,28.667499542236328,28.68000030517578,4660800
2021-06-07,28.065505981445312,28.887500762939453,28.952499389648438,28.735000610351562,28.924999237060547,3902800
2021-06-08,28.067934036254883,28.889999389648438,29.00749969482422,28.61750030517578,28.99250030517578,4282400
2021-06-09,27.97563934326172,28.795000076293945,29.012500762939453,28.764999389648438,29.0049991607666,3898800
2021-06-10,28.23309898376465,29.059999465942383,29.197500228881836,28.782499313354492,28.969999313354492,4528800
2021-06-11,28.33025550842285,29.15999984741211,29.172500610351562,28.957500457763672,29.145000457763672,2855200
2021-06-14,28.46870231628418,29.302499771118164,29.302499771118164,28.989999771118164,29.162500381469727,2412800
2021-06-15,28.356971740722656,29.1875,29.309999465942383,29.045000076293945,29.30500030517578,11724800
2021-06-16,28.0339298248291,28.854999542236328,29.22249984741211,28.540000915527344,29.204999923706055,9213200
2021-06-17,28.00721549987793,28.827499389648438,28.96500015258789,28.46500015258789,28.774999618530273,7510400
2021-06-18,27.25912857055664,28.0575008392334,28.44499969482422,28.020000457763672,28.34000015258789,9383600
2021-06-21,28.02907371520996,28.850000381469727,28.8799991607666,28.184999465942383,28.302499771118164,9243600
2021-06-22,28.324058532714844,29.142499923706055,29.267499923706055,28.735000610351562,28.84000015258789,4722400
2021-06-23,28.258447647094727,29.075000762939453,29.272499084472656,29.065000534057617,29.155000686645508,4903200
2021-06-24,28.58890151977539,29.415000915527344,29.479999542236328,29.352500915527344,29.389999389648438,3556000
2021-06-25,28.788143157958984,29.6200008392334,29.690000534057617,29.485000610351562,29.530000686645508,3942400
2021-06-28,28.907203674316406,29.74250030517578,29.764999389648438,29.522499084472656,29.697500228881836,3628000
2021-06-29,28.93878936767578,29.774999618530273,29.889999389648438,29.697500228881836,29.797500610351562,3490400
2021-06-30,28.997106552124023,29.834999084472656,29.917499542236328,29.702499389648438,29.702499389648438,4571200
2021-07-01,29.30568504333496,30.15250015258789,30.174999237060547,29.922500610351562,29.9375,4119600
2021-07-02,29.75762939453125,30.61750030517578,30.65999984741211,30.274999618530273,30.315000534057617,7111200
2021-07-06,29.641000747680664,30.497499465942383,30.645000457763672,30.084999084472656,30.607500076293945,6861200
2021-07-07,29.84996223449707,30.712499618530273,30.75,30.297500610351562,30.602500915527344,5688000
2021-07-08,29.366430282592773,30.21500015258789,30.31999969482422,29.725000381469727,29.897499084472656,11792800
2021-07-09,29.97144889831543,30.837499618530273,30.895000457763672,30.40250015258789,30.4375,6864800
2021-07-12,30.207141876220703,31.079999923706055,31.107500076293945,30.774999618530273,30.834999084472656,4605600
2021-07-13,29.998178482055664,30.864999771118164,31.174999237060547,30.81999969482422,30.954999923706055,6186000
2021-07-14,30.07349967956543,30.9424991607666,31.1825008392334,30.760000228881836,31.110000610351562,6391200
2021-07-15,29.871829986572266,30.735000610351562,30.844999313354492,30.447500228881836,30.7450008392334,9320400
2021-07-16,29.400449752807617,30.25,30.915000915527344,30.1924991607666,30.907499313354492,9612000
2021-07-19,28.52329444885254,29.34749984741211,29.600000381469727,28.934999465942383,29.520000457763672,22274400
2021-07-20,29.34456443786621,30.1924991607666,30.375,29.334999084472656,29.447500228881836,12377200
2021-07-21,29.823230743408203,30.684999465942383,30.700000762939453,30.34749984741211,30.375,9033200
2021-07-22,29.956871032714844,30.822500228881836,30.842500686645508,30.55500030517578,30.712499618530273,5915200
2021-07-23,30.54730987548828,31.43000030517578,31.487499237060547,31.0,31.100000381469727,6118400
2021-07-26,30.70281410217285,31.59000015258789,31.59000015258789,31.344999313354492,31.350000381469727,5708400
2021-07-27,30.42096519470215,31.299999237060547,31.440000534057617,30.872499465942383,31.4375,11188800
2021-07-28,30.394229888916016,31.272499084472656,31.482500076293945,31.0625,31.395000457763672,9858400
2021-07-29,30.644500732421875,31.530000686645508,31.6924991607666,31.422500610351562,31.422500610351562,4914800
2021-07-30,30.350494384765625,31.227500915527344,31.447500228881836,31.122499465942383,31.145000457763672,6282800
2021-08-02,30.22414779663086,31.09749984741211,31.56999969482422,31.052499771118164,31.475000381469727,7851200
2021-08-03,30.71253204345703,31.600000381469727,31.612499237060547,30.88249969482422,31.200000762939453,7096400
2021-08-04,30.408815383911133,31.287500381469727,31.489999771118164,31.252500534057617,31.405000686645508,4598400
2021-08-05,30.795150756835938,31.684999465942383,31.690000534057617,31.417499542236328,31.462499618530273,3396800
2021-08-06,30.8923397064209,31.78499984741211,31.84749984741211,31.6875,31.735000610351562,3820400
2021-08-09,30.846174240112305,31.737499237060547,31.822500228881836,31.612499237060547,31.782499313354492,3700000
2021-08-10,30.906917572021484,31.799999237060547,31.917499542236328,31.697500228881836,31.795000076293945,3946800
2021-08-11,31.06485366821289,31.962499618530273,31.982500076293945,31.799999237060547,31.975000381469727,5993600
2021-08-12,31.239797592163086,32.14250183105469,32.17250061035156,31.80500030517578,31.934999465942383,3240000
2021-08-13,31.361286163330078,32.26750183105469,32.275001525878906,32.150001525878906,32.227500915527344,6648400
2021-08-16,31.511938095092773,32.42250061035156,32.4375,31.827499389648438,32.0625,9453200
2021-08-17,31.106157302856445,32.005001068115234,32.122501373291016,31.530000686645508,32.025001525878906,9338000
2021-08-18,30.413671493530273,31.292499542236328,32.07500076293945,31.2549991607666,31.837499618530273,9959600
2021-08-19,30.488994598388672,31.3700008392334,31.565000534057617,30.852500915527344,30.877500534057617,13184800
2021-08-20,30.987098693847656,31.88249969482422,31.934999465942383,31.36750030517578,31.447500228881836,6744800
2021-08-23,31.53380584716797,32.44499969482422,32.58250045776367,32.13999938964844,32.13999938964844,5265200
2021-08-24,31.626134872436523,32.540000915527344,32.625,32.467498779296875,32.540000915527344,4304000
2021-08-25,31.767065048217773,32.685001373291016,32.7599983215332,32.52000045776367,32.58000183105469,2995600
2021-08-26,31.390445709228516,32.29750061035156,32.66999816894531,32.282501220703125,32.654998779296875,7281200
2021-08-27,31.942007064819336,32.8650016784668,32.92499923706055,32.40999984741211,32.42250061035156,7420800
2021-08-30,32.2238655090332,33.154998779296875,33.279998779296875,32.9375,32.970001220703125,5035600
2021-08-31,32.148536682128906,33.07749938964844,33.19499969482422,32.967498779296875,33.13750076293945,7054400
2021-09-01,32.165550231933594,33.095001220703125,33.28499984741211,33.057498931884766,33.20249938964844,5611600
2021-09-02,32.35749435424805,33.29249954223633,33.41749954223633,33.10749816894531,33.310001373291016,3719200
2021-09-03,32.34535598754883,33.279998779296875,33.35499954223633,33.0525016784668,33.125,5042000
2021-09-07,32.11209487915039,33.040000915527344,33.22999954223633,32.93000030517578,33.212501525878906,4952000
2021-09-08,32.03676986694336,32.962501525878906,33.064998626708984,32.654998779296875,32.95249938964844,6045600
2021-09-09,31.75005340576172,32.66749954223633,33.192501068115234,32.630001068115234,32.915000915527344,6470400
2021-09-10,31.261672973632812,32.165000915527344,33.029998779296875,32.13249969482422,32.97249984741211,9318000
2021-09-13,31.395309448242188,32.3025016784668,32.64250183105469,31.957500457763672,32.6150016784668,15240800
2021-09-14,31.06728172302246,31.96500015258789,32.5625,31.825000762939453,32.529998779296875,11233600
2021-09-15,31.57267189025879,32.48500061035156,32.56999969482422,31.854999542236328,32.01499938964844,9926800
2021-09-16,31.465770721435547,32.375,32.557498931884766,31.9325008392334,32.40999984741211,9875200
2021-09-17,30.8680419921875,31.760000228881836,32.33250045776367,31.697500228881836,32.255001068115234,15334400
2021-09-20,29.832950592041016,30.69499969482422,31.049999237060547,29.950000762939453,30.8125,24785200
2021-09-21,29.789215087890625,30.649999618530273,31.235000610351562,30.5575008392334,31.037500381469727,13826000
2021-09-22,30.347753524780273,31.21500015258789,31.530000686645508,30.829999923706055,30.962499618530273,14553600
2021-09-23,31.093931198120117,31.982500076293945,32.220001220703125,31.469999313354492,31.50749969482422,9560000
2021-09-24,31.19358253479004,32.084999084472656,32.189998626708984,31.6924991607666,31.729999542236328,7785200
2021-09-27,31.021013259887695,31.907499313354492,32.09749984741211,31.790000915527344,31.920000076293945,10027600
2021-09-28,29.75713539123535,30.607500076293945,31.520000457763672,30.5,31.462499618530273,23703200
2021-09-29,29.854352951049805,30.707500457763672,31.075000762939453,30.627500534057617,30.8174991607666,13817600
2021-09-30,29.12276268005371,29.954999923706055,31.03499984741211,29.93000030517578,30.9325008392334,22155600
2021-10-01,29.81060218811035,30.662500381469727,30.917499542236328,29.697500228881836,30.209999084472656,20682400
2021-10-04,29.054704666137695,29.885000228881836,30.627500534057617,29.55500030517578,30.4950008392334,23286000
2021-10-05,29.647762298583984,30.4950008392334,30.829999923706055,29.982500076293945,30.09749984741211,13209600
2021-10-06,29.895673751831055,30.75,30.780000686645508,29.712499618530273,29.957500457763672,18548000
2021-10-07,30.40608787536621,31.274999618530273,31.702499389648438,31.212499618530273,31.2450008392334,10979600
2021-10-08,30.2894229888916,31.155000686645508,31.450000762939453,31.065000534057617,31.392499923706055,9932400
2021-10-11,29.85921287536621,30.712499618530273,31.5,30.702499389648438,31.065000534057617,8168400
2021-10-12,29.70852279663086,30.5575008392334,30.905000686645508,30.440000534057617,30.850000381469727,10218400
2021-10-13,29.917545318603516,30.772499084472656,30.897499084472656,30.262500762939453,30.700000762939453,9806000
2021-10-14,30.916500091552734,31.799999237060547,31.832500457763672,31.2549991607666,31.327499389648438,8906800
2021-10-15,31.392887115478516,32.290000915527344,32.34749984741211,32.037498474121094,32.14250183105469,8079600
2021-10-18,31.592193603515625,32.494998931884766,32.532501220703125,31.915000915527344,32.01499938964844,7330000
2021-10-19,32.061283111572266,32.977500915527344,32.9900016784668,32.63750076293945,32.73249816894531,6001200
2021-10-20,32.309200286865234,33.23249816894531,33.28499984741211,33.03499984741211,33.04249954223633,9308400
2021-10-21,32.48906326293945,33.41749954223633,33.442501068115234,33.07749938964844,33.14500045776367,5668800
2021-10-22,32.41614532470703,33.342498779296875,33.564998626708984,33.040000915527344,33.334999084472656,7822800
2021-10-25,32.74669647216797,33.682498931884766,33.744998931884766,33.22999954223633,33.502498626708984,4198000
2021-10-26,32.82204055786133,33.7599983215332,34.125,33.6974983215332,33.92499923706055,5773600
2021-10-27,32.51579666137695,33.44499969482422,33.93000030517578,33.442501068115234,33.82500076293945,5713200
2021-10-28,33.14773178100586,34.095001220703125,34.10499954223633,33.67250061035156,33.67250061035156,5890000
2021-10-29,33.28141784667969,34.23249816894531,34.275001525878906,33.6875,33.73249816894531,7220400
2021-11-01,33.4005126953125,34.35499954223633,34.4474983215332,34.0724983215332,34.39250183105469,6745200
2021-11-02,33.665443420410156,34.627498626708984,34.67250061035156,34.35499954223633,34.377498626708984,6419600
2021-11-03,34.0859260559082,35.060001373291016,35.11000061035156,34.46500015258789,34.537498474121094,7802800
2021-11-04,34.38731002807617,35.369998931884766,35.38750076293945,35.09000015258789,35.14250183105469,10000000
2021-11-05,34.627933502197266,35.61750030517578,35.939998626708984,35.377498626708984,35.7400016784668,9061600
2021-11-08,34.69356155395508,35.685001373291016,35.869998931884766,35.56999969482422,35.79249954223633,5759200
2021-11-09,34.467525482177734,35.45249938964844,35.772499084472656,35.209999084472656,35.73249816894531,10216000
2021-11-10,33.90363311767578,34.872501373291016,35.4375,34.625,35.157501220703125,10791200
2021-11-11,33.92794418334961,34.897499084472656,35.1150016784668,34.88750076293945,35.099998474121094,4883200
2021-11-12,34.433502197265625,35.41749954223633,35.5,34.9375,35.09000015258789,6622000
2021-11-15,34.44322204589844,35.4275016784668,35.63999938964844,35.255001068115234,35.6150016784668,7012800
2021-11-16,34.70814514160156,35.70000076293945,35.89500045776367,35.380001068115234,35.39250183105469,5653600
2021-11-17,34.54530334472656,35.532501220703125,35.6974983215332,35.439998626708984,35.66999816894531,6251200
2021-11-18,34.77620315551758,35.77000045776367,35.8224983215332,35.26499938964844,35.70500183105469,7078400
2021-11-19,34.652244567871094,35.64250183105469,35.95750045776367,35.59000015258789,35.77000045776367,5173600
2021-11-22,34.45536422729492,35.439998626708984,36.349998474121094,35.412498474121094,35.92499923706055,11969200
2021-11-23,34.56718063354492,35.55500030517578,35.66999816894531,34.97249984741211,35.3849983215332,13133200
2021-11-24,34.710575103759766,35.70249938964844,35.7400016784668,35.07749938964844,35.220001220703125,11372400
2021-11-26,33.208499908447266,34.157501220703125,34.872501373291016,33.94499969482422,34.65250015258789,16210800
2021-11-29,33.99599838256836,34.967498779296875,35.25,34.53499984741211,34.880001068115234,12191600
2021-11-30,32.71023941040039,33.64500045776367,34.869998931884766,33.560001373291016,34.567501068115234,24633200
2021-12-01,31.939756393432617,32.852500915527344,34.939998626708984,32.8125,34.49250030517578,21236800
2021-12-02,32.89252853393555,33.83250045776367,34.087501525878906,32.814998626708984,32.86249923706055,26122400
2021-12-03,32.34809112548828,33.272499084472656,34.27750015258789,32.592498779296875,34.11000061035156,34248400
2021-12-06,33.10155487060547,34.04750061035156,34.337501525878906,33.275001525878906,33.657501220703125,16867600
2021-12-07,34.467525482177734,35.45249938964844,35.54249954223633,34.869998931884766,34.877498626708984,13842800
2021-12-08,34.64494705200195,35.6349983215332,35.70750045776367,35.2400016784668,35.529998779296875,9857600
2021-12-09,34.17586135864258,35.15250015258789,35.58250045776367,35.13249969482422,35.4275016784668,7860800
2021-12-10,34.81508255004883,35.810001373291016,35.84000015258789,35.18000030517578,35.59749984741211,7332400
2021-12-13,34.21474075317383,35.192501068115234,35.779998779296875,35.13999938964844,35.73500061035156,10077600
2021-12-14,33.72620391845703,34.689998626708984,35.0525016784668,34.212501525878906,34.64500045776367,14526000
2021-12-15,34.785926818847656,35.779998779296875,35.814998626708984,34.307498931884766,34.70249938964844,14868400
2021-12-16,34.1685676574707,35.14500045776367,36.11750030517578,34.88999938964844,36.0724983215332,21803200
2021-12-17,33.43940353393555,34.39500045776367,35.125,34.119998931884766,34.63249969482422,23133600
2021-12-20,32.717529296875,33.65250015258789,33.72249984741211,33.084999084472656,33.58000183105469,21446000
2021-12-21,33.88905334472656,34.85749816894531,34.875,33.85499954223633,34.192501068115234,12248000
2021-12-22,34.559879302978516,35.54750061035156,35.5625,34.779998779296875,34.810001373291016,9386400
2021-12-23,34.988948822021484,35.962501525878906,36.20000076293945,35.665000915527344,35.689998626708984,8054800
2021-12-27,35.97889709472656,36.97999954223633,36.98249816894531,36.18000030517578,36.189998626708984,7790800
2021-12-28,35.92295455932617,36.92250061035156,37.209999084472656,36.787498474121094,37.057498931884766,7495600
2021-12-29,36.01051712036133,37.01250076293945,37.17250061035156,36.76250076293945,36.939998626708984,5320000
2021-12-30,35.811073303222656,36.807498931884766,37.23500061035156,36.724998474121094,37.0625,6634400
2021-12-31,35.60188674926758,36.592498779296875,36.904998779296875,36.56999969482422,36.70750045776367,7302400
2022-01-03,36.022674560546875,37.025001525878906,37.04750061035156,36.4375,36.8224983215332,12192400
2022-01-04,36.00322723388672,37.005001068115234,37.380001068115234,36.70000076293945,37.26750183105469,12522800
2022-01-05,34.633827209472656,35.59749984741211,37.0724983215332,35.56999969482422,36.9474983215332,19431600
2022-01-06,34.55112838745117,35.51250076293945,35.94499969482422,35.130001068115234,35.5,18511200
2022-01-07,34.29086685180664,35.244998931884766,35.70000076293945,35.0099983215332,35.5,14526000
2022-01-10,34.196006774902344,35.147499084472656,35.17499923706055,33.79249954223633,34.709999084472656,19777200
2022-01-11,34.799224853515625,35.76750183105469,35.79249954223633,34.6150016784668,35.09749984741211,14002400
2022-01-12,34.99867630004883,35.97249984741211,36.29999923706055,35.657501220703125,36.060001373291016,11756000
2022-01-13,34.028175354003906,34.974998474121094,36.244998931884766,34.814998626708984,36.14500045776367,7847800
2022-01-14,34.047637939453125,34.994998931884766,35.04999923706055,34.275001525878906,34.45000076293945,8342400
2022-01-18,32.86066436767578,33.775001525878906,34.275001525878906,33.584999084472656,34.22999954223633,8974600
2022-01-19,32.16015625,33.05500030517578,34.209999084472656,33.0099983215332,33.9900016784668,8198800
2022-01-20,31.454776763916016,32.33000183105469,34.07500076293945,32.25,33.34000015258789,12442400
2022-01-21,30.199705123901367,31.040000915527344,32.505001068115234,31.040000915527344,32.154998779296875,18819000
2022-01-24,30.457529067993164,31.30500030517578,31.389999389648438,28.604999542236328,30.190000534057617,32643400
2022-01-25,29.7083740234375,30.53499984741211,31.28499984741211,29.510000228881836,30.350000381469727,30677000
2022-01-26,29.58675765991211,30.40999984741211,31.885000228881836,29.7549991607666,31.424999237060547,23318800
2022-01-27,29.27055549621582,30.084999084472656,31.53499984741211,29.834999084472656,31.075000762939453,15421000
2022-01-28,30.720224380493164,31.575000762939453,31.579999923706055,29.610000610351562,30.280000686645508,13776000
2022-01-31,31.829360961914062,32.71500015258789,32.76499938964844,31.270000457763672,31.469999313354492,11480000
2022-02-01,32.26718521118164,33.165000915527344,33.255001068115234,32.279998779296875,32.834999084472656,8326400
2022-02-02,32.88985061645508,33.80500030517578,33.915000915527344,33.16999816894531,33.529998779296875,7257400
2022-02-03,31.3428955078125,32.21500015258789,33.14500045776367,32.08000183105469,32.85499954223633,11295200
2022-02-04,31.64936637878418,32.529998779296875,33.095001220703125,31.815000534057617,32.189998626708984,10662200
2022-02-07,31.430456161499023,32.30500030517578,32.834999084472656,32.095001220703125,32.625,8258800
2022-02-08,31.941240310668945,32.83000183105469,32.96500015258789,32.0,32.220001220703125,6697400
2022-02-09,32.85580062866211,33.77000045776367,33.81999969482422,33.41999816894531,33.459999084472656,6309400
2022-02-10,31.698013305664062,32.58000183105469,33.810001373291016,32.255001068115234,32.85499954223633,15692800
2022-02-11,30.4283390045166,31.274999618530273,32.900001525878906,31.065000534057617,32.584999084472656,14044600
2022-02-14,30.243486404418945,31.084999084472656,31.440000534057617,30.559999465942383,31.200000762939453,11685200
2022-02-15,31.206684112548828,32.07500076293945,32.099998474121094,31.665000915527344,31.7450008392334,6359800
2022-02-16,31.284513473510742,32.154998779296875,32.35499954223633,31.469999313354492,31.760000228881836,5888600
2022-02-17,29.951608657836914,30.78499984741211,31.735000610351562,30.68000030517578,31.649999618530273,6695000
2022-02-18,29.547842025756836,30.3700008392334,30.9950008392334,30.03499984741211,30.809999465942383,8798400
2022-02-22,28.9251651763916,29.729999542236328,30.540000915527344,29.190000534057617,30.03499984741211,11808200
2022-02-23,27.884136199951172,28.65999984741211,30.219999313354492,28.56999969482422,30.1299991607666,12881200
2022-02-24,28.711122512817383,29.510000228881836,29.575000762939453,27.114999771118164,27.155000686645508,23458200
2022-02-25,29.980798721313477,30.815000534057617,30.829999923706055,29.459999084472656,29.684999465942383,14790200
2022-02-28,29.82999038696289,30.65999984741211,30.875,29.825000762939453,30.020000457763672,17989600
2022-03-01,28.9251651763916,29.729999542236328,30.735000610351562,29.34000015258789,30.459999084472656,17063400
2022-03-02,29.966197967529297,30.799999237060547,31.045000076293945,29.94499969482422,30.065000534057617,17382000
2022-03-03,29.684051513671875,30.510000228881836,31.264999389648438,30.2450008392334,31.190000534057617,14459000
2022-03-04,29.197589874267578,30.010000228881836,30.18000030517578,29.405000686645508,29.950000762939453,14339000
2022-03-07,27.480371475219727,28.2450008392334,29.954999923706055,28.229999542236328,29.920000076293945,16817200
2022-03-08,27.05714225769043,27.809999465942383,29.274999618530273,27.645000457763672,28.2549991607666,23793800
2022-03-09,28.497079849243164,29.290000915527344,29.56999969482422,28.684999465942383,28.9950008392334,14237000
2022-03-10,28.24898338317871,29.03499984741211,29.155000686645508,28.334999084472656,28.6200008392334,10917200
2022-03-11,27.529014587402344,28.295000076293945,29.475000381469727,28.21500015258789,29.389999389648438,12249800
2022-03-14,27.120386123657227,27.875,28.885000228881836,27.709999084472656,28.389999389648438,12240200
2022-03-15,28.29762840270996,29.084999084472656,29.18000030517578,28.05500030517578,28.25,9657600
2022-03-16,29.56730079650879,30.389999389648438,30.395000457763672,28.90999984741211,29.604999542236328,15275000
2022-03-17,30.301860809326172,31.145000457763672,31.149999618530273,30.049999237060547,30.100000381469727,10391400
2022-03-18,30.94886016845703,31.809999465942383,31.875,30.80500030517578,30.90999984741211,9804000
2022-03-21,30.96345329284668,31.825000762939453,32.10499954223633,31.280000686645508,31.825000762939453,11370600
2022-03-22,31.663963317871094,32.54499816894531,32.685001373291016,32.02000045776367,32.02000045776367,7972200
2022-03-23,30.8510684967041,31.690000534057617,32.3650016784668,31.690000534057617,32.150001525878906,8081600
2022-03-24,31.775920867919922,32.63999938964844,32.64500045776367,31.829999923706055,32.0,7094400
2022-03-25,32.08258056640625,32.95500183105469,33.005001068115234,32.345001220703125,32.75,8127800
2022-03-28,32.53040313720703,33.415000915527344,33.42499923706055,32.57500076293945,32.86000061035156,6381200
2022-03-29,33.36276626586914,34.27000045776367,34.33000183105469,33.6150016784668,34.01499938964844,9472400
2022-03-30,32.953880310058594,33.849998474121094,34.20000076293945,33.494998931884766,34.07500076293945,6084400
2022-03-31,31.936546325683594,32.80500030517578,33.834999084472656,32.77000045776367,33.709999084472656,11865400
2022-04-01,32.08744812011719,32.959999084472656,33.04499816894531,32.41999816894531,33.029998779296875,7886800
2022-04-04,32.63749313354492,33.525001525878906,33.540000915527344,32.875,32.994998931884766,6279600
2022-04-05,31.829463958740234,32.69499969482422,33.68000030517578,32.5099983215332,33.29499816894531,8899200
2022-04-06,31.17719841003418,32.025001525878906,32.375,31.584999084472656,32.09000015258789,12619400
2022-04-07,31.488723754882812,32.345001220703125,32.625,31.594999313354492,31.895000457763672,10742200
2022-04-08,31.32809829711914,32.18000030517578,32.6150016784668,31.94499969482422,32.2400016784668,8004400
2022-04-11,30.25234603881836,31.075000762939453,31.799999237060547,31.0,31.670000076293945,10137400
2022-04-12,30.01869773864746,30.834999084472656,31.899999618530273,30.610000610351562,31.510000228881836,10638000
2022-04-13,30.714771270751953,31.549999237060547,31.649999618530273,30.764999389648438,30.790000915527344,7713400
2022-04-14,29.955427169799805,30.770000457763672,31.739999771118164,30.735000610351562,31.575000762939453,8162600
2022-04-18,29.965158462524414,30.780000686645508,31.024999618530273,30.450000762939453,30.614999771118164,7941000
2022-04-19,30.914344787597656,31.7549991607666,31.875,30.735000610351562,30.7549991607666,7065800
2022-04-20,30.870534896850586,31.709999084472656,32.125,31.545000076293945,32.029998779296875,8205400
2022-04-21,29.950551986694336,30.764999389648438,32.470001220703125,30.635000228881836,32.27000045776367,10303600
2022-04-22,28.305295944213867,29.075000762939453,30.645000457763672,28.9950008392334,30.600000381469727,15042000
2022-04-25,28.621688842773438,29.399999618530273,29.43000030517578,28.084999084472656,28.7450008392334,23352000
2022-04-26,26.971559524536133,27.704999923706055,29.06999969482422,27.700000762939453,29.040000915527344,24766000
2022-04-27,27.12245750427246,27.860000610351562,28.610000610351562,27.565000534057617,27.854999542236328,19542000
2022-04-28,28.495134353637695,29.270000457763672,29.5049991607666,27.905000686645508,28.530000686645508,14701800
2022-04-29,26.38257598876953,27.100000381469727,28.9950008392334,26.9950008392334,28.690000534057617,16386000
2022-05-02,26.698974609375,27.424999237060547,27.610000610351562,26.184999465942383,27.100000381469727,22453600
2022-05-03,26.952091217041016,27.684999465942383,28.010000228881836,27.28499984741211,27.489999771118164,13651600
2022-05-04,28.58275032043457,29.360000610351562,29.440000534057617,27.31999969482422,27.770000457763672,20668800
2022-05-05,26.56755256652832,27.290000915527344,28.75,26.674999237060547,28.7450008392334,24262800
2022-05-06,26.23168182373047,26.94499969482422,27.395000457763672,26.204999923706055,26.90999984741211,18009200
2022-05-09,24.562084197998047,25.229999542236328,26.28499984741211,25.0,26.114999771118164,17386400
2022-05-10,24.659433364868164,25.329999923706055,26.204999923706055,24.795000076293945,26.010000228881836,18834200
2022-05-11,23.870878219604492,24.520000457763672,25.950000762939453,24.424999237060547,25.184999465942383,21524200
2022-05-12,23.827068328857422,24.475000381469727,24.895000457763672,23.56999969482422,24.094999313354492,22651800
2022-05-13,24.956363677978516,25.635000228881836,25.815000534057617,24.875,25.010000228881836,14613000
2022-05-16,24.77138900756836,25.44499969482422,25.920000076293945,25.110000610351562,25.40999984741211,15493200
2022-05-17,25.759521484375,26.459999084472656,26.5,25.7450008392334,26.239999771118164,14415000
2022-05-18,23.69564437866211,24.34000015258789,25.8799991607666,24.15999984741211,25.844999313354492,18674800
2022-05-19,23.384117126464844,24.020000457763672,24.604999542236328,23.739999771118164,23.90999984741211,24339800
2022-05-20,23.403587341308594,24.040000915527344,24.565000534057617,22.924999237060547,24.4950008392334,23473800
2022-05-23,24.28949737548828,24.950000762939453,25.045000076293945,24.145000457763672,24.459999084472656,14423800
2022-05-24,23.924423217773438,24.575000762939453,24.725000381469727,23.69499969482422,24.395000457763672,16472800
2022-05-25,24.357643127441406,25.020000457763672,25.260000228881836,24.31999969482422,24.364999771118164,13877400
2022-05-26,25.306833267211914,25.9950008392334,26.209999084472656,25.135000228881836,25.15999984741211,10796800
2022-05-27,26.552946090698242,27.274999618530273,27.28499984741211,26.299999237060547,26.329999923706055,10631200
2022-05-31,26.24628257751465,26.959999084472656,27.420000076293945,26.575000762939453,27.049999237060547,13650800
2022-06-01,25.827669143676758,26.530000686645508,27.389999389648438,26.170000076293945,27.2450008392334,16242200
2022-06-02,26.791461944580078,27.520000457763672,27.53499984741211,26.190000534057617,26.5,9011200
2022-06-03,25.925018310546875,26.6299991607666,27.084999084472656,26.485000610351562,26.864999771118164,7796400
2022-06-06,26.0710506439209,26.780000686645508,27.405000686645508,26.6200008392334,27.18000030517578,7151200
2022-06-07,26.562681198120117,27.28499984741211,27.354999542236328,26.239999771118164,26.295000076293945,7434400
2022-06-08,25.993167877197266,26.700000762939453,27.299999237060547,26.59000015258789,27.059999465942383,6744800
2022-06-09,24.751920700073242,25.424999237060547,26.7549991607666,25.420000076293945,26.450000762939453,10098000
2022-06-10,23.306230545043945,23.940000534057617,24.690000534057617,23.93000030517578,24.584999084472656,14187000
2022-06-13,21.52954864501953,22.114999771118164,22.94499969482422,21.905000686645508,22.690000534057617,19121000
2022-06-14,21.393253326416016,21.975000381469727,22.44499969482422,21.59000015258789,22.334999084472656,11468600
2022-06-15,21.99683952331543,22.594999313354492,23.155000686645508,21.770000457763672,22.385000228881836,18717000
2022-06-16,20.58035659790039,21.139999389648438,21.604999542236328,20.790000915527344,21.559999465942383,19460800
2022-06-17,20.614431381225586,21.174999237060547,21.584999084472656,20.760000228881836,21.149999618530273,14405400
2022-06-21,21.660972595214844,22.25,22.420000076293945,21.875,21.875,8824200
2022-06-22,21.578224182128906,22.165000915527344,22.684999465942383,21.670000076293945,21.719999313354492,10338800
2022-06-23,22.011444091796875,22.610000610351562,22.690000534057617,21.989999771118164,22.43000030517578,10428000
2022-06-24,23.398717880249023,24.03499984741211,24.03499984741211,22.9950008392334,23.0,11837600
2022-06-27,23.233219146728516,23.864999771118164,24.18000030517578,23.709999084472656,24.15999984741211,7569200
2022-06-28,22.279159545898438,22.885000228881836,24.405000686645508,22.860000610351562,24.03499984741211,10103600
2022-06-29,22.225616455078125,22.829999923706055,23.059999465942383,22.600000381469727,22.93000030517578,8442000
2022-06-30,21.855676651000977,22.450000762939453,22.860000610351562,21.885000228881836,22.34000015258789,11711000
2022-07-01,22.31324005126953,22.920000076293945,22.979999542236328,22.045000076293945,22.3700008392334,10271000
2022-07-05,22.40085220336914,23.010000228881836,23.014999389648438,21.920000076293945,22.28499984741211,9357400
2022-07-06,22.561485290527344,23.174999237060547,23.479999542236328,22.725000381469727,23.03499984741211,9256000
2022-07-07,23.213747024536133,23.844999313354492,23.950000762939453,23.385000228881836,23.385000228881836,7275800
2022-07-08,23.179677963256836,23.809999465942383,24.049999237060547,23.44499969482422,23.635000228881836,7265600
2022-07-11,22.658836364746094,23.274999618530273,23.584999084472656,23.174999237060547,23.469999313354492,6317600
2022-07-12,22.249956130981445,22.854999542236328,23.489999771118164,22.6299991607666,23.184999465942383,8111000
2022-07-13,22.011444091796875,22.610000610351562,22.975000381469727,22.104999542236328,22.15999984741211,10986000
2022-07-14,21.889755249023438,22.485000610351562,22.565000534057617,21.670000076293945,21.989999771118164,8930000
2022-07-15,22.72698211669922,23.344999313354492,23.354999542236328,22.80500030517578,23.049999237060547,8004400
2022-07-18,22.352176666259766,22.959999084472656,23.815000534057617,22.80500030517578,23.729999542236328,7124400
2022-07-19,23.55935287475586,24.200000762939453,24.264999389648438,23.364999771118164,23.454999923706055,8896000
2022-07-20,23.866008758544922,24.514999389648438,24.690000534057617,24.045000076293945,24.219999313354492,9300200
2022-07-21,24.343040466308594,25.0049991607666,25.0049991607666,24.114999771118164,24.43000030517578,7985200
2022-07-22,23.895219802856445,24.545000076293945,25.170000076293945,24.239999771118164,25.0049991607666,8588800
2022-07-25,23.93902587890625,24.59000015258789,24.700000762939453,24.299999237060547,24.600000381469727,8169800
2022-07-26,23.36464500427246,24.0,24.399999618530273,23.885000228881836,24.3700008392334,5755200
2022-07-27,24.586416244506836,25.2549991607666,25.475000381469727,24.395000457763672,24.434999465942383,10685800
2022-07-28,25.194875717163086,25.8799991607666,25.969999313354492,24.885000228881836,25.350000381469727,12716800
2022-07-29,25.939626693725586,26.645000457763672,26.7549991607666,25.969999313354492,26.079999923706055,7272600
2022-08-01,25.774126052856445,26.475000381469727,26.809999465942383,26.170000076293945,26.260000228881836,7032400
2022-08-02,25.43825340270996,26.1299991607666,26.75,25.959999084472656,26.2549991607666,7327400
2022-08-03,26.22194480895996,26.934999465942383,27.09000015258789,26.3700008392334,26.405000686645508,6228600
2022-08-04,26.183006286621094,26.895000457763672,27.0049991607666,26.665000915527344,26.920000076293945,3744000
2022-08-05,26.0710506439209,26.780000686645508,26.8799991607666,26.295000076293945,26.299999237060547,8205400
2022-08-08,26.0321102142334,26.739999771118164,27.329999923706055,26.579999923706055,27.024999618530273,6873600
2022-08-09,25.813064575195312,26.514999389648438,26.69499969482422,26.3700008392334,26.635000228881836,3822600
2022-08-10,26.893680572509766,27.625,27.649999618530273,27.204999923706055,27.46500015258789,7769600
2022-08-11,26.898544311523438,27.6299991607666,28.270000457763672,27.524999618530273,28.014999389648438,6290400
2022-08-12,27.789323806762695,28.545000076293945,28.559999465942383,27.7549991607666,27.885000228881836,5257400
2022-08-15,28.027841567993164,28.790000915527344,28.854999542236328,28.229999542236328,28.229999542236328,5217000
2022-08-16,28.13005828857422,28.895000457763672,29.165000915527344,28.514999389648438,28.6299991607666,4700600
2022-08-17,27.735776901245117,28.489999771118164,28.860000610351562,28.19499969482422,28.3799991607666,7937600
2022-08-18,27.876941680908203,28.635000228881836,28.729999542236328,28.31999969482422,28.489999771118164,4973800
2022-08-19,27.1273250579834,27.864999771118164,28.280000686645508,27.739999771118164,28.260000228881836,7305400
2022-08-22,25.99803352355957,26.704999923706055,27.204999923706055,26.56999969482422,27.190000534057617,8060200
2022-08-23,25.85687828063965,26.559999465942383,26.959999084472656,26.485000610351562,26.625,7190400
2022-08-24,26.022371292114258,26.729999542236328,26.915000915527344,26.440000534057617,26.53499984741211,6200800
2022-08-25,26.752517700195312,27.479999542236328,27.485000610351562,26.78499984741211,26.915000915527344,7487400
2022-08-26,24.936893463134766,25.614999771118164,27.530000686645508,25.604999542236328,27.46500015258789,13691600
2022-08-29,24.596155166625977,25.264999389648438,25.670000076293945,25.09000015258789,25.209999084472656,9761000
2022-08-30,24.050979614257812,24.704999923706055,25.454999923706055,24.43000030517578,25.43000030517578,11550200
2022-08-31,23.685909271240234,24.329999923706055,25.084999084472656,24.315000534057617,24.915000915527344,8479800
2022-09-01,23.822200775146484,24.469999313354492,24.514999389648438,23.690000534057617,24.040000915527344,14305600
2022-09-02,23.32083511352539,23.954999923706055,25.110000610351562,23.719999313354492,24.950000762939453,13628800
2022-09-06,23.145601272583008,23.774999618530273,24.18000030517578,23.485000610351562,24.065000534057617,9524200
2022-09-07,23.97796630859375,24.6299991607666,24.719999313354492,23.71500015258789,23.735000610351562,9179600
2022-09-08,24.279760360717773,24.940000534057617,25.0,24.15999984741211,24.30500030517578,10035400
2022-09-09,25.034244537353516,25.71500015258789,25.825000762939453,25.200000762939453,25.219999313354492,8994000
2022-09-12,25.564815521240234,26.260000228881836,26.360000610351562,25.94499969482422,25.9950008392334,8305800
2022-09-13,23.35004234313965,23.985000610351562,25.25,23.815000534057617,25.09000015258789,14947000
2022-09-14,23.505807876586914,24.145000457763672,24.344999313354492,23.719999313354492,24.125,8350800
2022-09-15,22.975234985351562,23.600000381469727,24.30500030517578,23.434999465942383,23.934999465942383,10183600
2022-09-16,22.629634857177734,23.2450008392334,23.309999465942383,22.809999465942383,23.049999237060547,20368000
2022-09-19,22.965497970581055,23.59000015258789,23.59000015258789,22.815000534057617,22.815000534057617,12038400
2022-09-20,22.439796447753906,23.049999237060547,23.280000686645508,22.69499969482422,23.165000915527344,13921200
2022-09-21,21.65123748779297,22.239999771118164,23.665000915527344,22.235000610351562,23.290000915527344,20981600
2022-09-22,21.271562576293945,21.850000381469727,22.2549991607666,21.760000228881836,22.139999389648438,13905400
2022-09-23,20.556018829345703,21.114999771118164,21.43000030517578,20.575000762939453,21.424999237060547,16896600
2022-09-26,20.161741256713867,20.709999084472656,21.375,20.549999237060547,20.94499969482422,13150200
2022-09-27,20.0449161529541,20.59000015258789,21.389999389648438,20.30500030517578,21.125,17760200
2022-09-28,20.828609466552734,21.395000457763672,21.600000381469727,20.5,20.700000762939453,19222000
2022-09-29,19.9670352935791,20.510000228881836,20.9950008392334,20.139999389648438,20.96500015258789,17129200
2022-09-30,19.334243774414062,19.860000610351562,20.844999313354492,19.850000381469727,20.399999618530273,18307600
2022-10-03,20.36131477355957,20.915000915527344,21.125,20.084999084472656,20.30500030517578,14154800
2022-10-04,21.60256004333496,22.190000534057617,22.200000762939453,21.559999465942383,21.559999465942383,16947800
2022-10-05,21.51494789123535,22.100000381469727,22.375,21.3700008392334,21.65999984741211,12285600
2022-10-06,21.052518844604492,21.625,22.270000457763672,21.559999465942383,21.895000457763672,12796400
2022-10-07,19.87942123413086,20.420000076293945,21.170000076293945,20.19499969482422,21.135000228881836,19452800
2022-10-10,19.567893981933594,20.100000381469727,20.56999969482422,19.84000015258789,20.540000915527344,11022400
2022-10-11,19.309904098510742,19.834999084472656,20.434999465942383,19.6200008392334,19.905000686645508,11795000
2022-10-12,19.188213348388672,19.709999084472656,20.06999969482422,19.684999465942383,19.889999389648438,11263000
2022-10-13,20.195817947387695,20.7450008392334,20.90999984741211,18.764999389648438,18.895000457763672,24841800
2022-10-14,19.27583122253418,19.799999237060547,21.225000381469727,19.719999313354492,21.020000457763672,18909000
2022-10-17,20.254226684570312,20.80500030517578,20.934999465942383,20.4950008392334,20.5,8556600
2022-10-18,20.72151756286621,21.28499984741211,21.780000686645508,20.885000228881836,21.75,13360800
2022-10-19,20.444061279296875,21.0,21.364999771118164,20.649999618530273,21.049999237060547,8030200
2022-10-20,20.083858489990234,20.6299991607666,21.450000762939453,20.530000686645508,20.93000030517578,10439000
2022-10-21,21.05738639831543,21.6299991607666,21.684999465942383,20.40999984741211,20.584999084472656,16862600
2022-10-24,21.56848907470703,22.155000686645508,22.290000915527344,21.489999771118164,21.809999465942383,15791200
2022-10-25,22.249956130981445,22.854999542236328,22.899999618530273,22.135000228881836,22.135000228881836,11834200
2022-10-26,21.918956756591797,22.514999389648438,23.170000076293945,22.43000030517578,22.475000381469727,12346400
2022-10-27,21.66584014892578,22.2549991607666,22.854999542236328,22.184999465942383,22.6299991607666,11360200
2022-10-28,22.697778701782227,23.315000534057617,23.3799991607666,22.225000381469727,22.239999771118164,13055800
2022-10-31,22.37651252746582,22.985000610351562,23.239999771118164,22.864999771118164,23.0,16312400
2022-11-01,22.17207145690918,22.774999618530273,23.469999313354492,22.625,23.440000534057617,11170000
2022-11-02,21.047651290893555,21.6200008392334,23.260000228881836,21.614999771118164,22.700000762939453,23370400
2022-11-03,20.60469627380371,21.165000915527344,21.53499984741211,20.915000915527344,21.21500015258789,13899200
2022-11-04,21.198545455932617,21.774999618530273,22.065000534057617,21.05500030517578,21.850000381469727,17922800
2022-11-07,21.60742950439453,22.19499969482422,22.260000228881836,21.674999237060547,21.934999465942383,7564800
2022-11-08,21.836206436157227,22.43000030517578,22.790000915527344,21.924999237060547,22.329999923706055,9554800
2022-11-09,20.92595863342285,21.4950008392334,22.309999465942383,21.43000030517578,22.155000686645508,11361000
2022-11-10,23.21862030029297,23.850000381469727,23.895000457763672,22.809999465942383,23.084999084472656,14572200
2022-11-11,23.681039810180664,24.325000762939453,24.415000915527344,23.719999313354492,23.96500015258789,13169000
2022-11-14,23.277029037475586,23.90999984741211,24.514999389648438,23.864999771118164,24.09000015258789,17694200
2022-11-15,23.676172256469727,24.31999969482422,24.764999389648438,23.81999969482422,24.625,15723000
2022-11-16,23.306230545043945,23.940000534057617,24.204999923706055,23.850000381469727,24.104999542236328,6717000
2022-11-17,23.145601272583008,23.774999618530273,23.850000381469727,23.270000457763672,23.315000534057617,14591400
2022-11-18,23.345172882080078,23.979999542236328,24.190000534057617,23.6200008392334,24.184999465942383,8805800
2022-11-21,23.16020393371582,23.790000915527344,23.94499969482422,23.565000534057617,23.795000076293945,5447600
2022-11-22,23.77838897705078,24.424999237060547,24.454999923706055,23.864999771118164,24.024999618530273,8235400
2022-11-23,24.080188751220703,24.735000610351562,24.799999237060547,24.360000610351562,24.3799991607666,8466400
2022-11-25,24.06071662902832,24.71500015258789,24.790000915527344,24.6299991607666,24.665000915527344,2282800
2022-11-28,23.2916316986084,23.924999237060547,24.524999618530273,23.829999923706055,24.31999969482422,5759800
2022-11-29,23.213747024536133,23.844999313354492,24.084999084472656,23.610000610351562,23.93000030517578,8200200
2022-11-30,24.639963150024414,25.309999465942383,25.31999969482422,23.625,23.860000610351562,18836600
2022-12-01,24.63022804260254,25.299999237060547,25.6299991607666,24.969999313354492,25.479999542236328,9849000
2022-12-02,24.557220458984375,25.225000381469727,25.344999313354492,24.635000228881836,24.645000457763672,7580600
2022-12-05,23.671306610107422,24.315000534057617,24.979999542236328,24.149999618530273,24.854999542236328,9877000
2022-12-06,22.989837646484375,23.614999771118164,24.360000610351562,23.344999313354492,24.290000915527344,11626400
2022-12-07,22.89735221862793,23.520000457763672,23.81999969482422,23.385000228881836,23.5,11474200
2022-12-08,23.242952346801758,23.875,24.020000457763672,23.549999237060547,23.7450008392334,7632000
2022-12-09,22.902217864990234,23.524999618530273,24.049999237060547,23.510000228881836,23.71500015258789,7451200
2022-12-12,23.54961395263672,24.190000534057617,24.19499969482422,23.540000915527344,23.614999771118164,5601400
2022-12-13,23.919553756713867,24.56999969482422,25.59000015258789,24.21500015258789,25.579999923706055,17887400
2022-12-14,23.61289405822754,24.2549991607666,25.010000228881836,23.864999771118164,24.510000228881836,16961200
2022-12-15,22.439796447753906,23.049999237060547,23.729999542236328,22.834999084472656,23.604999542236328,15139400
2022-12-16,21.90435028076172,22.5,22.889999389648438,22.235000610351562,22.725000381469727,24762200
2022-12-19,21.51494789123535,22.100000381469727,22.559999465942383,21.90999984741211,22.514999389648438,10270400
2022-12-20,21.578224182128906,22.165000915527344,22.364999771118164,21.864999771118164,22.010000228881836,8246400
2022-12-21,22.230484008789062,22.834999084472656,22.969999313354492,22.420000076293945,22.479999542236328,8236200
2022-12-22,21.581003189086914,22.079999923706055,22.3799991607666,21.375,22.350000381469727,17033600
2022-12-23,21.82046890258789,22.325000762939453,22.34000015258789,21.764999389648438,21.954999923706055,10139200
2022-12-27,21.639646530151367,22.139999389648438,22.350000381469727,21.94499969482422,22.309999465942383,5032600
2022-12-28,21.102081298828125,21.59000015258789,22.364999771118164,21.565000534057617,22.135000228881836,9571800
2022-12-29,21.840011596679688,22.344999313354492,22.454999923706055,21.8700008392334,21.90999984741211,7533800
2022-12-30,21.722728729248047,22.225000381469727,22.239999771118164,21.770000457763672,22.024999618530273,13442000
2023-01-03,21.527250289916992,22.024999618530273,22.690000534057617,21.69499969482422,22.450000762939453,13152600
2023-01-04,21.869333267211914,22.375,22.6200008392334,21.94499969482422,22.315000534057617,10603400
2023-01-05,21.356201171875,21.850000381469727,22.135000228881836,21.78499984741211,22.125,9562400
2023-01-06,22.328716278076172,22.844999313354492,22.985000610351562,21.860000610351562,22.219999313354492,12110600
2023-01-09,22.309167861938477,22.825000762939453,23.5049991607666,22.795000076293945,23.114999771118164,8303600
2023-01-10,22.62193489074707,23.145000457763672,23.145000457763672,22.6299991607666,22.7450008392334,8364000
2023-01-11,23.174163818359375,23.709999084472656,23.725000381469727,23.229999542236328,23.325000762939453,6890400
2023-01-12,23.33543586730957,23.875,24.05500030517578,23.325000762939453,23.834999084472656,12891400
2023-01-13,23.521142959594727,24.065000534057617,24.1299991607666,23.440000534057617,23.475000381469727,8587200
2023-01-17,23.42828941345215,23.969999313354492,24.260000228881836,23.8799991607666,24.06999969482422,5987000
2023-01-18,22.69523811340332,23.219999313354492,24.239999771118164,23.18000030517578,24.114999771118164,9986600
2023-01-19,22.34337615966797,22.860000610351562,23.139999389648438,22.690000534057617,22.934999465942383,12513600
2023-01-20,23.16927719116211,23.704999923706055,23.719999313354492,22.825000762939453,23.024999618530273,7264000
2023-01-23,23.706851959228516,24.2549991607666,24.510000228881836,23.684999465942383,23.799999237060547,9677600
2023-01-24,23.65309715270996,24.200000762939453,24.329999923706055,23.905000686645508,24.059999465942383,9505200
2023-01-25,23.68730354309082,24.235000610351562,24.264999389648438,23.40999984741211,23.690000534057617,13811200
2023-01-26,24.19066047668457,24.75,24.764999389648438,24.174999237060547,24.549999237060547,8924400
2023-01-27,24.298175811767578,24.860000610351562,25.155000686645508,24.584999084472656,24.614999771118164,10705800
2023-01-30,23.682411193847656,24.229999542236328,24.78499984741211,24.190000534057617,24.489999771118164,6964000
2023-01-31,24.37636947631836,24.940000534057617,24.940000534057617,24.25,24.280000686645508,10704800
2023-02-01,24.894390106201172,25.469999313354492,25.815000534057617,24.424999237060547,24.774999618530273,12228600
2023-02-02,25.603004455566406,26.19499969482422,26.375,25.709999084472656,25.950000762939453,13680000
2023-02-03,25.060548782348633,25.639999389648438,26.21500015258789,25.475000381469727,25.540000915527344,11331800
2023-02-06,24.742895126342773,25.315000534057617,25.489999771118164,25.100000381469727,25.315000534057617,7576200
2023-02-07,25.39775276184082,25.985000610351562,26.135000228881836,25.030000686645508,25.190000534057617,12453800
2023-02-08,24.83574676513672,25.40999984741211,25.885000228881836,25.309999465942383,25.709999084472656,6820000
2023-02-09,24.386144638061523,24.950000762939453,25.8700008392334,24.78499984741211,25.850000381469727,7370200
2023-02-10,24.488765716552734,25.05500030517578,25.104999542236328,24.690000534057617,24.780000686645508,7170800
2023-02-13,25.06543731689453,25.645000457763672,25.655000686645508,25.084999084472656,25.145000457763672,4514000
2023-02-14,25.040998458862305,25.6200008392334,25.90999984741211,25.100000381469727,25.44499969482422,10009800
2023-02-15,25.202272415161133,25.78499984741211,25.78499984741211,25.219999313354492,25.329999923706055,5261800
2023-02-16,24.488765716552734,25.05500030517578,25.6200008392334,25.03499984741211,25.100000381469727,9653800
2023-02-17,24.356822967529297,24.920000076293945,24.94499969482422,24.520000457763672,24.764999389648438,7974600
2023-02-21,23.37453269958496,23.915000915527344,24.530000686645508,23.875,24.395000457763672,8590400
2023-02-22,23.320777893066406,23.860000610351562,24.155000686645508,23.65999984741211,23.950000762939453,10366400
2023-02-23,23.54557991027832,24.09000015258789,24.260000228881836,23.55500030517578,24.184999465942383,11942600
2023-02-24,23.027557373046875,23.559999465942383,23.665000915527344,23.239999771118164,23.440000534057617,12376400
2023-02-27,23.174163818359375,23.709999084472656,24.145000457763672,23.600000381469727,23.969999313354492,9896200
2023-02-28,23.00312042236328,23.53499984741211,23.895000457763672,23.524999618530273,23.655000686645508,11001200
2023-03-01,22.836963653564453,23.364999771118164,23.584999084472656,23.190000534057617,23.434999465942383,12166800
2023-03-02,23.174163818359375,23.709999084472656,23.809999465942383,23.05500030517578,23.094999313354492,12225000
2023-03-03,23.9121036529541,24.46500015258789,24.5,23.850000381469727,23.93000030517578,9783000
2023-03-06,23.936542510986328,24.489999771118164,24.854999542236328,24.44499969482422,24.565000534057617,9199200
2023-03-07,23.2034912109375,23.739999771118164,24.510000228881836,23.65999984741211,24.479999542236328,11009200
2023-03-08,23.271907806396484,23.809999465942383,23.905000686645508,23.53499984741211,23.75,8080800
2023-03-09,22.402023315429688,22.920000076293945,24.104999542236328,22.795000076293945,23.895000457763672,12540000
2023-03-10,21.747159957885742,22.25,23.100000381469727,22.06999969482422,22.829999923706055,35520600
2023-03-13,21.66408348083496,22.165000915527344,22.764999389648438,21.645000457763672,21.760000228881836,22782200
2023-03-14,22.39713478088379,22.915000915527344,23.110000610351562,22.3700008392334,22.774999618530273,18630800
2023-03-15,22.123462677001953,22.635000228881836,22.645000457763672,21.975000381469727,22.21500015258789,25959800
2023-03-16,22.86139678955078,23.389999389648438,23.440000534057617,22.264999389648438,22.329999923706055,17199400
2023-03-17,22.353151321411133,22.8700008392334,23.375,22.684999465942383,23.235000610351562,17275200
2023-03-20,22.758771896362305,23.28499984741211,23.34000015258789,22.864999771118164,22.934999465942383,12134400
2023-03-21,23.3549861907959,23.895000457763672,23.985000610351562,23.5049991607666,23.704999923706055,29115400
2023-03-22,22.56329345703125,23.084999084472656,24.31999969482422,23.075000762939453,23.875,17102000
2023-03-23,22.665918350219727,23.190000534057617,23.90999984741211,22.864999771118164,23.420000076293945,12219200
2023-03-24,22.95914077758789,23.489999771118164,23.5,22.75,23.030000686645508,9641800
2023-03-27,23.051990509033203,23.584999084472656,23.860000610351562,23.469999313354492,23.780000686645508,7629000
2023-03-28,22.949365615844727,23.479999542236328,23.56999969482422,23.239999771118164,23.475000381469727,6542000
2023-03-29,23.60422134399414,24.149999618530273,24.18000030517578,23.834999084472656,23.969999313354492,6846600
2023-03-30,23.86323356628418,24.415000915527344,24.4950008392334,24.184999465942383,24.46500015258789,6346800
2023-03-31,24.53275489807129,25.100000381469727,25.135000228881836,24.520000457763672,24.53499984741211,8750200
2023-04-03,24.713573455810547,25.28499984741211,25.334999084472656,24.979999542236328,25.030000686645508,7276600
2023-04-04,24.44967269897461,25.014999389648438,25.399999618530273,24.829999923706055,25.364999771118164,9019200
2023-04-05,24.298175811767578,24.860000610351562,24.989999771118164,24.645000457763672,24.899999618530273,8551200
2023-04-06,24.474111557006836,25.040000915527344,25.079999923706055,24.6200008392334,24.75,6690800
2023-04-10,24.527862548828125,25.094999313354492,25.100000381469727,24.645000457763672,24.709999084472656,5272600
2023-04-11,24.537639617919922,25.104999542236328,25.274999618530273,25.0049991607666,25.15999984741211,3812200
2023-04-12,24.3421630859375,24.905000686645508,25.389999389648438,24.81999969482422,25.354999542236328,8509600
2023-04-13,24.962812423706055,25.540000915527344,25.584999084472656,24.959999084472656,25.030000686645508,6488600
2023-04-14,24.845523834228516,25.420000076293945,25.735000610351562,25.110000610351562,25.46500015258789,7891800
2023-04-17,25.02145767211914,25.600000381469727,25.604999542236328,25.239999771118164,25.399999618530273,7290200
2023-04-18,25.045888900756836,25.625,25.80500030517578,25.440000534057617,25.799999237060547,6449200
2023-04-19,25.036117553710938,25.614999771118164,25.719999313354492,25.364999771118164,25.3700008392334,4693400
2023-04-20,24.747779846191406,25.31999969482422,25.53499984741211,25.114999771118164,25.229999542236328,12528200
2023-04-21,24.767330169677734,25.34000015258789,25.405000686645508,25.094999313354492,25.350000381469727,6475400
2023-04-24,24.82108497619629,25.395000457763672,25.44499969482422,25.145000457763672,25.309999465942383,8035800
2023-04-25,24.024505615234375,24.579999923706055,25.204999923706055,24.579999923706055,25.135000228881836,21168600
2023-04-26,23.82413673400879,24.375,24.790000915527344,24.299999237060547,24.65999984741211,7839000
2023-04-27,24.75755500793457,25.329999923706055,25.354999542236328,24.649999618530273,24.68000030517578,17527600
2023-04-28,25.163175582885742,25.7450008392334,25.7549991607666,25.204999923706055,25.21500015258789,7038200
2023-05-01,25.11919403076172,25.700000762939453,25.959999084472656,25.665000915527344,25.684999465942383,14043400
2023-05-02,24.547414779663086,25.114999771118164,25.604999542236328,24.739999771118164,25.600000381469727,10801600
2023-05-03,24.205322265625,24.764999389648438,25.485000610351562,24.739999771118164,25.184999465942383,9211000
2023-05-04,23.853458404541016,24.405000686645508,24.655000686645508,24.235000610351562,24.610000610351562,10475800
2023-05-05,24.728233337402344,25.299999237060547,25.434999465942383,24.825000762939453,24.854999542236328,8319800
2023-05-08,24.742895126342773,25.315000534057617,25.3700008392334,25.1299991607666,25.334999084472656,4537000
2023-05-09,24.527862548828125,25.094999313354492,25.225000381469727,25.05500030517578,25.100000381469727,3214600
2023-05-10,24.747779846191406,25.31999969482422,25.520000457763672,24.825000762939453,25.450000762939453,8303800
2023-05-11,24.650039672851562,25.219999313354492,25.2450008392334,24.950000762939453,25.190000534057617,6571800
2023-05-12,24.571847915649414,25.139999389648438,25.389999389648438,24.834999084472656,25.375,6566200
2023-05-15,24.733123779296875,25.30500030517578,25.360000610351562,24.969999313354492,25.219999313354492,4953600
2023-05-16,24.410581588745117,24.975000381469727,25.280000686645508,24.96500015258789,25.165000915527344,5053200
2023-05-17,24.992128372192383,25.56999969482422,25.649999618530273,25.014999389648438,25.21500015258789,9786200
2023-05-18,25.466171264648438,26.05500030517578,26.104999542236328,25.489999771118164,25.520000457763672,11668600
2023-05-19,25.383089065551758,25.969999313354492,26.229999542236328,25.815000534057617,26.170000076293945,8804600
2023-05-22,25.387981414794922,25.975000381469727,26.190000534057617,25.809999465942383,25.979999542236328,7552400
2023-05-23,24.830862045288086,25.405000686645508,25.895000457763672,25.344999313354492,25.760000228881836,9012400
2023-05-24,24.45456314086914,25.020000457763672,25.235000610351562,24.875,25.184999465942383,14357800
2023-05-25,24.86995506286621,25.44499969482422,25.625,25.170000076293945,25.44499969482422,6616200
2023-05-26,25.505264282226562,26.094999313354492,26.190000534057617,25.5049991607666,25.5049991607666,10186800
2023-05-30,25.510156631469727,26.100000381469727,26.40999984741211,25.934999465942383,26.34000015258789,8434800
2023-05-31,25.236478805541992,25.81999969482422,25.979999542236328,25.614999771118164,25.854999542236328,7974400
2023-06-01,25.695859909057617,26.290000915527344,26.43000030517578,25.674999237060547,25.829999923706055,6691800
2023-06-02,26.453346252441406,27.065000534057617,27.149999618530273,26.55500030517578,26.625,9907400
2023-06-05,26.326282501220703,26.934999465942383,27.2549991607666,26.844999313354492,27.09000015258789,5571200
2023-06-06,26.44845962524414,27.059999465942383,27.125,26.799999237060547,26.875,6481800
2023-06-07,26.267637252807617,26.875,27.2549991607666,26.809999465942383,27.104999542236328,7815800
2023-06-08,26.570632934570312,27.184999465942383,27.235000610351562,26.7549991607666,26.860000610351562,9072800
2023-06-09,26.648820877075195,27.264999389648438,27.530000686645508,27.135000228881836,27.270000457763672,5341400
2023-06-12,27.137523651123047,27.764999389648438,27.764999389648438,27.299999237060547,27.399999618530273,4389800
2023-06-13,27.479616165161133,28.114999771118164,28.204999923706055,27.864999771118164,27.94499969482422,6269200
2023-06-14,27.54803466796875,28.184999465942383,28.420000076293945,27.725000381469727,28.165000915527344,6619000
2023-06-15,28.207780838012695,28.860000610351562,29.030000686645508,28.045000076293945,28.059999465942383,11772600
2023-06-16,28.00252342224121,28.649999618530273,29.145000457763672,28.600000381469727,29.1299991607666,7186200
2023-06-20,27.728853225708008,28.3700008392334,28.510000228881836,28.079999923706055,28.395000457763672,4726600
2023-06-21,27.420970916748047,28.05500030517578,28.325000762939453,27.989999771118164,28.21500015258789,5634000
2023-06-22,27.616451263427734,28.2549991607666,28.260000228881836,27.875,27.920000076293945,4571800
2023-06-23,27.181509017944336,27.809999465942383,28.05500030517578,27.719999313354492,27.780000686645508,4735200
2023-06-26,26.961593627929688,27.584999084472656,27.989999771118164,27.549999237060547,27.739999771118164,7110200
2023-06-27,27.552921295166016,28.190000534057617,28.264999389648438,27.635000228881836,27.700000762939453,6321000
2023-06-28,27.582244873046875,28.219999313354492,28.34000015258789,27.950000762939453,28.040000915527344,6097000
2023-06-29,27.772838592529297,28.415000915527344,28.434999465942383,28.09000015258789,28.139999389648438,6580400
2023-06-30,28.41792106628418,29.075000762939453,29.204999923706055,28.80500030517578,28.834999084472656,17573000
2023-07-03,28.49122428894043,29.149999618530273,29.174999237060547,28.985000610351562,29.020000457763672,3150000
2023-07-05,28.383712768554688,29.040000915527344,29.145000457763672,28.875,28.885000228881836,4527000
2023-07-06,27.929224014282227,28.575000762939453,28.6299991607666,28.229999542236328,28.53499984741211,8904600
2023-07-07,27.78749656677246,28.43000030517578,28.959999084472656,28.395000457763672,28.43000030517578,8394000
2023-07-10,27.919445037841797,28.565000534057617,28.59000015258789,28.295000076293945,28.3700008392334,5461800
2023-07-11,28.276199340820312,28.93000030517578,28.989999771118164,28.530000686645508,28.65999984741211,4547000
2023-07-12,28.725801467895508,29.389999389648438,29.56999969482422,29.239999771118164,29.44499969482422,10043800
2023-07-13,29.14608383178711,29.81999969482422,29.940000534057617,29.559999465942383,29.600000381469727,4676600
2023-07-14,29.111873626708984,29.78499984741211,30.06999969482422,29.684999465942383,29.954999923706055,5877800
2023-07-17,29.307353973388672,29.985000610351562,30.135000228881836,29.75,29.75,4825600
2023-07-18,29.732524871826172,30.420000076293945,30.514999389648438,29.885000228881836,29.940000534057617,5497800
2023-07-19,29.854698181152344,30.545000076293945,30.725000381469727,30.454999923706055,30.540000915527344,4493200
2023-07-20,29.45396614074707,30.135000228881836,30.530000686645508,30.045000076293945,30.399999618530273,11144200
2023-07-21,29.45884895324707,30.139999389648438,30.395000457763672,30.135000228881836,30.364999771118164,3942400
2023-07-24,29.708091735839844,30.395000457763672,30.5049991607666,30.209999084472656,30.280000686645508,4163000
2023-07-25,29.874248504638672,30.565000534057617,30.729999542236328,30.350000381469727,30.350000381469727,3685200
2023-07-26,29.874248504638672,30.565000534057617,30.7549991607666,30.280000686645508,30.434999465942383,5538800
2023-07-27,29.463743209838867,30.145000457763672,31.06999969482422,30.020000457763672,31.030000686645508,6142600
2023-07-28,30.020856857299805,30.71500015258789,30.834999084472656,30.479999542236328,30.594999313354492,4511400
2023-07-31,30.14792251586914,30.844999313354492,30.885000228881836,30.610000610351562,30.78499984741211,4756200
2023-08-01,29.952442169189453,30.645000457763672,30.7549991607666,30.524999618530273,30.6200008392334,3402000
2023-08-02,29.136308670043945,29.809999465942383,30.25,29.690000534057617,30.204999923706055,5658200
2023-08-03,28.935943603515625,29.604999542236328,29.864999771118164,29.415000915527344,29.5,5778200
2023-08-04,28.68181610107422,29.344999313354492,30.139999389648438,29.264999389648438,29.844999313354492,7570000
2023-08-07,29.165634155273438,29.84000015258789,29.860000610351562,29.485000610351562,29.575000762939453,4616400
2023-08-08,28.91150665283203,29.579999923706055,29.635000228881836,29.114999771118164,29.479999542236328,6364600
2023-08-09,28.515661239624023,29.174999237060547,29.625,29.06999969482422,29.610000610351562,3918000
2023-08-10,28.525434494018555,29.184999465942383,29.940000534057617,29.020000457763672,29.469999313354492,8348800
2023-08-11,28.4814510345459,29.139999389648438,29.274999618530273,28.84000015258789,28.924999237060547,7892000
2023-08-14,28.794214248657227,29.459999084472656,29.459999084472656,28.96500015258789,29.0049991607666,4356800
2023-08-15,28.124698638916016,28.774999618530273,29.2549991607666,28.690000534057617,29.19499969482422,10453000
2023-08-16,27.679981231689453,28.31999969482422,28.924999237060547,28.31999969482422,28.69499969482422,6144400
2023-08-17,27.245038986206055,27.875,28.545000076293945,27.815000534057617,28.5049991607666,10323400
2023-08-18,27.264589309692383,27.895000457763672,28.045000076293945,27.459999084472656,27.5049991607666,6841200
2023-08-21,27.631114959716797,28.270000457763672,28.360000610351562,27.75,28.040000915527344,4459200
2023-08-22,27.46984100341797,28.104999542236328,28.5,28.03499984741211,28.5,5518400
2023-08-23,28.070941925048828,28.719999313354492,28.80500030517578,28.225000381469727,28.235000610351562,7544600
2023-08-24,27.29390525817871,27.924999237060547,28.9950008392334,27.90999984741211,28.924999237060547,9399000
2023-08-25,27.660432815551758,28.299999237060547,28.469999313354492,27.670000076293945,28.1299991607666,13202400
2023-08-28,28.012298583984375,28.65999984741211,28.739999771118164,28.40999984741211,28.59000015258789,5464200
2023-08-29,28.81865692138672,29.485000610351562,29.514999389648438,28.614999771118164,28.635000228881836,5808000
2023-08-30,29.043455123901367,29.71500015258789,29.80500030517578,29.424999237060547,29.514999389648438,4901400
2023-08-31,28.935943603515625,29.604999542236328,29.934999465942383,29.59000015258789,29.790000915527344,6823000
2023-09-01,29.048343658447266,29.719999313354492,30.045000076293945,29.524999618530273,29.969999313354492,3207200
2023-09-05,28.789329528808594,29.454999923706055,29.690000534057617,29.44499969482422,29.65999984741211,2532000
2023-09-06,28.388595581054688,29.045000076293945,29.350000381469727,28.735000610351562,29.34000015258789,9121400
2023-09-07,28.207780838012695,28.860000610351562,28.94499969482422,28.584999084472656,28.635000228881836,4535000
2023-09-08,28.290855407714844,28.94499969482422,29.139999389648438,28.809999465942383,28.860000610351562,4373000
2023-09-11,28.65250015258789,29.315000534057617,29.354999542236328,29.065000534057617,29.280000686645508,3627000
2023-09-12,28.329952239990234,28.985000610351562,29.315000534057617,28.90999984741211,29.104999542236328,3241600
2023-09-13,28.398374557495117,29.05500030517578,29.200000762939453,28.864999771118164,29.0049991607666,3122800
2023-09-14,28.867523193359375,29.53499984741211,29.6299991607666,29.19499969482422,29.375,4267200
2023-09-15,28.163795471191406,28.815000534057617,29.354999542236328,28.760000228881836,29.315000534057617,6693400
2023-09-18,28.19800567626953,28.850000381469727,29.020000457763672,28.709999084472656,28.770000457763672,3887400
2023-09-19,28.080718994140625,28.729999542236328,28.795000076293945,28.364999771118164,28.719999313354492,4477400
2023-09-20,27.533374786376953,28.170000076293945,28.934999465942383,28.15999984741211,28.885000228881836,5232600
2023-09-21,26.639053344726562,27.2549991607666,27.825000762939453,27.219999313354492,27.795000076293945,7340600
2023-09-22,26.49732780456543,27.110000610351562,27.565000534057617,27.05500030517578,27.354999542236328,5436600
2023-09-25,26.712360382080078,27.329999923706055,27.34000015258789,26.895000457763672,26.940000534057617,10953400
2023-09-26,25.925548553466797,26.524999618530273,27.024999618530273,26.415000915527344,26.93000030517578,7357600
2023-09-27,25.945096969604492,26.545000076293945,26.7450008392334,26.075000762939453,26.665000915527344,10283200
2023-09-28,26.233430862426758,26.84000015258789,27.045000076293945,26.3799991607666,26.459999084472656,8849600
2023-09-29,26.086820602416992,26.690000534057617,27.2450008392334,26.5049991607666,27.225000381469727,9313800
2023-10-02,26.072158813476562,26.674999237060547,26.829999923706055,26.31999969482422,26.575000762939453,7896800
2023-10-03,25.378204345703125,25.96500015258789,26.579999923706055,25.774999618530273,26.3799991607666,8336600
2023-10-04,25.734954833984375,26.329999923706055,26.415000915527344,25.81999969482422,26.0,41179200
2023-10-05,25.695859909057617,26.290000915527344,26.389999389648438,25.875,26.270000457763672,6131000
2023-10-06,26.292072296142578,26.899999618530273,27.100000381469727,25.799999237060547,25.969999313354492,10589800
2023-10-09,26.624391555786133,27.239999771118164,27.325000762939453,26.59000015258789,26.65999984741211,14943000
2023-10-10,26.888290405273438,27.510000228881836,27.860000610351562,27.274999618530273,27.329999923706055,14622000
2023-10-11,27.117979049682617,27.7450008392334,27.780000686645508,27.344999313354492,27.670000076293945,5409200
2023-10-12,26.785663604736328,27.405000686645508,27.860000610351562,27.084999084472656,27.815000534057617,7390000
2023-10-13,26.511991500854492,27.125,27.739999771118164,26.90999984741211,27.59000015258789,6122600
2023-10-16,27.059335708618164,27.684999465942383,27.815000534057617,27.3700008392334,27.389999389648438,6716200
2023-10-17,27.049560546875,27.674999237060547,27.940000534057617,27.219999313354492,27.260000228881836,6864000
2023-10-18,26.3311710357666,26.940000534057617,27.559999465942383,26.790000915527344,27.43000030517578,8168400
2023-10-19,25.83269500732422,26.43000030517578,27.235000610351562,26.350000381469727,27.0,14957400
2023-10-20,25.202272415161133,25.78499984741211,26.44499969482422,25.770000457763672,26.360000610351562,11397800
2023-10-23,25.109418869018555,25.690000534057617,26.18000030517578,25.364999771118164,25.575000762939453,17433800
2023-10-24,25.480833053588867,26.06999969482422,26.21500015258789,25.71500015258789,25.950000762939453,7195800
2023-10-25,24.752670288085938,25.325000762939453,25.854999542236328,25.2549991607666,25.854999542236328,8221200
2023-10-26,24.146677017211914,24.704999923706055,25.270000457763672,24.575000762939453,25.18000030517578,10979400
2023-10-27,23.9121036529541,24.46500015258789,24.93000030517578,24.295000076293945,24.875,11951800
2023-10-30,24.488765716552734,25.05500030517578,25.18000030517578,24.645000457763672,24.795000076293945,8019600
2023-10-31,24.781993865966797,25.354999542236328,25.395000457763672,24.8799991607666,25.110000610351562,5413200
2023-11-01,25.300012588500977,25.885000228881836,25.989999771118164,25.405000686645508,25.459999084472656,11358400
2023-11-02,26.27252960205078,26.8799991607666,26.889999389648438,26.364999771118164,26.3700008392334,13213600
2023-11-03,26.736791610717773,27.354999542236328,27.55500030517578,27.149999618530273,27.165000915527344,7868000
2023-11-06,26.854080200195312,27.475000381469727,27.53499984741211,27.225000381469727,27.450000762939453,5512600
2023-11-07,26.99580192565918,27.6200008392334,27.71500015258789,27.334999084472656,27.469999313354492,5258200
2023-11-08,27.03489875793457,27.65999984741211,27.774999618530273,27.364999771118164,27.700000762939453,3794400
2023-11-09,26.59995460510254,27.21500015258789,27.80500030517578,27.165000915527344,27.80500030517578,5715200
2023-11-10,27.435630798339844,28.06999969482422,28.100000381469727,27.290000915527344,27.475000381469727,9242600
2023-11-13,27.376989364624023,28.010000228881836,28.149999618530273,27.78499984741211,27.885000228881836,5122800
2023-11-14,28.422807693481445,29.079999923706055,29.2549991607666,28.7549991607666,28.790000915527344,6990800
2023-11-15,28.549869537353516,29.209999084472656,29.424999237060547,29.094999313354492,29.260000228881836,5426800
2023-11-16,28.598737716674805,29.260000228881836,29.295000076293945,28.985000610351562,29.139999389648438,4323000
2023-11-17,28.667158126831055,29.329999923706055,29.40999984741211,29.139999389648438,29.260000228881836,2609600
2023-11-20,29.10209846496582,29.774999618530273,29.885000228881836,29.290000915527344,29.295000076293945,3355200
2023-11-21,28.960378646850586,29.6299991607666,29.674999237060547,29.46500015258789,29.6200008392334,2867800
2023-11-22,29.17051887512207,29.844999313354492,30.024999618530273,29.69499969482422,29.84000015258789,3396600
2023-11-24,29.194955825805664,29.8700008392334,29.899999618530273,29.799999237060547,29.84000015258789,1709400
2023-11-27,29.092323303222656,29.764999389648438,29.889999389648438,29.709999084472656,29.78499984741211,3638400
2023-11-28,29.136308670043945,29.809999465942383,29.989999771118164,29.625,29.700000762939453,3186800
2023-11-29,29.10698890686035,29.780000686645508,30.25,29.719999313354492,30.100000381469727,21396400
2023-11-30,29.307353973388672,29.985000610351562,30.030000686645508,29.584999084472656,29.875,5214600
2023-12-01,29.644559860229492,30.329999923706055,30.405000686645508,29.81999969482422,29.899999618530273,11189800
2023-12-04,29.326900482177734,30.0049991607666,30.040000915527344,29.700000762939453,29.864999771118164,5375400
2023-12-05,29.31713104248047,29.9950008392334,30.114999771118164,29.764999389648438,29.809999465942383,4670000
2023-12-06,29.07278060913086,29.7450008392334,30.280000686645508,29.684999465942383,30.270000457763672,5286800
2023-12-07,29.49794578552246,30.18000030517578,30.264999389648438,29.934999465942383,30.0,3926600
2023-12-08,29.742298126220703,30.43000030517578,30.5049991607666,30.045000076293945,30.084999084472656,6300600
2023-12-11,29.97687530517578,30.670000076293945,30.69499969482422,30.31999969482422,30.364999771118164,5828400
2023-12-12,30.25054931640625,30.950000762939453,30.954999923706055,30.479999542236328,30.614999771118164,3551800
2023-12-13,31.06178855895996,31.780000686645508,31.825000762939453,30.934999465942383,30.9950008392334,5526400
2023-12-14,31.26704216003418,31.989999771118164,32.209999084472656,31.610000610351562,32.05500030517578,6905000
2023-12-15,31.144866943359375,31.864999771118164,32.040000915527344,31.75,31.885000228881836,5266400
2023-12-18,31.501623153686523,32.22999954223633,32.349998474121094,32.060001373291016,32.08000183105469,3927800
2023-12-19,31.873027801513672,32.61000061035156,32.6150016784668,32.290000915527344,32.290000915527344,3969000
2023-12-20,30.927152633666992,31.584999084472656,32.68000030517578,31.575000762939453,32.42499923706055,9008400
2023-12-21,31.534236907958984,32.20500183105469,32.25,31.69499969482422,32.025001525878906,6200600
2023-12-22,31.661527633666992,32.334999084472656,32.57500076293945,32.07500076293945,32.369998931884766,6087200
2023-12-26,31.90631866455078,32.584999084472656,32.724998474121094,32.380001068115234,32.39500045776367,3475600
2023-12-27,32.023826599121094,32.70500183105469,32.73500061035156,32.5,32.56999969482422,4238000
2023-12-28,32.02872085571289,32.709999084472656,32.83000183105469,32.665000915527344,32.7400016784668,3133600
2023-12-29,31.85736846923828,32.53499984741211,32.755001068115234,32.244998931884766,32.685001373291016,4730400
2024-01-02,31.480382919311523,32.150001525878906,32.28499984741211,31.854999542236328,32.084999084472656,6798800
2024-01-03,30.956523895263672,31.614999771118164,31.94499969482422,31.53499984741211,31.844999313354492,8747200
2024-01-04,30.741106033325195,31.395000457763672,31.885000228881836,31.364999771118164,31.53499984741211,5561600
2024-01-05,30.81944465637207,31.475000381469727,31.809999465942383,31.270000457763672,31.40999984741211,17652600
2024-01-08,31.695796966552734,32.369998931884766,32.38999938964844,31.524999618530273,31.530000686645508,6585200
2024-01-09,31.58319664001465,32.255001068115234,32.404998779296875,31.920000076293945,31.9950008392334,13003400
2024-01-10,31.940595626831055,32.619998931884766,32.7400016784668,32.2599983215332,32.29999923706055,4516000
2024-01-11,31.896530151367188,32.57500076293945,32.810001373291016,32.01499938964844,32.744998931884766,6901800
2024-01-12,31.921010971069336,32.599998474121094,32.875,32.415000915527344,32.7599983215332,7079400
2024-01-16,31.681108474731445,32.35499954223633,32.59000015258789,32.10499954223633,32.404998779296875,15274400
2024-01-17,31.32861328125,31.9950008392334,32.060001373291016,31.665000915527344,31.934999465942383,7157400
2024-01-18,31.867151260375977,32.54499816894531,32.619998931884766,32.0,32.20500183105469,6173000
2024-01-19,32.65049362182617,33.345001220703125,33.38999938964844,32.60499954223633,32.70500183105469,13635400
2024-01-22,32.78757858276367,33.48500061035156,33.72999954223633,33.39500045776367,33.55500030517578,6771600
2024-01-23,32.988311767578125,33.689998626708984,33.709999084472656,33.400001525878906,33.564998626708984,3602200
2024-01-24,33.032371520996094,33.73500061035156,34.209999084472656,33.69499969482422,34.06999969482422,12191600
2024-01-25,33.3897590637207,34.099998474121094,34.130001068115234,33.73500061035156,34.025001525878906,4718400
2024-01-26,33.301639556884766,34.0099983215332,34.23500061035156,33.880001068115234,34.03499984741211,4670400
2024-01-29,33.81081008911133,34.529998779296875,34.54499816894531,33.959999084472656,34.040000915527344,5524600
2024-01-30,33.74226760864258,34.459999084472656,34.56999969482422,34.36000061035156,34.42499923706055,9505200
2024-01-31,32.65049362182617,33.345001220703125,34.20500183105469,33.34000015258789,34.150001525878906,10327000
2024-02-01,33.4827880859375,34.19499969482422,34.19499969482422,33.44499969482422,33.55500030517578,7959800
2024-02-02,34.17310333251953,34.900001525878906,35.13999938964844,34.20500183105469,34.25,8411200
2024-02-05,33.92341613769531,34.64500045776367,34.8650016784668,34.31999969482422,34.80500030517578,16593600
2024-02-06,34.10456466674805,34.83000183105469,34.880001068115234,34.564998626708984,34.775001525878906,4287000
2024-02-07,34.66269302368164,35.400001525878906,35.470001220703125,35.029998779296875,35.15999984741211,5001400
2024-02-08,34.69206619262695,35.43000030517578,35.47999954223633,35.28499984741211,35.38999938964844,3607800
2024-02-09,35.088626861572266,35.834999084472656,35.88999938964844,35.44499969482422,35.505001068115234,4590000
2024-02-12,35.0347785949707,35.779998779296875,36.14500045776367,35.689998626708984,35.82500076293945,4206800
2024-02-13,34.07518768310547,34.79999923706055,35.04999923706055,34.314998626708984,34.8650016784668,13042800
2024-02-14,34.68227767944336,35.41999816894531,35.4900016784668,34.834999084472656,35.16999816894531,6200000
2024-02-15,35.13758850097656,35.8849983215332,35.904998779296875,35.43000030517578,35.5,5811400
2024-02-16,34.78019714355469,35.52000045776367,35.994998931884766,35.41999816894531,35.845001220703125,10679200
2024-02-20,34.3983154296875,35.130001068115234,35.35499954223633,34.79499816894531,35.26499938964844,6075400
2024-02-21,34.44237518310547,35.17499923706055,35.20000076293945,34.65999984741211,34.92499923706055,4900000
2024-02-22,35.857276916503906,36.619998931884766,36.75,35.98500061035156,36.119998931884766,6803400
2024-02-23,35.90135192871094,36.665000915527344,36.9900016784668,36.55500030517578,36.86000061035156,4832400
2024-02-26,35.632076263427734,36.38999938964844,36.779998779296875,36.3650016784668,36.71500015258789,11585600
2024-02-27,35.74467849731445,36.505001068115234,36.540000915527344,36.20000076293945,36.474998474121094,3226000
2024-02-28,35.6369743347168,36.39500045776367,36.494998931884766,36.220001220703125,36.275001525878906,2801200
2024-02-29,35.88176345825195,36.64500045776367,36.8849983215332,36.2599983215332,36.65999984741211,5872800
2024-03-01,36.552494049072266,37.33000183105469,37.38999938964844,36.71500015258789,36.76499938964844,4968400
2024-03-04,36.4545783996582,37.22999954223633,37.51499938964844,37.20500183105469,37.209999084472656,7078000
2024-03-05,35.7299919128418,36.4900016784668,37.0,36.15999984741211,36.935001373291016,5765600
2024-03-06,36.0873908996582,36.85499954223633,37.185001373291016,36.665000915527344,36.970001220703125,5005000
2024-03-07,36.79728317260742,37.58000183105469,37.724998474121094,37.189998626708984,37.31999969482422,4511000
2024-03-08,36.35176086425781,37.125,38.060001373291016,37.025001525878906,37.65999984741211,9179600
2024-03-11,36.26853561401367,37.040000915527344,37.119998931884766,36.6349983215332,36.915000915527344,5286400
2024-03-12,37.042083740234375,37.83000183105469,37.90999984741211,36.970001220703125,37.334999084472656,5351600
2024-03-13,36.92947769165039,37.71500015258789,37.88999938964844,37.494998931884766,37.86000061035156,3832400
2024-03-14,36.74343490600586,37.525001525878906,37.849998474121094,37.07500076293945,37.81999969482422,6653800
2024-03-15,36.2342643737793,37.005001068115234,37.279998779296875,36.79499816894531,37.060001373291016,6918000
2024-03-18,36.67489242553711,37.45500183105469,37.81999969482422,37.3849983215332,37.599998474121094,4954200
2024-03-19,37.08124542236328,37.869998931884766,37.88999938964844,37.189998626708984,37.32500076293945,4193800
2024-03-20,37.73295211791992,38.44499969482422,38.470001220703125,37.65999984741211,37.77000045776367,5864000
2024-03-21,37.95378112792969,38.66999816894531,38.970001220703125,38.64500045776367,38.869998931884766,4521600
2024-03-22,37.84091567993164,38.55500030517578,38.7400016784668,38.494998931884766,38.665000915527344,8444400
2024-03-25,37.615169525146484,38.32500076293945,38.48500061035156,38.290000915527344,38.314998626708984,2787200
2024-03-26,37.44341278076172,38.150001525878906,38.56999969482422,38.11000061035156,38.52000045776367,3704200
2024-03-27,38.071556091308594,38.790000915527344,38.790000915527344,38.23500061035156,38.564998626708984,5337600
2024-03-28,38.042110443115234,38.7599983215332,38.97999954223633,38.720001220703125,38.78499984741211,3953200
2024-04-01,37.909610748291016,38.625,38.94499969482422,38.439998626708984,38.8650016784668,5077000
2024-04-02,37.40415954589844,38.11000061035156,38.1349983215332,37.76499938964844,38.02000045776367,12428800
2024-04-03,37.487579345703125,38.19499969482422,38.415000915527344,37.935001373291016,37.939998626708984,4633000
2024-04-04,36.535545349121094,37.224998474121094,38.82500076293945,37.19499969482422,38.775001525878906,10313400
2024-04-05,37.30600357055664,38.0099983215332,38.29999923706055,37.369998931884766,37.435001373291016,7935000
2024-04-08,37.330535888671875,38.03499984741211,38.255001068115234,37.92499923706055,38.099998474121094,4520200
2024-04-09,37.4090576171875,38.1150016784668,38.334999084472656,37.400001525878906,38.310001373291016,7440600
2024-04-10,36.66313552856445,37.35499954223633,37.650001525878906,37.060001373291016,37.2599983215332,11411600
2024-04-11,37.19804382324219,37.900001525878906,38.11000061035156,37.03499984741211,37.55500030517578,13145400
2024-04-12,36.14786148071289,36.83000183105469,37.56999969482422,36.59000015258789,37.35499954223633,9455800
2024-04-15,35.239994049072266,35.904998779296875,37.474998474121094,35.790000915527344,37.459999084472656,12670000
2024-04-16,35.11240005493164,35.775001525878906,36.19499969482422,35.584999084472656,35.959999084472656,20225800
2024-04-17,34.67564392089844,35.33000183105469,36.14500045776367,35.13999938964844,36.125,10216800
2024-04-18,34.51369857788086,35.165000915527344,35.82500076293945,35.040000915527344,35.51499938964844,8174200
2024-04-19,33.91499710083008,34.55500030517578,35.30500030517578,34.375,35.15999984741211,9296800
2024-04-22,34.51369857788086,35.165000915527344,35.564998626708984,34.59000015258789,34.91999816894531,7083600
2024-04-23,35.35285949707031,36.02000045776367,36.07500076293945,35.400001525878906,35.474998474121094,14201400
2024-04-24,35.308692932128906,35.974998474121094,36.25,35.654998779296875,36.1349983215332,6206000
2024-04-25,34.9995231628418,35.65999984741211,35.790000915527344,34.83000183105469,35.060001373291016,9008600
2024-04-26,35.68165969848633,36.35499954223633,36.58000183105469,35.994998931884766,36.08000183105469,12429400
2024-04-29,35.917213439941406,36.595001220703125,36.70000076293945,36.20500183105469,36.595001220703125,4769400
2024-04-30,34.7786979675293,35.435001373291016,36.525001525878906,35.435001373291016,36.380001068115234,6417200
2024-05-01,34.54314041137695,35.19499969482422,36.30500030517578,35.1349983215332,35.34000015258789,8753400
2024-05-02,35.166385650634766,35.83000183105469,35.95500183105469,35.064998626708984,35.720001220703125,8904800
2024-05-03,36.04970932006836,36.72999954223633,36.89500045776367,36.34000015258789,36.689998626708984,6367200
2024-05-06,36.780906677246094,37.474998474121094,37.474998474121094,37.0099983215332,37.08000183105469,4082200
2024-05-07,36.85452651977539,37.54999923706055,37.755001068115234,37.45500183105469,37.61000061035156,5665400
2024-05-08,36.859432220458984,37.55500030517578,37.625,37.255001068115234,37.27000045776367,3651800
2024-05-09,37.25202941894531,37.95500183105469,37.970001220703125,37.459999084472656,37.564998626708984,3503800
2024-05-10,37.3599853515625,38.064998626708984,38.314998626708984,37.875,38.20500183105469,4993200
2024-05-13,37.3599853515625,38.064998626708984,38.310001373291016,37.89500045776367,38.30500030517578,3402000
2024-05-14,37.6789665222168,38.38999938964844,38.470001220703125,38.0,38.07500076293945,3321400
2024-05-15,38.60646438598633,39.334999084472656,39.3849983215332,38.66999816894531,38.77000045776367,4573400
2024-05-16,38.42489242553711,39.150001525878906,39.58000183105469,39.13999938964844,39.34000015258789,4376400
2024-05-17,38.547576904296875,39.275001525878906,39.275001525878906,38.959999084472656,39.16999816894531,10337800
2024-05-20,38.621177673339844,39.349998474121094,39.56999969482422,39.224998474121094,39.275001525878906,3549200
2024-05-21,38.7978515625,39.529998779296875,39.560001373291016,39.20000076293945,39.22999954223633,3001400
2024-05-22,38.55738830566406,39.28499984741211,39.525001525878906,38.970001220703125,39.42499923706055,4341800
2024-05-23,37.98323440551758,38.70000076293945,39.75,38.51499938964844,39.7400016784668,7803200
2024-05-24,38.48868942260742,39.21500015258789,39.32500076293945,38.83000183105469,38.974998474121094,4472000
2024-05-28,38.52303695678711,39.25,39.349998474121094,38.849998474121094,39.31999969482422,17183000
2024-05-29,37.97341537475586,38.689998626708984,38.875,38.584999084472656,38.625,6088800
2024-05-30,37.4581413269043,38.165000915527344,38.54999923706055,37.98500061035156,38.45500183105469,4909800
2024-05-31,38.11573028564453,38.834999084472656,38.880001068115234,37.53499984741211,38.29999923706055,7123800
2024-06-03,38.17460632324219,38.89500045776367,39.10499954223633,38.13999938964844,39.084999084472656,7263200
2024-06-04,38.24822998046875,38.970001220703125,39.095001220703125,38.474998474121094,38.70500183105469,4278600
2024-06-05,39.170814514160156,39.90999984741211,39.90999984741211,39.03499984741211,39.314998626708984,5337200
2024-06-06,39.15118408203125,39.88999938964844,40.0099983215332,39.595001220703125,39.95000076293945,2979800
2024-06-07,39.02849578857422,39.76499938964844,40.20500183105469,39.55500030517578,39.72999954223633,4381600
2024-06-10,39.26405715942383,40.005001068115234,40.064998626708984,39.55500030517578,39.63999938964844,2863000
2024-06-11,39.44072341918945,40.185001373291016,40.209999084472656,39.46500015258789,39.775001525878906,2989200
2024-06-12,40.09830856323242,40.85499954223633,41.2599983215332,40.70000076293945,40.900001525878906,6151000
2024-06-13,40.235721588134766,40.994998931884766,41.1349983215332,40.584999084472656,41.1150016784668,4458400
2024-06-14,40.265167236328125,41.025001525878906,41.040000915527344,40.599998474121094,40.755001068115234,3521400
2024-06-17,40.898216247558594,41.66999816894531,41.8849983215332,40.85499954223633,40.92499923706055,3729400
2024-06-18,41.099422454833984,41.875,41.900001525878906,41.619998931884766,41.67499923706055,3234200
2024-06-20,40.85896301269531,41.630001068115234,42.119998931884766,41.369998931884766,42.02000045776367,5518800
2024-06-21,40.682289123535156,41.45000076293945,41.689998626708984,41.290000915527344,41.5,3923200
2024-06-24,40.446739196777344,41.209999084472656,41.875,41.209999084472656,41.474998474121094,4758000
2024-06-25,40.78043746948242,41.54999923706055,41.599998474121094,41.19499969482422,41.415000915527344,3938000
2024-06-26,40.87438201904297,41.54999923706055,41.654998779296875,41.165000915527344,41.26499938964844,3074000
2024-06-27,40.98259735107422,41.65999984741211,41.755001068115234,41.404998779296875,41.51499938964844,3221200
2024-06-28,40.62845230102539,41.29999923706055,42.2400016784668,41.130001068115234,41.7599983215332,5871600
2024-07-01,40.80552291870117,41.47999954223633,41.560001373291016,41.05500030517578,41.525001525878906,5280400
2024-07-02,41.33674240112305,42.02000045776367,42.025001525878906,41.21500015258789,41.224998474121094,3340800
2024-07-03,41.68597412109375,42.375,42.44499969482422,41.959999084472656,41.970001220703125,2671400
2024-07-05,42.17292022705078,42.869998931884766,42.91999816894531,42.31999969482422,42.415000915527344,3016000
2024-07-08,42.2467041015625,42.94499969482422,43.099998474121094,42.779998779296875,42.970001220703125,3397000
2024-07-09,42.32048797607422,43.02000045776367,43.224998474121094,42.97999954223633,43.08000183105469,3037600
2024-07-10,43.15174865722656,43.8650016784668,43.91999816894531,43.165000915527344,43.209999084472656,3320200
2024-07-11,42.38442611694336,43.084999084472656,44.0099983215332,43.0,43.880001068115234,5847800
2024-07-12,42.90089416503906,43.61000061035156,44.19499969482422,43.20500183105469,43.2599983215332,4651600
2024-07-15,43.13207244873047,43.845001220703125,44.3650016784668,43.560001373291016,43.935001373291016,6924000
2024-07-16,43.64852523803711,44.369998931884766,44.40999984741211,43.935001373291016,44.060001373291016,4272200
2024-07-17,42.40409851074219,43.10499954223633,43.665000915527344,43.060001373291016,43.40999984741211,5298200
2024-07-18,41.744998931884766,42.435001373291016,43.5,42.099998474121094,43.349998474121094,6713000
2024-07-19,41.17443084716797,41.85499954223633,42.6349983215332,41.689998626708984,42.375,5996000
2024-07-22,42.020442962646484,42.71500015258789,42.80500030517578,42.15999984741211,42.459999084472656,5703400
2024-07-23,41.87287902832031,42.564998626708984,43.02000045776367,42.4900016784668,42.685001373291016,4657200
2024-07-24,39.95458984375,40.6150016784668,41.845001220703125,40.48500061035156,41.79999923706055,9923400
2024-07-25,39.52666091918945,40.18000030517578,41.560001373291016,40.05500030517578,40.6349983215332,9078800
2024-07-26,40.38252258300781,41.04999923706055,41.48500061035156,40.63999938964844,40.755001068115234,18313600
2024-07-29,40.456298828125,41.125,41.45500183105469,40.810001373291016,41.30500030517578,3129600
2024-07-30,40.02345275878906,40.685001373291016,41.4900016784668,40.15999984741211,41.334999084472656,5617200
2024-07-31,41.25804138183594,41.939998626708984,42.40999984741211,41.51499938964844,41.720001220703125,6669000
2024-08-01,40.14149856567383,40.80500030517578,42.61000061035156,40.26499938964844,42.2599983215332,10633600
2024-08-02,38.631465911865234,39.27000045776367,39.880001068115234,38.619998931884766,39.70000076293945,12113400
2024-08-05,36.35902404785156,36.959999084472656,37.880001068115234,35.915000915527344,36.125,22889400
2024-08-06,37.03779983520508,37.650001525878906,38.724998474121094,37.040000915527344,37.220001220703125,9921600
2024-08-07,36.516414642333984,37.119998931884766,38.994998931884766,37.04499816894531,38.560001373291016,5993000
2024-08-08,38.19861602783203,38.83000183105469,38.935001373291016,37.595001220703125,37.8849983215332,4703000
2024-08-09,38.52324676513672,39.15999984741211,39.3849983215332,38.525001525878906,38.70000076293945,3958200
2024-08-12,38.5478401184082,39.185001373291016,39.55500030517578,38.86000061035156,39.334999084472656,3453400
2024-08-13,39.82670593261719,40.48500061035156,40.5099983215332,39.63999938964844,39.67499923706055,3965000
2024-08-14,40.0726432800293,40.73500061035156,40.90999984741211,40.189998626708984,40.599998474121094,3374200
2024-08-15,41.44003677368164,42.125,42.15999984741211,41.494998931884766,41.595001220703125,4559800
2024-08-16,41.58268737792969,42.27000045776367,42.3849983215332,41.81999969482422,41.845001220703125,4740800
2024-08-19,42.374595642089844,43.07500076293945,43.08000183105469,42.20500183105469,42.334999084472656,3348800
2024-08-20,42.2319450378418,42.93000030517578,43.27000045776367,42.724998474121094,43.0,3345200
2024-08-21,42.53199005126953,43.23500061035156,43.45500183105469,42.84000015258789,43.095001220703125,2714000
2024-08-22,41.8433723449707,42.53499984741211,43.6150016784668,42.345001220703125,43.52000045776367,4427400
2024-08-23,42.699222564697266,43.404998779296875,43.564998626708984,42.68000030517578,43.029998779296875,4017000
2024-08-26,42.48772430419922,43.189998626708984,43.685001373291016,42.94499969482422,43.56999969482422,4035000
2024-08-27,42.605770111083984,43.310001373291016,43.38999938964844,42.810001373291016,42.9900016784668,5737400
2024-08-28,42.108985900878906,42.80500030517578,43.31999969482422,42.29499816894531,43.25,3594200
2024-08-29,42.08930587768555,42.78499984741211,43.60499954223633,42.619998931884766,43.099998474121094,4767400
2024-08-30,42.86646270751953,43.57500076293945,43.665000915527344,42.584999084472656,43.13999938964844,4112600
2024-09-03,41.10556411743164,41.78499984741211,43.130001068115234,41.3849983215332,43.07500076293945,11234200
2024-09-04,40.908817291259766,41.584999084472656,42.119998931884766,41.380001068115234,41.47999954223633,6098400
2024-09-05,40.712066650390625,41.3849983215332,42.01499938964844,41.0099983215332,41.57500076293945,5145200
2024-09-06,39.339759826660156,39.9900016784668,41.66999816894531,39.834999084472656,41.41999816894531,8532400
2024-09-09,40.1906852722168,40.85499954223633,41.04999923706055,40.314998626708984,40.59000015258789,4658600
2024-09-10,40.5399169921875,41.209999084472656,41.26499938964844,40.40999984741211,41.150001525878906,3921800
2024-09-11,41.34658432006836,42.029998779296875,42.189998626708984,39.875,41.189998626708984,6438800
2024-09-12,42.05487823486328,42.75,42.79499816894531,41.790000915527344,42.1349983215332,4945000
2024-09-13,42.463130950927734,43.165000915527344,43.33000183105469,42.78499984741211,42.82500076293945,4616000
2024-09-16,42.59592819213867,43.29999923706055,43.34000015258789,42.845001220703125,43.125,2466000
2024-09-17,42.625450134277344,43.33000183105469,43.86000061035156,42.97999954223633,43.63999938964844,4926000
2024-09-18,42.34507751464844,43.04499816894531,44.18000030517578,42.974998474121094,43.41999816894531,7338400
2024-09-19,43.79117202758789,44.51499938964844,44.810001373291016,44.084999084472656,44.529998779296875,5450200
2024-09-20,43.59442138671875,44.314998626708984,44.5099983215332,43.869998931884766,44.28499984741211,4138800
2024-09-23,43.82068634033203,44.54499816894531,44.665000915527344,44.314998626708984,44.5099983215332,4071000
2024-09-24,44.0715446472168,44.79999923706055,44.814998626708984,44.22999954223633,44.68000030517578,3563200
2024-09-25,43.871944427490234,44.5099983215332,44.80500030517578,44.345001220703125,44.689998626708984,2599000
2024-09-26,44.211997985839844,44.85499954223633,45.23500061035156,44.48500061035156,45.189998626708984,3992600
2024-09-27,44.05922317504883,44.70000076293945,45.130001068115234,44.54999923706055,45.01499938964844,3907200
2024-09-30,44.43870162963867,45.084999084472656,45.14500045776367,44.18000030517578,44.540000915527344,5564200
2024-10-01,43.61073684692383,44.244998931884766,45.0,43.83000183105469,44.9900016784668,8203600
2024-10-02,43.63045883178711,44.26499938964844,44.435001373291016,43.709999084472656,44.09000015258789,4015000
2024-10-03,43.46781539916992,44.099998474121094,44.40999984741211,43.744998931884766,44.040000915527344,4366600
2024-10-04,44.22677993774414,44.869998931884766,44.94499969482422,44.14500045776367,44.78499984741211,4628600
2024-10-07,43.443180084228516,44.07500076293945,44.70500183105469,43.880001068115234,44.6150016784668,5161800
2024-10-08,44.2415657043457,44.8849983215332,44.97999954223633,44.32500076293945,44.45500183105469,3536000
2024-10-09,44.837894439697266,45.4900016784668,45.59000015258789,44.790000915527344,44.8849983215332,3457600
2024-10-10,44.6900520324707,45.34000015258789,45.560001373291016,45.08000183105469,45.279998779296875,3696800
2024-10-11,45.177947998046875,45.834999084472656,45.96500015258789,45.279998779296875,45.29499816894531,4588000
2024-10-14,45.922122955322266,46.59000015258789,46.744998931884766,46.05500030517578,46.099998474121094,3564800
2024-10-15,45.20259094238281,45.86000061035156,46.68000030517578,45.68000030517578,46.6349983215332,4199600
2024-10-16,45.58206558227539,46.244998931884766,46.334999084472656,45.72999954223633,45.86000061035156,2584200
2024-10-17,45.577152252197266,46.2400016784668,46.849998474121094,46.22999954223633,46.83000183105469,4090800
2024-10-18,45.91227340698242,46.58000183105469,46.71500015258789,46.279998779296875,46.51499938964844,2812800
2024-10-21,45.769351959228516,46.435001373291016,46.619998931884766,45.939998626708984,46.46500015258789,3795800
2024-10-22,45.700347900390625,46.3650016784668,46.54999923706055,45.904998779296875,46.0099983215332,3114200
2024-10-23,44.84775161743164,45.5,46.095001220703125,44.94499969482422,46.025001525878906,5148200
2024-10-24,45.03502655029297,45.689998626708984,45.82500076293945,45.290000915527344,45.81999969482422,3457600
2024-10-25,45.00053405761719,45.654998779296875,46.505001068115234,45.4900016784668,46.04499816894531,4431000
2024-10-28,45.25680160522461,45.915000915527344,46.20500183105469,45.875,46.20000076293945,2587200
2024-10-29,45.39479446411133,46.05500030517578,46.2400016784668,45.53499984741211,45.7599983215332,2648000
2024-10-30,45.108951568603516,45.76499938964844,46.29999923706055,45.665000915527344,45.98500061035156,2683600
2024-10-31,43.32982635498047,43.959999084472656,45.08000183105469,43.939998626708984,45.064998626708984,6533400
2024-11-01,43.67973327636719,44.314998626708984,45.02000045776367,44.2599983215332,44.3650016784668,5421800
2024-11-04,43.492462158203125,44.125,44.540000915527344,43.81999969482422,44.33000183105469,4335200
2024-11-05,44.532344818115234,45.18000030517578,45.18000030517578,44.22999954223633,44.27000045776367,4392200
2024-11-06,46.74022674560547,47.41999816894531,47.560001373291016,46.540000915527344,47.14500045776367,8275600
2024-11-07,47.454833984375,48.14500045776367,48.310001373291016,47.7400016784668,47.744998931884766,4230000
2024-11-08,47.84910202026367,48.54499816894531,48.76499938964844,48.209999084472656,48.209999084472656,2462200
2024-11-11,47.91809844970703,48.6150016784668,48.849998474121094,48.34000015258789,48.80500030517578,5364000
2024-11-12,47.61254119873047,48.30500030517578,48.70000076293945,47.904998779296875,48.599998474121094,4007400
2024-11-13,47.66182327270508,48.35499954223633,48.685001373291016,48.0,48.3849983215332,3186200
2024-11-14,47.031002044677734,47.71500015258789,48.439998626708984,47.61000061035156,48.3650016784668,4680000
2024-11-15,45.79891586303711,46.46500015258789,47.189998626708984,46.17499923706055,47.119998931884766,5830000
2024-11-18,46.18332290649414,46.85499954223633,47.064998626708984,46.404998779296875,46.54999923706055,3872600
2024-11-19,46.493804931640625,47.16999816894531,47.29999923706055,46.185001373291016,46.290000915527344,3959200
2024-11-20,46.528316497802734,47.20500183105469,47.25,46.26499938964844,47.189998626708984,4514800
2024-11-21,47.0063591003418,47.689998626708984,47.935001373291016,46.71500015258789,47.65999984741211,4790000
2024-11-22,47.27248764038086,47.959999084472656,48.06999969482422,47.60499954223633,47.67499923706055,3575000
2024-11-25,47.58297348022461,48.275001525878906,48.82500076293945,47.92499923706055,48.619998931884766,4073200
2024-11-26,48.10044479370117,48.79999923706055,48.89500045776367,48.3849983215332,48.4900016784668,2794800
2024-11-27,47.77024841308594,48.46500015258789,48.79999923706055,48.22999954223633,48.75,3924200
2024-11-29,48.33207702636719,49.03499984741211,49.18000030517578,48.54999923706055,48.58000183105469,1410600
2024-12-02,48.51442337036133,49.220001220703125,49.33000183105469,49.03499984741211,49.1150016784668,2993400
2024-12-03,48.5390625,49.244998931884766,49.29999923706055,49.005001068115234,49.17499923706055,2455400
2024-12-04,49.13539123535156,49.849998474121094,49.89500045776367,49.42499923706055,49.529998779296875,3304000
2024-12-05,48.97276306152344,49.685001373291016,49.9900016784668,49.63999938964844,49.849998474121094,2465000
2024-12-06,49.15018081665039,49.8650016784668,50.060001373291016,49.72999954223633,49.790000915527344,3296000
2024-12-09,48.62285232543945,49.33000183105469,49.85499954223633,49.23500061035156,49.82500076293945,4204800
2024-12-10,48.33207702636719,49.03499984741211,49.48500061035156,48.915000915527344,49.43000030517578,2352200
2024-12-11,49.056541442871094,49.77000045776367,49.92499923706055,49.45000076293945,49.5,2177600
2024-12-12,48.5390625,49.244998931884766,49.709999084472656,49.244998931884766,49.6150016784668,2461000
2024-12-13,48.50456619262695,49.209999084472656,49.68000030517578,48.97999954223633,49.55500030517578,2557200
2024-12-16,48.89883804321289,49.61000061035156,49.775001525878906,49.36000061035156,49.48500061035156,2967400
2024-12-17,48.474998474121094,49.18000030517578,49.34000015258789,48.970001220703125,49.18000030517578,3015200
2024-12-18,45.680641174316406,46.345001220703125,49.53499984741211,46.17499923706055,49.13999938964844,8320800
2024-12-19,45.55250549316406,46.21500015258789,47.30500030517578,46.17499923706055,47.04999923706055,7121800
2024-12-20,46.58745574951172,47.26499938964844,48.02000045776367,45.685001373291016,45.81999969482422,8556400
2024-12-23,47.17791748046875,47.7400016784668,47.83000183105469,46.6150016784668,47.119998931884766,3973600
2024-12-24,48.176029205322266,48.75,48.77000045776367,47.84000015258789,47.93000030517578,2264200
2024-12-26,48.185909271240234,48.7599983215332,48.959999084472656,48.244998931884766,48.470001220703125,3175800
2024-12-27,47.15815353393555,47.720001220703125,48.15999984741211,47.03499984741211,48.11000061035156,5103600
2024-12-30,46.071102142333984,46.619998931884766,47.18000030517578,46.02000045776367,46.57500076293945,4737800
2024-12-31,45.71040344238281,46.255001068115234,46.97999954223633,46.0099983215332,46.875,4029000
2025-01-02,45.468284606933594,46.0099983215332,47.04999923706055,45.369998931884766,46.779998779296875,6692000
2025-01-03,46.58498001098633,47.13999938964844,47.255001068115234,46.29499816894531,46.46500015258789,4027800
2025-01-06,47.13838577270508,47.70000076293945,48.3849983215332,47.415000915527344,47.81999969482422,4083000
2025-01-07,46.076045989990234,46.625,48.05500030517578,46.310001373291016,48.02000045776367,4533000
2025-01-08,46.16004180908203,46.709999084472656,46.89500045776367,46.040000915527344,46.6150016784668,4622600
2025-01-10,44.74687576293945,45.279998779296875,46.14500045776367,44.970001220703125,46.130001068115234,9081800
2025-01-13,44.885231018066406,45.41999816894531,45.46500015258789,44.470001220703125,44.529998779296875,3920800
2025-01-14,44.993934631347656,45.529998779296875,45.959999084472656,44.935001373291016,45.869998931884766,5705400
2025-01-15,46.61956787109375,47.17499923706055,47.36000061035156,46.6150016784668,46.79999923706055,4624600
2025-01-16,46.441688537597656,46.994998931884766,47.41999816894531,46.875,47.38999938964844,2693800
2025-01-17,47.32615280151367,47.88999938964844,48.185001373291016,47.59000015258789,47.810001373291016,3728400
2025-01-21,48.185909271240234,48.7599983215332,48.76499938964844,48.06999969482422,48.38999938964844,7236400
2025-01-22,48.70966720581055,49.290000915527344,49.529998779296875,49.150001525878906,49.224998474121094,3153800
2025-01-23,49.24824905395508,49.834999084472656,49.834999084472656,49.150001525878906,49.185001373291016,2630400
2025-01-24,48.94190216064453,49.525001525878906,49.98500061035156,49.345001220703125,49.83000183105469,4584400
2025-01-27,47.55344009399414,48.119998931884766,48.154998779296875,47.349998474121094,47.369998931884766,7305600
2025-01-28,48.353904724121094,48.93000030517578,49.064998626708984,47.775001525878906,48.30500030517578,4713000
2025-01-29,47.91908645629883,48.4900016784668,48.86000061035156,48.06999969482422,48.79999923706055,4072800
2025-01-30,48.41320037841797,48.9900016784668,49.244998931884766,48.310001373291016,48.83000183105469,6317200
2025-01-31,47.87461471557617,48.44499969482422,49.77000045776367,48.32500076293945,49.375,4699200
2025-02-03,47.22238540649414,47.78499984741211,48.189998626708984,46.625,46.96500015258789,7280000
2025-02-04,47.85485076904297,48.42499923706055,48.5,47.71500015258789,47.79499816894531,3254400
2025-02-05,48.23037338256836,48.80500030517578,48.834999084472656,47.90999984741211,48.23500061035156,2604000
2025-02-06,48.56143569946289,49.13999938964844,49.15999984741211,48.54499816894531,49.084999084472656,3444600
2025-02-07,47.65226745605469,48.220001220703125,49.415000915527344,48.11000061035156,49.209999084472656,4510600
2025-02-10,48.28472900390625,48.86000061035156,48.970001220703125,48.525001525878906,48.73500061035156,2016800
2025-02-11,48.33908462524414,48.915000915527344,49.02000045776367,48.470001220703125,48.48500061035156,1837400
2025-02-12,48.0426139831543,48.6150016784668,48.80500030517578,47.834999084472656,47.935001373291016,4392600
2025-02-13,49.045658111572266,49.630001068115234,49.665000915527344,48.58000183105469,48.78499984741211,7450600
2025-02-14,49.016014099121094,49.599998474121094,49.79999923706055,49.4900016784668,49.6349983215332,3615600
2025-02-18,49.2729606628418,49.86000061035156,49.8650016784668,49.3650016784668,49.775001525878906,3293600
2025-02-19,49.51506805419922,50.10499954223633,50.14500045776367,49.55500030517578,49.63999938964844,8643800
2025-02-20,49.09507751464844,49.68000030517578,49.880001068115234,49.130001068115234,49.869998931884766,3851000
2025-02-21,47.39532470703125,47.959999084472656,49.625,47.869998931884766,49.619998931884766,5301800
2025-02-24,46.9456901550293,47.505001068115234,48.43000030517578,47.38999938964844,48.26499938964844,11625000
2025-02-25,46.47133255004883,47.025001525878906,47.599998474121094,46.28499984741211,47.48500061035156,5163000
2025-02-26,46.4911003112793,47.04499816894531,47.86000061035156,46.64500045776367,47.29499816894531,4521400
2025-02-27,45.018646240234375,45.55500030517578,47.60499954223633,45.4900016784668,47.42499923706055,5008000
2025-02-28,46.38240051269531,46.935001373291016,47.03499984741211,45.125,45.61000061035156,4871600
2025-03-03,44.79134750366211,45.32500076293945,47.435001373291016,44.685001373291016,47.2599983215332,10618400
2025-03-04,43.69442367553711,44.21500015258789,45.525001525878906,43.494998931884766,44.665000915527344,6871200
2025-03-05,44.63323211669922,45.165000915527344,45.43000030517578,43.625,44.17499923706055,19684600
2025-03-06,43.057010650634766,43.56999969482422,44.70500183105469,43.13999938964844,43.974998474121094,6614000
2025-03-07,43.477012634277344,43.994998931884766,44.224998474121094,42.45000076293945,43.255001068115234,7943200
2025-03-10,41.17938232421875,41.66999816894531,43.02000045776367,40.88999938964844,42.72999954223633,7437200
2025-03-11,40.49750900268555,40.97999954223633,41.97999954223633,40.369998931884766,41.459999084472656,8951600
2025-03-12,40.90268325805664,41.38999938964844,42.0099983215332,40.619998931884766,41.869998931884766,6622400
2025-03-13,39.81068801879883,40.28499984741211,41.39500045776367,40.0099983215332,41.31999969482422,5627400
2025-03-14,41.416561126708984,41.90999984741211,42.060001373291016,40.86000061035156,40.93000030517578,5987200
2025-03-17,42.03914260864258,42.540000915527344,42.939998626708984,41.845001220703125,41.88999938964844,12023800
2025-03-18,41.14973449707031,41.63999938964844,42.22999954223633,41.34000015258789,42.20000076293945,4037400
2025-03-19,42.014434814453125,42.51499938964844,43.09000015258789,41.720001220703125,41.88999938964844,4943000
2025-03-20,41.80691146850586,42.30500030517578,43.025001525878906,41.84000015258789,41.939998626708984,5075600
2025-03-21,41.79702377319336,42.29499816894531,42.404998779296875,41.38999938964844,41.56999969482422,5570200
2025-03-24,43.26948547363281,43.78499984741211,43.94499969482422,43.209999084472656,43.30500030517578,5829400
2025-03-25,43.457244873046875,43.974998474121094,44.1349983215332,43.724998474121094,43.96500015258789,3258400
2025-03-26,42.450321197509766,42.875,44.01499938964844,42.64500045776367,43.869998931884766,4626600
2025-03-27,42.18794631958008,42.61000061035156,43.189998626708984,42.29999923706055,42.6349983215332,5754400
2025-03-28,40.49488830566406,40.900001525878906,42.470001220703125,40.79499816894531,42.35499954223633,5756200
2025-03-31,40.98003005981445,41.38999938964844,41.61000061035156,39.57500076293945,40.005001068115234,10132600
2025-04-01,41.24240493774414,41.654998779296875,41.935001373291016,40.56999969482422,41.119998931884766,6908800
2025-04-02,41.75230026245117,42.16999816894531,42.595001220703125,40.72999954223633,40.755001068115234,9364000
2025-04-03,37.77212142944336,38.150001525878906,39.689998626708984,38.040000915527344,39.27000045776367,10010600
2025-04-04,33.25233840942383,33.584999084472656,36.439998626708984,33.505001068115234,36.1349983215332,16705800
2025-04-07,33.118675231933594,33.45000076293945,35.89500045776367,30.420000076293945,31.389999389648438,23717400
2025-04-08,32.07907485961914,32.400001525878906,36.125,31.389999389648438,35.724998474121094,16782800
2025-04-09,38.093894958496094,38.474998474121094,38.834999084472656,31.899999618530273,31.950000762939453,32769200
2025-04-10,35.425594329833984,35.779998779296875,37.02000045776367,33.650001525878906,36.834999084472656,16187400
2025-04-11,36.638465881347656,37.005001068115234,37.36000061035156,35.130001068115234,35.53499984741211,8526800
2025-04-14,37.3513298034668,37.724998474121094,38.45000076293945,37.005001068115234,38.41999816894531,6363200
2025-04-15,37.1632080078125,37.53499984741211,38.290000915527344,37.415000915527344,37.80500030517578,5567200
2025-04-16,35.49985122680664,35.85499954223633,37.150001525878906,35.099998474121094,36.685001373291016,6858200
2025-04-17,35.569156646728516,35.92499923706055,36.57500076293945,35.58000183105469,36.08000183105469,5706200
2025-04-21,33.881046295166016,34.220001220703125,35.2599983215332,33.470001220703125,35.189998626708984,7094800
2025-04-22,35.593910217285156,35.95000076293945,36.25,34.904998779296875,35.03499984741211,8033600
2025-04-23,36.71766662597656,37.084999084472656,38.44499969482422,36.880001068115234,37.76499938964844,7827400
2025-04-24,38.24241638183594,38.625,38.7400016784668,37.084999084472656,37.25,5204600
2025-04-25,38.777069091796875,39.165000915527344,39.2400016784668,38.209999084472656,38.6349983215332,5776800
2025-04-28,38.82657241821289,39.21500015258789,39.584999084472656,38.380001068115234,39.290000915527344,4271200
2025-04-29,39.282012939453125,39.67499923706055,39.849998474121094,38.8849983215332,38.935001373291016,3080800
2025-04-30,39.29191970825195,39.685001373291016,39.994998931884766,37.849998474121094,38.71500015258789,5554000
2025-05-01,39.871124267578125,40.27000045776367,41.084999084472656,40.189998626708984,40.54999923706055,6503000
2025-05-02,41.014678955078125,41.42499923706055,41.685001373291016,40.814998626708984,41.16999816894531,4206400
2025-05-05,40.56913757324219,40.974998474121094,41.43000030517578,40.709999084472656,40.834999084472656,3008200
2025-05-06,39.8859748840332,40.28499984741211,40.939998626708984,40.01499938964844,40.15999984741211,3120400
2025-05-07,40.227561950683594,40.630001068115234,41.0,39.88999938964844,40.470001220703125,9438200
2025-05-08,40.75230407714844,41.15999984741211,41.93000030517578,40.70000076293945,41.20500183105469,4994800
2025-05-09,40.6384391784668,41.04499816894531,41.51499938964844,40.82500076293945,41.3650016784668,3393000
2025-05-12,43.30179977416992,43.73500061035156,43.75,42.89500045776367,43.540000915527344,5250600
2025-05-13,43.89091110229492,44.33000183105469,44.665000915527344,43.72999954223633,43.82500076293945,4961600
2025-05-14,43.980010986328125,44.41999816894531,44.64500045776367,44.125,44.474998474121094,4606400
2025-05-15,44.40575408935547,44.849998474121094,44.935001373291016,44.04999923706055,44.1150016784668,3401400
2025-05-16,44.955257415771484,45.404998779296875,45.45000076293945,44.66999816894531,44.959999084472656,3484600
2025-05-19,45.064170837402344,45.51499938964844,45.60499954223633,44.470001220703125,44.474998474121094,4438200
2025-05-20,44.72753143310547,45.17499923706055,45.369998931884766,44.69499969482422,45.224998474121094,3760600
2025-05-21,43.23249816894531,43.665000915527344,45.130001068115234,43.494998931884766,44.5,7427400
2025-05-22,43.23744201660156,43.66999816894531,44.20500183105469,43.42499923706055,43.61000061035156,5442400
2025-05-23,42.63843536376953,43.064998626708984,43.45500183105469,42.529998779296875,42.584999084472656,6035600
2025-05-27,44.39090347290039,44.834999084472656,44.86000061035156,43.83000183105469,44.084999084472656,4917200
2025-05-28,43.87605285644531,44.314998626708984,45.08000183105469,44.209999084472656,44.900001525878906,4353800
2025-05-29,44.202789306640625,44.64500045776367,45.130001068115234,44.05500030517578,45.11000061035156,4123800
2025-05-30,44.093875885009766,44.53499984741211,44.78499984741211,43.599998474121094,44.46500015258789,5676200
2025-06-02,44.574073791503906,45.02000045776367,45.040000915527344,43.880001068115234,44.279998779296875,3426200
2025-06-03,45.0938720703125,45.54499816894531,45.685001373291016,44.88999938964844,44.970001220703125,4417400
2025-06-04,45.04931640625,45.5,45.810001373291016,45.44499969482422,45.665000915527344,2083600
2025-06-05,44.5839729309082,45.029998779296875,45.96500015258789,44.744998931884766,45.76499938964844,4536400
2025-06-06,45.4948616027832,45.95000076293945,46.220001220703125,45.625,45.880001068115234,3101400
2025-06-09,45.564170837402344,46.02000045776367,46.275001525878906,45.8650016784668,46.040000915527344,3535000
2025-06-10,46.08892059326172,46.54999923706055,46.60499954223633,45.95000076293945,46.1150016784668,3618600
2025-06-11,45.826541900634766,46.28499984741211,46.849998474121094,45.96500015258789,46.709999084472656,4546800
2025-06-12,46.163177490234375,46.625,46.630001068115234,45.9900016784668,46.060001373291016,3678000
2025-06-13,45.11862564086914,45.56999969482422,46.31999969482422,45.345001220703125,45.80500030517578,7470800
2025-06-16,45.980003356933594,46.439998626708984,46.70500183105469,46.07500076293945,46.099998474121094,4284800
2025-06-17,45.18792724609375,45.63999938964844,46.279998779296875,45.52000045776367,46.04999923706055,3511000
2025-06-18,45.158226013183594,45.61000061035156,46.185001373291016,45.46500015258789,45.755001068115234,4436200
2025-06-20,44.91070556640625,45.36000061035156,46.165000915527344,45.154998779296875,45.994998931884766,4256200
2025-06-23,45.79188919067383,46.25,46.310001373291016,44.98500061035156,45.47999954223633,5676000
2025-06-24,46.80178451538086,47.27000045776367,47.435001373291016,46.755001068115234,46.89500045776367,4383800
2025-06-25,46.853878021240234,47.220001220703125,47.41999816894531,46.97999954223633,47.334999084472656,3109200
2025-06-26,47.58814239501953,47.959999084472656,48.0099983215332,47.40999984741211,47.5,2845000
2025-06-27,47.994964599609375,48.369998931884766,48.630001068115234,47.76499938964844,48.084999084472656,3852400
2025-06-30,48.48116683959961,48.86000061035156,49.064998626708984,48.41999816894531,48.779998779296875,4607800
2025-07-01,48.41666793823242,48.79499816894531,49.0,48.474998474121094,48.61000061035156,4896200
2025-07-02,48.85325622558594,49.23500061035156,49.244998931884766,48.650001525878906,48.7400016784668,2923000
2025-07-03,49.58256149291992,49.970001220703125,50.130001068115234,49.540000915527344,49.540000915527344,3015400
2025-07-07,48.873104095458984,49.255001068115234,49.76499938964844,48.790000915527344,49.665000915527344,3941200
2025-07-08,48.788761138916016,49.16999816894531,49.45500183105469,49.04999923706055,49.345001220703125,2868400
2025-07-09,49.364261627197266,49.75,49.8650016784668,49.2599983215332,49.54999923706055,3723800
2025-07-10,49.64705276489258,50.03499984741211,50.20000076293945,49.584999084472656,49.775001525878906,2116200
2025-07-11,49.26007843017578,49.64500045776367,49.849998474121094,49.33000183105469,49.52000045776367,2447600
2025-07-14,49.43372344970703,49.81999969482422,49.88999938964844,49.35499954223633,49.564998626708984,3272600
2025-07-15,48.997135162353516,49.380001068115234,50.30500030517578,49.380001068115234,50.2599983215332,5094800
2025-07-16,49.32953643798828,49.71500015258789,49.80500030517578,48.7400016784668,49.654998779296875,4619800
2025-07-17,49.93976974487305,50.33000183105469,50.380001068115234,49.724998474121094,49.7400016784668,2258200
2025-07-18,49.840545654296875,50.22999954223633,50.5099983215332,50.04999923706055,50.5,2863200
2025-07-21,50.019142150878906,50.40999984741211,50.85499954223633,50.334999084472656,50.40999984741211,2505400
2025-07-22,50.0290641784668,50.41999816894531,50.540000915527344,49.98500061035156,50.45000076293945,5568200
2025-07-23,50.867515563964844,51.26499938964844,51.26499938964844,50.54999923706055,50.845001220703125,3374000
2025-07-24,50.912166595458984,51.310001373291016,51.564998626708984,51.220001220703125,51.31999969482422,2293400
2025-07-25,51.294185638427734,51.69499969482422,51.78499984741211,51.34000015258789,51.3849983215332,8142600
2025-07-28,51.2644157409668,51.665000915527344,51.845001220703125,51.45000076293945,51.7599983215332,3046600
2025-07-29,50.98162841796875,51.380001068115234,51.935001373291016,51.2400016784668,51.89500045776367,3526000
2025-07-30,50.867515563964844,51.26499938964844,51.76499938964844,50.779998779296875,51.494998931884766,8596000
2025-07-31,50.4458122253418,50.84000015258789,52.11000061035156,50.64500045776367,52.04499816894531,4233000
2025-08-01,48.77387619018555,49.154998779296875,49.904998779296875,48.78499984741211,49.900001525878906,8160000
2025-08-04,50.242401123046875,50.6349983215332,50.650001525878906,49.775001525878906,49.78499984741211,5055200
2025-08-05,49.75123596191406,50.13999938964844,50.875,49.98500061035156,50.75,3340600
2025-08-06,50.48053741455078,50.875,51.0,50.154998779296875,50.290000915527344,3231200
2025-08-07,50.41108322143555,50.80500030517578,51.54999923706055,50.29499816894531,51.435001373291016,10660800
2025-08-08,51.150306701660156,51.54999923706055,51.63999938964844,51.029998779296875,51.07500076293945,2667400
2025-08-11,50.941932678222656,51.34000015258789,51.84000015258789,51.14500045776367,51.61000061035156,2599400
2025-08-12,52.02347946166992,52.43000030517578,52.459999084472656,51.4900016784668,51.724998474121094,2954400
2025-08-13,52.38069534301758,52.790000915527344,52.994998931884766,52.435001373291016,52.79499816894531,3049800
2025-08-14,52.38069534301758,52.790000915527344,52.89500045776367,52.369998931884766,52.439998626708984,5431000
2025-08-15,52.12270736694336,52.529998779296875,52.95000076293945,52.3650016784668,52.94499969482422,2626000
2025-08-18,52.07805633544922,52.48500061035156,52.584999084472656,52.30500030517578,52.41999816894531,3574400
2025-08-19,51.49263000488281,51.89500045776367,52.60499954223633,51.70000076293945,52.45000076293945,4963800
2025-08-20,51.214805603027344,51.6150016784668,51.8650016784668,50.78499984741211,51.82500076293945,10906400
2025-08-21,50.80302047729492,51.20000076293945,51.59000015258789,50.91999816894531,51.30500030517578,3669200
2025-08-22,52.32611846923828,52.73500061035156,52.939998626708984,51.45000076293945,51.529998779296875,6818200
2025-08-25,51.86968994140625,52.275001525878906,52.73500061035156,52.26499938964844,52.525001525878906,3091200
2025-08-26,52.286434173583984,52.69499969482422,52.7599983215332,52.125,52.220001220703125,2851600
2025-08-27,52.524574279785156,52.935001373291016,53.05500030517578,52.58000183105469,52.595001220703125,2783000
2025-08-28,52.87681579589844,53.290000915527344,53.38999938964844,52.720001220703125,53.03499984741211,2971400
2025-08-29,52.23185729980469,52.63999938964844,53.084999084472656,52.33000183105469,53.040000915527344,3477000
2025-09-02,51.44301986694336,51.845001220703125,51.869998931884766,50.970001220703125,51.38999938964844,5790800
2025-09-03,51.968910217285156,52.375,52.474998474121094,51.869998931884766,52.224998474121094,3694200
2025-09-04,52.827205657958984,53.2400016784668,53.26499938964844,52.34000015258789,52.505001068115234,2940000
2025-09-05,52.51960754394531,52.93000030517578,53.75,52.29999923706055,53.625,4443200
2025-09-08,52.76767349243164,53.18000030517578,53.349998474121094,52.939998626708984,53.15999984741211,3581000
2025-09-09,53.01076889038086,53.42499923706055,53.505001068115234,52.90999984741211,53.20000076293945,3173600
2025-09-10,53.31340408325195,53.72999954223633,54.099998474121094,53.459999084472656,53.96500015258789,3313200
2025-09-11,54.17665481567383,54.599998474121094,54.70500183105469,53.95000076293945,54.04499816894531,2927400
2025-09-12,54.11216354370117,54.53499984741211,54.83000183105469,54.470001220703125,54.584999084472656,5111200
2025-09-15,54.68766784667969,55.1150016784668,55.14500045776367,54.86000061035156,54.90999984741211,2478600
2025-09-16,54.52394485473633,54.95000076293945,55.255001068115234,54.83000183105469,55.19499969482422,2096600
2025-09-17,54.38503646850586,54.810001373291016,55.244998931884766,53.9900016784668,54.95500183105469,4051200
2025-09-18,54.9010009765625,55.33000183105469,55.755001068115234,54.994998931884766,55.25,2653600
2025-09-19,55.39216232299805,55.82500076293945,55.98500061035156,55.29499816894531,55.6150016784668,2456800
2025-09-22,55.918052673339844,56.35499954223633,56.43000030517578,55.564998626708984,55.564998626708984,2185800
2025-09-23,55.32766342163086,55.7599983215332,56.439998626708984,55.540000915527344,56.32500076293945,3591600
2025-09-24,54.9340705871582,55.27000045776367,55.85499954223633,55.04499816894531,55.84000015258789,3244200
2025-09-25,54.422203063964844,54.755001068115234,54.9900016784668,54.15999984741211,54.744998931884766,5159400
2025-09-26,55.018558502197266,55.35499954223633,55.45500183105469,54.72999954223633,54.98500061035156,3839200
2025-09-29,55.32170104980469,55.65999984741211,55.91999816894531,55.3650016784668,55.790000915527344,3190600
2025-09-30,55.724239349365234,56.064998626708984,56.154998779296875,55.314998626708984,55.529998779296875,3556600
2025-10-01,56.11683654785156,56.459999084472656,56.6150016784668,55.54999923706055,55.564998626708984,4304800
2025-10-02,56.21623229980469,56.560001373291016,56.79499816894531,56.165000915527344,56.779998779296875,2896400
2025-10-03,56.20132064819336,56.54499816894531,57.130001068115234,56.380001068115234,56.68000030517578,3601000
2025-10-06,56.58895492553711,56.935001373291016,57.084999084472656,56.584999084472656,56.939998626708984,2823600
2025-10-07,56.17150115966797,56.51499938964844,57.16999816894531,56.27000045776367,57.099998474121094,3913600
2025-10-08,56.8225212097168,57.16999816894531,57.189998626708984,56.564998626708984,56.689998626708984,2768400
2025-10-09,56.489559173583984,56.834999084472656,57.30500030517578,56.5099983215332,57.2400016784668,4103200
2025-10-10,53.418338775634766,53.744998931884766,57.275001525878906,53.70000076293945,56.97999954223633,9195200
2025-10-13,55.038429260253906,55.375,55.6349983215332,54.845001220703125,54.97999954223633,5010400
2025-10-14,54.89928436279297,55.23500061035156,55.83000183105469,53.72999954223633,54.38999938964844,5524600
2025-10-15,55.3614616394043,55.70000076293945,56.55500030517578,54.67499923706055,55.97999954223633,12724600
2025-10-16,54.62098693847656,54.95500183105469,56.29499816894531,54.3650016784668,55.98500061035156,8218800
2025-10-17,55.19746017456055,55.53499984741211,55.76499938964844,54.5099983215332,54.72999954223633,7309600
2025-10-20,56.35041046142578,56.69499969482422,56.845001220703125,56.025001525878906,56.029998779296875,9536200
2025-10-21,56.3255615234375,56.66999816894531,56.970001220703125,56.48500061035156,56.71500015258789,3892600
2025-10-22,55.754058837890625,56.095001220703125,56.79499816894531,55.334999084472656,56.79499816894531,6843400
2025-10-23,56.365318298339844,56.709999084472656,56.900001525878906,56.08000183105469,56.125,3618600
2025-10-24,57.2697868347168,57.619998931884766,57.849998474121094,57.3849983215332,57.51499938964844,4459600
2025-10-27,58.626495361328125,58.98500061035156,59.04499816894531,58.470001220703125,58.584999084472656,4691800
2025-10-28,58.92963790893555,59.290000915527344,59.619998931884766,58.91999816894531,59.29499816894531,4437800
2025-10-29,58.96442794799805,59.32500076293945,59.744998931884766,58.564998626708984,59.56999969482422,8832400
2025-10-30,57.69717025756836,58.04999923706055,59.09000015258789,58.040000915527344,58.7400016784668,6866200
2025-10-31,58.02517318725586,58.380001068115234,58.904998779296875,57.915000915527344,58.900001525878906,9027200
2025-11-03,58.25874328613281,58.6150016784668,59.02000045776367,58.029998779296875,59.005001068115234,4125200
2025-11-04,56.88215637207031,57.22999954223633,58.0,57.084999084472656,57.345001220703125,5679800
2025-11-05,57.21512222290039,57.564998626708984,58.14500045776367,57.005001068115234,57.150001525878906,4305400
2025-11-06,55.977691650390625,56.31999969482422,57.54499816894531,56.06999969482422,57.38999938964844,7609600
2025-11-07,56.07211685180664,56.415000915527344,56.44499969482422,54.790000915527344,55.91999816894531,10488000
2025-11-10,57.8065071105957,58.15999984741211,58.29499816894531,57.095001220703125,57.474998474121094,5290600
2025-11-11,58.06989669799805,58.42499923706055,58.53499984741211,57.720001220703125,57.90999984741211,3299400
2025-11-12,58.12953186035156,58.48500061035156,58.7599983215332,58.08000183105469,58.75,3320200
2025-11-13,56.20132064819336,56.54499816894531,58.04999923706055,56.28499984741211,57.9900016784668,6733200
2025-11-14,56.15163040161133,56.494998931884766,57.125,55.040000915527344,55.39500045776367,9934000
2025-11-17,55.09807586669922,55.435001373291016,56.790000915527344,54.849998474121094,56.1150016784668,14279000
2025-11-18,54.17372512817383,54.505001068115234,55.33000183105469,53.79999923706055,54.810001373291016,15860000
2025-11-19,54.56135177612305,54.89500045776367,55.689998626708984,54.26499938964844,54.599998474121094,7387800
2025-11-20,52.886592864990234,53.209999084472656,57.040000915527344,53.119998931884766,56.599998474121094,5442400
2025-11-21,53.930213928222656,54.2599983215332,55.15999984741211,52.91999816894531,53.58000183105469,6211600
2025-11-24,55.520484924316406,55.86000061035156,56.08000183105469,54.68000030517578,54.86000061035156,3680000
2025-11-25,56.554168701171875,56.900001525878906,57.099998474121094,55.130001068115234,55.83000183105469,6729500
2025-11-26,57.29961013793945,57.650001525878906,58.0,57.16999816894531,57.33000183105469,3081300
2025-11-28,57.9058952331543,58.2599983215332,58.310001373291016,57.790000915527344,57.849998474121094,1850700
2025-12-01,57.379119873046875,57.72999954223633,58.189998626708984,57.470001220703125,57.47999954223633,3077500
2025-12-02,57.577903747558594,57.93000030517578,58.31999969482422,57.560001373291016,57.9900016784668,2328000
2025-12-03,57.955596923828125,58.310001373291016,58.4900016784668,57.61000061035156,57.77000045776367,2359000
2025-12-04,58.054988861083984,58.40999984741211,58.58000183105469,57.88999938964844,58.54999923706055,2570100
2025-12-05,58.22395324707031,58.58000183105469,59.060001373291016,58.400001525878906,58.560001373291016,2342300
2025-12-08,57.87607955932617,58.22999954223633,58.75,57.880001068115234,58.7400016784668,2219700
2025-12-09,57.786624908447266,58.13999938964844,58.52000045776367,58.04999923706055,58.150001525878906,2390100
2025-12-10,58.51219177246094,58.869998931884766,59.119998931884766,57.83000183105469,58.029998779296875,2710400
2025-12-11,58.79049301147461,59.150001525878906,59.15999984741211,57.959999084472656,58.459999084472656,2818400
2025-12-12,57.48844909667969,57.84000015258789,59.08000183105469,57.40999984741211,58.97999954223633,3545300
2025-12-15,57.319480895996094,57.66999816894531,58.52000045776367,57.41999816894531,58.52000045776367,3109300
2025-12-16,56.99148941040039,57.34000015258789,57.720001220703125,56.689998626708984,57.40999984741211,3512700
2025-12-17,55.71927261352539,56.060001373291016,57.59000015258789,56.040000915527344,57.5,3976300
2025-12-18,56.554168701171875,56.900001525878906,57.61000061035156,56.63999938964844,57.08000183105469,3251300
2025-12-19,57.55802536010742,57.90999984741211,57.9900016784668,57.22999954223633,57.2599983215332,2546400
2025-12-22,58.273651123046875,58.630001068115234,58.72999954223633,58.27000045776367,58.47999954223633,5741200
2025-12-23,58.77061080932617,59.130001068115234,59.189998626708984,58.45000076293945,58.459999084472656,2262600
2025-12-24,59.17493438720703,59.41999816894531,59.5099983215332,59.0,59.02000045776367,1460800
2025-12-26,59.135101318359375,59.380001068115234,59.619998931884766,59.209999084472656,59.45000076293945,1758800
2025-12-29,58.716835021972656,58.959999084472656,59.20000076293945,58.650001525878906,58.900001525878906,3097700
2025-12-30,58.557491302490234,58.79999923706055,59.08000183105469,58.7400016784668,58.88999938964844,1709700
2025-12-31,57.68111801147461,57.91999816894531,58.849998474121094,57.880001068115234,58.83000183105469,2623000
2026-01-02,57.86037826538086,58.099998474121094,58.7400016784668,57.540000915527344,58.540000915527344,5051200
2026-01-05,58.63716506958008,58.880001068115234,59.16999816894531,58.650001525878906,58.66999816894531,3408800
2026-01-06,59.324317932128906,59.56999969482422,59.650001525878906,58.869998931884766,58.88999938964844,7080800
2026-01-07,58.93592834472656,59.18000030517578,59.93000030517578,59.119998931884766,59.619998931884766,2058800
2026-01-08,58.886131286621094,59.130001068115234,59.33000183105469,58.79999923706055,59.040000915527344,2593900
2026-01-09,59.652957916259766,59.900001525878906,60.119998931884766,59.08000183105469,59.310001373291016,7065700
2026-01-12,59.83221435546875,60.08000183105469,60.2400016784668,59.310001373291016,59.310001373291016,2469300
2026-01-13,59.57328796386719,59.81999969482422,60.22999954223633,59.41999816894531,60.15999984741211,2606800
2026-01-14,59.015594482421875,59.2599983215332,59.470001220703125,58.52000045776367,59.349998474121094,4292500
2026-01-15,59.2944450378418,59.540000915527344,60.099998474121094,59.380001068115234,59.959999084472656,3008100
2026-01-16,59.17493438720703,59.41999816894531,59.869998931884766,59.15999984741211,59.779998779296875,2437000
2026-01-20,56.75495910644531,56.9900016784668,58.220001220703125,56.81999969482422,57.66999816894531,7592200
2026-01-21,58.039634704589844,58.279998779296875,58.86000061035156,57.08000183105469,57.31999969482422,5194800
2026-01-22,58.63716506958008,58.880001068115234,59.2599983215332,58.560001373291016,59.040000915527344,3088800
2026-01-23,58.657081604003906,58.900001525878906,59.209999084472656,58.560001373291016,58.7400016784668,3182700
2026-01-26,59.264564514160156,59.5099983215332,59.7400016784668,59.040000915527344,59.119998931884766,2695600
2026-01-27,59.74258804321289,59.9900016784668,60.150001525878906,59.650001525878906,59.75,1899500
2026-01-28,59.70275115966797,59.95000076293945,60.369998931884766,59.70000076293945,60.2400016784668,2895500
2026-01-29,59.43386459350586,59.68000030517578,60.209999084472656,58.119998931884766,60.099998474121094,3578200
2026-01-30,59.045475006103516,59.290000915527344,59.709999084472656,58.4900016784668,59.290000915527344,9207800
2026-02-02,59.66291427612305,59.90999984741211,60.15999984741211,58.869998931884766,58.900001525878906,4491100
2026-02-03,58.62720489501953,58.869998931884766,60.16999816894531,57.939998626708984,60.04999923706055,4662200
2026-02-04,58.039634704589844,58.279998779296875,59.20000076293945,57.540000915527344,58.9900016784668,6937100
2026-02-05,56.57570266723633,56.810001373291016,57.84000015258789,56.529998779296875,57.380001068115234,6982300
2026-02-06,58.766624450683594,59.0099983215332,59.279998779296875,57.36000061035156,57.439998626708984,6016000
2026-02-09,59.284481048583984,59.529998779296875,59.880001068115234,58.59000015258789,58.779998779296875,7456300
2026-02-10,58.97576141357422,59.220001220703125,59.97999954223633,59.119998931884766,59.720001220703125,3159900
2026-02-11,58.94588088989258,59.189998626708984,60.06999969482422,58.709999084472656,59.95000076293945,3942500
2026-02-12,57.12343215942383,57.36000061035156,59.7599983215332,57.20000076293945,59.58000183105469,5226700
2026-02-13,57.13338851928711,57.369998931884766,58.15999984741211,56.689998626708984,57.38999938964844,5821200
2026-02-17,57.312644958496094,57.54999923706055,57.90999984741211,56.380001068115234,57.099998474121094,11188600
2026-02-18,57.890254974365234,58.130001068115234,58.630001068115234,57.56999969482422,57.77000045776367,2884700
2026-02-19,57.58153533935547,57.81999969482422,58.11000061035156,57.34000015258789,57.720001220703125,2769200
2026-02-20,58.39815139770508,58.63999938964844,58.72999954223633,57.349998474121094,57.41999816894531,4356100
2026-02-23,57.19314193725586,57.43000030517578,58.70000076293945,57.09000015258789,58.349998474121094,5528600
2026-02-24,58.02967834472656,58.27000045776367,58.40999984741211,57.02000045776367,57.33000183105469,2422800
2026-02-25,58.97576141357422,59.220001220703125,59.31999969482422,58.720001220703125,58.720001220703125,2257500
2026-02-26,58.318485260009766,58.560001373291016,59.27000045776367,57.72999954223633,59.27000045776367,3623000
2026-02-27,57.770748138427734,58.0099983215332,58.11000061035156,57.2400016784668,57.47999954223633,3764600
2026-03-02,57.79066848754883,58.029998779296875,58.40999984741211,56.619998931884766,56.720001220703125,4687600
2026-03-03,56.764915466308594,57.0,57.38999938964844,55.20000076293945,56.119998931884766,6507400
2026-03-04,57.57157897949219,57.810001373291016,58.130001068115234,56.880001068115234,57.220001220703125,4768300
2026-03-05,56.924259185791016,57.15999984741211,57.86000061035156,56.189998626708984,57.2599983215332,6349000
2026-03-06,55.39060592651367,55.619998931884766,56.25,55.18000030517578,55.79999923706055,5087200
2026-03-09,56.3665657043457,56.599998474121094,56.86000061035156,53.959999084472656,54.619998931884766,7107200
2026-03-10,56.137516021728516,56.369998931884766,57.43000030517578,56.0,56.4900016784668,5858900
2026-03-11,56.01801300048828,56.25,56.869998931884766,55.75,56.470001220703125,3132800
2026-03-12,54.28518295288086,54.5099983215332,55.459999084472656,54.5,55.36000061035156,4561100
2026-03-13,53.65778732299805,53.880001068115234,55.529998779296875,53.7400016784668,55.029998779296875,3980000
2026-03-16,54.72337341308594,54.95000076293945,55.459999084472656,54.66999816894531,54.849998474121094,3009600
2026-03-17,55.02213668823242,55.25,55.849998474121094,55.130001068115234,55.5099983215332,1877000
2026-03-18,53.50840377807617,53.72999954223633,55.060001373291016,53.68000030517578,54.849998474121094,4096800
2026-03-19,53.19968032836914,53.41999816894531,53.91999816894531,52.68000030517578,52.959999084472656,4910400
2026-03-20,51.646114349365234,51.86000061035156,53.189998626708984,51.2599983215332,53.16999816894531,5682000
2026-03-23,52.7415771484375,52.959999084472656,54.11000061035156,52.72999954223633,53.36000061035156,20106000
2026-03-24,52.373104095458984,52.59000015258789,53.209999084472656,52.060001373291016,52.310001373291016,4952300
2026-03-25,52.93600082397461,53.040000915527344,53.70000076293945,52.63999938964844,53.34000015258789,3281900
2026-03-26,51.05968475341797,51.15999984741211,52.720001220703125,51.11000061035156,52.2599983215332,4281200
2026-03-27,49.28317642211914,49.380001068115234,50.75,49.2400016784668,50.72999954223633,5417800
2026-03-30,48.963802337646484,49.060001373291016,50.349998474121094,48.630001068115234,50.29999923706055,6903900
2026-03-31,51.77827453613281,51.880001068115234,52.06999969482422,49.97999954223633,50.119998931884766,8139500
2026-04-01,52.5467643737793,52.650001525878906,53.189998626708984,52.310001373291016,52.45000076293945,5837500
2026-04-02,52.63658905029297,52.7400016784668,53.060001373291016,51.0099983215332,51.220001220703125,4570400
2026-04-06,53.11564636230469,53.220001220703125,53.34000015258789,52.66999816894531,52.720001220703125,3188100
2026-04-07,53.14558792114258,53.25,53.310001373291016,51.939998626708984,52.849998474121094,5841400
2026-04-08,55.8303108215332,55.939998626708984,56.13999938964844,55.22999954223633,56.02000045776367,4265200
2026-04-09,56.47903823852539,56.59000015258789,56.810001373291016,55.59000015258789,55.779998779296875,3048700
2026-04-10,56.3692512512207,56.47999954223633,56.93000030517578,56.34000015258789,56.79999923706055,2051400
2026-04-13,57.467098236083984,57.58000183105469,57.630001068115234,56.02000045776367,56.13999938964844,2733900
2026-04-14,58.874332427978516,58.9900016784668,59.02000045776367,57.849998474121094,57.869998931884766,15381500
2026-04-15,59.78254699707031,59.900001525878906,59.970001220703125,58.959999084472656,59.130001068115234,3194100
2026-04-16,60.0620002746582,60.18000030517578,60.38999938964844,59.66999816894531,60.09000015258789,4842700
2026-04-17,61.49917221069336,61.619998931884766,62.02000045776367,60.900001525878906,60.939998626708984,5341500
2026-04-20,61.249664306640625,61.369998931884766,61.58000183105469,60.93000030517578,61.380001068115234,4298000
2026-04-21,60.46121597290039,60.58000183105469,61.810001373291016,60.31999969482422,61.630001068115234,4388900
2026-04-22,61.65885925292969,61.779998779296875,61.83000183105469,61.279998779296875,61.45000076293945,2761900
2026-04-23,61.18978500366211,61.310001373291016,61.970001220703125,60.22999954223633,61.4900016784668,4884300
2026-04-24,62.088016510009766,62.209999084472656,62.310001373291016,61.369998931884766,61.66999816894531,3979900
2026-04-27,62.297603607177734,62.41999816894531,62.4900016784668,61.91999816894531,62.06999969482422,2426200
2026-04-28,61.6788215637207,61.79999923706055,62.0099983215332,61.380001068115234,61.83000183105469,2326700
2026-04-29,61.66884231567383,61.790000915527344,61.869998931884766,61.220001220703125,61.66999816894531,5380500
2026-04-30,62.8365478515625,62.959999084472656,63.20000076293945,61.56999969482422,62.310001373291016,5831500
2026-05-01,63.18586349487305,63.310001373291016,64.05999755859375,63.290000915527344,63.43000030517578,3178400
2026-05-04,62.73674392700195,62.86000061035156,63.560001373291016,62.31999969482422,63.209999084472656,4701000
2026-05-05,63.70484161376953,63.83000183105469,64.06999969482422,63.459999084472656,63.5,2732900
2026-05-06,65.48135375976562,65.61000061035156,65.73999786376953,64.55000305175781,64.5999984741211,4508200
2026-05-07,65.05219268798828,65.18000030517578,66.0,64.87999725341797,65.83000183105469,4662400
2026-05-08,66.09015655517578,66.22000122070312,66.33000183105469,65.72000122070312,65.7699966430664,2245100
2026-05-11,66.37958526611328,66.51000213623047,66.80000305175781,66.0199966430664,66.04000091552734,2521600
2026-05-12,66.19994354248047,66.33000183105469,66.44000244140625,65.18000030517578,66.11000061035156,4867200
2026-05-13,66.92850494384766,67.05999755859375,67.33999633789062,65.83999633789062,66.37000274658203,2142700
2026-05-14,67.96646881103516,68.0999984741211,68.3499984741211,67.29000091552734,67.30000305175781,2854700
2026-05-15,66.29974365234375,66.43000030517578,67.20999908447266,66.2300033569336,66.94000244140625,3008600
2026-05-18,66.17997741699219,66.30999755859375,66.83000183105469,65.4000015258789,66.55000305175781,4181600
2026-05-19,65.32166290283203,65.44999694824219,66.13999938964844,65.04000091552734,65.63999938964844,2844800
2026-05-20,66.6590347290039,66.79000091552734,66.87999725341797,65.47000122070312,65.7699966430664,3452500
2026-05-21,66.89856719970703,67.02999877929688,67.41000366210938,66.01000213623047,66.27999877929688,3046000
2026-05-22,67.37762451171875,67.51000213623047,68.12000274658203,67.31999969482422,67.62000274658203,3476100
2026-05-26,68.25589752197266,68.38999938964844,68.68000030517578,68.01000213623047,68.30999755859375,2294500
2026-05-27,68.24591827392578,68.37999725341797,68.54000091552734,67.95999908447266,68.44999694824219,2077500
2026-05-28,68.9844741821289,69.12000274658203,69.22000122070312,68.13999938964844,68.33000183105469,2336600
2026-05-29,69.30384063720703,69.44000244140625,69.72000122070312,69.11000061035156,69.31999969482422,2882800
2026-06-01,69.64317321777344,69.77999877929688,70.12000274658203,69.0999984741211,69.25,3188300
2026-06-02,69.83280181884766,69.97000122070312,70.12999725341797,69.45999908447266,69.51000213623047,4278600
2026-06-03,68.85472106933594,68.98999786376953,69.81999969482422,68.87000274658203,69.70999908447266,2628600
2026-06-04,69.33378601074219,69.47000122070312,69.72000122070312,68.47000122070312,68.56999969482422,2448200
2026-06-05,65.7308578491211,65.86000061035156,68.66999816894531,65.5,68.58999633789062,5947000
2026-06-08,66.04025268554688,66.16999816894531,67.26000213623047,66.0,66.88999938964844,3807400
2026-06-09,65.66099548339844,65.79000091552734,67.52999877929688,63.16999816894531,66.94000244140625,5918000
2026-06-10,63.5451545715332,63.66999816894531,65.98999786376953,63.66999816894531,65.08999633789062,3505100
2026-06-11,65.70092010498047,65.83000183105469,66.2300033569336,63.5,64.23999786376953,11030800
2026-06-12,66.37958526611328,66.51000213623047,66.98999786376953,65.31999969482422,66.31999969482422,5867600
2026-06-15,68.68505859375,68.81999969482422,69.19000244140625,68.30999755859375,68.31999969482422,3292600
2026-06-16,67.90658569335938,68.04000091552734,68.94999694824219,67.94999694824219,68.80000305175781,3397700
2026-06-17,66.21990203857422,66.3499984741211,68.3499984741211,66.01000213623047,68.19000244140625,3511500
2026-06-18,67.47743225097656,67.61000061035156,67.91999816894531,67.13999938964844,67.83999633789062,2254700
2026-06-22,67.06822967529297,67.19999694824219,68.26000213623047,66.98999786376953,67.81999969482422,2684500
2026-06-23,65.1520004272461,65.27999877929688,66.3499984741211,65.02999877929688,65.27999877929688,2902800
2026-06-24,65.05999755859375,65.05999755859375,66.26000213623047,64.6500015258789,65.4000015258789,3018700
2026-06-25,65.05000305175781,65.05000305175781,66.12999725341797,64.41999816894531,66.05000305175781,3154300
2026-06-26,64.41999816894531,64.41999816894531,65.61000061035156,63.900001525878906,64.26000213623047,2752600
2026-06-29,66.3499984741211,66.3499984741211,66.47000122070312,64.81999969482422,65.58000183105469,5573000
2026-06-30,67.37999725341797,67.37999725341797,67.62999725341797,66.37000274658203,66.43000030517578,2605300
2026-07-01,67.20999908447266,67.20999908447266,67.87999725341797,66.5999984741211,67.08999633789062,2885300
2026-07-02,67.0,67.0,68.16999816894531,66.13999938964844,67.44999694824219,3202600
2026-07-06,68.16000366210938,68.16000366210938,68.3499984741211,67.45999908447266,67.66999816894531,2622200
2026-07-07,67.48999786376953,67.48999786376953,68.08999633789062,67.05000305175781,67.94999694824219,2923700
2026-07-08,67.02999877929688,67.02999877929688,67.19000244140625,66.0,66.66999816894531,4333800
2026-07-09,68.16999816894531,68.16999816894531,68.2300033569336,67.0999984741211,67.38999938964844,1879000
2026-07-10,68.72000122070312,68.72000122070312,68.83000183105469,67.5199966430664,68.2300033569336,2343300
2026-07-13,67.66999816894531,67.66999816894531,68.55000305175781,67.47000122070312,68.30000305175781,3944700
2026-07-14,68.1500015258789,68.1500015258789,68.43000030517578,67.5999984741211,67.97000122070312,3751800
2026-07-15,68.66000366210938,68.66000366210938,68.80999755859375,67.86000061035156,68.56999969482422,2687900
2026-07-16,67.94999694824219,67.94999694824219,68.62999725341797,67.41999816894531,68.29000091552734,2517500
2026-07-17,66.5199966430664,66.5199966430664,67.27999877929688,66.11000061035156,66.30999755859375,2792500
2026-07-20,66.33000183105469,66.33000183105469,67.51000213623047,66.2300033569336,67.19000244140625,2588600
2026-07-21,67.44000244140625,67.44000244140625,67.55999755859375,66.69000244140625,67.05999755859375,1766000
2026-07-22,67.2699966430664,67.2699966430664,67.7300033569336,67.06999969482422,67.12999725341797,2121900
2026-07-23,65.61000061035156,65.61000061035156,66.37999725341797,65.05000305175781,65.79000091552734,2503300
2026-07-24,65.66999816894531,65.66999816894531,66.54000091552734,65.4000015258789,65.5999984741211,2466400
2026-07-27,65.69999694824219,65.69999694824219,66.8499984741211,65.1500015258789,66.75,2989400
2026-07-28,65.9800033569336,65.9800033569336,66.3499984741211,65.16000366210938,65.72000122070312,2406000
2026-07-29,64.01000213623047,64.01000213623047,66.33000183105469,63.90999984741211,65.83999633789062,3809100
2026-07-30,66.0999984741211,66.0999984741211,66.2300033569336,64.87000274658203,65.0999984741211,2829800
2026-07-31,66.98999786376953,66.98999786376953,67.36000061035156,65.36000061035156,66.62999725341797,3527500
2026-08-03,68.94000244140625,68.94000244140625,69.08999633789062,67.4000015258789,67.44000244140625,3592900
2026-08-04,71.38999938964844,71.38999938964844,71.79000091552734,69.44999694824219,69.45999908447266,4986200
2026-08-05,71.12000274658203,71.12000274658203,72.41999816894531,71.05999755859375,72.23999786376953,3441100
2026-08-06,70.87999725341797,70.87999725341797,71.4800033569336,70.68000030517578,71.16999816894531,2070600
