Price,Adj Close,Close,High,Low,Open,Volume
Ticker,TQQQ,TQQQ,TQQQ,TQQQ,TQQQ,TQQQ
Date,,,,,,
2010-02-11,0.20558196306228638,0.21627600491046906,0.21744799613952637,0.20278599858283997,0.20343799889087677,6912000
2010-02-12,0.20642314851284027,0.21716099977493286,0.21903599798679352,0.2091670036315918,0.21039099991321564,17203200
2010-02-16,0.21441923081874847,0.22557300329208374,0.22609399259090424,0.21877600252628326,0.22226600348949432,19238400
2010-02-17,0.21805797517299652,0.22940100729465485,0.22945299744606018,0.2251559942960739,0.22859400510787964,38361600
2010-02-18,0.2221919149160385,0.23375000059604645,0.23512999713420868,0.22778600454330444,0.22916699945926666,77721600
2010-02-19,0.2221919149160385,0.23375000059604645,0.2367970049381256,0.2303909957408905,0.2321610003709793,92966400
2010-02-22,0.22063207626342773,0.23210899531841278,0.2365099936723709,0.22947899997234344,0.2365099936723709,50995200
2010-02-23,0.21201811730861664,0.22304700314998627,0.23208299279212952,0.21997399628162384,0.2308329939842224,82252800
2010-02-24,0.21842963993549347,0.22979199886322021,0.23242199420928955,0.2257550060749054,0.22697900235652924,70617600
2010-02-25,0.21830511093139648,0.2296610027551651,0.23122400045394897,0.21799500286579132,0.22244800627231598,91238400
2010-02-26,0.22102844715118408,0.2325260043144226,0.2334900051355362,0.22671900689601898,0.22898399829864502,57600000
2010-03-01,0.23050928115844727,0.24250000715255737,0.24348999559879303,0.2354689985513687,0.2354689985513687,28454400
2010-03-02,0.23189517855644226,0.2439579963684082,0.24921900033950806,0.2433069944381714,0.24463500082492828,48422400
2010-03-03,0.23318319022655487,0.24531300365924835,0.2488279938697815,0.24294300377368927,0.24669300019741058,47961600
2010-03-04,0.2357572764158249,0.24802100658416748,0.24835899472236633,0.24234400689601898,0.2461719959974289,29452800
2010-03-05,0.24617819488048553,0.2589839994907379,0.26012998819351196,0.25195300579071045,0.2533070147037506,26880000
2010-03-08,0.24749097228050232,0.26036500930786133,0.2622399926185608,0.2592189908027649,0.2592189908027649,25344000
2010-03-09,0.2518720030784607,0.2649739980697632,0.2690359950065613,0.25872400403022766,0.2589319944381714,46425600
2010-03-10,0.2580353915691376,0.2714579999446869,0.2730729877948761,0.26515600085258484,0.2653389871120453,40089600
2010-03-11,0.26041173934936523,0.2739579975605011,0.27434900403022766,0.26802098751068115,0.2698180079460144,53913600
2010-03-12,0.2610059380531311,0.27458301186561584,0.276978999376297,0.2714320123195648,0.276978999376297,36134400
2010-03-15,0.259248286485672,0.27273398637771606,0.2746089994907379,0.26692700386047363,0.2727600038051605,42393600
2010-03-16,0.2641504108905792,0.27789101004600525,0.2786720097064972,0.2725520133972168,0.2754170000553131,46579200
2010-03-17,0.2659820020198822,0.27981799840927124,0.2837759852409363,0.2775000035762787,0.2786720097064972,39820800
2010-03-18,0.268679678440094,0.2826560139656067,0.2835420072078705,0.27893200516700745,0.28078100085258484,52185600
2010-03-19,0.2639269232749939,0.2776559889316559,0.2857550084590912,0.2746880054473877,0.2776559889316559,40051200
2010-03-22,0.2710561156272888,0.2851560115814209,0.2884899973869324,0.2733590006828308,0.2744010090827942,58790400
2010-03-23,0.276725172996521,0.2911199927330017,0.29174500703811646,0.2826560139656067,0.28710898756980896,55334400
2010-03-24,0.2727888822555542,0.28697898983955383,0.28968799114227295,0.2851560115814209,0.2890630066394806,89241600
2010-03-25,0.2710808217525482,0.28518199920654297,0.29705700278282166,0.2849479913711548,0.29398399591445923,93926400
2010-03-26,0.272492378950119,0.28666698932647705,0.2921609878540039,0.28216099739074707,0.28924500942230225,84288000
2010-03-29,0.2762299180030823,0.29059898853302,0.2935679852962494,0.2884640097618103,0.2909899950027466,38054400
2010-03-30,0.27912628650665283,0.2936460077762604,0.29617199301719666,0.2876819968223572,0.29299500584602356,39897600
2010-03-31,0.275363951921463,0.28968799114227295,0.29427099227905273,0.2876819968223572,0.2903650104999542,59558400
2010-04-01,0.27481934428215027,0.2891150116920471,0.29851600527763367,0.28262999653816223,0.29291701316833496,116620800
2010-04-05,0.2827649414539337,0.2974739968776703,0.299219012260437,0.2890630066394806,0.29122400283813477,67584000
2010-04-06,0.28491899371147156,0.2997399866580963,0.30244800448417664,0.2933329939842224,0.29520800709724426,58713600
2010-04-07,0.283309668302536,0.2980470061302185,0.3019790053367615,0.292838990688324,0.2987239956855774,106252800
2010-04-08,0.28432485461235046,0.29911500215530396,0.3008590042591095,0.2905209958553314,0.2950260043144226,69657600
2010-04-09,0.28944841027259827,0.30450499057769775,0.30523398518562317,0.29778599739074707,0.3001039922237396,58099200
2010-04-12,0.2906118631362915,0.3057290017604828,0.3080730140209198,0.30354198813438416,0.30554699897766113,48806400
2010-04-13,0.29499390721321106,0.3103390038013458,0.31083300709724426,0.3019790053367615,0.3047400116920471,67238400
2010-04-14,0.30539005994796753,0.3212760090827942,0.32153600454330444,0.3141149878501892,0.314765989780426,61094400
2010-04-15,0.3094745874404907,0.32557299733161926,0.32677099108695984,0.32065099477767944,0.32093799114227295,45772800
2010-04-16,0.2984585762023926,0.3139840066432953,0.32528600096702576,0.3079429864883423,0.32213500142097473,129484800
2010-04-19,0.2979891002178192,0.31349000334739685,0.31635400652885437,0.30208298563957214,0.31104201078414917,112742400
2010-04-20,0.302394837141037,0.31812500953674316,0.3203130066394806,0.31239598989486694,0.31835898756980896,56102400
2010-04-21,0.30771705508232117,0.32372400164604187,0.32648399472236633,0.31770798563957214,0.3245829939842224,83980800
2010-04-22,0.3122720718383789,0.32851600646972656,0.3296090066432953,0.3089059889316559,0.3142710030078888,122841600
2010-04-23,0.3164060711860657,0.33286499977111816,0.33390599489212036,0.3249480128288269,0.32882800698280334,82368000
2010-04-26,0.31405436992645264,0.330390989780426,0.33559900522232056,0.3287760019302368,0.33309900760650635,80524800
2010-04-27,0.2946716845035553,0.3100000023841858,0.33067700266838074,0.30729201436042786,0.32718798518180847,133747200
2010-04-28,0.2953645884990692,0.3107289969921112,0.3150779902935028,0.3032029867172241,0.314765989780426,125068800
2010-04-29,0.31044042110443115,0.3265889883041382,0.32815098762512207,0.3150259852409363,0.31505200266838074,84748800
2010-04-30,0.2921469509601593,0.307343989610672,0.32763001322746277,0.3065359890460968,0.32609400153160095,88512000
2010-05-03,0.3040783405303955,0.31989601254463196,0.3245309889316559,0.31085899472236633,0.3109380006790161,52608000
2010-05-04,0.2771957218647003,0.29161500930786133,0.30781298875808716,0.2846609950065613,0.3077859878540039,137241600
2010-05-05,0.2726407051086426,0.28682300448417664,0.2919529974460602,0.27708300948143005,0.28247401118278503,138508800
2010-05-06,0.24593102931976318,0.25872400403022766,0.2890099883079529,0.17708300054073334,0.28091099858283997,217804800
2010-05-07,0.22803403437137604,0.2398959994316101,0.2612760066986084,0.22320300340652466,0.25187501311302185,248256000
2010-05-10,0.2620457708835602,0.27567699551582336,0.27648401260375977,0.2686980068683624,0.2701820135116577,189273600
2010-05-11,0.26187270879745483,0.2754949927330017,0.28645798563957214,0.26632800698280334,0.267890989780426,147033600
2010-05-12,0.2759828269481659,0.29033899307250977,0.29093798995018005,0.2782289981842041,0.2792710065841675,108556800
2010-05-13,0.26350677013397217,0.277213990688324,0.29359400272369385,0.27546900510787964,0.28755199909210205,105561600
2010-05-14,0.24729225039482117,0.2601560056209564,0.270781010389328,0.25130200386047363,0.2704170048236847,154176000
2010-05-17,0.2506343722343445,0.26367199420928955,0.2665889859199524,0.24687500298023224,0.2626819908618927,136857600
2010-05-18,0.2410547137260437,0.2535940110683441,0.27161499857902527,0.24895800650119781,0.27010399103164673,190617600
2010-05-19,0.23469264805316925,0.2469010055065155,0.25520798563957214,0.23809899389743805,0.24921900033950806,237772800
2010-05-20,0.2109535187482834,0.2219270020723343,0.23362000286579132,0.21731799840927124,0.2319529950618744,272985600
2010-05-21,0.21258752048015594,0.22364600002765656,0.2305469959974289,0.20619800686836243,0.20841099321842194,234316800
2010-05-24,0.21434511244297028,0.22549499571323395,0.2332029938697815,0.22289100289344788,0.2248699963092804,155020800
2010-05-25,0.2128346562385559,0.2239059954881668,0.22460900247097015,0.20208300650119781,0.20874999463558197,172646400
2010-05-26,0.2062501758337021,0.2169789969921112,0.23671899735927582,0.21531300246715546,0.2273699939250946,208320000
2010-05-27,0.22857868671417236,0.24046899378299713,0.2410680055618286,0.22955699265003204,0.2314320057630539,173222400
2010-05-28,0.22538481652736664,0.2371090054512024,0.24273400008678436,0.2304690033197403,0.24205699563026428,166694400
2010-06-01,0.21914730966091156,0.2305469959974289,0.24671900272369385,0.22916699945926666,0.234608992934227,202713600
2010-06-02,0.23456908762454987,0.24677099287509918,0.24677099287509918,0.22937500476837158,0.234375,113433600
2010-06-03,0.24065829813480377,0.2531769871711731,0.2545830011367798,0.24390600621700287,0.2485940009355545,114854400
2010-06-04,0.2168944776058197,0.2281769961118698,0.2467450052499771,0.22484399378299713,0.23729200661182404,245952000
2010-06-07,0.20431959629058838,0.21494799852371216,0.23291699588298798,0.21458299458026886,0.2303909957408905,168729600
2010-06-08,0.20318087935447693,0.21375000476837158,0.21791699528694153,0.20523400604724884,0.21648399531841278,265920000
2010-06-09,0.19869987666606903,0.2090359926223755,0.2241930067539215,0.20664100348949432,0.21807299554347992,229440000
2010-06-10,0.21518635749816895,0.22638000547885895,0.22682300209999084,0.2145570069551468,0.2163279950618744,155520000
2010-06-11,0.22080601751804352,0.23229199647903442,0.2332029938697815,0.2193489968776703,0.2193489968776703,125337600
2010-06-14,0.2209295928478241,0.23242199420928955,0.24377599358558655,0.23148399591445923,0.23919300734996796,227404800
2010-06-15,0.2370690405368805,0.2494010031223297,0.25210899114608765,0.23557299375534058,0.23627600073814392,200102400
2010-06-16,0.24184650182724,0.2544269859790802,0.2578130066394806,0.24796900153160095,0.2491929978132248,158361600
2010-06-17,0.24427227675914764,0.25697898864746094,0.25880199670791626,0.2503649890422821,0.2584109902381897,163046400
2010-06-18,0.24494050443172455,0.2576819956302643,0.26286500692367554,0.2551040053367615,0.25830700993537903,139584000
2010-06-21,0.2385043501853943,0.25091099739074707,0.26822900772094727,0.24666699767112732,0.26708298921585083,219916800
2010-06-22,0.2328609824180603,0.24497400224208832,0.25932300090789795,0.24369800090789795,0.25380200147628784,179596800
2010-06-23,0.22974218428134918,0.24169300496578217,0.24841099977493286,0.23619799315929413,0.2458849996328354,224716800
2010-06-24,0.21860264241695404,0.22997400164604187,0.24088500440120697,0.22864599525928497,0.2388020008802414,239424000
2010-06-25,0.21845433115959167,0.22981800138950348,0.23557299375534058,0.22492200136184692,0.2329690009355545,177561600
2010-06-28,0.21649812161922455,0.22776000201702118,0.23343800008296967,0.22281299531459808,0.23000000417232513,164160000
2010-06-29,0.19233883917331696,0.20234400033950806,0.21744799613952637,0.1963540017604828,0.217057004570961,438220800
2010-06-30,0.18283329904079437,0.19234399497509003,0.20502600073814392,0.1907549947500229,0.19932299852371216,183667200
2010-07-01,0.18105098605155945,0.19046899676322937,0.1950259953737259,0.1793230026960373,0.1934109926223755,252326400
2010-07-02,0.18006053566932678,0.18942700326442719,0.1931769996881485,0.1835940033197403,0.1909639984369278,147379200
2010-07-06,0.18100155889987946,0.19041700661182404,0.20028600096702576,0.18562500178813934,0.19666700065135956,156556800
2010-07-07,0.1981058120727539,0.20841099321842194,0.20898400247097015,0.19158899784088135,0.19205699861049652,160780800
2010-07-08,0.2014479786157608,0.21192699670791626,0.21424500644207,0.20458300411701202,0.21341100335121155,207360000
2010-07-09,0.20709238946437836,0.2178650051355362,0.21875,0.21026000380516052,0.2113800048828125,142656000
2010-07-12,0.20944403111934662,0.22033900022506714,0.2236199975013733,0.2157289981842041,0.217057004570961,98918400
2010-07-13,0.21659788489341736,0.22786499559879303,0.23078100383281708,0.22062499821186066,0.22549499571323395,174144000
2010-07-14,0.22006267309188843,0.2315099984407425,0.23539100587368011,0.2268490046262741,0.22981800138950348,109516800
2010-07-15,0.22083070874214172,0.2323179990053177,0.23434899747371674,0.22304700314998627,0.2305469959974289,114201600
2010-07-16,0.20305727422237396,0.21362000703811646,0.23057299852371216,0.21260400116443634,0.23028600215911865,181363200
2010-07-19,0.20763705670833588,0.21843799948692322,0.21979199349880219,0.20966100692749023,0.2148440033197403,124224000
2010-07-20,0.2141968011856079,0.22533899545669556,0.22624999284744263,0.20593799650669098,0.20760400593280792,127948800
2010-07-21,0.206696018576622,0.21744799613952637,0.2338539958000183,0.21599000692367554,0.2338539958000183,172492800
2010-07-22,0.22063207626342773,0.23210899531841278,0.2365889996290207,0.22593800723552704,0.22593800723552704,126451200
2010-07-23,0.2263752818107605,0.23815099895000458,0.23843799531459808,0.22757799923419952,0.2288540005683899,138854400
2010-07-26,0.23135048151016235,0.24338500201702118,0.24406300485134125,0.2358590066432953,0.23919300734996796,100761600
2010-07-27,0.23130109906196594,0.24333299696445465,0.24807299673557281,0.2402859926223755,0.2469789981842041,119692800
2010-07-28,0.22657303512096405,0.2383590042591095,0.2458849996328354,0.23515599966049194,0.2428389936685562,77568000
2010-07-29,0.22117672860622406,0.232682004570961,0.2432290017604828,0.2253129929304123,0.2416670024394989,152755200
2010-07-30,0.22268719971179962,0.23427100479602814,0.2381249964237213,0.22268199920654297,0.22677099704742432,129830400
2010-08-02,0.23466792702674866,0.24687500298023224,0.24869799613952637,0.24026000499725342,0.24294300377368927,90163200
2010-08-03,0.23224210739135742,0.2443230003118515,0.247188001871109,0.24046899378299713,0.24640600383281708,64012800
2010-08-04,0.2389501929283142,0.25137999653816223,0.2520830035209656,0.2443230003118515,0.24752600491046906,80908800
2010-08-05,0.23753958940505981,0.24989600479602814,0.25078099966049194,0.24463500082492828,0.24760399758815765,66470400
2010-08-06,0.2364255040884018,0.24872399866580963,0.24979199469089508,0.2373179942369461,0.24091100692749023,152755200
2010-08-09,0.24055947363376617,0.2530730068683624,0.25520798563957214,0.2489060014486313,0.2521350085735321,85632000
2010-08-10,0.23545971512794495,0.24770799279212952,0.2511720061302185,0.2409379929304123,0.24739600718021393,158016000
2010-08-11,0.21607795357704163,0.22731800377368927,0.23471400141716003,0.22372399270534515,0.23455700278282166,154905600
2010-08-12,0.20998775959014893,0.22091099619865417,0.22403599321842194,0.21242199838161469,0.21369799971580505,145920000
2010-08-13,0.20580439269542694,0.21650999784469604,0.22158899903297424,0.21650999784469604,0.21908900141716003,57945600
2010-08-16,0.20696784555912018,0.21773399412631989,0.22210900485515594,0.21054700016975403,0.21328100562095642,95424000
2010-08-17,0.21484032273292542,0.22601599991321564,0.23184899985790253,0.22130200266838074,0.22260400652885437,120076800
2010-08-18,0.21677088737487793,0.22804699838161469,0.23262999951839447,0.2222920060157776,0.2248699963092804,71155200
2010-08-19,0.2087995707988739,0.21966099739074707,0.22713500261306763,0.21380199491977692,0.22481800615787506,102412800
2010-08-20,0.20808187127113342,0.2189060002565384,0.22057299315929413,0.21356800198554993,0.21744799613952637,88588800
2010-08-23,0.20233960449695587,0.21286499500274658,0.22513000667095184,0.2125519961118698,0.22380200028419495,108211200
2010-08-24,0.19072957336902618,0.20065100491046906,0.20744800567626953,0.19817699491977692,0.20591099560260773,144806400
2010-08-25,0.19644810259342194,0.2066670060157776,0.20914100110530853,0.19578100740909576,0.19674499332904816,144153600
2010-08-26,0.1900366097688675,0.19992199540138245,0.20966100692749023,0.19856800138950348,0.2093230038881302,132979200
2010-08-27,0.19632357358932495,0.20653599500656128,0.20742200314998627,0.19114600121974945,0.20341099798679352,192460800
2010-08-30,0.1899624466896057,0.19984400272369385,0.2088019996881485,0.19979199767112732,0.203358992934227,105139200
2010-08-31,0.18902139365673065,0.198853999376297,0.2030470073223114,0.19403600692749023,0.19687500596046448,156441600
2010-09-01,0.2048642337322235,0.21552099287509918,0.21752600371837616,0.2062239944934845,0.2065100073814392,129638400
2010-09-02,0.21189458668231964,0.22291700541973114,0.22291700541973114,0.2152079939842224,0.21684899926185608,54297600
2010-09-03,0.22268719971179962,0.23427100479602814,0.23427100479602814,0.22731800377368927,0.22968800365924835,135283200
2010-09-07,0.21726615726947784,0.22856800258159637,0.23390600085258484,0.22807300090789795,0.2311200052499771,97382400
2010-09-08,0.2249399572610855,0.23664100468158722,0.24044300615787506,0.2311200052499771,0.2311200052499771,113894400
2010-09-09,0.2277859002351761,0.23963500559329987,0.2444009929895401,0.238646000623703,0.24401000142097473,90355200
2010-09-10,0.23023740947246552,0.24221399426460266,0.2435159981250763,0.23744800686836243,0.2413800060749054,63936000
2010-09-13,0.2403864860534668,0.25289100408554077,0.2547140121459961,0.248307004570961,0.24854199588298798,83712000
2010-09-14,0.24343110620975494,0.2560940086841583,0.25999999046325684,0.2503649890422821,0.2518230080604553,84748800
2010-09-15,0.24756509065628052,0.2604430019855499,0.2617189884185791,0.252005010843277,0.2540630102157593,67660800
2010-09-16,0.25105544924736023,0.26411500573158264,0.26455700397491455,0.2575260102748871,0.26028600335121155,93772800
2010-09-17,0.253728449344635,0.26692700386047363,0.26950499415397644,0.2628909945487976,0.26950499415397644,114816000
2010-09-20,0.2669468820095062,0.28083300590515137,0.2822659909725189,0.26898398995399475,0.2699219882488251,105561600
2010-09-21,0.2661055624485016,0.27994799613952637,0.28645798563957214,0.276978999376297,0.28106799721717834,173875200
2010-09-22,0.26484325528144836,0.27862000465393066,0.28408899903297424,0.2739579975605011,0.2768230140209198,96576000
2010-09-23,0.2640504837036133,0.277785986661911,0.2861979901790619,0.27208301424980164,0.2729170024394989,137088000
2010-09-24,0.27900269627571106,0.29351601004600525,0.2953130006790161,0.286327987909317,0.28770801424980164,126528000
2010-09-27,0.2758088707923889,0.2901560068130493,0.29640600085258484,0.2893489897251129,0.294869989156723,97113600
2010-09-28,0.2765018343925476,0.29088500142097473,0.2928909957408905,0.2762500047683716,0.2928909957408905,146227200
2010-09-29,0.27427470684051514,0.2885420024394989,0.2925260066986084,0.285286009311676,0.28859400749206543,63859200
2010-09-30,0.2705608606338501,0.2846350073814392,0.2980729937553406,0.278984010219574,0.29291701316833496,177484800
2010-10-01,0.26971957087516785,0.2837499976158142,0.29247400164604187,0.2795569896697998,0.29130199551582336,117043200
2010-10-04,0.2603623569011688,0.27390599250793457,0.28380200266838074,0.26947900652885437,0.28091099858283997,123840000
2010-10-05,0.2797451913356781,0.2942970097064972,0.2957029938697815,0.2831510007381439,0.2836199998855591,109785600
2010-10-06,0.27261582016944885,0.2867969870567322,0.29492199420928955,0.2810159921646118,0.29307299852371216,88512000
2010-10-07,0.2752889394760132,0.28960898518562317,0.2918750047683716,0.2826560139656067,0.29166701436042786,78950400
2010-10-08,0.2808343470096588,0.29544299840927124,0.2975519895553589,0.28421899676322937,0.29012998938560486,68544000
2010-10-11,0.2814037799835205,0.29604199528694153,0.30015599727630615,0.29335901141166687,0.2962760031223297,38131200
2010-10-12,0.28724581003189087,0.3021880090236664,0.30377599596977234,0.2871609926223755,0.2940889894962311,97728000
2010-10-13,0.2942258417606354,0.30953100323677063,0.313306987285614,0.30515599250793457,0.30776000022888184,96844800
2010-10-14,0.2925927937030792,0.30781298875808716,0.311693012714386,0.30309900641441345,0.30989599227905273,79756800
2010-10-15,0.3112569749355316,0.3274480104446411,0.3274480104446411,0.31171900033950806,0.3188279867172241,119577600
2010-10-18,0.3112569749355316,0.3274480104446411,0.33080700039863586,0.3239319920539856,0.3279690146446228,86976000
2010-10-19,0.2988796532154083,0.314426988363266,0.32197898626327515,0.30684900283813477,0.3144789934158325,127296000
2010-10-20,0.30509355664253235,0.3209640085697174,0.3280470073223114,0.3155210018157959,0.3174999952316284,93465600
2010-10-21,0.30722174048423767,0.3232029974460602,0.3309899866580963,0.3138279914855957,0.3274480104446411,109708800
2010-10-22,0.31321218609809875,0.32950499653816223,0.33023399114608765,0.32190099358558655,0.32359400391578674,58713600
2010-10-25,0.31796491146087646,0.33450499176979065,0.34018200635910034,0.33346399664878845,0.33346399664878845,77184000
2010-10-26,0.31987085938453674,0.3365100026130676,0.33885401487350464,0.3253909945487976,0.329245001077652,74841600
2010-10-27,0.3231634795665741,0.33997398614883423,0.34083300828933716,0.330390989780426,0.33221399784088135,112857600
2010-10-28,0.3250199854373932,0.3419269919395447,0.344870001077652,0.33382800221443176,0.3446879982948303,107788800
2010-10-29,0.3234601318836212,0.340285986661911,0.3458069860935211,0.3398439884185791,0.3418489992618561,80755200
2010-11-01,0.3242034316062927,0.34106799960136414,0.35070300102233887,0.33619800209999084,0.34375,85209600
2010-11-02,0.33403030037879944,0.3514060080051422,0.35424500703811646,0.3476560115814209,0.3492709994316101,68121600
2010-11-03,0.33885717391967773,0.35648399591445923,0.3565889894962311,0.3435159921646118,0.353177011013031,115161600
2010-11-04,0.35086357593536377,0.3691149950027466,0.37349000573158264,0.36632800102233887,0.3689059913158417,111859200
2010-11-05,0.3512837886810303,0.3695569932460785,0.3717710077762604,0.36640599370002747,0.3700000047683716,113971200
2010-11-08,0.3521753251552582,0.3704949915409088,0.37239599227905273,0.36502599716186523,0.36768200993537903,103449600
2010-11-09,0.346481591463089,0.36450499296188354,0.3770569860935211,0.3599739968776703,0.3757550120353699,121881600
2010-11-10,0.3517790138721466,0.3700779974460602,0.3713800013065338,0.3578389883041382,0.3664320111274719,91968000
2010-11-11,0.3458627164363861,0.36385399103164673,0.3651300072669983,0.3485940098762512,0.3528650104999542,121843200
2010-11-12,0.3282632827758789,0.34533900022506714,0.36208298802375793,0.3374220132827759,0.3578389883041382,218265600
2010-11-15,0.32474812865257263,0.34164100885391235,0.35270801186561584,0.3412240147590637,0.3512499928474426,119193600
2010-11-16,0.30863335728645325,0.32468798756599426,0.34018200635910034,0.3207550048828125,0.334322988986969,181632000
2010-11-17,0.3115534484386444,0.3277600109577179,0.3326300084590912,0.32291701436042786,0.3252600133419037,111168000
2010-11-18,0.32603514194488525,0.3429949879646301,0.3497920036315918,0.33804699778556824,0.3383069932460785,138739200
2010-11-19,0.32680225372314453,0.34380200505256653,0.34635400772094727,0.33796900510787964,0.34187498688697815,93427200
2010-11-22,0.33541709184646606,0.3528650104999542,0.3528650104999542,0.3383069932460785,0.339713990688324,147456000
2010-11-23,0.3195742070674896,0.33619800209999084,0.34341099858283997,0.3302080035209656,0.3424220085144043,185856000
2010-11-24,0.338238388299942,0.3558329939842224,0.358568012714386,0.34533900022506714,0.345755010843277,129484800
2010-11-26,0.33610999584198,0.35359400510787964,0.3563019931316376,0.3475779891014099,0.3496350049972534,59673600
2010-11-29,0.33143144845962524,0.3486720025539398,0.3515630066394806,0.3357290029525757,0.3476560115814209,176524800
2010-11-30,0.3188319206237793,0.3354170024394989,0.3419789969921112,0.33164098858833313,0.33760398626327515,200716800
2010-12-01,0.3391053080558777,0.35674500465393066,0.36208298802375793,0.3502599895000458,0.3508070111274719,206860800
2010-12-02,0.34940260648727417,0.36757799983024597,0.36914101243019104,0.35742199420928955,0.3583329916000366,132134400
2010-12-03,0.35232362151145935,0.3706510066986084,0.371849000453949,0.36302098631858826,0.36315101385116577,175449600
2010-12-06,0.351704865694046,0.3700000047683716,0.37216100096702576,0.36700499057769775,0.370728999376297,99072000
2010-12-07,0.35202714800834656,0.3703390061855316,0.3836979866027832,0.3696880042552948,0.38367199897766113,164428800
2010-12-08,0.3569034934043884,0.37546899914741516,0.3764060139656067,0.3667449951171875,0.37400999665260315,93427200
2010-12-09,0.3572741448879242,0.37585899233818054,0.38182300329208374,0.37239599227905273,0.38174501061439514,99878400
2010-12-10,0.3647749722003937,0.38374999165534973,0.3844529986381531,0.37533900141716003,0.37843799591064453,88204800
2010-12-13,0.3604927659034729,0.37924501299858093,0.3885680139064789,0.3789060115814209,0.3885680139064789,80755200
2010-12-14,0.3620021939277649,0.3808329999446869,0.38601601123809814,0.37804698944091797,0.3822399973869324,76876800
2010-12-15,0.3583140969276428,0.37695300579071045,0.3876039981842041,0.37369799613952637,0.3805209994316101,95577600
2010-12-16,0.3657902181148529,0.3848179876804352,0.38682299852371216,0.375,0.377344012260437,86131200
2010-12-17,0.36690419912338257,0.3859899938106537,0.38932299613952637,0.3839319944381714,0.3860419988632202,61209600
2010-12-20,0.36789369583129883,0.3870309889316559,0.3911460041999817,0.37864598631858826,0.38802099227905273,126144000
2010-12-21,0.3739583492279053,0.3934110105037689,0.39359399676322937,0.38851600885391235,0.391510009765625,33600000
2010-12-22,0.37435466051101685,0.39382800459861755,0.39544299244880676,0.3918229937553406,0.39346399903297424,43200000
2010-12-23,0.3715077340602875,0.3908329904079437,0.3933590054512024,0.388280987739563,0.39177098870277405,36864000
2010-12-27,0.3716569244861603,0.3909899890422821,0.39322900772094727,0.3794269859790802,0.3876819908618927,64166400
2010-12-28,0.3700477182865143,0.3892970085144043,0.3942449986934662,0.3866409957408905,0.39390599727630615,63475200
2010-12-29,0.37225109338760376,0.39161500334739685,0.3938019871711731,0.390625,0.39273399114608765,45465600
2010-12-30,0.3694535493850708,0.38867199420928955,0.3918749988079071,0.3867189884185791,0.39177098870277405,28761600
2010-12-31,0.3660620152950287,0.3851040005683899,0.387813001871109,0.37940099835395813,0.387813001871109,48729600
2011-01-03,0.3825978934764862,0.4025000035762787,0.4104430079460144,0.3952859938144684,0.3953390121459961,133516800
2011-01-04,0.3820037245750427,0.40187498927116394,0.4076560139656067,0.39419299364089966,0.40755200386047363,131520000
2011-01-05,0.3914845883846283,0.4118489921092987,0.41203099489212036,0.39737001061439514,0.39789101481437683,122880000
2011-01-06,0.39502444863319397,0.41557300090789795,0.41653600335121155,0.4107550084590912,0.4133070111274719,104524800
2011-01-07,0.3941080570220947,0.41460898518562317,0.41838499903678894,0.4025779962539673,0.4176819920539856,152409600
2011-01-10,0.39853957295417786,0.41927099227905273,0.42138001322746277,0.40872400999069214,0.41145798563957214,86054400
2011-01-11,0.4003713130950928,0.4211980104446411,0.4252859950065613,0.41690099239349365,0.4243749976158142,109939200
2011-01-12,0.408490926027298,0.4297400116920471,0.4300000071525574,0.4221090078353882,0.427031010389328,134092800
2011-01-13,0.40977799892425537,0.4310939908027649,0.43372398614883423,0.426952987909317,0.43127599358558655,131443200
2011-01-14,0.4186647832393646,0.4404430091381073,0.4405730068683624,0.428072988986969,0.43088498711586,61286400
2011-01-18,0.42200589179992676,0.44395801424980164,0.4453130066394806,0.42846399545669556,0.42919299006462097,138124800
2011-01-19,0.40787217020988464,0.4290890097618103,0.44622400403022766,0.42463499307632446,0.44622400403022766,149952000
2011-01-20,0.39871251583099365,0.4194529950618744,0.425025999546051,0.40989598631858826,0.4239580035209656,189465600
2011-01-21,0.38960346579551697,0.4098699986934662,0.4281249940395355,0.4095830023288727,0.4255729913711548,104832000
2011-01-24,0.4056934714317322,0.4267970025539398,0.42716100811958313,0.40997400879859924,0.4121609926223755,86438400
2011-01-25,0.4071040749549866,0.4282810091972351,0.42885398864746094,0.4179689884185791,0.42104199528694153,95846400
2011-01-26,0.41341671347618103,0.4349220097064972,0.43895798921585083,0.4270569980144501,0.43104198575019836,99379200
2011-01-27,0.4213871657848358,0.4433070123195648,0.4470050036907196,0.4376299977302551,0.4400259852409363,111360000
2011-01-28,0.38960346579551697,0.4098699986934662,0.4442969858646393,0.403984010219574,0.4434640109539032,254553600
2011-01-31,0.3953714370727539,0.41593798995018005,0.419063001871109,0.4023439884185791,0.4114840030670166,159974400
2011-02-01,0.41732725501060486,0.4390360116958618,0.4419269859790802,0.42390599846839905,0.42552098631858826,203443200
2011-02-02,0.41544610261917114,0.4370569884777069,0.4415630102157593,0.43429699540138245,0.43671900033950806,92121600
2011-02-03,0.41705548763275146,0.4387499988079071,0.4411199986934662,0.424140989780426,0.4346350133419037,131558400
2011-02-04,0.4245809018611908,0.44666698575019836,0.44739601016044617,0.4358850121498108,0.4398699998855591,135936000
2011-02-07,0.4307442605495453,0.45315098762512207,0.4601300060749054,0.4472399950027466,0.4494529962539673,103795200
2011-02-08,0.43992865085601807,0.46281298995018005,0.46281298995018005,0.4510419964790344,0.45330700278282166,133977600
2011-02-09,0.4372546970844269,0.46000000834465027,0.4638020098209381,0.4554949998855591,0.45974001288414,130406400
2011-02-10,0.43938401341438293,0.4622400104999542,0.46317699551582336,0.4492189884185791,0.45234400033950806,142080000
2011-02-11,0.448394238948822,0.47171899676322937,0.4720050096511841,0.45572900772094727,0.4579690098762512,94540800
2011-02-14,0.4512163996696472,0.47468799352645874,0.4768750071525574,0.4703649878501892,0.4716149866580963,59635200
2011-02-15,0.45005297660827637,0.4734640121459961,0.4745050072669983,0.46671900153160095,0.4720570147037506,93235200
2011-02-16,0.4583703279495239,0.4822140038013458,0.48601600527763367,0.4764840006828308,0.47718799114227295,141120000
2011-02-17,0.4579739570617676,0.4817970097064972,0.484375,0.4742189943790436,0.4751040041446686,86745600
2011-02-18,0.45537513494491577,0.4790630042552948,0.4840100109577179,0.47335898876190186,0.4820829927921295,128179200
2011-02-22,0.41527318954467773,0.43687498569488525,0.46354201436042786,0.43489599227905273,0.45994800329208374,241843200
2011-02-23,0.4050252139568329,0.4260939955711365,0.44143199920654297,0.41630199551582336,0.4367449879646301,194265600
2011-02-24,0.4107922613620758,0.43216100335121155,0.4364579916000366,0.41666701436042786,0.4290890097618103,320524800
2011-02-25,0.4283926486968994,0.4506770074367523,0.4525519907474518,0.43895798921585083,0.44020798802375793,108345600
2011-02-28,0.4315114915370941,0.45395800471305847,0.46031299233436584,0.44578099250793457,0.45583298802375793,104313600
2011-03-01,0.41076749563217163,0.4321349859237671,0.4600520133972168,0.4283849895000458,0.4600520133972168,122899200
2011-03-02,0.41656020283699036,0.4382289946079254,0.44713500142097473,0.4309380054473877,0.431302011013031,114105600
2011-03-03,0.4414133131504059,0.46437498927116394,0.4667710065841675,0.45093798637390137,0.4509899914264679,132825600
2011-03-04,0.43487828969955444,0.45750001072883606,0.46458300948143005,0.44843798875808716,0.46458300948143005,109420800
2011-03-07,0.417550653219223,0.4392710030078888,0.46401000022888184,0.4269790053367615,0.4632290005683899,137568000
2011-03-08,0.4219070374965668,0.4438540041446686,0.45020800828933716,0.4296880066394806,0.4367710053920746,128774400
2011-03-09,0.413392037153244,0.43489599227905273,0.44078099727630615,0.42817699909210205,0.44020798802375793,97056000
2011-03-10,0.39447975158691406,0.41499999165534973,0.42317700386047363,0.40974000096321106,0.41947901248931885,174892800
2011-03-11,0.40106427669525146,0.42192700505256653,0.4254690110683441,0.4074479937553406,0.4080730080604553,102547200
2011-03-14,0.39715370535850525,0.4178130030632019,0.42447900772094727,0.4083850085735321,0.41505199670791626,78912000
2011-03-15,0.3809143900871277,0.4007290005683899,0.40760400891304016,0.3768230080604553,0.38062500953674316,187852800
2011-03-16,0.35294243693351746,0.3713020086288452,0.396822988986969,0.3632810115814209,0.39072901010513306,216768000
2011-03-17,0.3621513545513153,0.38098999857902527,0.39322900772094727,0.38062500953674316,0.388280987739563,116486400
2011-03-18,0.3601706027984619,0.3789060115814209,0.39447900652885437,0.37812501192092896,0.3943229913711548,118713600
2011-03-21,0.38027092814445496,0.400052011013031,0.40625,0.3938539922237396,0.39552098512649536,95251200
2011-03-22,0.37923091650009155,0.3989579975605011,0.40312498807907104,0.39583298563957214,0.40192699432373047,64358400
2011-03-23,0.38497424125671387,0.4050000011920929,0.4085420072078705,0.3860419988632202,0.39406299591064453,104544000
2011-03-24,0.4059159457683563,0.427031010389328,0.42958301305770874,0.40739598870277405,0.41447898745536804,130656000
2011-03-25,0.4088864028453827,0.43015599250793457,0.4385420083999634,0.4283849895000458,0.431302011013031,148300800
2011-03-28,0.4019559621810913,0.42286500334739685,0.43604201078414917,0.42234399914741516,0.43599000573158264,88838400
2011-03-29,0.41349083185195923,0.4350000023841858,0.43510401248931885,0.41593798995018005,0.4203130006790161,67296000
2011-03-30,0.41958001255989075,0.4414060115814209,0.44307300448417664,0.4357289969921112,0.44166699051856995,67545600
2011-03-31,0.42136237025260925,0.44328099489212036,0.44437500834465027,0.4369789958000183,0.4395830035209656,56428800
2011-04-01,0.42200589179992676,0.44395801424980164,0.45395800471305847,0.44010400772094727,0.44963499903678894,75552000
2011-04-04,0.4181942045688629,0.4399479925632477,0.448853999376297,0.4338020086288452,0.4477599859237671,62419200
2011-04-05,0.41344141960144043,0.43494799733161926,0.4437499940395355,0.43333300948143005,0.43666699528694153,53932800
2011-04-06,0.41656020283699036,0.4382289946079254,0.44968798756599426,0.43135398626327515,0.4453650116920471,66393600
2011-04-07,0.41646134853363037,0.43812501430511475,0.44650998711586,0.4291149973869324,0.4385420083999634,71942400
2011-04-08,0.4102238118648529,0.43156298995018005,0.44572898745536804,0.4250519871711731,0.44416698813438416,50457600
2011-04-11,0.40651002526283264,0.42765599489212036,0.43953099846839905,0.42338499426841736,0.43656298518180847,56083200
2011-04-12,0.39849016070365906,0.4192189872264862,0.42479199171066284,0.41380199790000916,0.42161500453948975,66566400
2011-04-13,0.40799567103385925,0.42921900749206543,0.43276000022888184,0.41927099227905273,0.4282810091972351,70848000
2011-04-14,0.4057675302028656,0.4268749952316284,0.42885398864746094,0.4151040017604828,0.4202600121498108,67872000
2011-04-15,0.4031440317630768,0.42411500215530396,0.4296880066394806,0.4165630042552948,0.421875,149683200
2011-04-18,0.3953714370727539,0.41593798995018005,0.41614601016044617,0.39500001072883606,0.41182300448417664,125760000
2011-04-19,0.40250054001808167,0.42343801259994507,0.42343801259994507,0.41239601373672485,0.4185419976711273,107328000
2011-04-20,0.42928433418273926,0.45161500573158264,0.4533329904079437,0.4442709982395172,0.44578099250793457,131155200
2011-04-21,0.4401756823062897,0.4630729854106903,0.4658850133419037,0.45890599489212036,0.4657289981842041,64972800
2011-04-25,0.44344279170036316,0.46650999784469604,0.4671880006790161,0.46156299114227295,0.46474000811576843,45350400
2011-04-26,0.45106714963912964,0.47453099489212036,0.47916701436042786,0.46744799613952637,0.47031301259994507,44793600
2011-04-27,0.46042442321777344,0.484375,0.4855729937553406,0.47062501311302185,0.4765630066394806,62668800
2011-04-28,0.45973142981529236,0.4836460053920746,0.4838539958000183,0.47578099370002747,0.47963500022888184,66028800
2011-04-29,0.45750337839126587,0.4813019931316376,0.48484399914741516,0.4778650104999542,0.47989600896835327,52416000
2011-05-02,0.4550281763076782,0.4786979854106903,0.4864580035209656,0.4744270145893097,0.48338499665260315,53875200
2011-05-03,0.44819551706314087,0.47150999307632446,0.4785420000553131,0.462552011013031,0.47718799114227295,52204800
2011-05-04,0.44557201862335205,0.46875,0.4754689931869507,0.45760399103164673,0.47145798802375793,81945600
2011-05-05,0.43888866901397705,0.46171900629997253,0.47807300090789795,0.45661500096321106,0.46187499165534973,95750400
2011-05-06,0.4427003562450409,0.4657289981842041,0.4832809865474701,0.4620310068130493,0.47578099370002747,76838400
2011-05-09,0.4475025236606598,0.47078099846839905,0.4765099883079529,0.46296900510787964,0.46791699528694153,41875200
2011-05-10,0.45898908376693726,0.48286500573158264,0.4848960041999817,0.4728649854660034,0.47541698813438416,55353600
2011-05-11,0.4490872323513031,0.4724479913711548,0.4859899878501892,0.4627079963684082,0.48140600323677063,64704000
2011-05-12,0.45700815320014954,0.4807809889316559,0.4827600121498108,0.45994800329208374,0.4675000011920929,60288000
2011-05-13,0.44081926345825195,0.4637500047683716,0.4797399938106537,0.4632810056209564,0.47755199670791626,74054400
2011-05-16,0.41789674758911133,0.4396350085735321,0.4613020122051239,0.43656298518180847,0.45765599608421326,79718400
2011-05-17,0.4213128983974457,0.44322898983955383,0.44348999857902527,0.4303649961948395,0.43302100896835327,89740800
2011-05-18,0.4315609335899353,0.454010009765625,0.45661500096321106,0.4397920072078705,0.4416149854660034,42566400
2011-05-19,0.4352746605873108,0.4579170048236847,0.4609900116920471,0.4501039981842041,0.45927101373672485,52627200
2011-05-20,0.4256702661514282,0.4478130042552948,0.4581249952316284,0.44614601135253906,0.4563539922237396,43660800
2011-05-23,0.40720292925834656,0.4283849895000458,0.4330730140209198,0.4220309853553772,0.42942699790000916,77433600
2011-05-24,0.3995300829410553,0.4203130006790161,0.4316670000553131,0.42020800709724426,0.4316670000553131,67929600
2011-05-25,0.40398532152175903,0.42500001192092896,0.43088498711586,0.41802099347114563,0.4182809889316559,53913600
2011-05-26,0.41156020760536194,0.43296900391578674,0.43650999665260315,0.4208329916000366,0.4208329916000366,47136000
2011-05-27,0.4176989495754242,0.439426988363266,0.4407289922237396,0.4341669976711273,0.43510401248931885,35059200
2011-05-31,0.437799334526062,0.4605729877948761,0.4605729877948761,0.4449479877948761,0.4520829916000366,55315200
2011-06-01,0.40982741117477417,0.4311459958553314,0.46046900749206543,0.4298959970474243,0.4575519859790802,92352000
2011-06-02,0.41220375895500183,0.43364599347114563,0.43775999546051025,0.4265100061893463,0.4330730140209198,46790400
2011-06-03,0.3934893310070038,0.41395801305770874,0.4279690086841583,0.4124999940395355,0.41843798756599426,81388800
2011-06-06,0.3839837312698364,0.4039579927921295,0.4172919988632202,0.40349000692367554,0.41203099489212036,53472000
2011-06-07,0.38175663352012634,0.4016149938106537,0.4117709994316101,0.4008849859237671,0.40708300471305847,55852800
2011-06-08,0.37353816628456116,0.392969012260437,0.4009380042552948,0.3895829916000366,0.39885398745536804,93523200
2011-06-09,0.37517210841178894,0.3946880102157593,0.40031298995018005,0.38947901129722595,0.3931249976158142,44064000
2011-06-10,0.3579433560371399,0.37656301259994507,0.39197900891304016,0.37599000334739685,0.38932299613952637,55699200
2011-06-13,0.35819047689437866,0.3768230080604553,0.3826040029525757,0.3730210065841675,0.3781769871711731,58982400
2011-06-14,0.3715077340602875,0.3908329904079437,0.39411500096321106,0.38520801067352295,0.3853130042552948,58521600
2011-06-15,0.3512096107006073,0.3694790005683899,0.3870309889316559,0.36692699790000916,0.38025999069213867,89337600
2011-06-16,0.34630852937698364,0.3643229901790619,0.3731769919395447,0.3552600145339966,0.3696880042552948,85171200
2011-06-17,0.3437345325946808,0.36161500215530396,0.3760420083999634,0.35843798518180847,0.3746350109577179,89971200
2011-06-20,0.3482885956764221,0.36640599370002747,0.37010401487350464,0.35807299613952637,0.35807299613952637,47212800
2011-06-21,0.3715077340602875,0.3908329904079437,0.3915629982948303,0.36619800329208374,0.37114599347114563,74284800
2011-06-22,0.36314094066619873,0.38203099370002747,0.3923960030078888,0.3817709982395172,0.3856250047683716,62208000
2011-06-23,0.3731912076473236,0.3926039934158325,0.3931249976158142,0.36604198813438416,0.3694790005683899,115852800
2011-06-24,0.35353654623031616,0.3719269931316376,0.3879689872264862,0.37010401487350464,0.38677099347114563,94041600
2011-06-27,0.3707159161567688,0.38999998569488525,0.39510399103164673,0.37156298756599426,0.37369799613952637,74361600
2011-06-28,0.38735058903694153,0.4074999988079071,0.40770798921585083,0.3913539946079254,0.3928129971027374,57676800
2011-06-29,0.3922022581100464,0.4126040041446686,0.4145829975605011,0.40364599227905273,0.4110940098762512,68409600
2011-06-30,0.4071040749549866,0.4282810091972351,0.4295310080051422,0.4161979854106903,0.4169270098209381,90432000
2011-07-01,0.42596685886383057,0.4481250047683716,0.4497919976711273,0.4259899854660034,0.4296880066394806,76723200
2011-07-05,0.43210551142692566,0.45458298921585083,0.45604199171066284,0.4467709958553314,0.44963499903678894,73286400
2011-07-06,0.4367099702358246,0.45942699909210205,0.46135398745536804,0.44895800948143005,0.45343801379203796,79833600
2011-07-07,0.4543846547603607,0.4780209958553314,0.482030987739563,0.467864990234375,0.46953099966049194,107097600
2011-07-08,0.45062240958213806,0.4740630090236664,0.4742189943790436,0.458281010389328,0.4658850133419037,146035200
2011-07-11,0.4264620840549469,0.44864600896835327,0.4663020074367523,0.44364601373672485,0.45958301424980164,135417600
2011-07-12,0.41606491804122925,0.4377079904079437,0.45093798637390137,0.43708300590515137,0.4480209946632385,100646400
2011-07-13,0.42161044478416443,0.4435420036315918,0.4568749964237213,0.4389060139656067,0.4474479854106903,114796800
2011-07-14,0.4071040749549866,0.4282810091972351,0.45317700505256653,0.42322900891304016,0.4474479854106903,123436800
2011-07-15,0.42329394817352295,0.4453130066394806,0.4453130066394806,0.43385401368141174,0.4430209994316101,96403200
2011-07-18,0.4163130521774292,0.43796899914741516,0.44364601373672485,0.42552098631858826,0.43864598870277405,84691200
2011-07-19,0.44567087292671204,0.46885401010513306,0.46953099966049194,0.4510419964790344,0.4511460065841675,144864000
2011-07-20,0.43943336606025696,0.46229198575019836,0.4765630066394806,0.4604170024394989,0.47630199790000916,107078400
2011-07-21,0.44834479689598083,0.47166699171066284,0.47916701436042786,0.45625001192092896,0.46369799971580505,131212800
2011-07-22,0.46225619316101074,0.486301988363266,0.48817700147628784,0.46989598870277405,0.4712499976158142,91468800
2011-07-25,0.45953378081321716,0.48343798518180847,0.4911459982395172,0.4719269871711731,0.4742709994316101,80102400
2011-07-26,0.462058424949646,0.48609399795532227,0.4919790029525757,0.4795309901237488,0.48182299733161926,103353600
2011-07-27,0.42700669169425964,0.4492189884185791,0.4781250059604645,0.4458329975605011,0.4772399961948395,144057600
2011-07-28,0.42928433418273926,0.45161500573158264,0.4684379994869232,0.4447399973869324,0.4500519931316376,123398400
2011-07-29,0.4251256287097931,0.4472399950027466,0.4611459970474243,0.43421900272369385,0.4405210018157959,149740800
2011-08-01,0.41938236355781555,0.4411979913711548,0.46583300828933716,0.42500001192092896,0.4634380042552948,197337600
2011-08-02,0.3875482976436615,0.40770798921585083,0.44041699171066284,0.40599000453948975,0.4344789981842041,177004800
2011-08-03,0.3975985646247864,0.4182809889316559,0.42036500573158264,0.387813001871109,0.4087499976158142,175584000
2011-08-04,0.34348639845848083,0.3613539934158325,0.4030210077762604,0.36125001311302185,0.40104201436042786,292108800
2011-08-05,0.33591145277023315,0.35338500142097473,0.37796899676322937,0.32380199432373047,0.37333300709724426,317836800
2011-08-08,0.27689817547798157,0.29130199551582336,0.33974000811576843,0.2906250059604645,0.3222399950027466,385459200
2011-08-09,0.3148215711116791,0.3311980068683624,0.3322399854660034,0.2791149914264679,0.30281299352645874,425856000
2011-08-10,0.27768996357917786,0.29213500022888184,0.32343798875808716,0.29041698575019836,0.30900999903678894,323577600
2011-08-11,0.3133357763290405,0.32963499426841736,0.3396350145339966,0.29979199171066284,0.30349001288414,286348800
2011-08-12,0.32130715250968933,0.33802101016044617,0.34400999546051025,0.32536500692367554,0.33713498711586,250291200
2011-08-15,0.3351690471172333,0.3526040017604828,0.35270801186561584,0.337552011013031,0.34224000573158264,151488000
2011-08-16,0.3265550434589386,0.3435420095920563,0.35270801186561584,0.3301039934158325,0.3430210053920746,150643200
2011-08-17,0.32125765085220337,0.33796900510787964,0.3538540005683899,0.32749998569488525,0.34562501311302185,212236800
2011-08-18,0.2746700644493103,0.28895801305770874,0.3105210065841675,0.2796350121498108,0.3104169964790344,328723200
2011-08-19,0.2592730224132538,0.2727600038051605,0.3001039922237396,0.2718749940395355,0.2791149914264679,287328000
2011-08-22,0.26159998774528503,0.2752079963684082,0.29255199432373047,0.27296900749206543,0.2919270098209381,216460800
2011-08-23,0.2939786911010742,0.3092710077762604,0.3094789981842041,0.2778649926185608,0.2810940146446228,286137600
2011-08-24,0.3009101450443268,0.3165630102157593,0.3183329999446869,0.2993749976158142,0.3076559901237488,197164800
2011-08-25,0.28645309805870056,0.30135399103164673,0.3203650116920471,0.29802098870277405,0.3158850073814392,152582400
2011-08-26,0.307147741317749,0.3231250047683716,0.32682299613952637,0.2894270122051239,0.2986460030078888,222412800
2011-08-29,0.3332878649234772,0.35062500834465027,0.35182300209999084,0.33333298563957214,0.33333298563957214,226464000
2011-08-30,0.34007006883621216,0.3577600121498108,0.3640100061893463,0.34114599227905273,0.34687501192092896,228940800
2011-08-31,0.3420509994029999,0.35984399914741516,0.3728649914264679,0.3504689931869507,0.3643749952316284,256454400
2011-09-01,0.3323972821235657,0.34968799352645874,0.3705730140209198,0.3476560115814209,0.3621880114078522,197836800
2011-09-02,0.3091275990009308,0.32520800828933716,0.33515599370002747,0.3196350038051605,0.33000001311302185,154137600
2011-09-06,0.30907824635505676,0.32515600323677063,0.32661500573158264,0.30000001192092896,0.3022400140762329,170054400
2011-09-07,0.3324466943740845,0.34973999857902527,0.3499999940395355,0.3365100026130676,0.33927100896835327,160089600
2011-09-08,0.32784220576286316,0.34489598870277405,0.3595829904079437,0.341823011636734,0.34416699409484863,199046400
2011-09-09,0.3062569499015808,0.32218798995018005,0.34224000573158264,0.3157289922237396,0.33854201436042786,207648000
2011-09-12,0.31774258613586426,0.33427101373672485,0.33500000834465027,0.3108850121498108,0.31156298518180847,239712000
2011-09-13,0.33007025718688965,0.34724000096321106,0.3497920036315918,0.3334380090236664,0.33812499046325684,280243200
2011-09-14,0.3443286120891571,0.3622399866580963,0.3744789958000183,0.3425000011920929,0.3532809913158417,233625600
2011-09-15,0.3599727749824524,0.3786979913711548,0.3804689943790436,0.3634380102157593,0.3747920095920563,235372800
2011-09-16,0.3693794906139374,0.38859400153160095,0.39020800590515137,0.3790630102157593,0.38166698813438416,246220800
2011-09-19,0.37031954526901245,0.3895829916000366,0.3955729901790619,0.36500000953674316,0.3748440146446228,247449600
2011-09-20,0.36507245898246765,0.3840630054473877,0.4046350121498108,0.38161501288414,0.3952080011367798,239155200
2011-09-21,0.3465063273906708,0.364531010389328,0.3959380090236664,0.3642190098762512,0.3900519907474518,234451200
2011-09-22,0.3127920627593994,0.3290629982948303,0.34599000215530396,0.3130210041999817,0.3368229866027832,335462400
2011-09-23,0.3225446939468384,0.3393230140209198,0.34349000453948975,0.3199999928474426,0.3206770122051239,261504000
2011-09-26,0.3334856331348419,0.350832998752594,0.35270801186561584,0.3218750059604645,0.34458300471305847,246988800
2011-09-27,0.3436850309371948,0.3615629971027374,0.37812501192092896,0.35468798875808716,0.36927101016044617,259027200
2011-09-28,0.3274952173233032,0.34453099966049194,0.3737500011920929,0.34349000453948975,0.3666670024394989,269184000
2011-09-29,0.31779196858406067,0.334322988986969,0.36281299591064453,0.31645798683166504,0.36192700266838074,336556800
2011-09-30,0.29308706521987915,0.30833300948143005,0.32843801379203796,0.30729201436042786,0.32109400629997253,287462400
2011-10-03,0.2701159417629242,0.28416699171066284,0.31416699290275574,0.2837499976158142,0.29958298802375793,410649600
2011-10-04,0.2865520119667053,0.3014580011367798,0.3032810091972351,0.26692700386047363,0.27531298995018005,689280000
2011-10-05,0.3083358407020569,0.3243750035762787,0.32734400033950806,0.2924480140209198,0.2993749976158142,520569600
2011-10-06,0.3241787552833557,0.34104201197624207,0.34104201197624207,0.3192189931869507,0.32395800948143005,456460800
2011-10-07,0.31749439239501953,0.3340100049972534,0.34505200386047363,0.3276039958000183,0.3400520086288452,288364800
2011-10-10,0.35007089376449585,0.3682810068130493,0.3682810068130493,0.3495829999446869,0.3510420024394989,216960000
2011-10-11,0.35754698514938354,0.37614598870277405,0.3787499964237213,0.3639580011367798,0.3657290041446686,200947200
2011-10-12,0.3632901906967163,0.38218799233436584,0.3945310115814209,0.38093799352645874,0.38734400272369385,258950400
2011-10-13,0.37304285168647766,0.3924480080604553,0.39390599727630615,0.3785940110683441,0.37989598512649536,187161600
2011-10-14,0.3935891091823578,0.4140630066394806,0.4140630066394806,0.40062499046325684,0.4073440134525299,191481600
2011-10-17,0.3753698170185089,0.394896000623703,0.41203099489212036,0.3883329927921295,0.408176988363266,1094342400
2011-10-18,0.3889846205711365,0.40921899676322937,0.41588500142097473,0.3821350038051605,0.3934899866580963,285792000
2011-10-19,0.3665572702884674,0.3856250047683716,0.4066149890422821,0.38203099370002747,0.4039579927921295,242246400
2011-10-20,0.3619033694267273,0.38072898983955383,0.38666701316833496,0.3638019859790802,0.3847399950027466,203174400
2011-10-21,0.3747757375240326,0.39427098631858826,0.4016669988632202,0.3839060068130493,0.3922399878501892,188428800
2011-10-24,0.3981926143169403,0.41890600323677063,0.4220829904079437,0.39760398864746094,0.39890599250793457,197356800
2011-10-25,0.37561699748039246,0.39515599608421326,0.41520801186561584,0.39161500334739685,0.4144270122051239,200755200
2011-10-26,0.37413230538368225,0.39359399676322937,0.403438001871109,0.37114599347114563,0.40104201436042786,383692800
2011-10-27,0.4042828381061554,0.42531299591064453,0.43229201436042786,0.4087499976158142,0.42104199528694153,330528000
2011-10-28,0.4056192934513092,0.4267190098762512,0.4283849895000458,0.41749998927116394,0.41749998927116394,127161600
2011-10-31,0.385518878698349,0.4055730104446411,0.42041701078414917,0.40474000573158264,0.4153130054473877,157977600
2011-11-01,0.35566580295562744,0.37416699528694153,0.38489601016044617,0.3675520122051239,0.37630200386047363,392870400
2011-11-02,0.36442801356315613,0.3833850026130676,0.38807299733161926,0.3728649914264679,0.3849479854106903,243648000
2011-11-03,0.3866082727909088,0.40671899914741516,0.408594012260437,0.37916699051856995,0.3927600085735321,285561600
2011-11-04,0.3806178569793701,0.4004170000553131,0.40578100085258484,0.38859400153160095,0.4007290005683899,158323200
2011-11-07,0.38908353447914124,0.4093230068683624,0.41010400652885437,0.38802099227905273,0.40046900510787964,223084800
2011-11-08,0.4020547568798065,0.4229690134525299,0.4254170060157776,0.40421900153160095,0.41802099347114563,205900800
2011-11-09,0.3604680597782135,0.3792189955711365,0.40046900510787964,0.37614598870277405,0.3983849883079529,222144000
2011-11-10,0.3589823246002197,0.3776560127735138,0.3911460041999817,0.3671880066394806,0.3903129994869232,177945600
2011-11-11,0.37913209199905396,0.39885398745536804,0.40275999903678894,0.38661500811576843,0.38838499784469604,171532800
2011-11-14,0.3726958632469177,0.39208298921585083,0.4029169976711273,0.3875519931316376,0.3965100049972534,113126400
2011-11-15,0.3846776783466339,0.4046880006790161,0.40968799591064453,0.38749998807907104,0.38911500573158264,220108800
2011-11-16,0.36571601033210754,0.3847399950027466,0.40525999665260315,0.3828130066394806,0.39604198932647705,242092800
2011-11-17,0.3405652642250061,0.3582809865474701,0.3822920024394989,0.3510420024394989,0.38197898864746094,445920000
2011-11-18,0.3323972821235657,0.34968799352645874,0.359375,0.3478130102157593,0.35822901129722595,236198400
2011-11-21,0.31308865547180176,0.3293749988079071,0.3368229866027832,0.31911501288414,0.3361459970474243,272352000
2011-11-22,0.3158119320869446,0.3322399854660034,0.3358849883079529,0.32124999165534973,0.3265100121498108,320659200
2011-11-23,0.2948199212551117,0.310155987739563,0.3263539969921112,0.30989599227905273,0.32541701197624207,310272000
2011-11-25,0.2881365418434143,0.3031249940395355,0.3171350061893463,0.3031249940395355,0.30677101016044617,123552000
2011-11-28,0.31789079308509827,0.33442699909210205,0.3359380066394806,0.3251039981842041,0.325313001871109,262752000
2011-11-29,0.3121476173400879,0.32838499546051025,0.34171900153160095,0.3258329927921295,0.33338499069213867,234432000
2011-11-30,0.346407413482666,0.36442700028419495,0.36567699909210205,0.3522399961948395,0.3552600145339966,242457600
2011-12-01,0.35383403301239014,0.37224000692367554,0.3751559853553772,0.36390599608421326,0.3648439943790436,183475200
2011-12-02,0.3504672646522522,0.36869800090789795,0.3834899961948395,0.36833301186561584,0.38322898745536804,129081600
2011-12-05,0.3619527816772461,0.38078099489212036,0.3888539969921112,0.375,0.3864060044288635,189158400
2011-12-06,0.35918092727661133,0.3778649866580963,0.38541701436042786,0.3744789958000183,0.3826040029525757,140025600
2011-12-07,0.35972556471824646,0.37843799591064453,0.3833329975605011,0.3634380102157593,0.375,154080000
2011-12-08,0.34140753746032715,0.3591670095920563,0.37937501072883606,0.3569270074367523,0.37083300948143005,259795200
2011-12-09,0.3575964868068695,0.3761979937553406,0.37953099608421326,0.36140599846839905,0.36234399676322937,196243200
2011-12-12,0.3458627164363861,0.36385399103164673,0.36494800448417664,0.35416701436042786,0.36458298563957214,214579200
2011-12-13,0.33417952060699463,0.3515630066394806,0.3751559853553772,0.34703099727630615,0.3707810044288635,231590400
2011-12-14,0.31863316893577576,0.335207998752594,0.34843799471855164,0.32927098870277405,0.3473440110683441,409939200
2011-12-15,0.3161579668521881,0.33260399103164673,0.3447920083999634,0.3309380114078522,0.3446879982948303,306950400
2011-12-16,0.3201189935207367,0.33677101135253906,0.3510420024394989,0.33583301305770874,0.3380729854106903,280934400
2011-12-19,0.3112569749355316,0.3274480104446411,0.3435420095920563,0.3248960077762604,0.34135401248931885,199296000
2011-12-20,0.3388819098472595,0.3565100133419037,0.3576039969921112,0.34296900033950806,0.34296900033950806,267705600
2011-12-21,0.3247728943824768,0.3416669964790344,0.35041698813438416,0.3291670083999634,0.35041698813438416,343718400
2011-12-22,0.33269378542900085,0.3499999940395355,0.3505209982395172,0.34208300709724426,0.3430210053920746,200947200
2011-12-23,0.3413085639476776,0.3590629994869232,0.35911500453948975,0.349947988986969,0.35197898745536804,110918400
2011-12-27,0.3439321517944336,0.3618229925632477,0.3656249940395355,0.35624998807907104,0.35770800709724426,139776000
2011-12-28,0.33289143443107605,0.35020801424980164,0.3622399866580963,0.3467710018157959,0.36093801259994507,200294400
2011-12-29,0.33937710523605347,0.357030987739563,0.35786500573158264,0.34822899103164673,0.3511979877948761,135436800
2011-12-30,0.3366053104400635,0.35411500930786133,0.3595829904079437,0.3539060056209564,0.3549480140209198,115622400
2012-01-03,0.35576462745666504,0.3742710053920746,0.37989598512649536,0.3717710077762604,0.37406298518180847,202732800
2012-01-04,0.3600221574306488,0.3787499964237213,0.38057300448417664,0.3677079975605011,0.3725000023841858,119692800
2012-01-05,0.36888423562049866,0.38807299733161926,0.38932299613952637,0.37239599227905273,0.3768230080604553,138796800
2012-01-06,0.3726958632469177,0.39208298921585083,0.39494800567626953,0.38432300090789795,0.38911500573158264,207494400
2012-01-09,0.36957716941833496,0.3888019919395447,0.3959380090236664,0.38489601016044617,0.39531299471855164,153945600
2012-01-10,0.37715208530426025,0.39677101373672485,0.4044789969921112,0.39406299591064453,0.40135401487350464,157305600
2012-01-11,0.37977567315101624,0.3995310068130493,0.40208300948143005,0.39250001311302185,0.39677101373672485,137241600
2012-01-12,0.38428130745887756,0.4042710065841675,0.4057289958000183,0.39359399676322937,0.4027079939842224,154329600
2012-01-13,0.37987449765205383,0.39963498711586,0.4001559913158417,0.3895309865474701,0.39802101254463196,155155200
2012-01-17,0.3900739848613739,0.4103649854660034,0.4157809913158417,0.40625,0.4108330011367798,129024000
2012-01-18,0.4055698812007904,0.4266670048236847,0.42708298563957214,0.41098999977111816,0.413332998752594,213830400
2012-01-19,0.4136885106563568,0.4352079927921295,0.4373440146446228,0.4307810068130493,0.4327079951763153,226790400
2012-01-20,0.41185683012008667,0.4332810044288635,0.43364599347114563,0.4285939931869507,0.4293749928474426,80179200
2012-01-23,0.41180747747421265,0.433228999376297,0.4426040053367615,0.42604199051856995,0.43317699432373047,137664000
2012-01-24,0.4095299541950226,0.43083301186561584,0.43453100323677063,0.42536500096321106,0.4277079999446869,95596800
2012-01-25,0.4251750409603119,0.4472920000553131,0.45052099227905273,0.43453100323677063,0.4444270133972168,202521600
2012-01-26,0.42066940665245056,0.44255200028419495,0.455469012260437,0.4363020062446594,0.45302098989486694,187084800
2012-01-27,0.42482811212539673,0.446927011013031,0.448853999376297,0.4392710030078888,0.4399999976158142,168844800
2012-01-30,0.4255210757255554,0.4476560056209564,0.44947901368141174,0.430417001247406,0.4355210065841675,168672000
2012-01-31,0.42700669169425964,0.4492189884185791,0.4567190110683441,0.4408850073814392,0.4540629982948303,198201600
2012-02-01,0.4375018775463104,0.4602600038051605,0.46525999903678894,0.4526039958000183,0.45692700147628784,175737600
2012-02-02,0.44200748205184937,0.4650000035762787,0.46916699409484863,0.45927101373672485,0.46479201316833496,145190400
2012-02-03,0.4595831632614136,0.483489990234375,0.48515599966049194,0.47536501288414,0.4778650104999542,155040000
2012-02-06,0.4591373801231384,0.48302099108695984,0.48307299613952637,0.47468799352645874,0.4780209958553314,130828800
2012-02-07,0.46111738681793213,0.4851039946079254,0.4884380102157593,0.47520801424980164,0.48177099227905273,130176000
2012-02-08,0.46879124641418457,0.49317699670791626,0.49317699670791626,0.48057299852371216,0.48583298921585083,154886400
2012-02-09,0.47918832302093506,0.5041149854660034,0.5057290196418762,0.49015599489212036,0.49854201078414917,152544000
2012-02-10,0.46893951296806335,0.49333301186561584,0.4975000023841858,0.48822900652885437,0.4934380054473877,194803200
2012-02-13,0.4815647304058075,0.5066149830818176,0.5089060068130493,0.49796900153160095,0.5043749809265137,159206400
2012-02-14,0.4857728183269501,0.5110419988632202,0.5110419988632202,0.49864599108695984,0.5037500262260437,173875200
2012-02-15,0.47492989897727966,0.4996350109577179,0.5267189741134644,0.49796900153160095,0.5183849930763245,383865600
2012-02-16,0.49478310346603394,0.5205209851264954,0.5226039886474609,0.49703100323677063,0.5011460185050964,252268800
2012-02-17,0.4905751049518585,0.5160940289497375,0.5222399830818176,0.5093749761581421,0.5209900140762329,161932800
2012-02-21,0.4947337806224823,0.5204690098762512,0.5270829796791077,0.5106250047683716,0.5180730223655701,164371200
2012-02-22,0.4881986379623413,0.5135939717292786,0.521822988986969,0.5110939741134644,0.5172920227050781,125376000
2012-02-23,0.49745601415634155,0.5233330130577087,0.524948000907898,0.5078129768371582,0.5153650045394897,210144000
2012-02-24,0.5023087859153748,0.5284379720687866,0.5315099954605103,0.5248960256576538,0.5277079939842224,134572800
2012-02-27,0.5047345757484436,0.5309900045394897,0.5360419750213623,0.513280987739563,0.5193750262260437,184819200
2012-02-28,0.5198342204093933,0.546875,0.546875,0.5304690003395081,0.5320829749107361,191980800
2012-02-29,0.5130025148391724,0.539687991142273,0.5536460280418396,0.5346879959106445,0.5485420227050781,266092800
2012-03-01,0.5254783630371094,0.5528129935264587,0.5541149973869324,0.5411980152130127,0.545989990234375,234643200
2012-03-02,0.5238937139511108,0.5511459708213806,0.5566669702529907,0.5461459755897522,0.5509380102157593,166252800
2012-03-05,0.5075559020042419,0.5339580178260803,0.552344024181366,0.5288540124893188,0.5505729913711548,244454400
2012-03-06,0.4930008053779602,0.5186460018157959,0.5218750238418579,0.5101040005683899,0.5189579725265503,215558400
2012-03-07,0.5041899085044861,0.5304170250892639,0.5338540077209473,0.5235419869422913,0.525833010673523,187238400
2012-03-08,0.5201809406280518,0.5472400188446045,0.5520830154418945,0.5364580154418945,0.5394269824028015,124761600
2012-03-09,0.5264679193496704,0.5538539886474609,0.5572400093078613,0.5491669774055481,0.5504689812660217,154944000
2012-03-12,0.5273101925849915,0.5547400116920471,0.5567190051078796,0.5467190146446228,0.553176999092102,151507200
2012-03-13,0.557015061378479,0.5859900116920471,0.5860940217971802,0.5607810020446777,0.5644789934158325,191462400
2012-03-14,0.5632524490356445,0.5925520062446594,0.5986980199813843,0.5814579725265503,0.5877079963684082,243052800
2012-03-15,0.5675594210624695,0.5970829725265503,0.6007810235023499,0.5886980295181274,0.5974479913711548,196819200
2012-03-16,0.5663217902183533,0.5957810282707214,0.6001039743423462,0.5918229818344116,0.6000000238418579,138297600
2012-03-19,0.5786494016647339,0.6087499856948853,0.6127600073814392,0.5945309996604919,0.5987499952316284,191961600
2012-03-20,0.5818178057670593,0.6120830178260803,0.6140099763870239,0.5944790244102478,0.5994269847869873,184396800
2012-03-21,0.5816200375556946,0.6118749976158142,0.6221879720687866,0.6096349954605103,0.6126559972763062,156576000
2012-03-22,0.5781049132347107,0.6081770062446594,0.61244797706604,0.6006249785423279,0.6009899973869324,213216000
2012-03-23,0.5773130059242249,0.6073439717292786,0.6109899878501892,0.596875011920929,0.6105729937553406,157497600
2012-03-26,0.6074637174606323,0.6390630006790161,0.6390630006790161,0.6179689764976501,0.6186460256576538,158553600
2012-03-27,0.6097896695137024,0.641510009765625,0.6495829820632935,0.6394789814949036,0.639739990234375,179251200
2012-03-28,0.6026604771614075,0.6340100169181824,0.650052011013031,0.6227080225944519,0.6427080035209656,190368000
2012-03-29,0.596472442150116,0.6274999976158142,0.6338019967079163,0.613385021686554,0.6250519752502441,172300800
2012-03-30,0.5923138856887817,0.6231250166893005,0.6361460089683533,0.615676999092102,0.6354169845581055,126451200
2012-04-02,0.6103837490081787,0.6421350240707397,0.6449999809265137,0.6182289719581604,0.6214060187339783,125452800
2012-04-03,0.6104342341423035,0.6421880125999451,0.6508849859237671,0.631197988986969,0.6449480056762695,167500800
2012-04-04,0.5855315327644348,0.6159899830818176,0.6285420060157776,0.6049479842185974,0.6271349787712097,205152000
2012-04-05,0.5962251424789429,0.627240002155304,0.6288020014762878,0.6110420227050781,0.612604022026062,154656000
2012-04-09,0.5825116038322449,0.6128129959106445,0.6206250190734863,0.6005730032920837,0.6033849716186523,143904000
2012-04-10,0.5543904304504395,0.5832290053367615,0.6191669702529907,0.5776039958000183,0.6116669774055481,293433600
2012-04-11,0.5624113082885742,0.5916669964790344,0.6033849716186523,0.5873439908027649,0.5993750095367432,168806400
2012-04-12,0.5812730193138123,0.6115099787712097,0.6139580011367798,0.5929690003395081,0.5951560139656067,178291200
2012-04-13,0.554984450340271,0.5838540196418762,0.6058850288391113,0.5833849906921387,0.605364978313446,183321600
2012-04-16,0.5375086665153503,0.5654690265655518,0.5939059853553772,0.559374988079071,0.5935940146446228,200486400
2012-04-17,0.5691934823989868,0.5988019704818726,0.6042190194129944,0.5693749785423279,0.5724999904632568,189254400
2012-04-18,0.565034806728363,0.5944269895553589,0.6047400236129761,0.5889580249786377,0.5934380292892456,128294400
2012-04-19,0.5467661023139954,0.5752080082893372,0.609375,0.567969024181366,0.5881770253181458,199200000
2012-04-20,0.5408744812011719,0.5690100193023682,0.5913540124893188,0.5670310258865356,0.583541989326477,171033600
2012-04-23,0.5272606015205383,0.5546879768371582,0.5565099716186523,0.5388020277023315,0.5543749928474426,140140800
2012-04-24,0.5179527401924133,0.5448960065841675,0.5576559901237488,0.5380730032920837,0.5511980056762695,129696000
2012-04-25,0.5590938329696655,0.5881770253181458,0.5892710089683533,0.5761460065841675,0.5787500143051147,152409600
2012-04-26,0.5690946578979492,0.5986980199813843,0.6027600169181824,0.5859379768371582,0.5873439908027649,142483200
2012-04-27,0.5788472294807434,0.6089580059051514,0.6152600049972534,0.5967190265655518,0.6060420274734497,104928000
2012-04-30,0.5668169260025024,0.5963019728660583,0.6074479818344116,0.5950000286102295,0.6035419702529907,96172800
2012-05-01,0.5700356364250183,0.5996879935264587,0.6192190051078796,0.5922399759292603,0.5930209755897522,104678400
2012-05-02,0.573797881603241,0.6036459803581238,0.6058329939842224,0.5866150259971619,0.5899999737739563,77184000
2012-05-03,0.555975079536438,0.5848960280418396,0.6069269776344299,0.5807290077209473,0.6057289838790894,100550400
2012-05-04,0.5151801705360413,0.5419790148735046,0.5716149806976318,0.5416669845581055,0.5689060091972351,182169600
2012-05-07,0.5159226059913635,0.5427600145339966,0.5506770014762878,0.5310940146446228,0.5316669940948486,211046400
2012-05-08,0.5102297067642212,0.5367709994316101,0.5422919988632202,0.5106769800186157,0.5323439836502075,276480000
2012-05-09,0.5074073672294617,0.5338019728660583,0.540573000907898,0.5115100145339966,0.5184900164604187,269529600
2012-05-10,0.5022088289260864,0.5283330082893372,0.5395830273628235,0.5224999785423279,0.5391150116920471,406137600
2012-05-11,0.5017145872116089,0.5278130173683167,0.5451040267944336,0.5217710137367249,0.5219789743423462,96172800
2012-05-14,0.48785170912742615,0.5132290124893188,0.5257290005683899,0.5111460089683533,0.5151039958000183,164400000
2012-05-15,0.48359414935112,0.5087500214576721,0.5302079916000366,0.5058330297470093,0.5190629959106445,151276800
2012-05-16,0.47309818863868713,0.4977079927921295,0.5183330178260803,0.49510401487350464,0.5141670107841492,148598400
2012-05-17,0.4439874589443207,0.46708300709724426,0.5007290244102478,0.46687498688697815,0.49854201078414917,260640000
2012-05-18,0.42616450786590576,0.4483329951763153,0.4745829999446869,0.44718798995018005,0.47145798802375793,281923200
2012-05-21,0.4620089530944824,0.48604199290275574,0.4871880114078522,0.44947901368141174,0.45093798637390137,206409600
2012-05-22,0.46032559871673584,0.48427098989486694,0.49614599347114563,0.4735420048236847,0.4896880090236664,193238400
2012-05-23,0.4628998041152954,0.48697900772094727,0.4907290041446686,0.4596880078315735,0.4722920060157776,161952000
2012-05-24,0.4545822739601135,0.47822898626327515,0.4907290041446686,0.4666669964790344,0.48958298563957214,154800000
2012-05-25,0.4520082175731659,0.4755209982395172,0.4813539981842041,0.47135400772094727,0.4790630042552948,62496000
2012-05-29,0.46884068846702576,0.4932290017604828,0.5004169940948486,0.48072901368141174,0.48906299471855164,141360000
2012-05-30,0.45745402574539185,0.48124998807907104,0.4864580035209656,0.47218799591064453,0.48020800948143005,124617600
2012-05-31,0.45091888308525085,0.47437500953674316,0.4831250011920929,0.46406298875808716,0.4795829951763153,166080000
2012-06-01,0.41547083854675293,0.43708300590515137,0.4579170048236847,0.43666699528694153,0.4497919976711273,224342400
2012-06-04,0.4243822395801544,0.44645801186561584,0.44895800948143005,0.42906299233436584,0.44093799591064453,228345600
2012-06-05,0.43022432923316956,0.4526039958000183,0.45500001311302185,0.441771000623703,0.44239598512649536,196483200
2012-06-06,0.45963260531425476,0.48354199528694153,0.4845829904079437,0.4614579975605011,0.46312499046325684,171724800
2012-06-07,0.4544835090637207,0.4781250059604645,0.49854201078414917,0.47645801305770874,0.4980210065841675,171408000
2012-06-08,0.46785110235214233,0.4921880066394806,0.49354198575019836,0.47062501311302185,0.4751040041446686,126384000
2012-06-11,0.44547322392463684,0.46864598989486694,0.5037500262260437,0.465938001871109,0.5023959875106812,181795200
2012-06-12,0.45953378081321716,0.48343798518180847,0.48427098989486694,0.46406298875808716,0.4724999964237213,134995200
2012-06-13,0.4505225121974945,0.47395798563957214,0.49052101373672485,0.46864598989486694,0.47968798875808716,96998400
2012-06-14,0.45557278394699097,0.4792709946632385,0.484375,0.465938001871109,0.47343799471855164,131414400
2012-06-15,0.47240525484085083,0.4969789981842041,0.49864599108695984,0.4822919964790344,0.4826039969921112,168758400
2012-06-18,0.48458459973335266,0.5097919702529907,0.5142710208892822,0.4884380102157593,0.491457998752594,176668800
2012-06-19,0.5005263686180115,0.5265629887580872,0.5329170227050781,0.5176039934158325,0.5183330178260803,162518400
2012-06-20,0.5023087859153748,0.5284379720687866,0.534479022026062,0.5157290101051331,0.5294790267944336,194428800
2012-06-21,0.4646819829940796,0.48885399103164673,0.5284379720687866,0.48677098751068115,0.5263540148735046,155788800
2012-06-22,0.47913891077041626,0.5040630102157593,0.5057290196418762,0.4894790053367615,0.49281299114227295,140044800
2012-06-25,0.4507211446762085,0.47416698932647705,0.4916670024394989,0.47031301259994507,0.4911459982395172,134160000
2012-06-26,0.459433913230896,0.4833329916000366,0.4873960018157959,0.47270798683166504,0.47895801067352295,136684800
2012-06-27,0.46785110235214233,0.4921880066394806,0.49854201078414917,0.4873960018157959,0.48885399103164673,116985600
2012-06-28,0.4510177969932556,0.47447898983955383,0.4820829927921295,0.4604170024394989,0.4808329939842224,209184000
2012-06-29,0.4950796067714691,0.5208330154418945,0.5208330154418945,0.4984380006790161,0.503125011920929,246595200
2012-07-02,0.49904072284698486,0.5249999761581421,0.5260419845581055,0.5135419964790344,0.5223960280418396,125107200
2012-07-03,0.5109225511550903,0.5375000238418579,0.538332998752594,0.5235419869422913,0.5259379744529724,92947200
2012-07-05,0.5127049088478088,0.5393750071525574,0.5472919940948486,0.5283330082893372,0.5370830297470093,118560000
2012-07-06,0.49250563979148865,0.5181249976158142,0.5331249833106995,0.5080209970474243,0.5321879982948303,145248000
2012-07-09,0.4908221960067749,0.5163540244102478,0.5228130221366882,0.5088539719581604,0.5174999833106995,96124800
2012-07-10,0.47577211260795593,0.5005210041999817,0.5286459922790527,0.49531298875808716,0.5248960256576538,172665600
2012-07-11,0.4692370295524597,0.4936459958553314,0.5033329725265503,0.4806250035762787,0.49958300590515137,221088000
2012-07-12,0.4556717276573181,0.4793750047683716,0.4848960041999817,0.4657289981842041,0.481563001871109,215356800
2012-07-13,0.47547462582588196,0.5002080202102661,0.503957986831665,0.4820829927921295,0.48302099108695984,141120000
2012-07-16,0.4719099700450897,0.4964579939842224,0.503853976726532,0.4906249940395355,0.4975000023841858,108739200
2012-07-17,0.47913891077041626,0.5040630102157593,0.5091670155525208,0.48291701078414917,0.5055209994316101,173606400
2012-07-18,0.4986443817615509,0.5245829820632935,0.5291669964790344,0.5008329749107361,0.5009379982948303,187440000
2012-07-19,0.5148835778236389,0.5416669845581055,0.546875,0.5328130125999451,0.5358330011367798,216249600
2012-07-20,0.4950796067714691,0.5208330154418945,0.5420830249786377,0.5197920203208923,0.5420830249786377,164726400
2012-07-23,0.4767625331878662,0.5015630125999451,0.507082998752594,0.47874999046325684,0.4902079999446869,221788800
2012-07-24,0.4658701717853546,0.49010398983955383,0.5063539743423462,0.4803130030632019,0.5043749809265137,252192000
2012-07-25,0.455473929643631,0.47916701436042786,0.4893749952316284,0.4710420072078705,0.4788540005683899,196675200
2012-07-26,0.4732968509197235,0.4979169964790344,0.5072919726371765,0.4898959994316101,0.5007290244102478,231024000
2012-07-27,0.5091403126716614,0.5356249809265137,0.5367709994316101,0.5052080154418945,0.5095829963684082,271305600
2012-07-30,0.5060708522796631,0.5323960185050964,0.5452079772949219,0.5276039838790894,0.5384380221366882,183235200
2012-07-31,0.5063675045967102,0.5327079892158508,0.5416669845581055,0.5310419797897339,0.5356249809265137,132748800
2012-08-01,0.5014170408248901,0.5274999737739563,0.5440629720687866,0.5218750238418579,0.543749988079071,150921600
2012-08-02,0.4961690902709961,0.5219789743423462,0.5378130078315735,0.5105209946632385,0.5151039958000183,165830400
2012-08-03,0.5243889689445496,0.5516669750213623,0.5629169940948486,0.5417709946632385,0.5475000143051147,195081600
2012-08-06,0.5361722111701965,0.5640630125999451,0.5715630054473877,0.557083010673523,0.5607290267944336,127612800
2012-08-07,0.5494399070739746,0.5780209898948669,0.585207998752594,0.5691670179367065,0.5724999904632568,140601600
2012-08-08,0.5485484600067139,0.5770829916000366,0.581354022026062,0.5711460113525391,0.5737500190734863,85929600
2012-08-09,0.5532023310661316,0.581978976726532,0.5848960280418396,0.574271023273468,0.5772920250892639,77500800
2012-08-10,0.5554798245429993,0.5843750238418579,0.5843750238418579,0.5721880197525024,0.5771880149841309,93350400
2012-08-13,0.5588467717170715,0.5879169702529907,0.5879169702529907,0.5744789838790894,0.5839580297470093,71904000
2012-08-14,0.559638500213623,0.5887500047683716,0.5981249809265137,0.5838540196418762,0.5945829749107361,110160000
2012-08-15,0.5635994076728821,0.5929170250892639,0.5956249833106995,0.5868750214576721,0.5872920155525208,71654400
2012-08-16,0.5837987065315247,0.6141669750213623,0.6185420155525208,0.597603976726532,0.6001039743423462,139017600
2012-08-17,0.5918183922767639,0.6226040124893188,0.6226040124893188,0.6142709851264954,0.6182289719581604,113606400
2012-08-20,0.5940960049629211,0.625,0.6254169940948486,0.6139580011367798,0.6214579939842224,91910400
2012-08-21,0.5872644782066345,0.617812991142273,0.6378129720687866,0.6104170083999634,0.6310420036315918,218227200
2012-08-22,0.5936008095741272,0.6244789958000183,0.6290630102157593,0.6085420250892639,0.6131250262260437,113750400
2012-08-23,0.5804319381713867,0.6106250286102295,0.6227080225944519,0.6052079796791077,0.6175000071525574,109641600
2012-08-24,0.5907291769981384,0.6214579939842224,0.6258329749107361,0.6028130054473877,0.605417013168335,104236800
2012-08-27,0.5936008095741272,0.6244789958000183,0.6317710280418396,0.6202080249786377,0.6295830011367798,75379200
2012-08-28,0.5935019850730896,0.6243749856948853,0.6293749809265137,0.616457998752594,0.6225000023841858,87657600
2012-08-29,0.5936997532844543,0.6245830059051514,0.6291670203208923,0.6165630221366882,0.6251040101051331,73737600
2012-08-30,0.5755801796913147,0.605521023273468,0.6168749928474426,0.6025000214576721,0.6162499785423279,124272000
2012-08-31,0.5878585577011108,0.6184380054473877,0.6252080202102661,0.5992709994316101,0.6187499761581421,168816000
2012-09-04,0.5853822231292725,0.6158329844474792,0.6223959922790527,0.5973960161209106,0.614687979221344,149625600
2012-09-05,0.5827094316482544,0.6130210161209106,0.6225000023841858,0.6086459755897522,0.6144790053367615,100828800
2012-09-06,0.6212267875671387,0.6535419821739197,0.6547920107841492,0.6245830059051514,0.6248959898948669,154656000
2012-09-07,0.6185528039932251,0.6507290005683899,0.6548960208892822,0.6461459994316101,0.6502079963684082,109670400
2012-09-10,0.5957793593406677,0.6267709732055664,0.6505209803581238,0.6253129839897156,0.6467710137367249,150604800
2012-09-11,0.5932053327560425,0.6240630149841309,0.6339579820632935,0.6206250190734863,0.6264579892158508,140352000
2012-09-12,0.5983535051345825,0.6294789910316467,0.6340630054473877,0.6176040172576904,0.6301040053367615,153888000
2012-09-13,0.6222162246704102,0.6545829772949219,0.6628130078315735,0.6285420060157776,0.6311460137367249,233616000
2012-09-14,0.6381581425666809,0.6713539958000183,0.6791669726371765,0.6610419750213623,0.6625000238418579,286377600
2012-09-17,0.6393461227416992,0.6726040244102478,0.6735420227050781,0.6656249761581421,0.6735420227050781,152323200
2012-09-18,0.6405344009399414,0.6738539934158325,0.6753129959106445,0.6675000190734863,0.6675000190734863,100742400
2012-09-19,0.644791841506958,0.6783329844474792,0.6834380030632019,0.6685420274734497,0.6745830178260803,137520000
2012-09-20,0.643307089805603,0.6767709851264954,0.6780210137367249,0.6632289886474609,0.6684380173683167,144921600
2012-09-21,0.643307089805603,0.6767709851264954,0.6880210041999817,0.675000011920929,0.6866670250892639,145056000
2012-09-24,0.631425142288208,0.6642709970474243,0.6683329939842224,0.6557289958000183,0.6597920060157776,139872000
2012-09-25,0.6060767769813538,0.6376039981842041,0.6744790077209473,0.6359379887580872,0.6703130006790161,153148800
2012-09-26,0.5901350378990173,0.6208329796791077,0.6353129744529724,0.6116669774055481,0.6339579820632935,244800000
2012-09-27,0.6151869893074036,0.6471880078315735,0.6512500047683716,0.6227080225944519,0.6255210041999817,183244800
2012-09-28,0.600433349609375,0.6316670179367065,0.6463540196418762,0.6291670203208923,0.6402080059051514,157977600
2012-10-01,0.5978584289550781,0.628957986831665,0.6517710089683533,0.6220830082893372,0.640625,156499200
2012-10-02,0.6017204523086548,0.6330209970474243,0.6420829892158508,0.6189579963684082,0.636667013168335,165043200
2012-10-03,0.6131071448326111,0.6449999809265137,0.6486459970474243,0.6310420036315918,0.6387500166893005,159820800
2012-10-04,0.6202362179756165,0.6524999737739563,0.6576039791107178,0.6426039934158325,0.6494789719581604,152342400
2012-10-05,0.6095426082611084,0.6412500143051147,0.6645830273628235,0.6368749737739563,0.6620830297470093,116534400
2012-10-08,0.5934031009674072,0.6242709755897522,0.6344789862632751,0.6196879744529724,0.6307290196418762,104841600
2012-10-09,0.5629065036773682,0.5921880006790161,0.6192709803581238,0.5899999737739563,0.6186460256576538,182188800
2012-10-10,0.5560739040374756,0.5849999785423279,0.5987499952316284,0.5822920203208923,0.5941669940948486,155808000
2012-10-11,0.551123321056366,0.5797920227050781,0.5994790196418762,0.5787500143051147,0.599166989326477,142396800
2012-10-12,0.5510244369506836,0.5796880125999451,0.5888540148735046,0.5758330225944519,0.5804169774055481,109180800
2012-10-15,0.5620148181915283,0.5912500023841858,0.5938540101051331,0.5752080082893372,0.5857290029525757,116332800
2012-10-16,0.5864716172218323,0.6169790029525757,0.6187499761581421,0.5938540101051331,0.5944790244102478,142742400
2012-10-17,0.5846894383430481,0.6151040196418762,0.6213539838790894,0.6047919988632202,0.6072919964790344,133401600
2012-10-18,0.5646887421607971,0.5940629839897156,0.6155210137367249,0.5874999761581421,0.6096879839897156,173520000
2012-10-19,0.5238937139511108,0.5511459708213806,0.5930209755897522,0.5494790077209473,0.5920829772949219,285312000
2012-10-22,0.5321122407913208,0.5597919821739197,0.5642709732055664,0.5470830202102661,0.550000011920929,211132800
2012-10-23,0.5163683295249939,0.5432289838790894,0.5583329796791077,0.5388540029525757,0.5466669797897339,282038400
2012-10-24,0.5112202167510986,0.5378130078315735,0.5559380054473877,0.5358330011367798,0.5532289743423462,207052800
2012-10-25,0.5112202167510986,0.5378130078315735,0.5518749952316284,0.5332289934158325,0.5495830178260803,233625600
2012-10-26,0.5165669918060303,0.5434380173683167,0.5493749976158142,0.5256249904632568,0.5385419726371765,192192000
2012-10-31,0.5065661668777466,0.5329170227050781,0.5435420274734497,0.5270829796791077,0.5411459803581238,148204800
2012-11-01,0.5280526876449585,0.5555210113525391,0.558646023273468,0.5384380221366882,0.5426040291786194,183724800
2012-11-02,0.5087438225746155,0.535207986831665,0.5638539791107178,0.535207986831665,0.5630210041999817,183427200
2012-11-05,0.5212200284004211,0.5483329892158508,0.5512499809265137,0.534375011920929,0.5382289886474609,150355200
2012-11-06,0.5243889689445496,0.5516669750213623,0.5623959898948669,0.5450000166893005,0.550728976726532,182582400
2012-11-07,0.4867623746395111,0.5120829939842224,0.5354170203208923,0.505312979221344,0.5339580178260803,383731200
2012-11-08,0.4639890193939209,0.4881249964237213,0.5198959708213806,0.4881249964237213,0.515625,310473600
2012-11-09,0.46903929114341736,0.4934380054473877,0.5098959803581238,0.4879170060157776,0.48885399103164673,436598400
2012-11-12,0.46973225474357605,0.4941670000553131,0.5042709708213806,0.4896880090236664,0.5028129816055298,164419200
2012-11-13,0.45953378081321716,0.48343798518180847,0.49760401248931885,0.47895801067352295,0.4826039969921112,345734400
2012-11-14,0.44309672713279724,0.46614599227905273,0.49208301305770874,0.4641669988632202,0.49031299352645874,294950400
2012-11-15,0.4391358494758606,0.4619790017604828,0.47218799591064453,0.45656299591064453,0.4671880006790161,310396800
2012-11-16,0.44408726692199707,0.4671880006790161,0.47145798802375793,0.4456250071525574,0.4625000059604645,372614400
2012-11-19,0.4760686457157135,0.5008329749107361,0.5020830035209656,0.48249998688697815,0.4828130006790161,345580800
2012-11-20,0.4761684536933899,0.5009379982948303,0.5034379959106445,0.48697900772094727,0.5007290244102478,218467200
2012-11-21,0.47953441739082336,0.5044789910316467,0.5066670179367065,0.4967710077762604,0.5022919774055481,160761600
2012-11-23,0.5015158653259277,0.5276039838790894,0.5276039838790894,0.5122920274734497,0.5136460065841675,129321600
2012-11-26,0.5079520344734192,0.534375011920929,0.5348960161209106,0.518750011920929,0.5239580273628235,196944000
2012-11-27,0.5022088289260864,0.5283330082893372,0.5395830273628235,0.5262500047683716,0.5333330035209656,359788800
2012-11-28,0.51567542552948,0.5425000190734863,0.5435420274734497,0.5113540291786194,0.521041989326477,281001600
2012-11-29,0.5245868563652039,0.5518749952316284,0.5577080249786377,0.5440629720687866,0.5510420203208923,249177600
2012-11-30,0.5227057337760925,0.5498960018157959,0.5535420179367065,0.5444790124893188,0.5520830154418945,228470400
2012-12-03,0.5201314687728882,0.5471879839897156,0.5636460185050964,0.5455210208892822,0.5623959898948669,336825600
2012-12-04,0.5167645812034607,0.543645977973938,0.5484380125999451,0.534375011920929,0.5473960041999817,336748800
2012-12-05,0.5008228421211243,0.5268750190734863,0.543021023273468,0.5181249976158142,0.542917013168335,436617600
2012-12-06,0.510032057762146,0.536562979221344,0.5412499904632568,0.5177080035209656,0.5220829844474792,306249600
2012-12-07,0.5013183355331421,0.527396023273468,0.5467709898948669,0.5221880078315735,0.5454170107841492,240748800
2012-12-10,0.5057734847068787,0.5320829749107361,0.5402079820632935,0.5231249928474426,0.5234379768371582,210441600
2012-12-11,0.5252799391746521,0.5526040196418762,0.5618749856948853,0.5418750047683716,0.5440629720687866,344976000
2012-12-12,0.5217152833938599,0.5488539934158325,0.5614579916000366,0.5447919964790344,0.5612499713897705,301238400
2012-12-13,0.5099321603775024,0.5364580154418945,0.5576040148735046,0.5292710065841675,0.5462499856948853,338515200
2012-12-14,0.4954761266708374,0.5212500095367432,0.5305209755897522,0.515625,0.5262500047683716,274128000
2012-12-17,0.514784574508667,0.5415629744529724,0.5420830249786377,0.5202080011367798,0.5220829844474792,193219200
2012-12-18,0.5386474132537842,0.5666670203208923,0.5690630078315735,0.5455210208892822,0.5498960018157959,456326400
2012-12-19,0.5309242010116577,0.558542013168335,0.5718749761581421,0.5581250190734863,0.5712500214576721,361286400
2012-12-20,0.5313194990158081,0.5589579939842224,0.5629169940948486,0.550728976726532,0.5620830059051514,291580800
2012-12-21,0.514784574508667,0.5415629744529724,0.5434380173683167,0.5260419845581055,0.5332289934158325,336624000
2012-12-24,0.5104273557662964,0.5369790196418762,0.539687991142273,0.534479022026062,0.5387499928474426,52425600
2012-12-26,0.4983476996421814,0.5242710113525391,0.5407289862632751,0.5189579725265503,0.5386459827423096,158563200
2012-12-27,0.495574951171875,0.5213540196418762,0.527292013168335,0.5019789934158325,0.5251039862632751,308150400
2012-12-28,0.48121780157089233,0.5062500238418579,0.5218750238418579,0.5062500238418579,0.5106250047683716,164284800
2012-12-31,0.5126059651374817,0.5392709970474243,0.5418750047683716,0.5016670227050781,0.503853976726532,423052800
2013-01-02,0.5604302883148193,0.5895829796791077,0.5904170274734497,0.5720829963684082,0.578125,354720000
2013-01-03,0.5523115992546082,0.5810419917106628,0.5934380292892456,0.5753129720687866,0.5894790291786194,310732800
2013-01-04,0.5468657612800598,0.5753129720687866,0.5814579725265503,0.571042001247406,0.5814579725265503,152208000
2013-01-07,0.5474600195884705,0.5759379863739014,0.578125,0.5652080178260803,0.5703129768371582,182822400
2013-01-08,0.5442907810211182,0.5726040005683899,0.5795829892158508,0.5631250143051147,0.5752080082893372,175036800
2013-01-09,0.5498363971710205,0.5784379839897156,0.5830209851264954,0.5732290148735046,0.5744789838790894,153993600
2013-01-10,0.5595397353172302,0.5886459946632385,0.5916669964790344,0.5729169845581055,0.589896023273468,235555200
2013-01-11,0.5616185665130615,0.5908330082893372,0.5919790267944336,0.5846880078315735,0.5880209803581238,106060800
2013-01-14,0.5543904304504395,0.5832290053367615,0.5881249904632568,0.5758330225944519,0.5814579725265503,147369600
2013-01-15,0.5461720824241638,0.5745829939842224,0.5771880149841309,0.5670830011367798,0.5752080082893372,216844800
2013-01-16,0.5523115992546082,0.5810419917106628,0.5874999761581421,0.574271023273468,0.5779169797897339,152217600
2013-01-17,0.5608265995979309,0.5899999737739563,0.5966669917106628,0.5858330130577087,0.5888540148735046,230620800
2013-01-18,0.5576584339141846,0.586667001247406,0.5877079963684082,0.5780209898948669,0.5842710137367249,206044800
2013-01-22,0.559935986995697,0.5890629887580872,0.589792013168335,0.5771880149841309,0.5882290005683899,252566400
2013-01-23,0.5690451264381409,0.5986459851264954,0.6046879887580872,0.5960419774055481,0.5985419750213623,225081600
2013-01-24,0.5463707447052002,0.5747920274734497,0.5912500023841858,0.5721880197525024,0.5752080082893372,246124800
2013-01-25,0.5544894337654114,0.5833330154418945,0.5885419845581055,0.5770829916000366,0.5807290077209473,170409600
2013-01-28,0.5584502220153809,0.5874999761581421,0.5933330059051514,0.5816670060157776,0.5840629935264587,249590400
2013-01-29,0.5584502220153809,0.5874999761581421,0.5914580225944519,0.5735419988632202,0.5851039886474609,213888000
2013-01-30,0.5553809404373169,0.5842710137367249,0.5958330035209656,0.5798959732055664,0.5913540124893188,159158400
2013-01-31,0.5518163442611694,0.5805209875106812,0.5923960208892822,0.5784379839897156,0.5833330154418945,203433600
2013-02-01,0.5699359774589539,0.5995830297470093,0.6035419702529907,0.585207998752594,0.5922920107841492,286070400
2013-02-04,0.5409249067306519,0.5690630078315735,0.5951039791107178,0.5687500238418579,0.5894790291786194,274224000
2013-02-05,0.5646887421607971,0.5940629839897156,0.5993750095367432,0.5726040005683899,0.5761460065841675,280089600
2013-02-06,0.5594407320022583,0.5885419845581055,0.5963540077209473,0.5832290053367615,0.5880209803581238,250972800
2013-02-07,0.5608265995979309,0.5899999737739563,0.5919790267944336,0.5707290172576904,0.5903130173683167,218572800
2013-02-08,0.5778579115867615,0.6079170107841492,0.6117709875106812,0.5981249809265137,0.5994790196418762,203913600
2013-02-11,0.5776591300964355,0.6077079772949219,0.6100000143051147,0.6026039719581604,0.6092709898948669,111062400
2013-02-12,0.5709261298179626,0.6006249785423279,0.6097919940948486,0.5993750095367432,0.6066669821739197,129542400
2013-02-13,0.577560305595398,0.6076040267944336,0.6141669750213623,0.6018750071525574,0.6060420274734497,186806400
2013-02-14,0.5763720273971558,0.6063539981842041,0.6095830202102661,0.5980209708213806,0.5992709994316101,137001600
2013-02-15,0.5714213848114014,0.6011459827423096,0.6111459732055664,0.5964580178260803,0.6071879863739014,118598400
2013-02-19,0.5838974714279175,0.6142709851264954,0.6148959994316101,0.6044790148735046,0.605417013168335,127296000
2013-02-20,0.5572619438171387,0.5862500071525574,0.6145830154418945,0.5862500071525574,0.6141669750213623,163958400
2013-02-21,0.5391426682472229,0.567188024520874,0.581250011920929,0.5609380006790161,0.5798959732055664,265286400
2013-02-22,0.554984450340271,0.5838540196418762,0.5842710137367249,0.5708330273628235,0.5769789814949036,132364800
2013-02-25,0.5342899560928345,0.5620830059051514,0.6015629768371582,0.5611460208892822,0.5957289934158325,240604800
2013-02-26,0.5407263040542603,0.5688539743423462,0.5721880197525024,0.5537499785423279,0.5655210018157959,168460800
2013-02-27,0.5571632385253906,0.5861459970474243,0.5967710018157959,0.5668749809265137,0.569582998752594,171072000
2013-02-28,0.5550833940505981,0.5839580297470093,0.5992709994316101,0.583541989326477,0.5861459970474243,163516800
2013-03-01,0.5608265995979309,0.5899999737739563,0.5927079916000366,0.5681250095367432,0.5767710208892822,123216000
2013-03-04,0.568054735660553,0.597603976726532,0.5979170203208923,0.581978976726532,0.5841670036315918,150969600
2013-03-05,0.5930068492889404,0.6238539814949036,0.6265630125999451,0.6085420250892639,0.6091669797897339,228086400
2013-03-06,0.5892444252967834,0.6198959946632385,0.6307290196418762,0.6172919869422913,0.6302080154418945,207619200
2013-03-07,0.5943936109542847,0.6253129839897156,0.6274999976158142,0.6184380054473877,0.6216670274734497,110284800
2013-03-08,0.5950865149497986,0.6260420083999634,0.633542001247406,0.6194790005683899,0.6310420036315918,169718400
2013-03-11,0.6012253165245056,0.6324999928474426,0.6327080130577087,0.6187499761581421,0.6248959898948669,123878400
2013-03-12,0.5938981771469116,0.6247919797897339,0.6309379935264587,0.616457998752594,0.6268749833106995,178108800
2013-03-13,0.5920172929763794,0.6228129863739014,0.6301040053367615,0.616457998752594,0.6270830035209656,160838400
2013-03-14,0.598056972026825,0.6291670203208923,0.6330209970474243,0.625,0.6294789910316467,154339200
2013-03-15,0.5924125909805298,0.6232290267944336,0.6316670179367065,0.6190630197525024,0.6302080154418945,159888000
2013-03-18,0.5883528590202332,0.6189579963684082,0.6269789934158325,0.6026039719581604,0.6069790124893188,214742400
2013-03-19,0.5859763622283936,0.616457998752594,0.6286460161209106,0.5994790196418762,0.6248959898948669,287500800
2013-03-20,0.5971654653549194,0.628229022026062,0.6328129768371582,0.6204169988632202,0.6290630102157593,153484800
2013-03-21,0.5780553817749023,0.6081249713897705,0.616457998752594,0.6033329963684082,0.612500011920929,214742400
2013-03-22,0.5939971208572388,0.6248959898948669,0.6264579892158508,0.6131250262260437,0.6150000095367432,142761600
2013-03-25,0.5879573822021484,0.6185420155525208,0.6349999904632568,0.6094790101051331,0.6310420036315918,228931200
2013-03-26,0.5969675779342651,0.6280210018157959,0.628853976726532,0.6213539838790894,0.6258329749107361,123830400
2013-03-27,0.6001359224319458,0.6313539743423462,0.6321880221366882,0.6130210161209106,0.6161460280418396,191798400
2013-03-28,0.6036015748977661,0.6349999904632568,0.637499988079071,0.6265630125999451,0.6309379935264587,266697600
2013-04-01,0.5919173955917358,0.6227080225944519,0.6385419964790344,0.6175000071525574,0.6369789838790894,249628800
2013-04-02,0.6052850484848022,0.636771023273468,0.6431249976158142,0.6298959851264954,0.6309379935264587,337776000
2013-04-03,0.5892444252967834,0.6198959946632385,0.640625,0.6151040196418762,0.6381250023841858,177206400
2013-04-04,0.5895408987998962,0.6202080249786377,0.6246880292892456,0.6102079749107361,0.6192709803581238,189936000
2013-04-05,0.5750847458839417,0.6050000190734863,0.6073960065841675,0.586562991142273,0.5909379720687866,338284800
2013-04-08,0.5838974714279175,0.6142709851264954,0.614687979221344,0.6001039743423462,0.605521023273468,223603200
2013-04-09,0.5953831672668457,0.6263539791107178,0.6339579820632935,0.6106250286102295,0.6193749904632568,332620800
2013-04-10,0.6302372217178345,0.6630210280418396,0.6658329963684082,0.6321880221366882,0.6329169869422913,182448000
2013-04-11,0.6291477084159851,0.6618750095367432,0.6669790148735046,0.65625,0.6585419774055481,167558400
2013-04-12,0.6284547448158264,0.6611459851264954,0.6623960137367249,0.645937979221344,0.6576039791107178,218592000
2013-04-15,0.5902348756790161,0.6209380030632019,0.6567710041999817,0.6197919845581055,0.6529170274734497,203846400
2013-04-16,0.6148895025253296,0.6468750238418579,0.6485419869422913,0.6287500262260437,0.6332290172576904,193718400
2013-04-17,0.578947126865387,0.6090630292892456,0.6298959851264954,0.597603976726532,0.6294789910316467,315619200
2013-04-18,0.5538951754570007,0.5827080011367798,0.6141669750213623,0.5756250023841858,0.6141669750213623,253670400
2013-04-19,0.5768673419952393,0.6068750023841858,0.6110420227050781,0.5840629935264587,0.5873960256576538,183014400
2013-04-22,0.5945913195610046,0.6255210041999817,0.6322919726371765,0.6069790124893188,0.6135420203208923,161088000
2013-04-23,0.6121166944503784,0.6439579725265503,0.6503130197525024,0.6268749833106995,0.6369789838790894,272966400
2013-04-24,0.6106319427490234,0.6423959732055664,0.6497920155525208,0.6346880197525024,0.6389579772949219,224179200
2013-04-25,0.6205337643623352,0.6528130173683167,0.6604170203208923,0.6474999785423279,0.6486459970474243,192508800
2013-04-26,0.6152856945991516,0.6472920179367065,0.6527079939842224,0.6388540267944336,0.6487500071525574,91881600
2013-04-29,0.6316230297088623,0.6644790172576904,0.6721879839897156,0.6528130173683167,0.6528130173683167,137097600
2013-04-30,0.6454858779907227,0.6790630221366882,0.6796879768371582,0.6598960161209106,0.6675000190734863,123897600
2013-05-01,0.6372673511505127,0.6704170107841492,0.6829169988632202,0.6658329963684082,0.6790630221366882,128688000
2013-05-02,0.660338282585144,0.6946880221366882,0.6993749737739563,0.6714580059051514,0.6730210185050964,97516800
2013-05-03,0.683408260345459,0.7189580202102661,0.7259380221366882,0.7140629887580872,0.7152079939842224,133996800
2013-05-06,0.6922207474708557,0.7282289862632751,0.7313539981842041,0.7215629816055298,0.7231249809265137,97008000
2013-05-07,0.6905372738838196,0.7264580130577087,0.7332289814949036,0.7189580202102661,0.7316669821739197,104275200
2013-05-08,0.7013307809829712,0.7378129959106445,0.7389580011367798,0.7222920060157776,0.7246879935264587,85305600
2013-05-09,0.6988545656204224,0.7352079749107361,0.7489579916000366,0.7298960089683533,0.7323960065841675,110918400
2013-05-10,0.7107367515563965,0.7477080225944519,0.7484380006790161,0.7351040244102478,0.7384380102157593,127027200
2013-05-13,0.7135093212127686,0.7506250143051147,0.7556250095367432,0.7416669726371765,0.7440630197525024,133286400
2013-05-14,0.7240053415298462,0.761667013168335,0.7686460018157959,0.7503129839897156,0.7505210041999817,133920000
2013-05-15,0.7293521761894226,0.7672920227050781,0.7686460018157959,0.7519789934158325,0.7582290172576904,131366400
2013-05-16,0.7266783714294434,0.7644789814949036,0.7798960208892822,0.7627080082893372,0.768854022026062,155404800
2013-05-17,0.7471750974655151,0.7860419750213623,0.7868750095367432,0.7684379816055298,0.7754169702529907,150000000
2013-05-20,0.7438081502914429,0.7825000286102295,0.7901039719581604,0.7731249928474426,0.7798960208892822,151363200
2013-05-21,0.746580958366394,0.7854170203208923,0.7935420274734497,0.7732290029525757,0.7819790244102478,160915200
2013-05-22,0.7283618450164795,0.7662500143051147,0.8064579963684082,0.7523959875106812,0.7879170179367065,316982400
2013-05-23,0.7204407453536987,0.7579169869422913,0.7662500143051147,0.7395830154418945,0.7442709803581238,145737600
2013-05-24,0.7200443148612976,0.7574999928474426,0.7580209970474243,0.737500011920929,0.7437499761581421,67747200
2013-05-28,0.7348968386650085,0.7731249928474426,0.7927079796791077,0.765625,0.7839580178260803,161817600
2013-05-29,0.7238067388534546,0.7614579796791077,0.7697920203208923,0.7484380006790161,0.7635419964790344,159638400
2013-05-30,0.7355898022651672,0.7738540172576904,0.7839580178260803,0.761667013168335,0.761667013168335,86121600
2013-05-31,0.7145986557006836,0.7517709732055664,0.7821879982948303,0.7502080202102661,0.7642710208892822,123331200
2013-06-03,0.7187573313713074,0.7561460137367249,0.7565630078315735,0.7270830273628235,0.7534379959106445,222633600
2013-06-04,0.7079647183418274,0.7447919845581055,0.7697920203208923,0.7352079749107361,0.7604169845581055,138556800
2013-06-05,0.6808341145515442,0.7162500023841858,0.7454169988632202,0.7137500047683716,0.7369790077209473,190560000
2013-06-06,0.689151406288147,0.7250000238418579,0.7256249785423279,0.6979169845581055,0.7182289958000183,190944000
2013-06-07,0.7179656028747559,0.755312979221344,0.7576040029525757,0.7291669845581055,0.7355210185050964,233088000
2013-06-10,0.7182620167732239,0.7556250095367432,0.7664579749107361,0.7515630125999451,0.7601040005683899,135331200
2013-06-11,0.6974686980247498,0.7337499856948853,0.753853976726532,0.7261459827423096,0.7332289814949036,222105600
2013-06-12,0.6733087301254272,0.7083330154418945,0.7472919821739197,0.7048959732055664,0.7471879720687866,223488000
2013-06-13,0.6974686980247498,0.7337499856948853,0.7392709851264954,0.6994789838790894,0.7052080035209656,151699200
2013-06-14,0.6851903796195984,0.7208330035209656,0.7372919917106628,0.7170829772949219,0.7347919940948486,124339200
2013-06-17,0.7042015194892883,0.7408329844474792,0.7536460161209106,0.7298960089683533,0.737500011920929,158851200
2013-06-18,0.7208362221717834,0.7583330273628235,0.7636460065841675,0.7438539862632751,0.7441669702529907,101404800
2013-06-19,0.6981617212295532,0.7344790101051331,0.7621880173683167,0.7314580082893372,0.7594789862632751,175708800
2013-06-20,0.6466740965843201,0.680312991142273,0.7161459922790527,0.6745830178260803,0.7086459994316101,241257600
2013-06-21,0.637563943862915,0.6707289814949036,0.6867709755897522,0.6538540124893188,0.6808329820632935,236985600
2013-06-24,0.6178598403930664,0.6499999761581421,0.6661459803581238,0.6339579820632935,0.6544790267944336,221136000
2013-06-25,0.631028950214386,0.6638540029525757,0.6727079749107361,0.6534379720687866,0.6691669821739197,132422400
2013-06-26,0.6482576131820679,0.6819790005683899,0.6860420107841492,0.6747919917106628,0.6816669702529907,119865600
2013-06-27,0.6554856896400452,0.6895830035209656,0.7037500143051147,0.6895830035209656,0.6926040053367615,113683200
2013-06-28,0.6572679281234741,0.691457986831665,0.7061460018157959,0.6797919869422913,0.6841670274734497,156076800
2013-07-01,0.6713285446166992,0.706250011920929,0.723438024520874,0.7044789791107178,0.7082290053367615,103891200
2013-07-02,0.6716258525848389,0.7065629959106445,0.7202079892158508,0.6962500214576721,0.7058330178260803,124377600
2013-07-03,0.6807352304458618,0.7161459922790527,0.7257289886474609,0.6980209946632385,0.6997920274734497,53769600
2013-07-05,0.6957852840423584,0.7319790124893188,0.7328130006790161,0.7110419869422913,0.7279170155525208,114441600
2013-07-08,0.6980628967285156,0.734375,0.7443749904632568,0.7265629768371582,0.7435420155525208,88281600
2013-07-09,0.7108364701271057,0.7478129863739014,0.7524999976158142,0.7346879839897156,0.7444790005683899,84316800
2013-07-10,0.7228171229362488,0.7604169845581055,0.7639579772949219,0.7451040148735046,0.7451040148735046,100867200
2013-07-11,0.7678695917129517,0.8078129887580872,0.8078129887580872,0.7835419774055481,0.7846879959106445,153024000
2013-07-12,0.7758894562721252,0.8162500262260437,0.8180209994316101,0.8013539910316467,0.8080210089683533,83510400
2013-07-15,0.7819293737411499,0.8226040005683899,0.8235419988632202,0.8121880292892456,0.8188539743423462,91622400
2013-07-16,0.7788599133491516,0.8193749785423279,0.8260419964790344,0.8127080202102661,0.8240630030632019,85219200
2013-07-17,0.7844045162200928,0.8252080082893372,0.8305209875106812,0.8182290196418762,0.8263540267944336,79104000
2013-07-18,0.7786621451377869,0.8191670179367065,0.8308330178260803,0.8151040077209473,0.8247920274734497,101136000
2013-07-19,0.754997193813324,0.7942709922790527,0.7982289791107178,0.7861459851264954,0.7979170083999634,108595200
2013-07-22,0.7604430317878723,0.800000011920929,0.8057289719581604,0.793021023273468,0.8027080297470093,85852800
2013-07-23,0.7435115575790405,0.7821879982948303,0.8046879768371582,0.7809380292892456,0.8046879768371582,86428800
2013-07-24,0.7505411505699158,0.7895830273628235,0.8063539862632751,0.7847920060157776,0.805417001247406,105744000
2013-07-25,0.7641064524650574,0.8038539886474609,0.8076040148735046,0.7887499928474426,0.8012499809265137,81110400
2013-07-26,0.7767810821533203,0.817188024520874,0.817812979221344,0.7916669845581055,0.7952079772949219,77654400
2013-07-29,0.7732165455818176,0.8134379982948303,0.8231250047683716,0.8064579963684082,0.8130210041999817,72345600
2013-07-30,0.7847021222114563,0.8255209922790527,0.8362500071525574,0.8170830011367798,0.8223959803581238,120960000
2013-07-31,0.7896525859832764,0.8307290077209473,0.8444790244102478,0.8258330225944519,0.8307290077209473,110179200
2013-08-01,0.8137138485908508,0.8560420274734497,0.859375,0.8448960185050964,0.847603976726532,77596800
2013-08-02,0.8272792100906372,0.8703129887580872,0.8706250190734863,0.8506249785423279,0.8566669821739197,97104000
2013-08-05,0.8290613293647766,0.8721879720687866,0.8738539814949036,0.8639580011367798,0.8672919869422913,79440000
2013-08-06,0.8143078684806824,0.8566669821739197,0.8708329796791077,0.8458330035209656,0.8683329820632935,93820800
2013-08-07,0.8096539974212646,0.8517709970474243,0.8560420274734497,0.8330209851264954,0.8486459851264954,120585600
2013-08-08,0.8204467296600342,0.8631250262260437,0.8698959946632385,0.8475000262260437,0.8659380078315735,130598400
2013-08-09,0.8116341233253479,0.8538540005683899,0.8688539862632751,0.8463540077209473,0.8605210185050964,98534400
2013-08-12,0.8166842460632324,0.8591669797897339,0.8639580011367798,0.8435419797897339,0.8436459898948669,68822400
2013-08-13,0.8302496671676636,0.8734380006790161,0.8797919750213623,0.8444790244102478,0.8627079725265503,154483200
2013-08-14,0.8210408091545105,0.8637499809265137,0.8766670227050781,0.8604170083999634,0.8729169964790344,94368000
2013-08-15,0.7798504829406738,0.8204169869422913,0.8355209827423096,0.8132290244102478,0.8353130221366882,132883200
2013-08-16,0.7770777344703674,0.8174999952316284,0.8314579725265503,0.8147919774055481,0.8206250071525574,70176000
2013-08-19,0.7740082740783691,0.8142709732055664,0.839792013168335,0.8141670227050781,0.8204169869422913,90115200
2013-08-20,0.7846031188964844,0.8254169821739197,0.836667001247406,0.8172919750213623,0.8198959827423096,88752000
2013-08-21,0.7767810821533203,0.817188024520874,0.8386459946632385,0.8082290291786194,0.8182290196418762,159686400
2013-08-22,0.7989603877067566,0.840520977973938,0.8422920107841492,0.8260419964790344,0.8267710208892822,71260800
2013-08-23,0.8157927393913269,0.8582289814949036,0.8606250286102295,0.8493750095367432,0.8590630292892456,76512000
2013-08-26,0.8164857625961304,0.8589580059051514,0.878125011920929,0.8535419702529907,0.859375,74918400
2013-08-27,0.7650970220565796,0.8048959970474243,0.8407289981842041,0.8005210161209106,0.8286460041999817,200131200
2013-08-28,0.7749987840652466,0.8153129816055298,0.8256250023841858,0.8034380078315735,0.8043749928474426,102038400
2013-08-29,0.7910394668579102,0.8321880102157593,0.8445829749107361,0.8115630149841309,0.8149999976158142,129465600
2013-08-30,0.7762859463691711,0.8166670203208923,0.8351039886474609,0.8078129887580872,0.8345829844474792,121996800
2013-09-03,0.7890583872795105,0.8301039934158325,0.847603976726532,0.8196880221366882,0.8364580273628235,85699200
2013-09-04,0.8148033022880554,0.8571879863739014,0.8605210185050964,0.8317710161209106,0.8380209803581238,83078400
2013-09-05,0.8183678388595581,0.8609380125999451,0.8682289719581604,0.8573960065841675,0.8584380149841309,48451200
2013-09-06,0.8213381767272949,0.864063024520874,0.8774999976158142,0.8351039886474609,0.8693749904632568,122121600
2013-09-09,0.8502503037452698,0.894478976726532,0.8986459970474243,0.8742709755897522,0.8742709755897522,94281600
2013-09-10,0.8631227612495422,0.9080209732055664,0.9112499952316284,0.8980209827423096,0.910207986831665,151929600
2013-09-11,0.8587663173675537,0.9034379720687866,0.9038540124893188,0.8860419988632202,0.8901039958000183,106118400
2013-09-12,0.8549041152000427,0.8993750214576721,0.9088540077209473,0.8951039910316467,0.903020977973938,66921600
2013-09-13,0.8576769232749939,0.902292013168335,0.9053130149841309,0.8878129720687866,0.9037500023841858,80860800
2013-09-16,0.8504490256309509,0.8946880102157593,0.9247919917106628,0.8887500166893005,0.9244790077209473,132374400
2013-09-17,0.867479145526886,0.9126039743423462,0.9158329963684082,0.8997920155525208,0.8997920155525208,66940800
2013-09-18,0.8993625044822693,0.9461460113525391,0.9507290124893188,0.9111459851264954,0.916458010673523,127507200
2013-09-19,0.9049071073532104,0.9519789814949036,0.9588540196418762,0.9473959803581238,0.9536460041999817,71404800
2013-09-20,0.8950060606002808,0.9415630102157593,0.961667001247406,0.9405210018157959,0.9592710137367249,108153600
2013-09-23,0.8899558782577515,0.9362499713897705,0.957082986831665,0.9229170083999634,0.9547920227050781,134889600
2013-09-24,0.890153706073761,0.9364579916000366,0.9513540267944336,0.9270830154418945,0.9427080154418945,82003200
2013-09-25,0.8817372918128967,0.9276040196418762,0.942188024520874,0.9211459755897522,0.9378129839897156,108662400
2013-09-26,0.9019367694854736,0.9488540291786194,0.9546880125999451,0.9368749856948853,0.9385420083999634,89020800
2013-09-27,0.8976790904998779,0.9443749785423279,0.9495829939842224,0.9278129935264587,0.9331250190734863,73200000
2013-09-30,0.8920356631278992,0.9384379982948303,0.9447919726371765,0.9061459898948669,0.9154170155525208,123292800
2013-10-01,0.9187700748443604,0.9665629863739014,0.9678130149841309,0.9370830059051514,0.9380210041999817,87888000
2013-10-02,0.917086660861969,0.964792013168335,0.9691669940948486,0.9440630078315735,0.945937991142273,86313600
2013-10-03,0.8852030038833618,0.9312499761581421,0.9672920107841492,0.9159380197525024,0.9613540172576904,161577600
2013-10-04,0.907976508140564,0.9552080035209656,0.9590629935264587,0.9291669726371765,0.9307289719581604,92112000
2013-10-07,0.8855005502700806,0.9315630197525024,0.9535419940948486,0.9292709827423096,0.9309380054473877,99340800
2013-10-08,0.8353978991508484,0.878853976726532,0.933542013168335,0.8767709732055664,0.9312499761581421,234777600
2013-10-09,0.8261898159980774,0.8691669702529907,0.8848959803581238,0.8478130102157593,0.8836460113525391,218448000
2013-10-10,0.8786681294441223,0.9243749976158142,0.9301040172576904,0.8964580297470093,0.8969789743423462,144720000
2013-10-11,0.8984709978103638,0.9452080130577087,0.9479169845581055,0.9169790148735046,0.9173960089683533,130147200
2013-10-14,0.917086660861969,0.964792013168335,0.965624988079071,0.9260420203208923,0.9284380078315735,140956800
2013-10-15,0.9072834849357605,0.9544789791107178,0.9776039719581604,0.9510419964790344,0.9629169702529907,162076800
2013-10-16,0.9382754564285278,0.9870830178260803,0.9885420203208923,0.9657289981842041,0.9672920107841492,129302400
2013-10-17,0.9534251689910889,1.003021001815796,1.0048960447311401,0.9713540077209473,0.9730209708213806,166368000
2013-10-18,1.0005567073822021,1.0526039600372314,1.0537500381469727,1.0228129625320435,1.0309380292892456,135110400
2013-10-21,1.0062999725341797,1.0586459636688232,1.0673960447311401,1.0495829582214355,1.0586459636688232,99369600
2013-10-22,1.009765625,1.0622919797897339,1.0814579725265503,1.0442709922790527,1.0703129768371582,157660800
2013-10-23,0.9935261011123657,1.0452079772949219,1.0544790029525757,1.0295829772949219,1.0485420227050781,161184000
2013-10-24,1.0059036016464233,1.0582289695739746,1.065000057220459,1.0418750047683716,1.0459380149841309,108547200
2013-10-25,1.0260040760040283,1.0793750286102295,1.0953129529953003,1.0659379959106445,1.0885419845581055,140467200
2013-10-28,1.0280839204788208,1.0815629959106445,1.0863540172576904,1.0673960447311401,1.0809379816055298,83251200
2013-10-29,1.033034324645996,1.086771011352539,1.0952080488204956,1.0729169845581055,1.0919790267944336,84105600
2013-10-30,1.0297662019729614,1.0833330154418945,1.1033329963684082,1.0688539743423462,1.0985419750213623,198662400
2013-10-31,1.023132085800171,1.0763540267944336,1.096250057220459,1.0645829439163208,1.0760420560836792,141782400
2013-11-01,1.0226370096206665,1.0758329629898071,1.0906250476837158,1.0612499713897705,1.0857290029525757,163132800
2013-11-04,1.0275886058807373,1.0810420513153076,1.087499976158142,1.070207953453064,1.087499976158142,91641600
2013-11-05,1.0319448709487915,1.0856250524520874,1.0927079916000366,1.0598959922790527,1.0688539743423462,132124800
2013-11-06,1.0301624536514282,1.0837500095367432,1.0995830297470093,1.0739580392837524,1.0982290506362915,163910400
2013-11-07,0.9730303883552551,1.0236459970474243,1.089063048362732,1.0205210447311401,1.084375023841858,232934400
2013-11-08,1.011448860168457,1.0640629529953003,1.0651040077209473,1.0257289409637451,1.0343749523162842,118080000
2013-11-11,1.0065964460372925,1.0589580535888672,1.0681250095367432,1.0487500429153442,1.0573960542678833,63494400
2013-11-12,1.0115479230880737,1.0641670227050781,1.0688539743423462,1.0479170083999634,1.0496879816055298,108777600
2013-11-13,1.0477874279022217,1.1022919416427612,1.1026040315628052,1.0432289838790894,1.0439579486846924,126470400
2013-11-14,1.0559062957763672,1.1108330488204956,1.1152080297470093,1.0873960256576538,1.0934380292892456,118819200
2013-11-15,1.0632339715957642,1.118541955947876,1.119583010673523,1.1058330535888672,1.1145830154418945,89203200
2013-11-18,1.0338259935379028,1.08760404586792,1.1253130435943604,1.0805209875106812,1.1179169416427612,143846400
2013-11-19,1.023627519607544,1.0768749713897705,1.100000023841858,1.071874976158142,1.0846879482269287,102192000
2013-11-20,1.016498327255249,1.0693750381469727,1.0978130102157593,1.0598959922790527,1.0862499475479126,125865600
2013-11-21,1.0475889444351196,1.1020829677581787,1.1044789552688599,1.0800000429153442,1.0819790363311768,86592000
2013-11-22,1.0641247034072876,1.1194789409637451,1.1205209493637085,1.1048959493637085,1.1079169511795044,87014400
2013-11-25,1.0711549520492554,1.1268750429153442,1.135208010673523,1.1191669702529907,1.1306250095367432,92582400
2013-11-26,1.088879108428955,1.1455210447311401,1.1534379720687866,1.1208330392837524,1.128957986831665,106713600
2013-11-27,1.110662817955017,1.1684379577636719,1.1698960065841675,1.149271011352539,1.1521879434585571,137894400
2013-11-29,1.1288814544677734,1.1876039505004883,1.1945830583572388,1.179582953453064,1.1825000047683716,91622400
2013-12-02,1.1218512058258057,1.1802079677581787,1.1994789838790894,1.1745829582214355,1.1943750381469727,165936000
2013-12-03,1.1185839176177979,1.1767710447311401,1.1860419511795044,1.1631250381469727,1.1769789457321167,134544000
2013-12-04,1.1214556694030762,1.179792046546936,1.191457986831665,1.1505210399627686,1.1619789600372314,133996800
2013-12-05,1.1179898977279663,1.1761460304260254,1.1865630149841309,1.1662499904632568,1.1836459636688232,126480000
2013-12-06,1.1410608291625977,1.2004170417785645,1.2082289457321167,1.183750033378601,1.2044789791107178,142588800
2013-12-09,1.1547249555587769,1.214792013168335,1.2229169607162476,1.2090630531311035,1.2145830392837524,112608000
2013-12-10,1.152645468711853,1.21260404586792,1.219478964805603,1.2058329582214355,1.2086460590362549,93004800
2013-12-11,1.1095737218856812,1.1672919988632202,1.2176040410995483,1.1610419750213623,1.2118749618530273,148464000
2013-12-12,1.1005635261535645,1.1578129529953003,1.175832986831665,1.1541670560836792,1.1677080392837524,107347200
2013-12-13,1.0953152179718018,1.152292013168335,1.174896001815796,1.1462500095367432,1.1731250286102295,81206400
2013-12-16,1.1141278743743896,1.1720830202102661,1.191249966621399,1.1669789552688599,1.1689579486846924,74966400
2013-12-17,1.1070986986160278,1.164687991142273,1.179582953453064,1.1578129529953003,1.1720830202102661,72960000
2013-12-18,1.1453183889389038,1.2048959732055664,1.207813024520874,1.1171879768371582,1.1677080392837524,161596800
2013-12-19,1.1350209712982178,1.1940629482269287,1.1990629434585571,1.1787500381469727,1.1982289552688599,117177600
2013-12-20,1.169180989265442,1.2300000190734863,1.2385419607162476,1.1989580392837524,1.2000000476837158,113750400
2013-12-23,1.207005500793457,1.2697919607162476,1.2697919607162476,1.2502080202102661,1.2605210542678833,112502400
2013-12-24,1.2086890935897827,1.2715630531311035,1.2736459970474243,1.2637499570846558,1.2698960304260254,38006400
2013-12-26,1.2204707860946655,1.2839579582214355,1.2868750095367432,1.2709380388259888,1.2776039838790894,55814400
2013-12-27,1.2115591764450073,1.2745829820632935,1.290624976158142,1.269582986831665,1.2883330583572388,73939200
2013-12-30,1.205223560333252,1.2679170370101929,1.2734379768371582,1.2578129768371582,1.2679170370101929,53078400
2013-12-31,1.228887915611267,1.2928129434585571,1.2928129434585571,1.2739579677581787,1.2753130197525024,64176000
2014-01-02,1.200173020362854,1.262603998184204,1.2760419845581055,1.2514580488204956,1.27510404586792,98976000
2014-01-03,1.17403244972229,1.235103964805603,1.2659380435943604,1.234375,1.262395977973938,97545600
2014-01-06,1.1615568399429321,1.221979022026062,1.2400000095367432,1.2077080011367798,1.2361459732055664,125923200
2014-01-07,1.1916580200195312,1.2536460161209106,1.2604169845581055,1.2315629720687866,1.2378129959106445,92313600
2014-01-08,1.2005691528320312,1.2630209922790527,1.2736459970474243,1.247499942779541,1.2555210590362549,93264000
2014-01-09,1.1881920099258423,1.25,1.2777080535888672,1.2377079725265503,1.2763539552688599,105561600
2014-01-10,1.2000740766525269,1.2625000476837158,1.2667709589004517,1.2320829629898071,1.260208010673523,119942400
2014-01-13,1.146704077720642,1.206354022026062,1.2704169750213623,1.192188024520874,1.2573959827423096,173107200
2014-01-14,1.2123521566390991,1.2754169702529907,1.2779170274734497,1.21875,1.2190630435943604,138076800
2014-01-15,1.2406703233718872,1.3052079677581787,1.3141670227050781,1.287500023841858,1.2905210256576538,120528000
2014-01-16,1.243245005607605,1.3079169988632202,1.3128130435943604,1.2969789505004883,1.3034379482269287,70512000
2014-01-17,1.2211648225784302,1.2846879959106445,1.306249976158142,1.2755210399627686,1.2955210208892822,84460800
2014-01-21,1.2484933137893677,1.313438057899475,1.3156249523162842,1.2814580202102661,1.3091670274734497,88022400
2014-01-22,1.2600778341293335,1.325624942779541,1.3333330154418945,1.3125,1.3236459493637085,78432000
2014-01-23,1.2449287176132202,1.3096879720687866,1.3125,1.2833329439163208,1.3118749856948853,129052800
2014-01-24,1.1711610555648804,1.2320829629898071,1.2970830202102661,1.231874942779541,1.2902079820632935,141648000
2014-01-27,1.1370996236801147,1.1962499618530273,1.2393749952316284,1.1708329916000366,1.2335419654846191,177729600
2014-01-28,1.136703610420227,1.1958329677581787,1.1989580392837524,1.1729170083999634,1.1777080297470093,109497600
2014-01-29,1.1008598804473877,1.1581250429153442,1.1902079582214355,1.1495829820632935,1.164167046546936,136497600
2014-01-30,1.1588835716247559,1.2191669940948486,1.2327079772949219,1.1956249475479126,1.1997920274734497,116438400
2014-01-31,1.1507642269134521,1.2106250524520874,1.228124976158142,1.1762499809265137,1.179582953453064,84532800
2014-02-03,1.0745218992233276,1.130416989326477,1.221250057220459,1.1181249618530273,1.2039580345153809,183926400
2014-02-04,1.095513105392456,1.152500033378601,1.1652079820632935,1.134374976158142,1.144374966621399,90672000
2014-02-05,1.0854135751724243,1.1418750286102295,1.1552079916000366,1.1041669845581055,1.140625,108513600
2014-02-06,1.1270002126693726,1.1856249570846558,1.1906249523162842,1.1516669988632202,1.1535420417785645,73977600
2014-02-07,1.1868062019348145,1.2485419511795044,1.2522920370101929,1.1962499618530273,1.2064579725265503,111456000
2014-02-10,1.2085891962051392,1.2714580297470093,1.2731250524520874,1.2464580535888672,1.2491669654846191,83284800
2014-02-11,1.249977946281433,1.315000057220459,1.3222919702529907,1.2756249904632568,1.278749942779541,117504000
2014-02-12,1.255919098854065,1.3212499618530273,1.3312499523162842,1.3108329772949219,1.3229169845581055,108451200
2014-02-13,1.2881978750228882,1.3552080392837524,1.3552080392837524,1.2925000190734863,1.292917013168335,106507200
2014-02-14,1.2919611930847168,1.3591669797897339,1.3691669702529907,1.3389580249786377,1.3533329963684082,94876800
2014-02-18,1.3121604919433594,1.380416989326477,1.3877079486846924,1.3566670417785645,1.3660420179367065,69292800
2014-02-19,1.283445119857788,1.350208044052124,1.381458044052124,1.3429169654846191,1.3722920417785645,136531200
2014-02-20,1.302060604095459,1.3697919845581055,1.3779170513153076,1.3370829820632935,1.3533329963684082,102643200
2014-02-21,1.295327067375183,1.3627079725265503,1.3889579772949219,1.3600000143051147,1.382707953453064,83976000
2014-02-24,1.3181015253067017,1.386667013168335,1.4049999713897705,1.3666670322418213,1.371042013168335,99422400
2014-02-25,1.3133487701416016,1.3816670179367065,1.4004169702529907,1.368541955947876,1.3922920227050781,92985600
2014-02-26,1.3089911937713623,1.3770829439163208,1.4052079916000366,1.3616670370101929,1.3937499523162842,82929600
2014-02-27,1.3347361087799072,1.4041670560836792,1.4085420370101929,1.3720829486846924,1.3785419464111328,87964800
2014-02-28,1.3280020952224731,1.397083044052124,1.4287500381469727,1.363124966621399,1.4043749570846558,136718400
2014-03-03,1.298891544342041,1.3664580583572388,1.3791669607162476,1.331874966621399,1.3591669797897339,158558400
2014-03-04,1.3511722087860107,1.4214580059051514,1.428333044052124,1.4095829725265503,1.412708044052124,108993600
2014-03-05,1.3622620105743408,1.4331250190734863,1.4397920370101929,1.4187500476837158,1.428125023841858,77064000
2014-03-06,1.3571133613586426,1.4277080297470093,1.445417046546936,1.4131250381469727,1.4416669607162476,92803200
2014-03-07,1.3377063274383545,1.4072920083999634,1.4460419416427612,1.3862500190734863,1.4431250095367432,132518400
2014-03-10,1.3404783010482788,1.410207986831665,1.4131250381469727,1.3837499618530273,1.4049999713897705,75580800
2014-03-11,1.3238433599472046,1.3927079439163208,1.4316669702529907,1.380416989326477,1.4214580059051514,119774400
2014-03-12,1.3386961221694946,1.4083329439163208,1.4104169607162476,1.3583329916000366,1.3743749856948853,109612800
2014-03-13,1.2818617820739746,1.3485419750213623,1.425624966621399,1.3295830488204956,1.4239579439163208,188414400
2014-03-14,1.2555227279663086,1.3208329677581787,1.3527079820632935,1.3191670179367065,1.3339580297470093,107318400
2014-03-17,1.2889906167984009,1.3560420274734497,1.3758330345153809,1.3439580202102661,1.3454170227050781,116942400
2014-03-18,1.3353302478790283,1.4047919511795044,1.4089579582214355,1.359375,1.3602080345153809,113006400
2014-03-19,1.3133487701416016,1.3816670179367065,1.409999966621399,1.3541669845581055,1.4060419797897339,136444800
2014-03-20,1.3236461877822876,1.3925000429153442,1.4052079916000366,1.3600000143051147,1.368749976158142,87638400
2014-03-21,1.27512788772583,1.3414579629898071,1.4187500476837158,1.3352080583572388,1.415416955947876,198307200
2014-03-24,1.243046522140503,1.3077080249786377,1.3606250286102295,1.271041989326477,1.3581249713897705,266145600
2014-03-25,1.2545331716537476,1.3197920322418213,1.3527079820632935,1.287708044052124,1.3287500143051147,172516800
2014-03-26,1.2068066596984863,1.269582986831665,1.3481249809265137,1.2685420513153076,1.3402080535888672,201331200
2014-03-27,1.1854193210601807,1.2470829486846924,1.2808330059051514,1.226667046546936,1.2645829916000366,201993600
2014-03-28,1.1931425333023071,1.2552080154418945,1.2958329916000366,1.2447919845581055,1.259374976158142,166440000
2014-03-31,1.2169066667556763,1.2802079916000366,1.3064579963684082,1.2795829772949219,1.283750057220459,162441600
2014-04-01,1.282850980758667,1.3495830297470093,1.3512500524520874,1.299375057220459,1.300832986831665,178041600
2014-04-02,1.2929505109786987,1.3602080345153809,1.3702080249786377,1.341249942779541,1.3668750524520874,163224000
2014-04-03,1.2624540328979492,1.328125,1.3700000047683716,1.3041670322418213,1.3643749952316284,159619200
2014-04-04,1.1622495651245117,1.222707986831665,1.3574999570846558,1.210832953453064,1.351667046546936,371011200
2014-04-07,1.127396583557129,1.1860419511795044,1.2310420274734497,1.1610419750213623,1.1983330249786377,312662400
2014-04-08,1.1588835716247559,1.2191669940948486,1.2233330011367798,1.177291989326477,1.1904170513153076,243240000
2014-04-09,1.218293309211731,1.2816669940948486,1.2833329439163208,1.222707986831665,1.2320829629898071,221961600
2014-04-10,1.105810523033142,1.1633330583572388,1.2843749523162842,1.152500033378601,1.2841670513153076,322276800
2014-04-11,1.0671942234039307,1.1227079629898071,1.175624966621399,1.1145830154418945,1.131458044052124,211876800
2014-04-14,1.0911566019058228,1.1479170322418213,1.165624976158142,1.1164580583572388,1.1504169702529907,281275200
2014-04-15,1.1020479202270508,1.1593749523162842,1.1785420179367065,1.0870829820632935,1.1591670513153076,562051200
2014-04-16,1.1448230743408203,1.2043750286102295,1.2050000429153442,1.1608330011367798,1.1891670227050781,251414400
2014-04-17,1.145417332649231,1.2050000429153442,1.2235419750213623,1.1822919845581055,1.1924999952316284,176625600
2014-04-21,1.171359658241272,1.2322920560836792,1.2324999570846558,1.1972919702529907,1.2145830392837524,144249600
2014-04-22,1.2000740766525269,1.2625000476837158,1.2708330154418945,1.2391669750213623,1.2439579963684082,150321600
2014-04-23,1.1673989295959473,1.228124976158142,1.2627079486846924,1.226457953453064,1.261667013168335,131366400
2014-04-24,1.2018561363220215,1.2643749713897705,1.2899999618530273,1.2237499952316284,1.2897919416427612,250776000
2014-04-25,1.1438326835632324,1.2033330202102661,1.2454169988632202,1.1945830583572388,1.2410420179367065,244747200
2014-04-28,1.1561107635498047,1.216249942779541,1.2410420179367065,1.1581250429153442,1.2193750143051147,482083200
2014-04-29,1.1816569566726685,1.2431249618530273,1.2502080202102661,1.2081249952316284,1.2258330583572388,243633600
2014-04-30,1.192152976989746,1.2541669607162476,1.2570830583572388,1.2166670560836792,1.2277079820632935,184075200
2014-05-01,1.2028467655181885,1.2654169797897339,1.2858330011367798,1.25,1.2597919702529907,143750400
2014-05-02,1.1969057321548462,1.259166955947876,1.2843749523162842,1.2489579916000366,1.2764580249786377,151905600
2014-05-05,1.2139359712600708,1.2770830392837524,1.2779170274734497,1.2262500524520874,1.2354170083999634,115790400
2014-05-06,1.167002558708191,1.2277079820632935,1.273332953453064,1.226457953453064,1.2714580297470093,161644800
2014-05-07,1.1565072536468506,1.2166670560836792,1.2389580011367798,1.1737500429153442,1.2370829582214355,261907200
2014-05-08,1.1525461673736572,1.212499976158142,1.2570830583572388,1.1958329677581787,1.2045830488204956,219216000
2014-05-09,1.1660127639770508,1.226667046546936,1.2291669845581055,1.1872919797897339,1.2112499475479126,156475200
2014-05-12,1.2228471040725708,1.2864580154418945,1.2881250381469727,1.2454169988632202,1.2489579916000366,127684800
2014-05-13,1.2254226207733154,1.289167046546936,1.3043750524520874,1.2820830345153809,1.2910419702529907,117729600
2014-05-14,1.2072031497955322,1.2699999809265137,1.292917013168335,1.2608330249786377,1.2785420417785645,98640000
2014-05-15,1.1792806386947632,1.240625023841858,1.2754169702529907,1.2158329486846924,1.2685420513153076,201480000
2014-05-16,1.2012624740600586,1.2637499570846558,1.2662500143051147,1.2191669940948486,1.2433329820632935,142910400
2014-05-19,1.2270060777664185,1.2908329963684082,1.2960419654846191,1.2464580535888672,1.252500057220459,120528000
2014-05-20,1.21354079246521,1.2766669988632202,1.3025000095367432,1.2604169845581055,1.289167046546936,162331200
2014-05-21,1.2477997541427612,1.3127080202102661,1.3143750429153442,1.2808330059051514,1.2825000286102295,123619200
2014-05-22,1.2632460594177246,1.3289580345153809,1.3408329486846924,1.3110419511795044,1.316249966621399,126480000
2014-05-23,1.2915648221969604,1.3587499856948853,1.359375,1.325624942779541,1.334583044052124,95136000
2014-05-27,1.3400830030441284,1.4097919464111328,1.410207986831665,1.3735419511795044,1.3777079582214355,118387200
2014-05-28,1.3274083137512207,1.3964580297470093,1.4145829677581787,1.3933329582214355,1.4085420370101929,118435200
2014-05-29,1.3543415069580078,1.4247920513153076,1.4247920513153076,1.4033329486846924,1.4120830297470093,87302400
2014-05-30,1.3531534671783447,1.4235420227050781,1.4308329820632935,1.4016669988632202,1.4247920513153076,113347200
2014-06-02,1.3497862815856934,1.4199999570846558,1.4299999475479126,1.3925000429153442,1.4291670322418213,101270400
2014-06-03,1.3478060960769653,1.417917013168335,1.4245829582214355,1.4004169702529907,1.4054169654846191,95102400
2014-06-04,1.3620645999908447,1.4329169988632202,1.440000057220459,1.4002079963684082,1.4066669940948486,105355200
2014-06-05,1.3975117206573486,1.4702080488204956,1.4777079820632935,1.4227080345153809,1.4375,176107200
2014-06-06,1.4200875759124756,1.4939579963684082,1.4954169988632202,1.4772919416427612,1.4874999523162842,79219200
2014-06-09,1.417513132095337,1.4912500381469727,1.502500057220459,1.4793750047683716,1.4970829486846924,124171200
2014-06-10,1.4256328344345093,1.4997919797897339,1.5010420083999634,1.4822920560836792,1.486875057220459,72796800
2014-06-11,1.4234541654586792,1.497499942779541,1.5043749809265137,1.4797919988632202,1.4829169511795044,96979200
2014-06-12,1.3862236738204956,1.4583330154418945,1.4933329820632935,1.4416669607162476,1.4885419607162476,120974400
2014-06-13,1.3957295417785645,1.4683330059051514,1.4810420274734497,1.4514579772949219,1.4770829677581787,72019200
2014-06-16,1.4008785486221313,1.4737499952316284,1.4864579439163208,1.4529169797897339,1.4637500047683716,89956800
2014-06-17,1.4028586149215698,1.4758330583572388,1.488124966621399,1.463333010673523,1.4714579582214355,95640000
2014-06-18,1.428404688835144,1.5027079582214355,1.5070830583572388,1.4545830488204956,1.481874942779541,114801600
2014-06-19,1.4228601455688477,1.4968750476837158,1.5108330249786377,1.478124976158142,1.5081249475479126,105950400
2014-06-20,1.4280091524124146,1.5022920370101929,1.507917046546936,1.4916670322418213,1.5002080202102661,56592000
2014-06-23,1.429592490196228,1.503957986831665,1.505416989326477,1.4912500381469727,1.5018750429153442,69408000
2014-06-24,1.4256328344345093,1.4997919797897339,1.541458010673523,1.486875057220459,1.503957986831665,160248000
2014-06-25,1.4518165588378906,1.5270830392837524,1.535207986831665,1.4885419607162476,1.4887499809265137,84523200
2014-06-26,1.4557781219482422,1.53125,1.53125,1.4947919845581055,1.53125,87580800
2014-06-27,1.4702365398406982,1.5464580059051514,1.550832986831665,1.5243749618530273,1.5252079963684082,73857600
2014-06-30,1.4811307191848755,1.5579169988632202,1.5700000524520874,1.5454169511795044,1.5491670370101929,54451200
2014-07-01,1.5308443307876587,1.6102080345153809,1.6218750476837158,1.5724999904632568,1.5735419988632202,66057600
2014-07-02,1.5367863178253174,1.6164580583572388,1.6247919797897339,1.6079169511795044,1.6122920513153076,81801600
2014-07-03,1.566298484802246,1.6475000381469727,1.6475000381469727,1.6200000047683716,1.632707953453064,64636800
2014-07-07,1.551245927810669,1.6316670179367065,1.648332953453064,1.6239579916000366,1.6414580345153809,87950400
2014-07-08,1.4971741437911987,1.5747920274734497,1.6268750429153442,1.5539580583572388,1.6239579916000366,151752000
2014-07-09,1.5310429334640503,1.6104170083999634,1.6135419607162476,1.5729169845581055,1.5864579677581787,136963200
2014-07-10,1.516583800315857,1.5952080488204956,1.6129169464111328,1.541458010673523,1.5483330488204956,123244800
2014-07-11,1.5429270267486572,1.6229170560836792,1.6237499713897705,1.5910420417785645,1.6045830249786377,121689600
2014-07-14,1.5724380016326904,1.6539579629898071,1.663957953453064,1.6372920274734497,1.6447919607162476,107059200
2014-07-15,1.5559993982315063,1.636667013168335,1.667917013168335,1.6006250381469727,1.6608330011367798,148536000
2014-07-16,1.5736263990402222,1.6552079916000366,1.6764580011367798,1.6502079963684082,1.6716669797897339,106608000
2014-07-17,1.5108399391174316,1.5891669988632202,1.6593749523162842,1.5735419988632202,1.6412500143051147,160924800
2014-07-18,1.5823416709899902,1.6643749475479126,1.6668750047683716,1.6083329916000366,1.6162500381469727,116976000
2014-07-21,1.5765970945358276,1.6583329439163208,1.6662499904632568,1.6356250047683716,1.6527080535888672,94900800
2014-07-22,1.6078920364379883,1.691249966621399,1.6974999904632568,1.6762499809265137,1.6825000047683716,107457600
2014-07-23,1.637998104095459,1.7229169607162476,1.728124976158142,1.6987500190734863,1.7066669464111328,102460800
2014-07-24,1.632253885269165,1.7168749570846558,1.7372920513153076,1.709375023841858,1.7314579486846924,87460800
2014-07-25,1.6122490167617798,1.6958329677581787,1.7033330202102661,1.6697920560836792,1.6920830011367798,92856000
2014-07-28,1.6142302751541138,1.6979169845581055,1.7104170322418213,1.658750057220459,1.7004170417785645,91963200
2014-07-29,1.606109380722046,1.6893750429153442,1.7197920083999634,1.6847920417785645,1.708541989326477,79252800
2014-07-30,1.6253212690353394,1.709583044052124,1.726457953453064,1.6891670227050781,1.7166670560836792,107611200
2014-07-31,1.5262893438339233,1.605417013168335,1.6745829582214355,1.597499966621399,1.6666669845581055,138916800
2014-08-01,1.5086615085601807,1.5868749618530273,1.621250033378601,1.5552079677581787,1.5954170227050781,172324800
2014-08-04,1.5395598411560059,1.6193749904632568,1.638124942779541,1.5795830488204956,1.597499966621399,144182400
2014-08-05,1.5035113096237183,1.5814579725265503,1.6135419607162476,1.559999942779541,1.6010420322418213,167539200
2014-08-06,1.5009369850158691,1.5787500143051147,1.6070829629898071,1.5481250286102295,1.5520830154418945,119299200
2014-08-07,1.486478328704834,1.5635420083999634,1.6091669797897339,1.5466669797897339,1.599166989326477,153604800
2014-08-08,1.518168330192566,1.5968749523162842,1.6020829677581787,1.5504169464111328,1.571666955947876,124464000
2014-08-11,1.5456993579864502,1.6258330345153809,1.6402080059051514,1.6122920513153076,1.6145830154418945,74352000
2014-08-12,1.542134165763855,1.6220829486846924,1.6358330249786377,1.5983330011367798,1.6202080249786377,90931200
2014-08-13,1.5922452211380005,1.6747920513153076,1.6760419607162476,1.6404169797897339,1.6439579725265503,81278400
2014-08-14,1.6168047189712524,1.700624942779541,1.7012499570846558,1.6747920513153076,1.6804169416427612,103089600
2014-08-15,1.638790249824524,1.7237499952316284,1.7370829582214355,1.6764580011367798,1.7274999618530273,155956800
2014-08-18,1.6784034967422485,1.7654169797897339,1.7697919607162476,1.7447919845581055,1.7504169940948486,79348800
2014-08-19,1.7073203325271606,1.7958329916000366,1.7975000143051147,1.7745829820632935,1.7777080535888672,78628800
2014-08-20,1.7073203325271606,1.7958329916000366,1.8052079677581787,1.7856249809265137,1.7897919416427612,70651200
2014-08-21,1.7170257568359375,1.806041955947876,1.8072919845581055,1.788957953453064,1.7985420227050781,67900800
2014-08-22,1.7237601280212402,1.8131250143051147,1.8270829916000366,1.7956249713897705,1.8066669702529907,76814400
2014-08-25,1.7429718971252441,1.8333330154418945,1.8481249809265137,1.8200000524520874,1.840000033378601,67977600
2014-08-26,1.7489140033721924,1.8395830392837524,1.8443750143051147,1.8260420560836792,1.8408329486846924,41716800
2014-08-27,1.7491127252578735,1.839792013168335,1.8456250429153442,1.8274999856948853,1.8408329486846924,36715200
2014-08-28,1.741982340812683,1.8322919607162476,1.8391669988632202,1.8141670227050781,1.8214579820632935,64838400
2014-08-29,1.7623825073242188,1.8537499904632568,1.8537499904632568,1.8254170417785645,1.8460420370101929,52272000
2014-09-02,1.7770400047302246,1.8691669702529907,1.8706250190734863,1.8466670513153076,1.8679169416427612,64300800
2014-09-03,1.746537208557129,1.8370829820632935,1.8839579820632935,1.8262499570846558,1.882707953453064,82636800
2014-09-04,1.7409915924072266,1.8312499523162842,1.8770829439163208,1.8172919750213623,1.8493750095367432,82084800
2014-09-05,1.7679282426834106,1.8595830202102661,1.8612500429153442,1.8110419511795044,1.840000033378601,83227200
2014-09-08,1.776841163635254,1.8689579963684082,1.882917046546936,1.8431249856948853,1.8591669797897339,70872000
2014-09-09,1.73366379737854,1.8235419988632202,1.8902080059051514,1.8118749856948853,1.868749976158142,129393600
2014-09-10,1.7738702297210693,1.865833044052124,1.8691669702529907,1.8141670227050781,1.8300000429153442,72417600
2014-09-11,1.7724839448928833,1.8643749952316284,1.8654170036315918,1.821666955947876,1.8429169654846191,119318400
2014-09-12,1.7445570230484009,1.8350000381469727,1.859375,1.8168749809265137,1.8583329916000366,113740800
2014-09-15,1.6920700073242188,1.7797919511795044,1.8410420417785645,1.7643749713897705,1.840000033378601,128486400
2014-09-16,1.7378231287002563,1.8279169797897339,1.8370829820632935,1.7552080154418945,1.7610419988632202,126892800
2014-09-17,1.746339201927185,1.8368749618530273,1.8604170083999634,1.8037500381469727,1.8260420560836792,113553600
2014-09-18,1.7839714288711548,1.8764580488204956,1.8770829439163208,1.8466670513153076,1.8524999618530273,79512000
2014-09-19,1.7800109386444092,1.8722920417785645,1.9018750190734863,1.8508330583572388,1.9018750190734863,110217600
2014-09-22,1.731682300567627,1.8214579820632935,1.8595830202102661,1.7970830202102661,1.8595830202102661,108177600
2014-09-23,1.7166296243667603,1.8056249618530273,1.8304170370101929,1.7941670417785645,1.7987500429153442,100800000
2014-09-24,1.772286057472229,1.8641669750213623,1.865625023841858,1.793125033378601,1.8097920417785645,116582400
2014-09-25,1.6597846746444702,1.7458330392837524,1.8522919416427612,1.7441669702529907,1.8447920083999634,212798400
2014-09-26,1.7128666639328003,1.8016669750213623,1.8104170560836792,1.7547919750213623,1.7637499570846558,148252800
2014-09-29,1.7071226835250854,1.7956249713897705,1.8089580535888672,1.744583010673523,1.747499942779541,114537600
2014-09-30,1.7134605646133423,1.802291989326477,1.8300000429153442,1.7770830392837524,1.8104170560836792,154094400
2014-10-01,1.6314620971679688,1.7160420417785645,1.7916669845581055,1.699167013168335,1.7881250381469727,213480000
2014-10-02,1.630669116973877,1.7152080535888672,1.7310420274734497,1.649999976158142,1.7141669988632202,217972800
2014-10-03,1.6797899007797241,1.7668750286102295,1.7870830297470093,1.7274999618530273,1.7450000047683716,153676800
2014-10-06,1.668302059173584,1.7547919750213623,1.7949999570846558,1.7385419607162476,1.7804169654846191,147307200
2014-10-07,1.5977904796600342,1.6806249618530273,1.7443749904632568,1.6791670322418213,1.7293750047683716,163651200
2014-10-08,1.6900886297225952,1.7777080535888672,1.793125033378601,1.652500033378601,1.6839580535888672,213129600
2014-10-09,1.6059118509292603,1.6891670227050781,1.7833329439163208,1.682083010673523,1.7708330154418945,223022400
2014-10-10,1.4856855869293213,1.5627080202102661,1.6893750429153442,1.5627080202102661,1.6595829725265503,296428800
2014-10-13,1.416164755821228,1.4895830154418945,1.591249942779541,1.4866670370101929,1.556249976158142,273302400
2014-10-14,1.4187400341033936,1.492292046546936,1.5477080345153809,1.477916955947876,1.5202080011367798,370809600
2014-10-15,1.3884364366531372,1.4604170322418213,1.4802080392837524,1.359375,1.4229170083999634,485097600
2014-10-16,1.3668464422225952,1.4377080202102661,1.4714579582214355,1.3677079677581787,1.3691669702529907,335961600
2014-10-17,1.4203242063522339,1.4939579963684082,1.5318750143051147,1.4660420417785645,1.4914580583572388,264350400
2014-10-20,1.4815261363983154,1.5583330392837524,1.5610419511795044,1.4816670417785645,1.4885419607162476,154464000
2014-10-21,1.597394347190857,1.6802079677581787,1.6802079677581787,1.6041669845581055,1.6143749952316284,211699200
2014-10-22,1.5726367235183716,1.6541670560836792,1.7022919654846191,1.650833010673523,1.6960419416427612,187920000
2014-10-23,1.6445343494415283,1.7297919988632202,1.7560420036315918,1.695207953453064,1.7041670083999634,169886400
2014-10-24,1.6823639869689941,1.769582986831665,1.7737499475479126,1.71875,1.7370829582214355,170563200
2014-10-27,1.6887025833129883,1.7762500047683716,1.783750057220459,1.738332986831665,1.760208010673523,138244800
2014-10-28,1.7641652822494507,1.855625033378601,1.855625033378601,1.7949999570846558,1.7979170083999634,159686400
2014-10-29,1.7429718971252441,1.8333330154418945,1.8506250381469727,1.7947920560836792,1.8364579677581787,179404800
2014-10-30,1.753866195678711,1.8447920083999634,1.8577079772949219,1.796875,1.8089580535888672,161985600
2014-10-31,1.8261595964431763,1.9208329916000366,1.9404170513153076,1.9027080535888672,1.9377080202102661,176371200
2014-11-03,1.844975471496582,1.9406249523162842,1.9539580345153809,1.9233330488204956,1.9306249618530273,140961600
2014-11-04,1.8253670930862427,1.9199999570846558,1.9341670274734497,1.8795830011367798,1.9189579486846924,138648000
2014-11-05,1.8251698017120361,1.9197920560836792,1.9574999809265137,1.8995829820632935,1.9554170370101929,138744000
2014-11-06,1.8408161401748657,1.9362499713897705,1.9387500286102295,1.894374966621399,1.9168750047683716,97272000
2014-11-07,1.8362605571746826,1.9314579963684082,1.9500000476837158,1.902500033378601,1.9479169845581055,110812800
2014-11-10,1.8550772666931152,1.9512499570846558,1.9600000381469727,1.9191670417785645,1.9341670274734497,103372800
2014-11-11,1.872705101966858,1.9697920083999634,1.9700000286102295,1.9379169940948486,1.9541670083999634,105619200
2014-11-12,1.8830045461654663,1.980625033378601,1.986875057220459,1.946666955947876,1.946666955947876,96201600
2014-11-13,1.9071681499481201,2.006042003631592,2.0285420417785645,1.9787499904632568,1.9914580583572388,182164800
2014-11-14,1.9247959852218628,2.024583101272583,2.024583101272583,1.9850000143051147,2.005000114440918,114816000
2014-11-17,1.9067721366882324,2.005625009536743,2.024167060852051,1.978124976158142,2.0102078914642334,141355200
2014-11-18,1.9495543241500854,2.0506250858306885,2.059375047683716,2.011667013168335,2.0118749141693115,111820800
2014-11-19,1.9247959852218628,2.024583101272583,2.0447919368743896,1.9958330392837524,2.0447919368743896,148809600
2014-11-20,1.9503459930419922,2.0514578819274902,2.0556249618530273,1.9927079677581787,1.9977079629898071,99556800
2014-11-21,1.964409351348877,2.0662500858306885,2.110832929611206,2.043333053588867,2.105833053588867,152947200
2014-11-24,2.0087759494781494,2.112916946411133,2.1137499809265137,2.074167013168335,2.0799999237060547,126206400
2014-11-25,2.0153119564056396,2.1197919845581055,2.1393749713897705,2.104374885559082,2.1204171180725098,151536000
2014-11-26,2.0565097332000732,2.1631250381469727,2.165416955947876,2.1197919845581055,2.126667022705078,105633600
2014-11-28,2.087210178375244,2.1954169273376465,2.206666946411133,2.17520809173584,2.1806249618530273,72571200
2014-12-01,2.010161876678467,2.114375114440918,2.185832977294922,2.0924999713897705,2.17520809173584,156187200
2014-12-02,2.0317509174346924,2.137083053588867,2.153125047683716,2.1097919940948486,2.1247920989990234,129892800
2014-12-03,2.050170660018921,2.1564579010009766,2.162292003631592,2.1139578819274902,2.152292013168335,131942400
2014-12-04,2.0440311431884766,2.1500000953674316,2.175832986831665,2.123958110809326,2.1468749046325684,154036800
2014-12-05,2.045417547225952,2.1514580249786377,2.171041965484619,2.13729190826416,2.162708044052124,113630400
2014-12-08,2.001249313354492,2.1050000190734863,2.162292003631592,2.0712499618530273,2.1337499618530273,169281600
2014-12-09,2.020659923553467,2.1254169940948486,2.128541946411133,2.0087499618530273,2.030208110809326,170688000
2014-12-10,1.9228154420852661,2.0225000381469727,2.12833309173584,2.013124942779541,2.112916946411133,134529600
2014-12-11,1.9529218673706055,2.0541670322418213,2.125,2.040208101272583,2.0416669845581055,136032000
2014-12-12,1.8883520364761353,1.9862500429153442,2.0637500286102295,1.9856250286102295,1.9939579963684082,153787200
2014-12-15,1.8317056894302368,1.9266669750213623,2.037916898727417,1.9068750143051147,2.0158329010009766,235948800
2014-12-16,1.740794062614441,1.8310420513153076,1.972707986831665,1.8302079439163208,1.8883329629898071,212856000
2014-12-17,1.8342803716659546,1.9293750524520874,1.946666955947876,1.828125,1.834583044052124,182726400
2014-12-18,1.9687660932540894,2.0708329677581787,2.0708329677581787,1.9979170560836792,2.014167070388794,186744000
2014-12-19,1.9907517433166504,2.0939579010009766,2.122499942779541,2.0625,2.077083110809326,154828800
2014-12-22,2.00911545753479,2.112916946411133,2.1145830154418945,2.0835421085357666,2.087291955947876,110457600
2014-12-23,1.989899754524231,2.092708110809326,2.136457920074463,2.0824999809265137,2.1362500190734863,115920000
2014-12-24,1.9940599203109741,2.09708309173584,2.118957996368408,2.0933330059051514,2.099375009536743,43982400
2014-12-26,2.0344717502593994,2.139583110809326,2.1524999141693115,2.1122920513153076,2.112499952316284,86088000
2014-12-29,2.034867763519287,2.140000104904175,2.1516671180725098,2.129167079925537,2.1337499618530273,62328000
2014-12-30,1.9928706884384155,2.0958330631256104,2.134166955947876,2.086250066757202,2.118957996368408,123859200
2014-12-31,1.9304697513580322,2.030208110809326,2.1302080154418945,2.0210421085357666,2.104374885559082,117091200
2015-01-02,1.9146227836608887,2.0135419368743896,2.0860419273376465,1.9824999570846558,2.059375047683716,122227200
2015-01-05,1.8284494876861572,1.9229170083999634,1.9916670322418213,1.90625,1.984375,127017600
2015-01-06,1.7559456825256348,1.8466670513153076,1.9410419464111328,1.820207953453064,1.929792046546936,168643200
2015-01-07,1.8234964609146118,1.9177080392837524,1.9299999475479126,1.8691669702529907,1.8818750381469727,137467200
2015-01-08,1.9274985790252686,2.027082920074463,2.0385420322418213,1.9604170322418213,1.9670829772949219,144936000
2015-01-09,1.888473391532898,1.9860420227050781,2.048332929611206,1.9522919654846191,2.046041965484619,181420800
2015-01-12,1.830430269241333,1.9249999523162842,2.0045828819274902,1.9091670513153076,1.9993749856948853,165254400
2015-01-13,1.8288453817367554,1.9233330488204956,2.041249990463257,1.8770829439163208,1.9793750047683716,199708800
2015-01-14,1.800715446472168,1.8937499523162842,1.919374942779541,1.8404170274734497,1.8622920513153076,216148800
2015-01-15,1.729202151298523,1.8185420036315918,1.9260419607162476,1.8106249570846558,1.915416955947876,196012800
2015-01-16,1.7908103466033936,1.8833329677581787,1.8879170417785645,1.800624966621399,1.8095829486846924,141796800
2015-01-20,1.830430269241333,1.9249999523162842,1.9389580488204956,1.8508330583572388,1.9149999618530273,141892800
2015-01-21,1.8585600852966309,1.9545830488204956,1.9808330535888672,1.8883329629898071,1.9075000286102295,133531200
2015-01-22,1.9619678258895874,2.063333034515381,2.0687499046325684,1.9266669750213623,1.9791669845581055,162657600
2015-01-23,1.9750421047210693,2.077083110809326,2.0956249237060547,2.0445830821990967,2.063333034515381,142358400
2015-01-26,1.9706839323043823,2.072499990463257,2.081249952316284,2.037916898727417,2.0708329677581787,100804800
2015-01-27,1.8181477785110474,1.9120830297470093,1.975208044052124,1.8883329629898071,1.9739580154418945,223987200
2015-01-28,1.786848783493042,1.8791669607162476,2.0062499046325684,1.8779170513153076,1.9997919797897339,188928000
2015-01-29,1.8385528326034546,1.933542013168335,1.942916989326477,1.8250000476837158,1.8727079629898071,176558400
2015-01-30,1.7963577508926392,1.8891669511795044,1.9718749523162842,1.880416989326477,1.9268749952316284,218222400
2015-02-02,1.8435050249099731,1.9387500286102295,1.9416669607162476,1.8120830059051514,1.8993749618530273,198844800
2015-02-03,1.8938223123550415,1.9916670322418213,1.9964580535888672,1.9204169511795044,1.9550000429153442,182332800
2015-02-04,1.888869047164917,1.9864579439163208,2.0266671180725098,1.9545830488204956,1.9666670560836792,124632000
2015-02-05,1.9389886856079102,2.0391669273376465,2.041874885559082,1.988332986831665,2.000624895095825,100324800
2015-02-06,1.9037266969680786,2.0020830631256104,2.061458110809326,1.9797919988632202,2.047916889190674,123528000
2015-02-09,1.8827284574508667,1.9800000190734863,2.009582996368408,1.9677079916000366,1.978124976158142,95793600
2015-02-10,1.9728631973266602,2.07479190826416,2.082292079925537,2.0054171085357666,2.016458034515381,119256000
2015-02-11,1.9950501918792725,2.0981249809265137,2.110832929611206,2.069582939147949,2.082292079925537,121852800
2015-02-12,2.0647804737091064,2.1714580059051514,2.1722919940948486,2.128541946411133,2.1358330249786377,153100800
2015-02-13,2.1168811321258545,2.226249933242798,2.2266669273376465,2.1770830154418945,2.1887500286102295,120897600
2015-02-17,2.122626304626465,2.2322919368743896,2.236042022705078,2.209791898727417,2.225832939147949,82728000
2015-02-18,2.1317381858825684,2.241874933242798,2.2445828914642334,2.214582920074463,2.224792003631592,70478400
2015-02-19,2.163830041885376,2.275624990463257,2.2789580821990967,2.235416889190674,2.2364580631256104,75590400
2015-02-20,2.205430746078491,2.3193750381469727,2.323957920074463,2.2487499713897705,2.2702078819274902,90772800
2015-02-23,2.2141480445861816,2.3285419940948486,2.328749895095825,2.3014578819274902,2.3179171085357666,78974400
2015-02-24,2.218703508377075,2.3333330154418945,2.340208053588867,2.2972919940948486,2.3183329105377197,104601600
2015-02-25,2.2008748054504395,2.3145830631256104,2.3485419750213623,2.299375057220459,2.321042060852051,112550400
2015-02-26,2.23435378074646,2.349792003631592,2.352708101272583,2.3020830154418945,2.3212499618530273,116337600
2015-02-27,2.204836130142212,2.3187499046325684,2.351249933242798,2.307499885559082,2.34708309173584,88790400
2015-03-02,2.264266014099121,2.3812499046325684,2.383125066757202,2.3302080631256104,2.331249952316284,89044800
2015-03-03,2.2317774295806885,2.34708309173584,2.366874933242798,2.302917003631592,2.360416889190674,128390400
2015-03-04,2.2070159912109375,2.321042060852051,2.3343749046325684,2.281874895095825,2.32479190826416,116640000
2015-03-05,2.216722249984741,2.331249952316284,2.3531250953674316,2.3041670322418213,2.338749885559082,92347200
2015-03-06,2.1404550075531006,2.251041889190674,2.337291955947876,2.235208034515381,2.324583053588867,149726400
2015-03-09,2.1610565185546875,2.272707939147949,2.288749933242798,2.238542079925537,2.267082929611206,113270400
2015-03-10,2.041405439376831,2.1468749046325684,2.2239580154418945,2.1458330154418945,2.222707986831665,191966400
2015-03-11,2.005549669265747,2.1091670989990234,2.162708044052124,2.106250047683716,2.152708053588867,223152000
2015-03-12,2.043980360031128,2.149583101272583,2.157291889190674,2.099375009536743,2.1031250953674316,122390400
2015-03-13,2.0176331996917725,2.121875047683716,2.169374942779541,2.081666946411133,2.14395809173584,198115200
2015-03-16,2.0948920249938965,2.203125,2.204166889190674,2.1383330821990967,2.1454169750213623,114960000
2015-03-17,2.1065800189971924,2.21541690826416,2.2239580154418945,2.1697919368743896,2.18416690826416,97363200
2015-03-18,2.1671981811523438,2.2791669368743896,2.3087499141693115,2.1614580154418945,2.196458101272583,167822400
2015-03-19,2.177696704864502,2.290208101272583,2.3072919845581055,2.2760419845581055,2.2870829105377197,111384000
2015-03-20,2.2228634357452393,2.337707996368408,2.3672919273376465,2.3327078819274902,2.344791889190674,104812800
2015-03-23,2.204242467880249,2.318125009536743,2.3489580154418945,2.3179171085357666,2.3304169178009033,99235200
2015-03-24,2.181856870651245,2.2945830821990967,2.350832939147949,2.293333053588867,2.3177080154418945,92980800
2015-03-25,2.0297224521636963,2.1343750953674316,2.3102080821990967,2.1343750953674316,2.306457996368408,175886400
2015-03-26,2.0130796432495117,2.116874933242798,2.150624990463257,2.0627079010009766,2.084167003631592,196560000
2015-03-27,2.0324954986572266,2.13729190826416,2.154582977294922,2.1039578914642334,2.11270809173584,98544000
2015-03-30,2.1056013107299805,2.2141671180725098,2.2183330059051514,2.178957939147949,2.180417060852051,151214400
2015-03-31,2.0404205322265625,2.145625114440918,2.208125114440918,2.141458034515381,2.193958044052124,124507200
2015-04-01,2.0059475898742676,2.109375,2.1427080631256104,2.0677080154418945,2.1427080631256104,175876800
2015-04-02,2.0093159675598145,2.112916946411133,2.1333329677581787,2.092708110809326,2.113542079925537,110577600
2015-04-06,2.0576565265655518,2.163749933242798,2.1820828914642334,2.066041946411133,2.07479190826416,150945600
2015-04-07,2.048147201538086,2.153749942779541,2.2083330154418945,2.1535420417785645,2.1610419750213623,114691200
2015-04-08,2.0968847274780273,2.2049999237060547,2.2135419845581055,2.154582977294922,2.155416965484619,169142400
2015-04-09,2.135913372039795,2.246042013168335,2.2477080821990967,2.178957939147949,2.2029170989990234,110928000
2015-04-10,2.161470890045166,2.2729170322418213,2.273750066757202,2.2289578914642334,2.2456250190734863,113385600
2015-04-13,2.1454238891601562,2.256042003631592,2.3129169940948486,2.2481250762939453,2.2789580821990967,115200000
2015-04-14,2.1269984245300293,2.2366669178009033,2.2679169178009033,2.1985421180725098,2.251041889190674,168974400
2015-04-15,2.164640426635742,2.276249885559082,2.2925000190734863,2.245832920074463,2.2558329105377197,95356800
2015-04-16,2.157111883163452,2.2683329582214355,2.280416965484619,2.2502079010009766,2.2608330249786377,90888000
2015-04-17,2.056270122528076,2.162292003631592,2.222291946411133,2.1337499618530273,2.203749895095825,186427200
2015-04-20,2.1481964588165283,2.258958101272583,2.270625114440918,2.1920828819274902,2.195625066757202,142195200
2015-04-21,2.1757352352142334,2.287916898727417,2.309999942779541,2.280416965484619,2.2991669178009033,127387200
2015-04-22,2.211000442504883,2.325000047683716,2.3364579677581787,2.2618749141693115,2.3056249618530273,121915200
2015-04-23,2.237548828125,2.352916955947876,2.3829169273376465,2.3006250858306885,2.302917003631592,131001600
2015-04-24,2.3251161575317383,2.444999933242798,2.4568750858306885,2.4149999618530273,2.425416946411133,142416000
2015-04-27,2.3102571964263916,2.429374933242798,2.4881250858306885,2.4131250381469727,2.4749999046325684,161160000
2015-04-28,2.2952005863189697,2.4135420322418213,2.4479169845581055,2.3531250953674316,2.43416690826416,171753600
2015-04-29,2.2514169216156006,2.367500066757202,2.415416955947876,2.3293750286102295,2.3731250762939453,193953600
2015-04-30,2.1456210613250732,2.2562499046325684,2.3572919368743896,2.2210419178009033,2.328125,308169600
2015-05-01,2.2323968410491943,2.3475000858306885,2.3495829105377197,2.28125,2.282083034515381,190012800
2015-05-04,2.240321159362793,2.355833053588867,2.400624990463257,2.3531250953674316,2.366874933242798,131971200
2015-05-05,2.1341309547424316,2.2441670894622803,2.342292070388794,2.238542079925537,2.3293750286102295,280694400
2015-05-06,2.0885632038116455,2.1962499618530273,2.2729170322418213,2.150207996368408,2.253541946411133,213398400
2015-05-07,2.124422073364258,2.2339580059051514,2.252500057220459,2.188333034515381,2.193958044052124,168619200
2015-05-08,2.202282667160034,2.31583309173584,2.332292079925537,2.292917013168335,2.303333044052124,178377600
2015-05-11,2.1781132221221924,2.290416955947876,2.336667060852051,2.2858328819274902,2.3222920894622803,139027200
2015-05-12,2.14997935295105,2.2608330249786377,2.2939579486846924,2.198124885559082,2.249375104904175,190334400
2015-05-13,2.161074638366699,2.2725000381469727,2.324167013168335,2.263124942779541,2.290208101272583,132499200
2015-05-14,2.256765127182007,2.3731250762939453,2.3779170513153076,2.303333044052124,2.3293750286102295,176832000
2015-05-15,2.2565677165985107,2.3729169368743896,2.4004170894622803,2.3550000190734863,2.3918750286102295,146505600
2015-05-18,2.2843029499053955,2.402082920074463,2.416874885559082,2.355417013168335,2.3612499237060547,110587200
2015-05-19,2.2777657508850098,2.3952078819274902,2.4216670989990234,2.383958101272583,2.4114580154418945,98577600
2015-05-20,2.2815308570861816,2.399167060852051,2.4422919750213623,2.361875057220459,2.400624990463257,111264000
2015-05-21,2.317389726638794,2.436875104904175,2.446042060852051,2.376667022705078,2.387500047683716,92222400
2015-05-22,2.311049461364746,2.4302079677581787,2.455625057220459,2.4237499237060547,2.428541898727417,79819200
2015-05-26,2.231010675430298,2.3460419178009033,2.422916889190674,2.3170828819274902,2.412916898727417,140457600
2015-05-27,2.3383901119232178,2.4589579105377197,2.466249942779541,2.351875066757202,2.366457939147949,134289600
2015-05-28,2.3211538791656494,2.44083309173584,2.461250066757202,2.419374942779541,2.443958044052124,90643200
2015-05-29,2.281925916671753,2.399583101272583,2.4472920894622803,2.381666898727417,2.436666965484619,106060800
2015-06-01,2.301936626434326,2.4206249713897705,2.441457986831665,2.363332986831665,2.4372920989990234,137160000
2015-06-02,2.2809369564056396,2.3985419273376465,2.434375047683716,2.3597919940948486,2.3952078819274902,131462400
2015-06-03,2.300945520401001,2.4195830821990967,2.447499990463257,2.40291690826416,2.4327080249786377,117067200
2015-06-04,2.250822067260742,2.366874933242798,2.425416946411133,2.342916965484619,2.380000114440918,185702400
2015-06-05,2.2337825298309326,2.3489580154418945,2.3731250762939453,2.3056249618530273,2.3564579486846924,138590400
2015-06-08,2.1654324531555176,2.277082920074463,2.3499999046325684,2.2627079486846924,2.344374895095825,144422400
2015-06-09,2.1547341346740723,2.2658329010009766,2.2895829677581787,2.2139580249786377,2.2604169845581055,153000000
2015-06-10,2.2401235103607178,2.3556249141693115,2.377500057220459,2.2808330059051514,2.287916898727417,154766400
2015-06-11,2.2524073123931885,2.368541955947876,2.400624990463257,2.3556249141693115,2.3808329105377197,117081600
2015-06-12,2.1951494216918945,2.308332920074463,2.344791889190674,2.3006250858306885,2.329792022705078,120897600
2015-06-15,2.1648380756378174,2.2764580249786377,2.2860419750213623,2.2183330059051514,2.2579169273376465,200884800
2015-06-16,2.1979241371154785,2.3112499713897705,2.323124885559082,2.264583110809326,2.266249895095825,101265600
2015-06-17,2.2163493633270264,2.330625057220459,2.3535420894622803,2.2864580154418945,2.323957920074463,168388800
2015-06-18,2.3100595474243164,2.4291670322418213,2.444166898727417,2.348750114440918,2.350208044052124,162628800
2015-06-19,2.274793863296509,2.392082929611206,2.442500114440918,2.392082929611206,2.436042070388794,84628800
2015-06-22,2.3296732902526855,2.44979190826416,2.4714579582214355,2.433542013168335,2.44979190826416,131716800
2015-06-23,2.3354177474975586,2.4558329582214355,2.4625000953674316,2.4247920513153076,2.4583330154418945,114907200
2015-06-24,2.2995593547821045,2.4181249141693115,2.4774999618530273,2.415832996368408,2.446458101272583,84902400
2015-06-25,2.2845022678375244,2.402292013168335,2.4527080059051514,2.3910419940948486,2.4452080726623535,85204800
2015-06-26,2.2421042919158936,2.357707977294922,2.417707920074463,2.3283329010009766,2.400207996368408,131904000
2015-06-29,2.0836105346679688,2.191041946411133,2.316667079925537,2.186458110809326,2.274583101272583,273744000
2015-06-30,2.10738468170166,2.2160420417785645,2.251041889190674,2.191457986831665,2.2366669178009033,176793600
2015-07-01,2.15057373046875,2.261457920074463,2.290416955947876,2.233333110809326,2.2760419845581055,141624000
2015-07-02,2.1586973667144775,2.2699999809265137,2.2891669273376465,2.2452080249786377,2.281874895095825,105523200
2015-07-06,2.140469789505005,2.250833034515381,2.2885420322418213,2.2083330154418945,2.2231249809265137,131808000
2015-07-07,2.151366710662842,2.26229190826416,2.2729170322418213,2.133542060852051,2.2572920322418213,250329600
2015-07-08,2.0435895919799805,2.1489579677581787,2.225832939147949,2.1358330249786377,2.217292070388794,184881600
2015-07-09,2.0376462936401367,2.1427080631256104,2.237916946411133,2.1427080631256104,2.2356250286102295,125260800
2015-07-10,2.132347583770752,2.2422919273376465,2.266666889190674,2.2058329582214355,2.2249999046325684,123259200
2015-07-13,2.241312265396118,2.356874942779541,2.365833044052124,2.298542022705078,2.2989580631256104,104860800
2015-07-14,2.286285400390625,2.4041669368743896,2.42520809173584,2.366457939147949,2.3702080249786377,102201600
2015-07-15,2.2971816062927246,2.4156250953674316,2.441667079925537,2.3933329582214355,2.417917013168335,119140800
2015-07-16,2.3869290351867676,2.509999990463257,2.516666889190674,2.459167003631592,2.4739580154418945,139680000
2015-07-17,2.4960930347442627,2.6247920989990234,2.625,2.5643749237060547,2.5760419368743896,143328000
2015-07-20,2.524027109146118,2.6541669368743896,2.6829171180725098,2.6195828914642334,2.646667003631592,95889600
2015-07-21,2.517092704772949,2.6468749046325684,2.6689579486846924,2.625833034515381,2.6583330631256104,87408000
2015-07-22,2.4344780445098877,2.559999942779541,2.596874952316284,2.5274999141693115,2.52791690826416,108388800
2015-07-23,2.4053542613983154,2.5293750762939453,2.591249942779541,2.5104169845581055,2.567500114440918,96782400
2015-07-24,2.337003231048584,2.4574999809265137,2.57479190826416,2.4454169273376465,2.568958044052124,106473600
2015-07-27,2.2769737243652344,2.3943750858306885,2.445625066757202,2.379167079925537,2.413749933242798,120624000
2015-07-28,2.337003231048584,2.4574999809265137,2.4710419178009033,2.369374990463257,2.428541898727417,155596800
2015-07-29,2.363154888153076,2.484999895095825,2.500624895095825,2.444166898727417,2.471874952316284,121737600
2015-07-30,2.396042585372925,2.519582986831665,2.5316669940948486,2.422916889190674,2.467292070388794,137044800
2015-07-31,2.388712167739868,2.5118749141693115,2.546875,2.4945828914642334,2.542707920074463,109036800
2015-08-03,2.3667213916778564,2.4887499809265137,2.5325000286102295,2.4375,2.5133330821990967,147734400
2015-08-04,2.351465940475464,2.472707986831665,2.4962499141693115,2.4412500858306885,2.4816670417785645,141350400
2015-08-05,2.406543254852295,2.530625104904175,2.578749895095825,2.505625009536743,2.5137500762939453,127411200
2015-08-06,2.2910404205322266,2.4091670513153076,2.5466670989990234,2.374375104904175,2.5356249809265137,175296000
2015-08-07,2.281925916671753,2.399583101272583,2.4160420894622803,2.3391671180725098,2.390625,160176000
2015-08-10,2.358994245529175,2.4806249141693115,2.49666690826416,2.4447920322418213,2.4447920322418213,133804800
2015-08-11,2.2690494060516357,2.3860421180725098,2.470207929611206,2.345417022705078,2.440624952316284,173289600
2015-08-12,2.2890584468841553,2.407083034515381,2.424375057220459,2.2602078914642334,2.3379170894622803,224347200
2015-08-13,2.278756618499756,2.396250009536743,2.4510419368743896,2.382499933242798,2.4166669845581055,140659200
2015-08-14,2.2910404205322266,2.4091670513153076,2.418750047683716,2.3670830726623535,2.3802080154418945,145982400
2015-08-17,2.3473048210144043,2.4683330059051514,2.470207929611206,2.3729169368743896,2.390625,125356800
2015-08-18,2.3098607063293457,2.428957939147949,2.464582920074463,2.421250104904175,2.4543750286102295,108998400
2015-08-19,2.266472816467285,2.3833329677581787,2.446666955947876,2.3408329486846924,2.40625,235516800
2015-08-20,2.079845428466797,2.1870830059051514,2.3389580249786377,2.183542013168335,2.316667079925537,300019200
2015-08-21,1.8211034536361694,1.9149999618530273,2.1468749046325684,1.9149999618530273,2.09375,380289600
2015-08-24,1.6053526401519775,1.6881250143051147,1.9058330059051514,1.3604170083999634,1.5635420083999634,392716800
2015-08-25,1.584153413772583,1.6658329963684082,1.898542046546936,1.6583329439163208,1.8645830154418945,289665600
2015-08-26,1.8127824068069458,1.90625,1.9202079772949219,1.7014579772949219,1.8081250190734863,285019200
2015-08-27,1.954436182975769,2.0552079677581787,2.059375047683716,1.9235420227050781,1.9958330392837524,485952000
2015-08-28,1.9528522491455078,2.053541898727417,2.075000047683716,2.009166955947876,2.0225000381469727,214094400
2015-08-31,1.8803409337997437,1.9772919416427612,2.0531249046325684,1.962499976158142,2.019792079925537,206870400
2015-09-01,1.709761142730713,1.7979170083999634,1.919374942779541,1.7672920227050781,1.8287500143051147,313862400
2015-09-02,1.848840355873108,1.9441670179367065,1.9441670179367065,1.8268749713897705,1.8891669511795044,180278400
2015-09-03,1.8183292150497437,1.9120830297470093,2.0058329105377197,1.898332953453064,1.9679169654846191,223224000
2015-09-04,1.7575074434280396,1.8481249809265137,1.884166955947876,1.8143750429153442,1.8354170322418213,279643200
2015-09-08,1.9066907167434692,2.005000114440918,2.0093750953674316,1.929792046546936,1.9529169797897339,225350400
2015-09-09,1.8403204679489136,1.9352079629898071,2.07479190826416,1.9191670417785645,2.0737500190734863,281284800
2015-09-10,1.899161696434021,1.9970829486846924,2.0360419750213623,1.9204169511795044,1.927291989326477,247161600
2015-09-11,1.9298702478408813,2.0293750762939453,2.0293750762939453,1.953125,1.9704170227050781,189720000
2015-09-14,1.9126344919204712,2.0112500190734863,2.0527079105377197,1.9891669750213623,2.0520830154418945,176664000
2015-09-15,1.9793998003005981,2.08145809173584,2.101875066757202,2.004167079925537,2.026249885559082,152654400
2015-09-16,2.0124857425689697,2.1162500381469727,2.123958110809326,2.0625,2.085624933242798,140414400
2015-09-17,2.018033266067505,2.1220829486846924,2.215625047683716,2.09375,2.1139578819274902,242361600
2015-09-18,1.9326441287994385,2.032291889190674,2.1045830249786377,2.0202078819274902,2.024791955947876,272342400
2015-09-21,1.9490870237350464,2.0495829582214355,2.0991671085357666,1.9947919845581055,2.063333034515381,200313600
2015-09-22,1.8631047010421753,1.9591670036315918,1.9770829677581787,1.9016669988632202,1.9547920227050781,283795200
2015-09-23,1.8660762310028076,1.962291955947876,1.988332986831665,1.931249976158142,1.9729169607162476,223761600
2015-09-24,1.8444812297821045,1.9395829439163208,1.9620829820632935,1.8541669845581055,1.9043749570846558,293836800
2015-09-25,1.7997064590454102,1.8925000429153442,2.008125066757202,1.8547919988632202,2.0054171085357666,283824000
2015-09-28,1.6445801258087158,1.7293750047683716,1.869583010673523,1.7127079963684082,1.8662500381469727,360057600
2015-09-29,1.6202114820480347,1.7037500143051147,1.7947920560836792,1.6649999618530273,1.7418750524520874,365750400
2015-09-30,1.7273930311203003,1.816457986831665,1.8250000476837158,1.7541669607162476,1.7745829820632935,333864000
2015-10-01,1.7515637874603271,1.8418749570846558,1.8431249856948853,1.7558330297470093,1.8279169797897339,219264000
2015-10-02,1.8425002098083496,1.9375,1.9397920370101929,1.75,1.7679170370101929,317404800
2015-10-05,1.9265021085739136,2.0258328914642334,2.038332939147949,1.9700000286102295,1.9827079772949219,208152000
2015-10-06,1.8989640474319458,1.9968750476837158,2.028749942779541,1.9464579820632935,2.0110421180725098,230121600
2015-10-07,1.929473638534546,2.0289580821990967,2.0431249141693115,1.9533330202102661,2.0325000286102295,253108800
2015-10-08,1.9530507326126099,2.0537500381469727,2.0645830631256104,1.9481250047683716,2.0072920322418213,291873600
2015-10-09,1.9768246412277222,2.078749895095825,2.09375,2.040208101272583,2.056457996368408,175224000
2015-10-12,1.9934660196304321,2.096250057220459,2.108541965484619,2.071458101272583,2.094583034515381,152539200
2015-10-13,1.954436182975769,2.0552079677581787,2.124375104904175,2.049999952316284,2.0604169368743896,212966400
2015-10-14,1.9461156129837036,2.0464580059051514,2.0868749618530273,2.0199999809265137,2.055833101272583,183331200
2015-10-15,2.0412118434906006,2.1464579105377197,2.1468749046325684,2.0606250762939453,2.068542003631592,214569600
2015-10-16,2.0665717124938965,2.1731250286102295,2.1770830154418945,2.129167079925537,2.1606249809265137,132643200
2015-10-19,2.1036200523376465,2.212083101272583,2.215625047683716,2.1510419845581055,2.1631250381469727,163622400
2015-10-20,2.0687522888183594,2.175416946411133,2.2135419845581055,2.154582977294922,2.1987500190734863,145252800
2015-10-21,2.0354678630828857,2.1404170989990234,2.2158329486846924,2.134166955947876,2.209583044052124,176496000
2015-10-22,2.1561214923858643,2.267292022705078,2.272707939147949,2.1756250858306885,2.193958044052124,259752000
2015-10-23,2.3354177474975586,2.4558329582214355,2.4856250286102295,2.4135420322418213,2.4502079486846924,204057600
2015-10-26,2.3423521518707275,2.463124990463257,2.4766669273376465,2.424999952316284,2.4527080059051514,119889600
2015-10-27,2.3576083183288574,2.4791669845581055,2.487916946411133,2.441041946411133,2.443125009536743,104462400
2015-10-28,2.4122889041900635,2.5366671085357666,2.538332939147949,2.428957939147949,2.490417003631592,208958400
2015-10-29,2.4033732414245605,2.527292013168335,2.5395829677581787,2.496458053588867,2.5037500858306885,99825600
2015-10-30,2.3704845905303955,2.4927079677581787,2.543750047683716,2.492500066757202,2.530625104904175,120072000
2015-11-02,2.451317310333252,2.5777080059051514,2.5860419273376465,2.4972920417785645,2.5112500190734863,110601600
2015-11-03,2.474695920944214,2.602292060852051,2.632082939147949,2.549999952316284,2.561875104904175,123624000
2015-11-04,2.4756855964660645,2.603332996368408,2.6354169845581055,2.5722920894622803,2.628124952316284,145833600
2015-11-05,2.4538934230804443,2.5804169178009033,2.6304171085357666,2.542917013168335,2.6112499237060547,142252800
2015-11-06,2.4620158672332764,2.5889580249786377,2.597291946411133,2.5185420513153076,2.569582939147949,136248000
2015-11-09,2.3827691078186035,2.505625009536743,2.5693750381469727,2.4579169750213623,2.558958053588867,151315200
2015-11-10,2.365929126739502,2.487916946411133,2.4931249618530273,2.4437499046325684,2.465625047683716,98721600
2015-11-11,2.355428457260132,2.476875066757202,2.542707920074463,2.464582920074463,2.5068750381469727,100828800
2015-11-12,2.2870771884918213,2.4049999713897705,2.4822919368743896,2.399583101272583,2.444999933242798,137928000
2015-11-13,2.1525557041168213,2.2635419368743896,2.3818750381469727,2.259582996368408,2.3747920989990234,197697600
2015-11-16,2.2423031330108643,2.357917070388794,2.3614580631256104,2.2402079105377197,2.256042003631592,185544000
2015-11-17,2.2500298023223877,2.366041898727417,2.415832996368408,2.346874952316284,2.3722920417785645,221414400
2015-11-18,2.37900447845459,2.501667022705078,2.5083329677581787,2.386457920074463,2.3927080631256104,196276800
2015-11-19,2.382570743560791,2.5054171085357666,2.540416955947876,2.492500066757202,2.5058329105377197,103958400
2015-11-20,2.429920196533203,2.5552079677581787,2.5625,2.5341670513153076,2.540416955947876,101995200
2015-11-23,2.4103071689605713,2.53458309173584,2.5875000953674316,2.5022919178009033,2.558332920074463,112876800
2015-11-24,2.4027795791625977,2.5266671180725098,2.5456249713897705,2.446458101272583,2.485416889190674,132494400
2015-11-25,2.408128499984741,2.532291889190674,2.548332929611206,2.518749952316284,2.5364580154418945,55977600
2015-11-27,2.4168448448181152,2.5414578914642334,2.559999942779541,2.518749952316284,2.550416946411133,27206400
2015-11-30,2.4015908241271973,2.5254170894622803,2.5672919750213623,2.5004169940948486,2.5668749809265137,93273600
2015-12-01,2.4729130268096924,2.600416898727417,2.600416898727417,2.5456249713897705,2.5537500381469727,117043200
2015-12-02,2.4279396533966064,2.5531249046325684,2.6404170989990234,2.539792060852051,2.605417013168335,122092800
2015-12-03,2.3041160106658936,2.422916889190674,2.584791898727417,2.37833309173584,2.5733330249786377,225912000
2015-12-04,2.4624123573303223,2.5893750190734863,2.6041669845581055,2.4291670322418213,2.443542003631592,173289600
2015-12-07,2.432298183441162,2.5577080249786377,2.601875066757202,2.519792079925537,2.59708309173584,138451200
2015-12-08,2.4324965476989746,2.5579171180725098,2.58145809173584,2.4735419750213623,2.4766669273376465,162600000
2015-12-09,2.3191728591918945,2.4387500286102295,2.565000057220459,2.3952078819274902,2.521667003631592,289732800
2015-12-10,2.352060317993164,2.4733328819274902,2.521667003631592,2.434999942779541,2.45645809173584,162926400
2015-12-11,2.1907923221588135,2.3037500381469727,2.406874895095825,2.298332929611206,2.3877079486846924,294873600
2015-12-14,2.2399260997772217,2.355417013168335,2.3575000762939453,2.2141671180725098,2.3137500286102295,232344000
2015-12-15,2.2779645919799805,2.3954169750213623,2.458125114440918,2.3887500762939453,2.415832996368408,191558400
2015-12-16,2.378608226776123,2.5012500286102295,2.5160419940948486,2.3729169368743896,2.446042060852051,196512000
2015-12-17,2.2795488834381104,2.397083044052124,2.5366671085357666,2.39395809173584,2.53458309173584,189513600
2015-12-18,2.154338836669922,2.2654170989990234,2.388124942779541,2.2604169845581055,2.3712499141693115,204955200
2015-12-21,2.218329906463623,2.3327078819274902,2.3329169750213623,2.270625114440918,2.321458101272583,128059200
2015-12-22,2.260331392288208,2.3768749237060547,2.38729190826416,2.3318750858306885,2.3691670894622803,134044800
2015-12-23,2.3120408058166504,2.4312500953674316,2.434999942779541,2.4010419845581055,2.4141669273376465,109896000
2015-12-24,2.307285785675049,2.4262499809265137,2.4487500190734863,2.424999952316284,2.4291670322418213,48480000
2015-12-28,2.3066914081573486,2.4256250858306885,2.4256250858306885,2.3581249713897705,2.4091670513153076,102672000
2015-12-29,2.4118921756744385,2.536250114440918,2.5545830726623535,2.462707996368408,2.467708110809326,145305600
2015-12-30,2.350276470184326,2.4714579582214355,2.534791946411133,2.469583034515381,2.5316669940948486,89592000
2015-12-31,2.2631053924560547,2.3797919750213623,2.4577078819274902,2.3770830631256104,2.444582939147949,175905600
2016-01-04,2.1248185634613037,2.234375,2.234375,2.1404170989990234,2.221250057220459,265867200
2016-01-05,2.105799436569214,2.2143750190734863,2.2693750858306885,2.18416690826416,2.2604169845581055,132326400
2016-01-06,2.049335479736328,2.1549999713897705,2.188541889190674,2.100832939147949,2.103749990463257,243787200
2016-01-07,1.8543871641159058,1.9500000476837158,2.09375,1.9470829963684082,2.014583110809326,340348800
2016-01-08,1.8106027841567993,1.9039579629898071,2.0285420417785645,1.8952080011367798,1.992292046546936,331819200
2016-01-11,1.8264524936676025,1.9206249713897705,1.9589580297470093,1.8312499523162842,1.9435420036315918,336177600
2016-01-12,1.888067603111267,1.9854170083999634,2.0152080059051514,1.9041670560836792,1.9722919464111328,317520000
2016-01-13,1.6905430555343628,1.7777080535888672,2.0233330726623535,1.7708330154418945,2.0093750953674316,413400000
2016-01-14,1.7999043464660645,1.8927079439163208,1.9406249523162842,1.7145830392837524,1.8002079725265503,363417600
2016-01-15,1.6344759464263916,1.71875,1.7770830392837524,1.644374966621399,1.7037500143051147,564715200
2016-01-19,1.6414107084274292,1.7260420322418213,1.7941670417785645,1.6668750047683716,1.7860419750213623,259228800
2016-01-20,1.626551628112793,1.7104170322418213,1.7662500143051147,1.5320830345153809,1.6449999809265137,554697600
2016-01-21,1.6324949264526367,1.7166670560836792,1.7918750047683716,1.6637500524520874,1.731874942779541,338112000
2016-01-22,1.7731584310531616,1.8645830154418945,1.8674999475479126,1.802291989326477,1.8177080154418945,286881600
2016-01-25,1.6933168172836304,1.7806249856948853,1.8768750429153442,1.7770830392837524,1.8479169607162476,277084800
2016-01-26,1.7416576147079468,1.8314579725265503,1.853124976158142,1.757917046546936,1.8041670322418213,243038400
2016-01-27,1.6120882034301758,1.695207953453064,1.8210419416427612,1.6708329916000366,1.7981250286102295,358315200
2016-01-28,1.6756839752197266,1.7620830535888672,1.7791670560836792,1.677291989326477,1.774791955947876,315571200
2016-01-29,1.784847617149353,1.8768750429153442,1.8768750429153442,1.7614580392837524,1.7660419940948486,257716800
2016-02-01,1.7949519157409668,1.8875000476837158,1.9112499952316284,1.8260420560836792,1.846250057220459,228240000
2016-02-02,1.6810333728790283,1.7677079439163208,1.8652080297470093,1.7504169940948486,1.8652080297470093,256867200
2016-02-03,1.6572593450546265,1.7427079677581787,1.8014580011367798,1.6487499475479126,1.8010419607162476,471302400
2016-02-04,1.6542874574661255,1.7395830154418945,1.7822920083999634,1.6802079677581787,1.7254170179367065,284035200
2016-02-05,1.4841041564941406,1.5606249570846558,1.7245830297470093,1.5412499904632568,1.7229169607162476,429777600
2016-02-08,1.416347622871399,1.4893749952316284,1.507917046546936,1.4029170274734497,1.4735419750213623,514963200
2016-02-09,1.3999032974243164,1.4720829725265503,1.541458010673523,1.4212499856948853,1.4279170036315918,459494400
2016-02-10,1.4165455102920532,1.4895830154418945,1.5816669464111328,1.4872920513153076,1.5260419845581055,375528000
2016-02-11,1.4131780862808228,1.4860420227050781,1.5189579725265503,1.4204169511795044,1.4333330392837524,477076800
2016-02-12,1.4734058380126953,1.549375057220459,1.5558329820632935,1.492082953453064,1.5325000286102295,316430400
2016-02-16,1.5714741945266724,1.652500033378601,1.652500033378601,1.5910420417785645,1.621250033378601,299313600
2016-02-17,1.6800435781478882,1.7666670083999634,1.7756249904632568,1.6791670322418213,1.6943750381469727,365232000
2016-02-18,1.6229853630065918,1.7066669464111328,1.7860419750213623,1.7010420560836792,1.7854169607162476,257899200
2016-02-19,1.6398252248764038,1.7243750095367432,1.7387499809265137,1.6712499856948853,1.6872919797897339,238934400
2016-02-22,1.7172890901565552,1.8058329820632935,1.8118749856948853,1.7662500143051147,1.7712500095367432,248265600
2016-02-23,1.631701946258545,1.7158329486846924,1.7893749475479126,1.7141669988632202,1.7739579677581787,267825600
2016-02-24,1.680241584777832,1.7668750286102295,1.7729170322418213,1.6258330345153809,1.6577080488204956,350558400
2016-02-25,1.7266006469726562,1.8156249523162842,1.8177080154418945,1.7302080392837524,1.7785420417785645,259598400
2016-02-26,1.7226378917694092,1.8114579916000366,1.8614579439163208,1.7991670370101929,1.8570829629898071,248577600
2016-02-29,1.6770719289779663,1.7635420560836792,1.847707986831665,1.7635420560836792,1.8072919845581055,229968000
2016-03-01,1.8375473022460938,1.9322919845581055,1.9327080249786377,1.7975000143051147,1.8118749856948853,311136000
2016-03-02,1.8395283222198486,1.9343750476837158,1.9364579916000366,1.8897919654846191,1.9249999523162842,193972800
2016-03-03,1.8292264938354492,1.9235420227050781,1.931041955947876,1.882707953453064,1.9293750524520874,206596800
2016-03-04,1.8323960304260254,1.9268749952316284,1.9637500047683716,1.888124942779541,1.9308329820632935,237844800
2016-03-07,1.7983200550079346,1.8910419940948486,1.9306249618530273,1.8493750095367432,1.896875023841858,189124800
2016-03-08,1.7507716417312622,1.8410420417785645,1.9010419845581055,1.8337500095367432,1.8508330583572388,212563200
2016-03-09,1.7842533588409424,1.8762500286102295,1.8795830011367798,1.8333330154418945,1.865833044052124,208344000
2016-03-10,1.7775176763534546,1.8691669702529907,1.9345829486846924,1.7972919940948486,1.90625,343454400
2016-03-11,1.8696426153182983,1.9660420417785645,1.9681249856948853,1.9131250381469727,1.929582953453064,169660800
2016-03-14,1.8805387020111084,1.9774999618530273,1.992082953453064,1.943958044052124,1.9462499618530273,157166400
2016-03-15,1.8793504238128662,1.9762500524520874,1.9816670417785645,1.9377080202102661,1.9574999809265137,193118400
2016-03-16,1.9272948503494263,2.0266671180725098,2.04354190826416,1.9587500095367432,1.9587500095367432,176457600
2016-03-17,1.9217472076416016,2.0208330154418945,2.0389580726623535,1.9877079725265503,2.0112500190734863,127507200
2016-03-18,1.9328417778015137,2.0325000286102295,2.0495829582214355,2.0022919178009033,2.0374999046325684,147537600
2016-03-21,1.9558240175247192,2.0566670894622803,2.063541889190674,2.019792079925537,2.023750066757202,136008000
2016-03-22,1.9732582569122314,2.075000047683716,2.090625047683716,2.0214579105377197,2.0233330726623535,127214400
2016-03-23,1.9263041019439697,2.025624990463257,2.068542003631592,2.011457920074463,2.063957929611206,154454400
2016-03-24,1.925709843635559,2.0250000953674316,2.028749942779541,1.9854170083999634,1.9927079677581787,127022400
2016-03-28,1.9187754392623901,2.0177080631256104,2.045833110809326,2.0079169273376465,2.045417070388794,129384000
2016-03-29,2.0105040073394775,2.1141669750213623,2.1187500953674316,1.9968750476837158,2.006666898727417,179793600
2016-03-30,2.0406179428100586,2.1458330154418945,2.1856250762939453,2.132082939147949,2.152708053588867,209884800
2016-03-31,2.028730869293213,2.1333329677581787,2.1649999618530273,2.126457929611206,2.1410419940948486,118521600
2016-04-01,2.096289873123169,2.2043750286102295,2.2068750858306885,2.0889580249786377,2.100832939147949,163022400
2016-04-04,2.070335626602173,2.1770830154418945,2.2083330154418945,2.1639580726623535,2.2010419368743896,136632000
2016-04-05,2.014665126800537,2.118541955947876,2.1524999141693115,2.1075000762939453,2.1272919178009033,146841600
2016-04-06,2.1111485958099365,2.2200000286102295,2.2216670513153076,2.1229169368743896,2.125,182088000
2016-04-07,2.020014524459839,2.124166965484619,2.193125009536743,2.0964579582214355,2.1822919845581055,252225600
2016-04-08,2.0152597427368164,2.1191670894622803,2.1777079105377197,2.09708309173584,2.162708044052124,166243200
2016-04-11,1.9936635494232178,2.0964579582214355,2.1781249046325684,2.094791889190674,2.146667003631592,137059200
2016-04-12,2.0402228832244873,2.1454169750213623,2.1600000858306885,2.0612499713897705,2.100416898727417,182424000
2016-04-13,2.119865894317627,2.2291669845581055,2.2397921085357666,2.188957929611206,2.1977078914642334,162182400
2016-04-14,2.1212525367736816,2.2306249141693115,2.2552080154418945,2.213124990463257,2.2297921180725098,111240000
2016-04-15,2.105006694793701,2.2135419845581055,2.2391669750213623,2.196666955947876,2.2233328819274902,83092800
2016-04-18,2.1361114978790283,2.2462499141693115,2.250833034515381,2.19083309173584,2.1952080726623535,101462400
2016-04-19,2.099261522293091,2.2074999809265137,2.2708330154418945,2.171875,2.268749952316284,158582400
2016-04-20,2.104412794113159,2.2129170894622803,2.2427079677581787,2.18416690826416,2.204582929611206,107769600
2016-04-21,2.105006694793701,2.2135419845581055,2.2366669178009033,2.183542013168335,2.211667060852051,133473600
2016-04-22,2.009711265563965,2.113332986831665,2.157291889190674,2.0620830059051514,2.128541946411133,201321600
2016-04-25,2.008127450942993,2.1116669178009033,2.112916946411133,2.0818750858306885,2.090208053588867,96950400
2016-04-26,1.980588436126709,2.0827078819274902,2.1368749141693115,2.0629169940948486,2.123958110809326,109315200
2016-04-27,1.9330395460128784,2.032707929611206,2.0456249713897705,1.980417013168335,2.019582986831665,183004800
2016-04-28,1.86449134349823,1.9606250524520874,2.0743749141693115,1.946666955947876,2.039375066757202,160771200
2016-04-29,1.8347736597061157,1.9293750524520874,1.9700000286102295,1.881250023841858,1.9539580345153809,191260800
2016-05-02,1.8833128213882446,1.980417013168335,1.9893749952316284,1.9177080392837524,1.941457986831665,118017600
2016-05-03,1.8331886529922485,1.9277080297470093,1.965000033378601,1.909999966621399,1.9389580488204956,145963200
2016-05-04,1.7969324588775635,1.8895829916000366,1.9118750095367432,1.8745830059051514,1.8922920227050781,155145600
2016-05-05,1.795942783355713,1.8885420560836792,1.9216669797897339,1.8752080202102661,1.9075000286102295,143976000
2016-05-06,1.8218954801559448,1.9158329963684082,1.9175000190734863,1.853124976158142,1.8583329916000366,156849600
2016-05-09,1.8379430770874023,1.9327080249786377,1.9589580297470093,1.9149999618530273,1.9177080392837524,118540800
2016-05-10,1.9150116443634033,2.0137500762939453,2.015000104904175,1.9433330297470093,1.9533330202102661,116481600
2016-05-11,1.862708330154419,1.9587500095367432,2.021667003631592,1.9558329582214355,2.003957986831665,127065600
2016-05-12,1.8365565538406372,1.931249976158142,1.9777079820632935,1.8908330202102661,1.974166989326477,184742400
2016-05-13,1.8143675327301025,1.9079170227050781,1.9616669416427612,1.8989579677581787,1.9299999475479126,155966400
2016-05-16,1.8843026161193848,1.9814579486846924,2.002500057220459,1.9135420322418213,1.915624976158142,117292800
2016-05-17,1.8119901418685913,1.9054169654846191,1.9931249618530273,1.8914580345153809,1.9791669845581055,187228800
2016-05-18,1.8325939178466797,1.9270830154418945,1.9581249952316284,1.8816670179367065,1.8947919607162476,237969600
2016-05-19,1.8036689758300781,1.8966670036315918,1.9195829629898071,1.8552080392837524,1.9035420417785645,254097600
2016-05-20,1.8638969659805298,1.9600000381469727,1.9824999570846558,1.916458010673523,1.9197920560836792,125352000
2016-05-23,1.8547836542129517,1.9504170417785645,1.9870829582214355,1.9464579820632935,1.965000033378601,86928000
2016-05-24,1.9683058261871338,2.0697920322418213,2.0760419368743896,1.9824999570846558,1.9839580059051514,150004800
2016-05-25,2.010702610015869,2.114375114440918,2.1322920322418213,2.0818750858306885,2.0935420989990234,140846400
2016-05-26,2.0275421142578125,2.132082939147949,2.139791965484619,2.1045830249786377,2.121458053588867,95270400
2016-05-27,2.0580530166625977,2.1641669273376465,2.165832996368408,2.1354169845581055,2.135624885559082,107140800
2016-05-31,2.070335626602173,2.1770830154418945,2.1872920989990234,2.144792079925537,2.176042079925537,112948800
2016-06-01,2.0711288452148438,2.177917003631592,2.1918749809265137,2.1514580249786377,2.157291889190674,100536000
2016-06-02,2.082817316055298,2.1902079582214355,2.191457986831665,2.129167079925537,2.1631250381469727,104659200
2016-06-03,2.0542874336242676,2.160207986831665,2.1816670894622803,2.117917060852051,2.1777079105377197,155529600
2016-06-06,2.0762786865234375,2.183332920074463,2.200624942779541,2.1608328819274902,2.1700000762939453,85996800
2016-06-07,2.0616190433502197,2.167917013168335,2.1937499046325684,2.163749933242798,2.1904170513153076,77107200
2016-06-08,2.070732831954956,2.177500009536743,2.1912500858306885,2.1541669368743896,2.1797919273376465,82262400
2016-06-09,2.0616190433502197,2.167917013168335,2.174375057220459,2.138957977294922,2.1514580249786377,99729600
2016-06-10,1.99227774143219,2.0950000286102295,2.1204171180725098,2.071458101272583,2.1095829010009766,161760000
2016-06-13,1.9411629438400269,2.041249990463257,2.092708110809326,2.0333330631256104,2.0597920417785645,119049600
2016-06-14,1.9421541690826416,2.0422921180725098,2.0622920989990234,1.9958330392837524,2.024583101272583,141729600
2016-06-15,1.9247187376022339,2.0239579677581787,2.0622920989990234,2.0127079486846924,2.0556249618530273,106377600
2016-06-16,1.9385875463485718,2.0385420322418213,2.0464580059051514,1.9537500143051147,1.9941669702529907,164361600
2016-06-17,1.8722177743911743,1.96875,2.030208110809326,1.9552079439163208,2.030208110809326,167020800
2016-06-20,1.9058984518051147,2.004167079925537,2.0652079582214355,2.0012500286102295,2.039375066757202,139243200
2016-06-21,1.9249178171157837,2.024167060852051,2.036875009536743,2.0022919178009033,2.016458034515381,86414400
2016-06-22,1.9124362468719482,2.0110421180725098,2.063541889190674,2.0052080154418945,2.0299999713897705,103296000
2016-06-23,1.9930692911148071,2.0958330631256104,2.0966670513153076,2.032291889190674,2.0577080249786377,128558400
2016-06-24,1.7489886283874512,1.8391669988632202,1.9656250476837158,1.8250000476837158,1.875,325502400
2016-06-27,1.6471552848815918,1.7320829629898071,1.7997920513153076,1.7041670083999634,1.7972919940948486,235963200
2016-06-28,1.7503750324249268,1.8406250476837158,1.8431249856948853,1.7831250429153442,1.7847919464111328,199468800
2016-06-29,1.8413112163543701,1.9362499713897705,1.9497920274734497,1.8820830583572388,1.8856250047683716,208464000
2016-06-30,1.9082753658294678,2.006666898727417,2.008958101272583,1.9291670322418213,1.9479169845581055,165811200
2016-07-01,1.934427261352539,2.0341670513153076,2.058542013168335,2.000833034515381,2.003124952316284,131424000
2016-07-05,1.900152564048767,1.9981249570846558,2.011667013168335,1.9658329486846924,2.0079169273376465,130939200
2016-07-06,1.9449267387390137,2.045207977294922,2.0495829582214355,1.9514579772949219,1.9708329439163208,173476800
2016-07-07,1.9633523225784302,2.0645830631256104,2.079166889190674,2.0364580154418945,2.054374933242798,126230400
2016-07-08,2.0540902614593506,2.1600000858306885,2.1649999618530273,2.089582920074463,2.095207929611206,150043200
2016-07-11,2.089158058166504,2.1968750953674316,2.22208309173584,2.182499885559082,2.1845829486846924,142646400
2016-07-12,2.1220450401306152,2.2314579486846924,2.249166965484619,2.222707986831665,2.23770809173584,115790400
2016-07-13,2.1071860790252686,2.2158329486846924,2.250833034515381,2.2143750190734863,2.2495830059051514,126412800
2016-07-14,2.14997935295105,2.2608330249786377,2.2729170322418213,2.243957996368408,2.2597920894622803,109905600
2016-07-15,2.137894630432129,2.2481250762939453,2.2793750762939453,2.234375,2.2754170894622803,85416000
2016-07-18,2.180490493774414,2.292917013168335,2.305833101272583,2.2522919178009033,2.254167079925537,83860800
2016-07-19,2.1579041481018066,2.269166946411133,2.2899999618530273,2.257082939147949,2.2708330154418945,78667200
2016-07-20,2.231802225112915,2.346874952316284,2.360832929611206,2.2972919940948486,2.303957939147949,90724800
2016-07-21,2.218529224395752,2.3329169750213623,2.3662500381469727,2.3129169940948486,2.3539578914642334,112804800
2016-07-22,2.244283676147461,2.359999895095825,2.3687500953674316,2.3154170513153076,2.3383328914642334,86803200
2016-07-25,2.246264934539795,2.3620829582214355,2.3622920513153076,2.3375000953674316,2.3547921180725098,76243200
2016-07-26,2.2537930011749268,2.369999885559082,2.3949999809265137,2.3333330154418945,2.3597919940948486,136353600
2016-07-27,2.2977757453918457,2.416249990463257,2.436875104904175,2.3877079486846924,2.4281249046325684,130564800
2016-07-28,2.3227391242980957,2.442500114440918,2.451667070388794,2.4066669940948486,2.4295830726623535,87120000
2016-07-29,2.3379945755004883,2.4585421085357666,2.478749990463257,2.4362499713897705,2.4600000381469727,102633600
2016-08-01,2.374645233154297,2.4970829486846924,2.5160419940948486,2.4554169178009033,2.464582920074463,105316800
2016-08-02,2.3211538791656494,2.44083309173584,2.493541955947876,2.393125057220459,2.4864580631256104,161107200
2016-08-03,2.343144416809082,2.4639580249786377,2.465208053588867,2.4306249618530273,2.4354169368743896,85334400
2016-08-04,2.364145517349243,2.486042022705078,2.4931249618530273,2.4452080726623535,2.4633328914642334,84028800
2016-08-05,2.4324965476989746,2.5579171180725098,2.573957920074463,2.515625,2.526249885559082,123480000
2016-08-08,2.4247703552246094,2.5497920513153076,2.5637500286102295,2.5243749618530273,2.5622920989990234,75902400
2016-08-09,2.4408178329467773,2.566667079925537,2.590208053588867,2.549999952316284,2.5541670322418213,79819200
2016-08-10,2.4219963550567627,2.546875,2.572499990463257,2.5260419845581055,2.568542003631592,87720000
2016-08-11,2.453298807144165,2.579792022705078,2.5958330631256104,2.556874990463257,2.5708329677581787,68649600
2016-08-12,2.457855463027954,2.584583044052124,2.584583044052124,2.5570828914642334,2.5645830631256104,68275200
2016-08-15,2.4887609481811523,2.6170830726623535,2.6343750953674316,2.591249942779541,2.59375,57254400
2016-08-16,2.4495344161987305,2.5758330821990967,2.6041669845581055,2.5722920894622803,2.601875066757202,62596800
2016-08-17,2.461026191711426,2.5879170894622803,2.589792013168335,2.532917022705078,2.5758330821990967,89836800
2016-08-18,2.4634029865264893,2.59041690826416,2.600416898727417,2.566667079925537,2.579792022705078,56755200
2016-08-19,2.4600346088409424,2.5868749618530273,2.6035420894622803,2.5545830726623535,2.5762500762939453,73617600
2016-08-22,2.4624123573303223,2.5893750190734863,2.60604190826416,2.5612499713897705,2.574583053588867,73243200
2016-08-23,2.4770734310150146,2.6047921180725098,2.6358330249786377,2.602916955947876,2.620832920074463,62654400
2016-08-24,2.429326057434082,2.5545830726623535,2.6122920513153076,2.530208110809326,2.6010420322418213,71198400
2016-08-25,2.4178359508514404,2.5425000190734863,2.56583309173584,2.525624990463257,2.534374952316284,58444800
2016-08-26,2.429525136947632,2.5547919273376465,2.603332996368408,2.5083329677581787,2.545833110809326,107313600
2016-08-29,2.436260461807251,2.561875104904175,2.584791898727417,2.5547919273376465,2.5562500953674316,49833600
2016-08-30,2.41426944732666,2.538749933242798,2.573957920074463,2.5129170417785645,2.552500009536743,65750400
2016-08-31,2.4079298973083496,2.532083034515381,2.5391669273376465,2.498958110809326,2.527708053588867,71616000
2016-09-01,2.4186277389526367,2.543333053588867,2.5587499141693115,2.4962499141693115,2.533750057220459,85953600
2016-09-02,2.4469592571258545,2.573124885559082,2.6039578914642334,2.546041965484619,2.5885419845581055,90739200
2016-09-06,2.492327928543091,2.620832920074463,2.6229169368743896,2.5708329677581787,2.5885419845581055,65985600
2016-09-07,2.49688458442688,2.625624895095825,2.6404170989990234,2.597707986831665,2.628957986831665,58075200
2016-09-08,2.454092025756836,2.580625057220459,2.6056249141693115,2.5606250762939453,2.6041669845581055,70065600
2016-09-09,2.2680587768554688,2.384999990463257,2.5333330631256104,2.384999990463257,2.5177080631256104,160915200
2016-09-12,2.38435435295105,2.5072920322418213,2.523750066757202,2.344791889190674,2.3491671085357666,130651200
2016-09-13,2.3280885219573975,2.448124885559082,2.497499942779541,2.410207986831665,2.473750114440918,125308800
2016-09-14,2.358003854751587,2.4795830249786377,2.5208330154418945,2.4518749713897705,2.4543750286102295,111528000
2016-09-15,2.467365026473999,2.594583034515381,2.606874942779541,2.481250047683716,2.483333110809326,131860800
2016-09-16,2.4645915031433105,2.5916669368743896,2.600416898727417,2.5541670322418213,2.588124990463257,81523200
2016-09-19,2.432298183441162,2.5577080249786377,2.6360421180725098,2.5439579486846924,2.6114580631256104,91670400
2016-09-20,2.445770740509033,2.5718750953674316,2.6041669845581055,2.559999942779541,2.5833330154418945,75782400
2016-09-21,2.516895055770874,2.646667003631592,2.6585419178009033,2.5602080821990967,2.6041669845581055,138600000
2016-09-22,2.5757365226745605,2.7085421085357666,2.7200000286102295,2.686666965484619,2.6962499618530273,78100800
2016-09-23,2.529376745223999,2.659791946411133,2.701457977294922,2.6475000381469727,2.700000047683716,73065600
2016-09-26,2.4665729999542236,2.59375,2.623332977294922,2.5808329582214355,2.6139578819274902,81883200
2016-09-27,2.536508560180664,2.6672921180725098,2.6720829010009766,2.5808329582214355,2.5908329486846924,82900800
2016-09-28,2.5503766536712646,2.681874990463257,2.686666965484619,2.641249895095825,2.676875114440918,75696000
2016-09-29,2.496290683746338,2.625,2.683542013168335,2.589792013168335,2.670417070388794,114830400
2016-09-30,2.547602653503418,2.678957939147949,2.705625057220459,2.6360421180725098,2.649167060852051,79987200
2016-10-03,2.541857957839966,2.672916889190674,2.680833101272583,2.6385419368743896,2.6697919368743896,81758400
2016-10-04,2.527395009994507,2.657707929611206,2.7114579677581787,2.628541946411133,2.6918749809265137,112204800
2016-10-05,2.5537452697753906,2.6854169368743896,2.7114579677581787,2.6781249046325684,2.681874990463257,68856000
2016-10-06,2.5497822761535645,2.6812500953674316,2.6985421180725098,2.643125057220459,2.675416946411133,74529600
2016-10-07,2.5331406593322754,2.663749933242798,2.69979190826416,2.6254169940948486,2.6897919178009033,90561600
2016-10-10,2.578509569168091,2.7114579677581787,2.732707977294922,2.701667070388794,2.703125,59889600
2016-10-11,2.4719221591949463,2.599375009536743,2.709167003631592,2.563541889190674,2.7058329582214355,129643200
2016-10-12,2.4667701721191406,2.5939579010009766,2.6181249618530273,2.567500114440918,2.6020829677581787,82056000
2016-10-13,2.4378459453582764,2.563541889190674,2.584583044052124,2.4931249618530273,2.539792060852051,104428800
2016-10-14,2.4433929920196533,2.5693750381469727,2.631666898727417,2.5670828819274902,2.5981249809265137,81811200
2016-10-17,2.42655348777771,2.5516669750213623,2.582082986831665,2.5414578914642334,2.5687499046325684,55862400
2016-10-18,2.4887609481811523,2.6170830726623535,2.654792070388794,2.6145830154418945,2.640625,76968000
2016-10-19,2.4897525310516357,2.6181249618530273,2.628541946411133,2.6039578914642334,2.6122920513153076,47054400
2016-10-20,2.479252338409424,2.6070830821990967,2.6254169940948486,2.5629169940948486,2.60604190826416,69950400
2016-10-21,2.5061964988708496,2.6354169845581055,2.641458034515381,2.588124990463257,2.61270809173584,58632000
2016-10-24,2.5975284576416016,2.7314579486846924,2.736875057220459,2.686666965484619,2.6887500286102295,68649600
2016-10-25,2.57157564163208,2.704166889190674,2.737916946411133,2.693542003631592,2.7339580059051514,59712000
2016-10-26,2.5222442150115967,2.652292013168335,2.694999933242798,2.6270830631256104,2.652082920074463,95308800
2016-10-27,2.4869790077209473,2.6152079105377197,2.6912500858306885,2.603332996368408,2.6847920417785645,103041600
2016-10-28,2.4439871311187744,2.569999933242798,2.632082939147949,2.5416669845581055,2.59041690826416,142958400
2016-10-31,2.430119752883911,2.555417060852051,2.5950000286102295,2.5541670322418213,2.5950000286102295,56904000
2016-11-01,2.3801937103271484,2.5029170513153076,2.5718750953674316,2.4337499141693115,2.5718750953674316,101923200
2016-11-02,2.3181817531585693,2.4377079010009766,2.511457920074463,2.421041965484619,2.4945828914642334,81763200
2016-11-03,2.2514169216156006,2.367500066757202,2.450624942779541,2.358541965484619,2.4277079105377197,87014400
2016-11-04,2.2258589267730713,2.340625047683716,2.397291898727417,2.328749895095825,2.3456249237060547,84921600
2016-11-07,2.3853437900543213,2.5083329677581787,2.516249895095825,2.4443750381469727,2.453958034515381,100963200
2016-11-08,2.432100534439087,2.557499885559082,2.591249942779541,2.483333110809326,2.5,110587200
2016-11-09,2.4661760330200195,2.5933330059051514,2.6047921180725098,2.459791898727417,2.4668750762939453,183292800
2016-11-10,2.348891019821167,2.4700000286102295,2.639583110809326,2.3639578819274902,2.6247920989990234,247968000
2016-11-11,2.346909523010254,2.467916965484619,2.485832929611206,2.4083330631256104,2.431874990463257,113563200
2016-11-14,2.2676615715026855,2.384582996368408,2.477916955947876,2.3575000762939453,2.4725000858306885,177552000
2016-11-15,2.3726646900177,2.494999885559082,2.5177080631256104,2.438124895095825,2.444999933242798,105571200
2016-11-16,2.41129732131958,2.5356249809265137,2.54354190826416,2.457292079925537,2.457292079925537,86337600
2016-11-17,2.4671666622161865,2.594374895095825,2.594374895095825,2.518125057220459,2.5339579582214355,75537600
2016-11-18,2.4394302368164062,2.5652079582214355,2.616041898727417,2.5572919845581055,2.5991671085357666,63057600
2016-11-21,2.5127346515655518,2.642292022705078,2.6504170894622803,2.5804169178009033,2.58145809173584,83625600
2016-11-22,2.535320520401001,2.6660420894622803,2.6875,2.6475000381469727,2.674375057220459,76680000
2016-11-23,2.5048091411590576,2.633958101272583,2.6493749618530273,2.5999999046325684,2.6404170989990234,73824000
2016-11-25,2.528980016708374,2.659374952316284,2.663332939147949,2.635624885559082,2.6464579105377197,38280000
2016-11-28,2.514913558959961,2.644582986831665,2.6791670322418213,2.6337499618530273,2.647291898727417,71467200
2016-11-29,2.53908371925354,2.6700000762939453,2.706666946411133,2.627500057220459,2.6468749046325684,74582400
2016-11-30,2.4568657875061035,2.5835421085357666,2.681874990463257,2.5693750381469727,2.675416946411133,151296000
2016-12-01,2.321946382522583,2.441667079925537,2.570625066757202,2.4264578819274902,2.5704169273376465,186384000
2016-12-02,2.3312571048736572,2.451457977294922,2.4825000762939453,2.4222919940948486,2.443958044052124,102984000
2016-12-05,2.385146379470825,2.508125066757202,2.5391669273376465,2.456666946411133,2.491041898727417,89942400
2016-12-06,2.4023823738098145,2.526249885559082,2.5406250953674316,2.49666690826416,2.5274999141693115,69254400
2016-12-07,2.4915359020233154,2.619999885559082,2.632499933242798,2.4895830154418945,2.511457920074463,148867200
2016-12-08,2.506791591644287,2.6360421180725098,2.657291889190674,2.6114580631256104,2.626667022705078,113016000
2016-12-09,2.5654332637786865,2.6977078914642334,2.702291965484619,2.665832996368408,2.665832996368408,102672000
2016-12-12,2.5297720432281494,2.660207986831665,2.677917003631592,2.6295828819274902,2.6608328819274902,95150400
2016-12-13,2.628633975982666,2.764167070388794,2.806874990463257,2.6854169368743896,2.689167022705078,169195200
2016-12-14,2.6094155311584473,2.743957996368408,2.7995829582214355,2.720417022705078,2.769582986831665,142377600
2016-12-15,2.6252658367156982,2.760624885559082,2.8062500953674316,2.7366669178009033,2.751457929611206,106425600
2016-12-16,2.5933680534362793,2.7270829677581787,2.7914578914642334,2.7118749618530273,2.7735419273376465,114753600
2016-12-19,2.6250674724578857,2.7604169845581055,2.8104169368743896,2.726249933242798,2.738542079925537,83572800
2016-12-20,2.656766414642334,2.793750047683716,2.8072919845581055,2.777082920074463,2.782083034515381,62784000
2016-12-21,2.6474545001983643,2.7839579582214355,2.800416946411133,2.766458034515381,2.7947919368743896,48288000
2016-12-22,2.6244735717773438,2.7597920894622803,2.7889580726623535,2.7300000190734863,2.785207986831665,65520000
2016-12-23,2.6325953006744385,2.7683329582214355,2.769582986831665,2.7395830154418945,2.748542070388794,32251200
2016-12-27,2.6710307598114014,2.8087499141693115,2.856874942779541,2.780416965484619,2.7833330631256104,75643200
2016-12-28,2.609217882156372,2.7437500953674316,2.834791898727417,2.73770809173584,2.8258330821990967,91339200
2016-12-29,2.596538543701172,2.730417013168335,2.759582996368408,2.7058329582214355,2.7422919273376465,85728000
2016-12-30,2.5206587314605713,2.650624990463257,2.7477080821990967,2.625,2.746042013168335,105384000
2017-01-03,2.5816800594329834,2.714792013168335,2.7477080821990967,2.674375057220459,2.7002079486846924,97646400
2017-01-04,2.625662088394165,2.7610421180725098,2.776249885559082,2.723750114440918,2.727292060852051,66513600
2017-01-05,2.6722195148468018,2.809999942779541,2.813541889190674,2.7562499046325684,2.7587499618530273,61372800
2017-01-06,2.739975690841675,2.8812499046325684,2.9033329486846924,2.793750047683716,2.8152079582214355,95798400
2017-01-09,2.7677133083343506,2.910417079925537,2.924999952316284,2.882499933242798,2.8883330821990967,66172800
2017-01-10,2.7835614681243896,2.9270830154418945,2.954582929611206,2.89395809173584,2.9091670513153076,66336000
2017-01-11,2.8049583435058594,2.949583053588867,2.951667070388794,2.8862500190734863,2.9291670322418213,94104000
2017-01-12,2.790694236755371,2.9345829486846924,2.9433329105377197,2.855417013168335,2.920417070388794,80517600
2017-01-13,2.822789430618286,2.9683330059051514,2.9825000762939453,2.9433329105377197,2.944166898727417,58612800
2017-01-17,2.7962424755096436,2.9404170513153076,2.9583330154418945,2.9149999618530273,2.941667079925537,55531200
2017-01-18,2.815260887145996,2.9604170322418213,2.966249942779541,2.930417060852051,2.954166889190674,49329600
2017-01-19,2.807732582092285,2.952500104904175,3.001667022705078,2.935832977294922,2.96875,59731200
2017-01-20,2.8259599208831787,2.9716670513153076,3.014583110809326,2.950000047683716,2.9916670322418213,56846400
2017-01-23,2.83229923248291,2.978332996368408,2.9916670322418213,2.9237499237060547,2.9625000953674316,55250400
2017-01-24,2.89133882522583,3.040416955947876,3.053333044052124,2.9820830821990967,2.9945828914642334,51691200
2017-01-25,2.9757370948791504,3.129167079925537,3.1337499618530273,3.088749885559082,3.095417022705078,56148000
2017-01-26,2.9880199432373047,3.142082929611206,3.1608328819274902,3.1254169940948486,3.1433329582214355,50856000
2017-01-27,3.002284526824951,3.157083034515381,3.1675000190734863,3.12833309173584,3.1583330631256104,33249600
2017-01-30,2.9341330528259277,3.0854170322418213,3.1254169940948486,3.0325000286102295,3.1237499713897705,75043200
2017-01-31,2.9178855419158936,3.0683329105377197,3.0683329105377197,3.012083053588867,3.0537500381469727,59616000
2017-02-01,2.9733598232269287,3.126667022705078,3.146667003631592,3.086667060852051,3.12833309173584,72511200
2017-02-02,2.9658305644989014,3.1187500953674316,3.1479170322418213,3.0850000381469727,3.110832929611206,57895200
2017-02-03,2.991586208343506,3.1458330154418945,3.15625,3.12166690826416,3.1312499046325684,48192000
2017-02-06,3.002681016921997,3.1575000286102295,3.1591670513153076,3.1220829486846924,3.1304171085357666,41707200
2017-02-07,3.033587694168091,3.190000057220459,3.212083101272583,3.1691670417785645,3.1741669178009033,46634400
2017-02-08,3.0506255626678467,3.2079169750213623,3.220417022705078,3.161250114440918,3.1787500381469727,36967200
2017-02-09,3.082324504852295,3.2412500381469727,3.2637500762939453,3.211667060852051,3.2166669368743896,51525600
2017-02-10,3.1128344535827637,3.2733330726623535,3.2874999046325684,3.2470829486846924,3.2637500762939453,47872800
2017-02-13,3.167515277862549,3.3308329582214355,3.342916965484619,3.2991669178009033,3.3041670322418213,42988800
2017-02-14,3.197233200073242,3.3620829582214355,3.363332986831665,3.3016669750213623,3.3329169750213623,62664000
2017-02-15,3.252310276031494,3.4200000762939453,3.4266669750213623,3.3499999046325684,3.357917070388794,73564800
2017-02-16,3.2495357990264893,3.4170830249786377,3.4487500190734863,3.3924999237060547,3.428333044052124,63950400
2017-02-17,3.290348768234253,3.4600000381469727,3.4625000953674316,3.4008328914642334,3.40291690826416,51607200
2017-02-21,3.3426520824432373,3.515000104904175,3.5199999809265137,3.476249933242798,3.4841670989990234,66729600
2017-02-22,3.343048572540283,3.5154170989990234,3.524167060852051,3.485832929611206,3.504167079925537,43056000
2017-02-23,3.3069908618927,3.4774999618530273,3.53125,3.43416690826416,3.5308330059051514,62676000
2017-02-24,3.3248207569122314,3.4962499141693115,3.4962499141693115,3.424999952316284,3.427500009536743,50731200
2017-02-27,3.3347272872924805,3.506666898727417,3.5087499618530273,3.458750009536743,3.477916955947876,52437600
2017-02-28,3.3085758686065674,3.4791669845581055,3.5104169845581055,3.447499990463257,3.507082939147949,41904000
2017-03-01,3.415560007095337,3.5916669368743896,3.608333110809326,3.5233330726623535,3.5399999618530273,63254400
2017-03-02,3.361671209335327,3.5350000858306885,3.5899999141693115,3.5233330726623535,3.5899999141693115,42919200
2017-03-03,3.379105567932129,3.553333044052124,3.558332920074463,3.4995830059051514,3.5266671180725098,34646400
2017-03-06,3.3557276725769043,3.528749942779541,3.548332929611206,3.487916946411133,3.515000104904175,38774400
2017-03-07,3.3390860557556152,3.5112500190734863,3.558332920074463,3.4945828914642334,3.5062499046325684,35428800
2017-03-08,3.3561244010925293,3.5291669368743896,3.563333034515381,3.5079169273376465,3.5199999809265137,38652000
2017-03-09,3.3664262294769287,3.5399999618530273,3.552917003631592,3.4820830821990967,3.5283329486846924,44172000
2017-03-10,3.403275966644287,3.578749895095825,3.5983328819274902,3.537916898727417,3.5854170322418213,51456000
2017-03-13,3.4230875968933105,3.5995829105377197,3.602916955947876,3.572082996368408,3.5754170417785645,33883200
2017-03-14,3.39772891998291,3.5729169845581055,3.5804169178009033,3.5299999713897705,3.575000047683716,53020800
2017-03-15,3.4571642875671387,3.6354169845581055,3.663332939147949,3.5604169368743896,3.5975000858306885,63813600
2017-03-16,3.4551827907562256,3.6333329677581787,3.660417079925537,3.6070830821990967,3.660417079925537,38875200
2017-03-17,3.446861743927002,3.6245830059051514,3.65625,3.622499942779541,3.641666889190674,35320800
2017-03-20,3.4571642875671387,3.6354169845581055,3.661250114440918,3.608333110809326,3.6245830059051514,36696000
2017-03-21,3.303027868270874,3.4733328819274902,3.6875,3.4649999141693115,3.675832986831665,93568800
2017-03-22,3.368010997772217,3.5416669845581055,3.5512499809265137,3.459167003631592,3.475416898727417,71373600
2017-03-23,3.341066598892212,3.5133330821990967,3.5566670894622803,3.49666690826416,3.528749942779541,59064000
2017-03-24,3.3592934608459473,3.5325000286102295,3.5879170894622803,3.494999885559082,3.5466670989990234,51686400
2017-03-27,3.3771250247955322,3.5512499809265137,3.569582939147949,3.4345829486846924,3.4604170322418213,75259200
2017-03-28,3.4405226707458496,3.617917060852051,3.648750066757202,3.528749942779541,3.550832986831665,84000000
2017-03-29,3.486088991165161,3.665832996368408,3.670833110809326,3.612916946411133,3.6212499141693115,48170400
2017-03-30,3.5035240650177,3.68416690826416,3.6962499618530273,3.6524999141693115,3.6645829677581787,52927200
2017-03-31,3.4952027797698975,3.675416946411133,3.7049999237060547,3.6558330059051514,3.667917013168335,54146400
2017-04-03,3.4876749515533447,3.6675000190734863,3.711667060852051,3.6091670989990234,3.6862499713897705,64521600
2017-04-04,3.5035240650177,3.68416690826416,3.6870830059051514,3.6329169273376465,3.6354169845581055,32424000
2017-04-05,3.463503360748291,3.642082929611206,3.7658329010009766,3.6204171180725098,3.702083110809326,73360800
2017-04-06,3.466277599334717,3.6449999809265137,3.675416946411133,3.6187500953674316,3.654582977294922,61651200
2017-04-07,3.4623148441314697,3.6408329010009766,3.6737499237060547,3.601249933242798,3.6424999237060547,41575200
2017-04-10,3.466277599334717,3.6449999809265137,3.6887500286102295,3.6137499809265137,3.6533329486846924,48376800
2017-04-11,3.422691583633423,3.5991671085357666,3.649167060852051,3.5179169178009033,3.6308329105377197,85346400
2017-04-12,3.377520799636841,3.5516669750213623,3.6024999618530273,3.540832996368408,3.5950000286102295,68095200
2017-04-13,3.337501287460327,3.509582996368408,3.598750114440918,3.507499933242798,3.5374999046325684,61370400
2017-04-17,3.416748523712158,3.592916965484619,3.5975000858306885,3.5350000858306885,3.5391669273376465,36333600
2017-04-18,3.406841993331909,3.5824999809265137,3.6116669178009033,3.552917003631592,3.5595829486846924,50755200
2017-04-19,3.418729066848755,3.5950000286102295,3.6591670513153076,3.5799999237060547,3.6237499713897705,57568800
2017-04-20,3.501542329788208,3.6820828914642334,3.7083330154418945,3.6220829486846924,3.6387500762939453,82492800
2017-04-21,3.499958038330078,3.680417060852051,3.6987500190734863,3.6549999713897705,3.694166898727417,54026400
2017-04-24,3.627150297164917,3.814167022705078,3.825000047683716,3.7858328819274902,3.8020830154418945,60072000
2017-04-25,3.707585573196411,3.898750066757202,3.917917013168335,3.8433330059051514,3.8520829677581787,64113600
2017-04-26,3.691340208053589,3.881666898727417,3.930417060852051,3.873332977294922,3.9024999141693115,87660000
2017-04-27,3.7559258937835693,3.949583053588867,3.950000047683716,3.901249885559082,3.9108328819274902,57676800
2017-04-28,3.777322769165039,3.97208309173584,4.002082824707031,3.952083110809326,3.997499942779541,68500800
2017-05-01,3.872419834136963,4.072082996368408,4.09250020980835,4.003749847412109,4.008749961853027,64634400
2017-05-02,3.895401954650879,4.096250057220459,4.102083206176758,4.060832977294922,4.092082977294922,60412800
2017-05-03,3.856966257095337,4.055832862854004,4.071667194366455,4.022916793823242,4.071249961853027,73586400
2017-05-04,3.860929250717163,4.059999942779541,4.076666831970215,4.0183329582214355,4.05791711807251,72607200
2017-05-05,3.902930736541748,4.1041669845581055,4.1041669845581055,4.045416831970215,4.08916711807251,54506400
2017-05-08,3.9263083934783936,4.128749847412109,4.1304168701171875,4.085416793823242,4.110416889190674,61267200
2017-05-09,3.9694981575012207,4.174167156219482,4.201250076293945,4.139166831970215,4.1483330726623535,75717600
2017-05-10,3.9758362770080566,4.180832862854004,4.1845831871032715,4.136666774749756,4.178750038146973,56193600
2017-05-11,3.966327667236328,4.170833110809326,4.172916889190674,4.088749885559082,4.147082805633545,62433600
2017-05-12,3.992083787918091,4.1979169845581055,4.2004170417785645,4.165417194366455,4.176249980926514,58538400
2017-05-15,4.029329299926758,4.2370829582214355,4.244166851043701,4.191249847412109,4.202083110809326,69340800
2017-05-16,4.080048561096191,4.290417194366455,4.290832996368408,4.232916831970215,4.267083168029785,77066400
2017-05-17,3.771379232406616,3.9658329486846924,4.211667060852051,3.9604170322418213,4.189582824707031,140236800
2017-05-18,3.866873025894165,4.066249847412109,4.105416774749756,3.9429171085357666,3.9600000381469727,120384000
2017-05-19,3.913628578186035,4.115417003631592,4.168333053588867,4.102499961853027,4.105833053588867,72844800
2017-05-22,4.015066146850586,4.22208309173584,4.227083206176758,4.139583110809326,4.144166946411133,65354400
2017-05-23,4.0249714851379395,4.232500076293945,4.258333206176758,4.200832843780518,4.256667137145996,68858400
2017-05-24,4.080444812774658,4.290832996368408,4.295833110809326,4.234582901000977,4.267917156219482,64941600
2017-05-25,4.187824726104736,4.403749942779541,4.431666851043701,4.310832977294922,4.337916851043701,87504000
2017-05-26,4.205655097961426,4.422500133514404,4.4270830154418945,4.383749961853027,4.400416851043701,54856800
2017-05-30,4.2143731117248535,4.431666851043701,4.4479169845581055,4.407083034515381,4.4116668701171875,55192800
2017-05-31,4.209221839904785,4.426249980926514,4.4816670417785645,4.358749866485596,4.47208309173584,96902400
2017-06-01,4.259543418884277,4.4791669845581055,4.482916831970215,4.397916793823242,4.452499866485596,74092800
2017-06-02,4.404961585998535,4.632082939147949,4.6354169845581055,4.503749847412109,4.5233330726623535,83244000
2017-06-05,4.40139627456665,4.62833309173584,4.652500152587891,4.608749866485596,4.62833309173584,51477600
2017-06-06,4.35146951675415,4.575832843780518,4.656667232513428,4.552499771118164,4.611667156219482,77733600
2017-06-07,4.399017810821533,4.625833034515381,4.637499809265137,4.548333168029785,4.608333110809326,81410400
2017-06-08,4.410904407501221,4.638332843780518,4.6616668701171875,4.5654168128967285,4.654582977294922,92563200
2017-06-09,4.091934680938721,4.302917003631592,4.672082901000977,4.110833168029785,4.65500020980835,233138400
2017-06-12,4.0178399085998535,4.224999904632568,4.244166851043701,4.0595831871032715,4.183332920074463,166449600
2017-06-13,4.111747741699219,4.323750019073486,4.3408331871032715,4.2266669273376465,4.290832996368408,126492000
2017-06-14,4.056670188903809,4.265832901000977,4.374582767486572,4.163750171661377,4.374582767486572,139012800
2017-06-15,4.001988887786865,4.2083330154418945,4.222499847412109,4.057499885559082,4.1354169845581055,141158400
2017-06-16,3.954044818878174,4.157917022705078,4.202917098999023,4.107082843780518,4.199999809265137,93856800
2017-06-19,4.145427227020264,4.359167098999023,4.373332977294922,4.25458288192749,4.273749828338623,110944800
2017-06-20,4.051519393920898,4.2604169845581055,4.364167213439941,4.25458288192749,4.348750114440918,85939200
2017-06-21,4.169201850891113,4.384167194366455,4.388332843780518,4.27791690826416,4.2866668701171875,83589600
2017-06-22,4.16444730758667,4.379167079925537,4.427499771118164,4.345832824707031,4.403749942779541,68445600
2017-06-23,4.211201190948486,4.428332805633545,4.445833206176758,4.328332901000977,4.363749980926514,68786400
2017-06-26,4.155332565307617,4.3695831298828125,4.52791690826416,4.338749885559082,4.50124979019165,105681600
2017-06-27,3.9267055988311768,4.129167079925537,4.332917213439941,4.129167079925537,4.318749904632568,144088800
2017-06-28,4.091538906097412,4.302499771118164,4.31583309173584,4.1016669273376465,4.172500133514404,120861600
2017-06-29,3.883118152618408,4.0833330154418945,4.252500057220459,3.9583330154418945,4.249582767486572,231564000
2017-06-30,3.8696470260620117,4.069167137145996,4.150416851043701,4.045416831970215,4.118750095367432,98616000
2017-07-03,3.764247179031372,3.9583330154418945,4.154582977294922,3.9483330249786377,4.141666889190674,81684000
2017-07-05,3.8716278076171875,4.071249961853027,4.103750228881836,3.952083110809326,3.9887499809265137,114033600
2017-07-06,3.7693982124328613,3.963749885559082,4.028749942779541,3.917917013168335,3.9770829677581787,106324800
2017-07-07,3.8823258876800537,4.082499980926514,4.120832920074463,4.0,4.0029168128967285,89623200
2017-07-10,3.963554859161377,4.167916774749756,4.1979169845581055,4.065000057220459,4.097917079925537,92114400
2017-07-11,3.9960460662841797,4.202083110809326,4.217916965484619,4.102917194366455,4.149582862854004,108571200
2017-07-12,4.1382951736450195,4.3516669273376465,4.364999771118164,4.2841668128967285,4.307499885559082,105307200
2017-07-13,4.165635585784912,4.3804168701171875,4.411250114440918,4.342082977294922,4.368750095367432,91476000
2017-07-14,4.263504505157471,4.483333110809326,4.499166965484619,4.397082805633545,4.4320831298828125,84636000
2017-07-17,4.26588249206543,4.485833168029785,4.5366668701171875,4.463749885559082,4.497917175292969,100663200
2017-07-18,4.350677967071533,4.574999809265137,4.579583168029785,4.4375,4.4766669273376465,84182400
2017-07-19,4.43032169342041,4.658750057220459,4.6770830154418945,4.611249923706055,4.6145830154418945,104234400
2017-07-20,4.446963310241699,4.676249980926514,4.702499866485596,4.6120829582214355,4.6929168701171875,108460800
2017-07-21,4.4402265548706055,4.6691670417785645,4.669582843780518,4.59708309173584,4.618332862854004,86916000
2017-07-24,4.498077869415283,4.730000019073486,4.7420830726623535,4.650416851043701,4.667916774749756,88732800
2017-07-25,4.467963695526123,4.698332786560059,4.729582786560059,4.657917022705078,4.68625020980835,94180800
2017-07-26,4.507984161376953,4.740417003631592,4.749166965484619,4.7083330154418945,4.728332996368408,60607200
2017-07-27,4.427547454833984,4.655832767486572,4.847917079925537,4.485833168029785,4.8358330726623535,188956800
2017-07-28,4.4132819175720215,4.640832901000977,4.662083148956299,4.544582843780518,4.573750019073486,70022400
2017-07-31,4.355828762054443,4.580417156219482,4.696667194366455,4.5495829582214355,4.678750038146973,88716000
2017-08-01,4.3843584060668945,4.610416889190674,4.630000114440918,4.568749904632568,4.62624979019165,61156800
2017-08-02,4.416452884674072,4.644166946411133,4.702083110809326,4.5183329582214355,4.697500228881836,110366400
2017-08-03,4.37048864364624,4.595832824707031,4.663332939147949,4.56708288192749,4.6616668701171875,72640800
2017-08-04,4.3875274658203125,4.613749980926514,4.648749828338623,4.560832977294922,4.622917175292969,71488800
2017-08-07,4.4651899337768555,4.6954169273376465,4.702917098999023,4.620832920074463,4.640832901000977,54837600
2017-08-08,4.448548316955566,4.677917003631592,4.7916669845581055,4.6379170417785645,4.6745829582214355,103886400
2017-08-09,4.431114673614502,4.65958309173584,4.665417194366455,4.530832767486572,4.563333034515381,99081600
2017-08-10,4.1434454917907715,4.357082843780518,4.589582920074463,4.346250057220459,4.581250190734863,163382400
2017-08-11,4.238147258758545,4.456666946411133,4.486249923706055,4.347499847412109,4.37833309173584,105271200
2017-08-14,4.402981758117676,4.630000114440918,4.650000095367432,4.55916690826416,4.560417175292969,95488800
2017-08-15,4.410904407501221,4.638332843780518,4.665417194366455,4.600417137145996,4.655832767486572,72297600
2017-08-16,4.433886528015137,4.662499904632568,4.727083206176758,4.616250038146973,4.670833110809326,99052800
2017-08-17,4.161276340484619,4.375833034515381,4.62833309173584,4.375,4.605833053588867,158582400
2017-08-18,4.146615982055664,4.360416889190674,4.454583168029785,4.3125,4.382500171661377,129852000
2017-08-21,4.139087677001953,4.352499961853027,4.3933329582214355,4.266666889190674,4.367917060852051,86481600
2017-08-22,4.323337078094482,4.546249866485596,4.5595831871032715,4.414583206176758,4.4166669845581055,94264800
2017-08-23,4.274997234344482,4.49541711807251,4.52666711807251,4.4658331871032715,4.4716668128967285,84076800
2017-08-24,4.239336013793945,4.457917213439941,4.545833110809326,4.379167079925537,4.5283331871032715,97180800
2017-08-25,4.210806846618652,4.427917003631592,4.541250228881836,4.411250114440918,4.50333309173584,92620800
2017-08-28,4.24765682220459,4.466667175292969,4.499166965484619,4.425416946411133,4.466667175292969,66242400
2017-08-29,4.299959659576416,4.521667003631592,4.5416669845581055,4.340000152587891,4.350417137145996,85123200
2017-08-30,4.448944568634033,4.678332805633545,4.699999809265137,4.521667003631592,4.529582977294922,106248000
2017-08-31,4.575343608856201,4.81125020980835,4.828332901000977,4.708749771118164,4.716249942779541,106176000
2017-09-01,4.5721755027771,4.80791711807251,4.866250038146973,4.7708330154418945,4.847917079925537,71001600
2017-09-05,4.449737071990967,4.679166793823242,4.795000076293945,4.569582939147949,4.762083053588867,129235200
2017-09-06,4.488171577453613,4.719583034515381,4.75124979019165,4.618750095367432,4.717082977294922,85557600
2017-09-07,4.515909194946289,4.74875020980835,4.787499904632568,4.699999809265137,4.7470831871032715,73970400
2017-09-08,4.404566287994385,4.631667137145996,4.739167213439941,4.6145830154418945,4.730833053588867,82646400
2017-09-11,4.544834613800049,4.779167175292969,4.8095831871032715,4.734582901000977,4.736249923706055,85279200
2017-09-12,4.5832672119140625,4.819582939147949,4.84041690826416,4.7529168128967285,4.824999809265137,73418400
2017-09-13,4.602288722991943,4.839582920074463,4.8408331871032715,4.772500038146973,4.7916669845581055,51604800
2017-09-14,4.524625778198242,4.7579169273376465,4.8254170417785645,4.745832920074463,4.786250114440918,73576800
2017-09-15,4.561079025268555,4.796249866485596,4.854582786560059,4.728332996368408,4.7529168128967285,79264800
2017-09-18,4.549984455108643,4.78458309173584,4.863333225250244,4.7395830154418945,4.81708288192749,91509600
2017-09-19,4.569400310516357,4.804999828338623,4.827499866485596,4.7579169273376465,4.8070831298828125,56942400
2017-09-20,4.5313615798950195,4.764999866485596,4.816667079925537,4.652500152587891,4.802499771118164,107306400
2017-09-21,4.444189071655273,4.673333168029785,4.752500057220459,4.625,4.750833034515381,84890400
2017-09-22,4.4330949783325195,4.6616668701171875,4.680417060852051,4.614999771118164,4.627082824707031,62167200
2017-09-25,4.294015407562256,4.515417098999023,4.611667156219482,4.443749904632568,4.604582786560059,135520800
2017-09-26,4.323337078094482,4.546249866485596,4.605833053588867,4.49875020980835,4.5808329582214355,95090400
2017-09-27,4.440621376037598,4.669582843780518,4.719167232513428,4.5833330154418945,4.618750095367432,111348000
2017-09-28,4.4330949783325195,4.6616668701171875,4.675000190734863,4.6016669273376465,4.635832786560059,64536000
2017-09-29,4.527003288269043,4.7604169845581055,4.770417213439941,4.652500152587891,4.690000057220459,88248000
2017-10-02,4.539682388305664,4.773749828338623,4.832083225250244,4.710000038146973,4.784999847412109,92205600
2017-10-03,4.568212509155273,4.803750038146973,4.820000171661377,4.7604169845581055,4.7916669845581055,62738400
2017-10-04,4.580098628997803,4.816249847412109,4.846250057220459,4.7629170417785645,4.7758331298828125,90153600
2017-10-05,4.712045192718506,4.954999923706055,4.962916851043701,4.852083206176758,4.872499942779541,94291200
2017-10-06,4.729084014892578,4.972917079925537,4.974999904632568,4.90625,4.908332824707031,85960800
2017-10-09,4.717196464538574,4.960416793823242,5.010832786560059,4.9404168128967285,4.995832920074463,68851200
2017-10-10,4.727102756500244,4.970832824707031,5.023749828338623,4.904582977294922,5.007500171661377,71757600
2017-10-11,4.768310546875,5.014166831970215,5.016666889190674,4.943749904632568,4.964582920074463,59788800
2017-10-12,4.742555141448975,4.9870829582214355,5.045000076293945,4.969167232513428,4.992917060852051,66180000
2017-10-13,4.795650959014893,5.042916774749756,5.059999942779541,5.027082920074463,5.044582843780518,48873600
2017-10-16,4.845180511474609,5.09499979019165,5.097499847412109,5.047082901000977,5.0808329582214355,57079200
2017-10-17,4.862219333648682,5.112916946411133,5.1145830154418945,5.065000057220459,5.088749885559082,60189600
2017-10-18,4.843595504760742,5.093332767486572,5.1279168128967285,5.072082996368408,5.127082824707031,57900000
2017-10-19,4.790104389190674,5.037083148956299,5.037499904632568,4.929999828338623,5.005833148956299,80680800
2017-10-20,4.824973106384277,5.073750019073486,5.109582901000977,5.058750152587891,5.097499847412109,66554400
2017-10-23,4.73502779006958,4.9791669845581055,5.107082843780518,4.955417156219482,5.105833053588867,61456800
2017-10-24,4.759199142456055,5.00458288192749,5.032083034515381,4.946249961853027,5.0029168128967285,58872000
2017-10-25,4.7013468742370605,4.943749904632568,5.019999980926514,4.832083225250244,4.970832824707031,89191200
2017-10-26,4.6577606201171875,4.897916793823242,4.969583034515381,4.890832901000977,4.936666965484619,72768000
2017-10-27,5.05914831161499,5.320000171661377,5.349583148956299,5.117917060852051,5.130833148956299,147818400
2017-10-30,5.095206260681152,5.357916831970215,5.420000076293945,5.295000076293945,5.306666851043701,96556800
2017-10-31,5.149094104766846,5.414583206176758,5.439582824707031,5.362916946411133,5.405832767486572,60196800
2017-11-01,5.14235782623291,5.40749979019165,5.489999771118164,5.347917079925537,5.482500076293945,83064000
2017-11-02,5.116207122802734,5.380000114440918,5.398749828338623,5.268750190734863,5.391250133514404,91780800
2017-11-03,5.258851528167725,5.53000020980835,5.536250114440918,5.382082939147949,5.437082767486572,86700000
2017-11-06,5.312344551086426,5.586249828338623,5.59499979019165,5.513750076293945,5.520417213439941,76096800
2017-11-07,5.321060657501221,5.595417022705078,5.62041711807251,5.539999961853027,5.573750019073486,93321600
2017-11-08,5.38762903213501,5.665417194366455,5.668749809265137,5.569167137145996,5.590000152587891,68863200
2017-11-09,5.301249027252197,5.574583053588867,5.5833330154418945,5.402082920074463,5.527500152587891,163195200
2017-11-10,5.2996649742126465,5.5729169845581055,5.5858330726623535,5.505833148956299,5.537083148956299,66436800
2017-11-13,5.315512657165527,5.589582920074463,5.614167213439941,5.509582996368408,5.514166831970215,75144000
2017-11-14,5.262022018432617,5.533332824707031,5.551667213439941,5.451666831970215,5.533332824707031,91000800
2017-11-15,5.184756755828857,5.452083110809326,5.497917175292969,5.364999771118164,5.462500095367432,80668800
2017-11-16,5.378911972045898,5.65625,5.696249961853027,5.534999847412109,5.537917137145996,80853600
2017-11-17,5.318683624267578,5.592916965484619,5.673333168029785,5.577917098999023,5.662083148956299,69352800
2017-11-20,5.30560827255249,5.579166889190674,5.620832920074463,5.556666851043701,5.6016669273376465,50059200
2017-11-21,5.472818851470947,5.755000114440918,5.766666889190674,5.651249885559082,5.657083034515381,70742400
2017-11-22,5.494612216949463,5.77791690826416,5.796249866485596,5.742917060852051,5.775416851043701,60117600
2017-11-24,5.55642557144165,5.842916965484619,5.847499847412109,5.7891669273376465,5.800000190734863,39952800
2017-11-27,5.547311305999756,5.8333330154418945,5.875833034515381,5.795000076293945,5.835416793823242,66837600
2017-11-28,5.5881242752075195,5.87624979019165,5.889583110809326,5.779582977294922,5.872917175292969,70305600
2017-11-29,5.300853729248047,5.574166774749756,5.861667156219482,5.489999771118164,5.861667156219482,208288800
2017-11-30,5.432403087615967,5.712500095367432,5.743332862854004,5.602083206176758,5.644166946411133,118780800
2017-12-01,5.35989236831665,5.636250019073486,5.717916965484619,5.387083053588867,5.602083206176758,170294400
2017-12-04,5.174849510192871,5.441667079925537,5.759582996368408,5.4245829582214355,5.74666690826416,165444000
2017-12-05,5.182378768920898,5.449583053588867,5.637083053588867,5.372917175292969,5.4320831298828125,115480800
2017-12-06,5.250927448272705,5.521667003631592,5.547916889190674,5.369166851043701,5.389166831970215,94759200
2017-12-07,5.3028340339660645,5.576250076293945,5.625,5.503749847412109,5.525000095367432,76156800
2017-12-08,5.3729681968688965,5.650000095367432,5.740832805633545,5.625,5.699999809265137,88401600
2017-12-11,5.496197700500488,5.779582977294922,5.7866668701171875,5.65625,5.658750057220459,71568000
2017-12-12,5.475593566894531,5.7579169273376465,5.80916690826416,5.7216668128967285,5.771249771118164,73377600
2017-12-13,5.502933979034424,5.7866668701171875,5.84499979019165,5.765832901000977,5.823332786560059,83342400
2017-12-14,5.495008945465088,5.7783331871032715,5.8620829582214355,5.756249904632568,5.8204169273376465,71246400
2017-12-15,5.673712253570557,5.966249942779541,5.9920830726623535,5.814167022705078,5.845832824707031,111669600
2017-12-18,5.819526672363281,6.1195831298828125,6.137083053588867,6.058332920074463,6.083749771118164,81081600
2017-12-19,5.724826335906982,6.019999980926514,6.106249809265137,5.963749885559082,6.086667060852051,98868000
2017-12-20,5.701050758361816,5.994999885559082,6.079999923706055,5.920416831970215,6.077499866485596,71150400
2017-12-21,5.698277950286865,5.9920830726623535,6.071249961853027,5.9716668128967285,6.016250133514404,66518400
2017-12-22,5.679258823394775,5.97208309173584,5.978750228881836,5.921667098999023,5.966667175292969,42492000
2017-12-26,5.587331771850586,5.875417232513428,5.896667003631592,5.80791711807251,5.876667022705078,48866400
2017-12-27,5.587331771850586,5.875417232513428,5.922500133514404,5.858333110809326,5.875833034515381,45196800
2017-12-28,5.602388381958008,5.891250133514404,5.93291711807251,5.874166965484619,5.927499771118164,46730400
2017-12-29,5.496594429016113,5.78000020980835,5.913332939147949,5.7758331298828125,5.913332939147949,68558400
2018-01-02,5.778714656829834,6.076666831970215,6.08916711807251,5.828750133514404,5.870832920074463,91735200
2018-01-03,5.947906494140625,6.25458288192749,6.277500152587891,6.100417137145996,6.101250171661377,85224000
2018-01-04,5.982776641845703,6.291250228881836,6.350417137145996,6.269166946411133,6.327917098999023,70024800
2018-01-05,6.1634602546691895,6.481249809265137,6.494999885559082,6.346250057220459,6.379167079925537,82380000
2018-01-08,6.23200798034668,6.553332805633545,6.566667079925537,6.4741668701171875,6.480416774749756,72252000
2018-01-09,6.236763000488281,6.558332920074463,6.615417003631592,6.5,6.593332767486572,104169600
2018-01-10,6.192384719848633,6.511666774749756,6.514166831970215,6.383749961853027,6.467082977294922,95853600
2018-01-11,6.316407203674316,6.642083168029785,6.642083168029785,6.514166831970215,6.544582843780518,74839200
2018-01-12,6.450335502624512,6.782917022705078,6.808750152587891,6.600832939147949,6.6195831298828125,89560800
2018-01-16,6.400409698486328,6.730416774749756,7.02791690826416,6.670000076293945,6.920000076293945,165021600
2018-01-17,6.602093696594238,6.942500114440918,6.977083206176758,6.727917194366455,6.820000171661377,82624800
2018-01-18,6.608433723449707,6.949166774749756,6.99541711807251,6.862916946411133,6.912083148956299,94394400
2018-01-19,6.671830654144287,7.015832901000977,7.045833110809326,6.910417079925537,7.008749961853027,84948000
2018-01-22,6.880251407623291,7.235000133514404,7.235000133514404,6.981249809265137,6.999166965484619,103862400
2018-01-23,7.054594993591309,7.418333053588867,7.43625020980835,7.293333053588867,7.3045830726623535,129343200
2018-01-24,6.911555290222168,7.267917156219482,7.510832786560059,7.143750190734863,7.458749771118164,209073600
2018-01-25,6.90283727645874,7.258749961853027,7.425000190734863,7.1904168128967285,7.419582843780518,133300800
2018-01-26,7.211109638214111,7.582917213439941,7.582917213439941,7.336667060852051,7.375,106437600
2018-01-29,7.115616321563721,7.482500076293945,7.58916711807251,7.433750152587891,7.537917137145996,132348000
2018-01-30,6.93374490737915,7.291250228881836,7.389583110809326,7.178332805633545,7.274167060852051,132506400
2018-01-31,7.019330978393555,7.381249904632568,7.4608330726623535,7.25,7.418749809265137,110997600
2018-02-01,6.843800067901611,7.196667194366455,7.425000190734863,7.119999885559082,7.217916965484619,127968000
2018-02-02,6.425767421722412,6.757082939147949,7.15958309173584,6.746250152587891,7.116250038146973,190185600
2018-02-05,5.684013843536377,5.977083206176758,6.90166711807251,5.94208288192749,6.5729169845581055,230628000
2018-02-06,6.122251987457275,6.437917232513428,6.4583330154418945,5.62624979019165,5.700832843780518,239383200
2018-02-07,5.880150318145752,6.183332920074463,6.582917213439941,6.183332920074463,6.377500057220459,176112000
2018-02-08,5.1514716148376465,5.417082786560059,6.255833148956299,5.4166669845581055,6.2470831871032715,216405600
2018-02-09,5.393968105316162,5.672082901000977,5.797916889190674,5.050000190734863,5.633333206176758,320344800
2018-02-12,5.695899963378906,5.9895830154418945,6.099583148956299,5.717916965484619,5.865832805633545,175056000
2018-02-13,5.765242576599121,6.0625,6.108333110809326,5.848750114440918,5.884582996368408,108055200
2018-02-14,6.102835655212402,6.417500019073486,6.442500114440918,5.96541690826416,5.9716668128967285,168115200
2018-02-15,6.421806812286377,6.7529168128967285,6.761666774749756,6.382500171661377,6.5833330154418945,190375200
2018-02-16,6.350086688995361,6.677499771118164,6.894583225250244,6.639583110809326,6.703750133514404,170553600
2018-02-20,6.381785869598389,6.7108330726623535,6.885000228881836,6.594583034515381,6.600832939147949,145869600
2018-02-21,6.3243327140808105,6.650416851043701,7.008749961853027,6.6458330154418945,6.8070831298828125,177477600
2018-02-22,6.3255205154418945,6.65166711807251,6.847917079925537,6.600832939147949,6.7470831871032715,166603200
2018-02-23,6.7023420333862305,7.047916889190674,7.052499771118164,6.730833053588867,6.802499771118164,142768800
2018-02-26,6.971386432647705,7.3308329582214355,7.334167003631592,7.1433329582214355,7.158750057220459,133951200
2018-02-27,6.721756458282471,7.068333148956299,7.3829169273376465,7.05916690826416,7.34375,173308800
2018-02-28,6.586640357971191,6.926249980926514,7.256249904632568,6.9191670417785645,7.18625020980835,153014400
2018-03-01,6.269651889801025,6.592916965484619,7.0341668128967285,6.4033331871032715,6.941667079925537,251916000
2018-03-02,6.442013740539551,6.774167060852051,6.805832862854004,6.28249979019165,6.361667156219482,193399200
2018-03-05,6.6440958976745605,6.986667156219482,7.046667098999023,6.59833288192749,6.678750038146973,148881600
2018-03-06,6.728097915649414,7.074999809265137,7.153749942779541,6.949999809265137,7.0908331871032715,142060800
2018-03-07,6.7784199714660645,7.1279168128967285,7.1458330154418945,6.884167194366455,6.920416831970215,133764000
2018-03-08,6.879459857940674,7.234167098999023,7.259167194366455,7.12958288192749,7.207499980926514,115168800
2018-03-09,7.280055046081543,7.655416965484619,7.655416965484619,7.365832805633545,7.3983330726623535,147348000
2018-03-12,7.389019012451172,7.769999980926514,7.84041690826416,7.680832862854004,7.7291669845581055,132679200
2018-03-13,7.120768070220947,7.487916946411133,7.84041690826416,7.41083288192749,7.7291669845581055,182292000
2018-03-14,7.096598148345947,7.462500095367432,7.605416774749756,7.366666793823242,7.582499980926514,133622400
2018-03-15,7.064898490905762,7.429166793823242,7.5754170417785645,7.360000133514404,7.485000133514404,110896800
2018-03-16,7.018141746520996,7.380000114440918,7.5283331871032715,7.366666793823242,7.4716668128967285,78268800
2018-03-19,6.57752799987793,6.9166669845581055,7.187082767486572,6.711249828338623,7.187082767486572,194232000
2018-03-20,6.62586784362793,6.96750020980835,7.016666889190674,6.84041690826416,6.918333053588867,92193600
2018-03-21,6.529978275299072,6.866666793823242,7.108333110809326,6.780832767486572,6.9166669845581055,132496800
2018-03-22,6.052909851074219,6.364999771118164,6.733333110809326,6.341667175292969,6.599999904632568,205879200
2018-03-23,5.563953399658203,5.850832939147949,6.3958330154418945,5.850832939147949,6.341667175292969,217598400
2018-03-26,6.190009117126465,6.509167194366455,6.534999847412109,5.932499885559082,6.2083330154418945,183504000
2018-03-27,5.596445560455322,5.885000228881836,6.662083148956299,5.71541690826416,6.662083148956299,273614400
2018-03-28,5.403477668762207,5.6820831298828125,5.950832843780518,5.5416669845581055,5.782083034515381,242289600
2018-03-29,5.70263671875,5.99666690826416,6.154167175292969,5.605416774749756,5.7683329582214355,197073600
2018-04-02,5.19624662399292,5.46416711807251,5.9375,5.282083034515381,5.855000019073486,244953600
2018-04-03,5.370590686798096,5.647500038146973,5.716667175292969,5.349583148956299,5.6145830154418945,221805600
2018-04-04,5.62457799911499,5.914583206176758,5.9658331871032715,5.300000190734863,5.3179168701171875,216729600
2018-04-05,5.712939262390137,6.007500171661377,6.1145830154418945,5.881667137145996,6.0908331871032715,183355200
2018-04-06,5.286588191986084,5.55916690826416,5.992499828338623,5.475832939147949,5.8204169273376465,232291200
2018-04-09,5.392385005950928,5.670416831970215,6.010832786560059,5.647916793823242,5.7058329582214355,175891200
2018-04-10,5.748599529266357,6.045000076293945,6.106249809265137,5.818333148956299,5.935417175292969,194875200
2018-04-11,5.651918888092041,5.943333148956299,6.140417098999023,5.925416946411133,5.941667079925537,143440800
2018-04-12,5.850038051605225,6.15166711807251,6.21875,6.041250228881836,6.0625,142766400
2018-04-13,5.7632622718811035,6.060417175292969,6.27666711807251,5.985833168029785,6.250417232513428,142485600
2018-04-16,5.890453815460205,6.194167137145996,6.266250133514404,6.074166774749756,6.18416690826416,118298400
2018-04-17,6.267275333404541,6.59041690826416,6.638332843780518,6.347917079925537,6.380000114440918,124147200
2018-04-18,6.310859680175781,6.636250019073486,6.706250190734863,6.504167079925537,6.599999904632568,118089600
2018-04-19,6.139289379119873,6.4558329582214355,6.582499980926514,6.3854169845581055,6.540417194366455,129019200
2018-04-20,5.844886302947998,6.146249771118164,6.4166669845581055,6.079166889190674,6.40625,140812800
2018-04-23,5.798922538757324,6.097917079925537,6.304999828338623,6.0,6.2316670417785645,123333600
2018-04-24,5.429234027862549,5.709167003631592,6.212082862854004,5.590000152587891,6.178332805633545,213019200
2018-04-25,5.4506306648254395,5.7316670417785645,5.800000190734863,5.494999885559082,5.736667156219482,210816000
2018-04-26,5.788620471954346,6.087082862854004,6.1458330154418945,5.892499923706055,5.949583053588867,141993600
2018-04-27,5.802092552185059,6.101250171661377,6.360416889190674,5.99666690826416,6.353332996368408,164858400
2018-04-30,5.678466320037842,5.971250057220459,6.254167079925537,5.922082901000977,6.142083168029785,161124000
2018-05-01,5.8631134033203125,6.165417194366455,6.173333168029785,5.8804168701171875,5.9191670417785645,116978400
2018-05-02,5.760884761810303,6.05791711807251,6.2604169845581055,6.0416669845581055,6.206250190734863,143652000
2018-05-03,5.761279582977295,6.058332920074463,6.124582767486572,5.768750190734863,5.977083206176758,196072800
2018-05-04,6.085402011871338,6.399167060852051,6.443749904632568,5.9658331871032715,5.9816670417785645,185932800
2018-05-07,6.23002815246582,6.551249980926514,6.6220831871032715,6.4741668701171875,6.494166851043701,139063200
2018-05-08,6.209424018859863,6.529582977294922,6.5808329582214355,6.396249771118164,6.516250133514404,126715200
2018-05-09,6.417448043823242,6.748332977294922,6.764583110809326,6.504167079925537,6.574999809265137,114996000
2018-05-10,6.617150783538818,6.9583330154418945,6.972499847412109,6.797500133514404,6.8125,119006400
2018-05-11,6.597339153289795,6.9375,6.984167098999023,6.845832824707031,6.922916889190674,119697600
2018-05-14,6.626659393310547,6.968332767486572,7.103750228881836,6.9375,6.981249809265137,109183200
2018-05-15,6.41229772567749,6.742917060852051,6.814167022705078,6.630833148956299,6.802499771118164,174520800
2018-05-16,6.530375957489014,6.8670830726623535,6.9166669845581055,6.756667137145996,6.758333206176758,89712000
2018-05-17,6.456675052642822,6.789583206176758,6.9454169273376465,6.68874979019165,6.797082901000977,103219200
2018-05-18,6.353257656097412,6.680832862854004,6.779167175292969,6.6533331871032715,6.712082862854004,85466400
2018-05-21,6.464203357696533,6.797500133514404,6.926249980926514,6.7083330154418945,6.834167003631592,116892000
2018-05-22,6.430522918701172,6.762083053588867,6.920833110809326,6.732500076293945,6.884582996368408,96943200
2018-05-23,6.592187881469727,6.9320831298828125,6.93625020980835,6.605833053588867,6.612500190734863,123045600
2018-05-24,6.586640357971191,6.926249980926514,6.963749885559082,6.71750020980835,6.929999828338623,71110400
2018-05-25,6.603282928466797,6.943749904632568,7.019999980926514,6.883749961853027,6.928750038146973,63081600
2018-05-29,6.518884181976318,6.855000019073486,6.972499847412109,6.728750228881836,6.848750114440918,94451200
2018-05-30,6.657962799072266,7.00124979019165,7.034999847412109,6.881249904632568,6.925000190734863,70806400
2018-05-31,6.6436991691589355,6.986249923706055,7.122499942779541,6.929999828338623,6.991250038146973,81056800
2018-06-01,6.952763557434082,7.31125020980835,7.322500228881836,7.081250190734863,7.081250190734863,77171200
2018-06-04,7.131070137023926,7.49875020980835,7.512499809265137,7.352499961853027,7.362500190734863,64049600
2018-06-05,7.204769611358643,7.576250076293945,7.613749980926514,7.476250171661377,7.558750152587891,55900000
2018-06-06,7.323641300201416,7.701250076293945,7.707499980926514,7.485000133514404,7.599999904632568,57628000
2018-06-07,7.153656005859375,7.522500038146973,7.715000152587891,7.403749942779541,7.711249828338623,78452000
2018-06-08,7.148900985717773,7.517499923706055,7.550000190734863,7.353750228881836,7.403749942779541,49320800
2018-06-11,7.204769611358643,7.576250076293945,7.632500171661377,7.494999885559082,7.49875020980835,40836000
2018-06-12,7.3188862800598145,7.696249961853027,7.716249942779541,7.583749771118164,7.607500076293945,47848000
2018-06-13,7.310564994812012,7.6875,7.866250038146973,7.642499923706055,7.724999904632568,72247200
2018-06-14,7.532853603363037,7.921249866485596,7.957499980926514,7.776249885559082,7.797500133514404,90452800
2018-06-15,7.45796537399292,7.84250020980835,7.886250019073486,7.724999904632568,7.829999923706055,77689600
2018-06-18,7.441323280334473,7.824999809265137,7.84375,7.614999771118164,7.6875,68726400
2018-06-19,7.374755859375,7.755000114440918,7.757500171661377,7.452499866485596,7.523749828338623,107633600
2018-06-20,7.529288291931152,7.917500019073486,8.016249656677246,7.841249942779541,7.857500076293945,79644800
2018-06-21,7.334339618682861,7.712500095367432,7.99875020980835,7.666250228881836,7.972499847412109,102280800
2018-06-22,7.260639190673828,7.635000228881836,7.797500133514404,7.576250076293945,7.789999961853027,62227200
2018-06-25,6.7970428466796875,7.147500038146973,7.483749866485596,6.93625020980835,7.452499866485596,171306400
2018-06-26,6.8719305992126465,7.226250171661377,7.347499847412109,7.137499809265137,7.216249942779541,94165600
2018-06-27,6.5961503982543945,6.93625020980835,7.414999961853027,6.914999961853027,7.317500114440918,131838400
2018-06-28,6.757813453674316,7.106249809265137,7.176249980926514,6.858749866485596,6.902500152587891,111300000
2018-06-29,6.788720607757568,7.138750076293945,7.320000171661377,7.132500171661377,7.208749771118164,78536000
2018-07-02,6.940876483917236,7.298749923706055,7.307499885559082,6.909999847412109,6.957499980926514,83296800
2018-07-03,6.701944828033447,7.047500133514404,7.385000228881836,7.028749942779541,7.377500057220459,56425600
2018-07-05,6.9480085372924805,7.306250095367432,7.323750019073486,7.073750019073486,7.18625020980835,65622400
2018-07-06,7.260639190673828,7.635000228881836,7.661250114440918,7.315000057220459,7.351250171661377,75012000
2018-07-09,7.462718963623047,7.847499847412109,7.856249809265137,7.673749923706055,7.760000228881836,72377600
2018-07-10,7.480551242828369,7.866250038146973,7.918749809265137,7.784999847412109,7.881249904632568,66784000
2018-07-11,7.371189117431641,7.75124979019165,7.832499980926514,7.661250114440918,7.6875,79829600
2018-07-12,7.734933376312256,8.133749961853027,8.140000343322754,7.829999923706055,7.846250057220459,81352000
2018-07-13,7.757519721984863,8.157500267028809,8.203749656677246,8.073749542236328,8.135000228881836,67876000
2018-07-16,7.705216407775879,8.102499961853027,8.207500457763672,8.0600004196167,8.163749694824219,55560000
2018-07-17,7.8478617668151855,8.2524995803833,8.300000190734863,7.847499847412109,7.849999904632568,75593600
2018-07-18,7.797934532165527,8.199999809265137,8.273750305175781,8.125,8.25,46537600
2018-07-19,7.682631015777588,8.078749656677246,8.194999694824219,8.047499656677246,8.119999885559082,76874400
2018-07-20,7.671932220458984,8.067500114440918,8.228750228881836,8.041250228881836,8.145000457763672,57396000
2018-07-23,7.738500118255615,8.137499809265137,8.1537504196167,7.900000095367432,7.996250152587891,63027200
2018-07-24,7.83716344833374,8.241250038146973,8.481249809265137,8.143750190734863,8.393750190734863,95066400
2018-07-25,8.16405963897705,8.585000038146973,8.601249694824219,8.24625015258789,8.2524995803833,77241600
2018-07-26,7.807446002960205,8.210000038146973,8.317500114440918,8.163749694824219,8.239999771118164,111888000
2018-07-27,7.481740474700928,7.867499828338623,8.362500190734863,7.722499847412109,8.354999542236328,118098400
2018-07-30,7.1595988273620605,7.528749942779541,7.87624979019165,7.414999961853027,7.868750095367432,100805600
2018-07-31,7.302244663238525,7.678750038146973,7.786250114440918,7.488749980926514,7.608749866485596,95712000
2018-08-01,7.402095794677734,7.783750057220459,7.853750228881836,7.65500020980835,7.75,69301600
2018-08-02,7.696897029876709,8.09375,8.125,7.605000019073486,7.612500190734863,92242400
2018-08-03,7.76584005355835,8.166250228881836,8.173749923706055,8.037500381469727,8.136249542236328,72133600
2018-08-06,7.9084858894348145,8.31624984741211,8.321249961853027,8.123749732971191,8.15625,68068000
2018-08-07,7.985751628875732,8.397500038146973,8.449999809265137,8.331250190734863,8.381250381469727,71970400
2018-08-08,8.007149696350098,8.420000076293945,8.481249809265137,8.300000190734863,8.369999885559082,63434400
2018-08-09,8.000017166137695,8.412500381469727,8.512499809265137,8.3774995803833,8.412500381469727,54530400
2018-08-10,7.813389778137207,8.2162504196167,8.318750381469727,8.1274995803833,8.244999885559082,85626400
2018-08-13,7.790803909301758,8.192500114440918,8.421250343322754,8.181249618530273,8.261249542236328,92674400
2018-08-14,7.934637546539307,8.34375,8.373749732971191,8.1537504196167,8.282500267028809,60727200
2018-08-15,7.645781517028809,8.039999961853027,8.225000381469727,7.885000228881836,8.154999732971191,115857600
2018-08-16,7.715916156768799,8.113750457763672,8.268750190734863,8.06624984741211,8.217499732971191,65142400
2018-08-17,7.714725971221924,8.112500190734863,8.177499771118164,7.901249885559082,8.048749923706055,70262400
2018-08-20,7.699272632598877,8.0962495803833,8.178750038146973,8.0,8.171250343322754,67461600
2018-08-21,7.778916835784912,8.180000305175781,8.327500343322754,8.151249885559082,8.167499542236328,67069600
2018-08-22,7.86925745010376,8.274999618530273,8.302499771118164,8.098750114440918,8.125,63313600
2018-08-23,7.830031871795654,8.233750343322754,8.407500267028809,8.196249961853027,8.233750343322754,71133600
2018-08-24,8.047563552856445,8.462499618530273,8.483750343322754,8.3125,8.321249961853027,63956800
2018-08-27,8.290061950683594,8.717499732971191,8.71875,8.552499771118164,8.598750114440918,72851200
2018-08-28,8.326912879943848,8.756250381469727,8.821249961853027,8.704999923706055,8.789999961853027,65224800
2018-08-29,8.618145942687988,9.0625,9.074999809265137,8.793749809265137,8.801250457763672,65735200
2018-08-30,8.569406509399414,9.011249542236328,9.170000076293945,8.918749809265137,9.007499694824219,87863200
2018-08-31,8.594371795654297,9.037500381469727,9.118749618530273,8.946249961853027,8.977499961853027,63180000
2018-09-04,8.492140769958496,8.930000305175781,9.00374984741211,8.7787504196167,8.958749771118164,80209600
2018-09-05,8.154548645019531,8.574999809265137,8.87874984741211,8.489999771118164,8.875,107729600
2018-09-06,7.932260990142822,8.3412504196167,8.616250038146973,8.172499656677246,8.59000015258789,115504800
2018-09-07,7.8538031578063965,8.258749961853027,8.461250305175781,8.15250015258789,8.170000076293945,77009600
2018-09-10,7.92275333404541,8.331250190734863,8.40250015258789,8.19124984741211,8.386249542236328,55448800
2018-09-11,8.098679542541504,8.516249656677246,8.5600004196167,8.162500381469727,8.2212495803833,70522400
2018-09-12,8.028546333312988,8.442500114440918,8.498749732971191,8.223750114440918,8.481249809265137,88261600
2018-09-13,8.266286849975586,8.692500114440918,8.7524995803833,8.583749771118164,8.587499618530273,74676000
2018-09-14,8.203287124633789,8.626250267028809,8.767499923706055,8.526249885559082,8.723750114440918,76688000
2018-09-17,7.857371807098389,8.262499809265137,8.603750228881836,8.232500076293945,8.577500343322754,72823200
2018-09-18,8.043997764587402,8.458749771118164,8.581250190734863,8.267499923706055,8.279999732971191,72758400
2018-09-19,8.026167869567871,8.4399995803833,8.522500038146973,8.273750305175781,8.462499618530273,58962400
2018-09-20,8.278175354003906,8.704999923706055,8.7475004196167,8.545000076293945,8.602499961853027,62683200
2018-09-21,8.146227836608887,8.56624984741211,8.822500228881836,8.538749694824219,8.782500267028809,60281600
2018-09-24,8.216361045837402,8.640000343322754,8.648750305175781,8.279999732971191,8.388750076293945,52875200
2018-09-25,8.24964427947998,8.675000190734863,8.69124984741211,8.538749694824219,8.623749732971191,43259200
2018-09-26,8.24132251739502,8.666250228881836,8.93375015258789,8.638750076293945,8.682499885559082,70920000
2018-09-27,8.46955680847168,8.90625,8.9975004196167,8.7787504196167,8.795000076293945,58525600
2018-09-28,8.456483840942383,8.892499923706055,8.96875,8.78499984741211,8.829999923706055,61857600
2018-10-01,8.505217552185059,8.943750381469727,9.146249771118164,8.885000228881836,9.0625,68232000
2018-10-02,8.456483840942383,8.892499923706055,9.095000267028809,8.829999923706055,8.920000076293945,64787200
2018-10-03,8.481444358825684,8.918749809265137,9.0625,8.87874984741211,9.001250267028809,66569600
2018-10-04,7.99763822555542,8.40999984741211,8.822500228881836,8.212499618530273,8.8125,150889600
2018-10-05,7.696897029876709,8.09375,8.478750228881836,7.852499961853027,8.399999618530273,132924000
2018-10-08,7.559004783630371,7.948750019073486,8.15625,7.65500020980835,7.980000019073486,119353600
2018-10-09,7.617252826690674,8.010000228881836,8.199999809265137,7.898749828338623,7.958749771118164,104289600
2018-10-10,6.6294331550598145,6.971250057220459,7.882500171661377,6.929999828338623,7.87375020980835,242856000
2018-10-11,6.360785484313965,6.68874979019165,7.15625,6.478750228881836,6.87624979019165,222432000
2018-10-12,6.898083209991455,7.253749847412109,7.315000057220459,6.849999904632568,7.222499847412109,168488000
2018-10-15,6.637755393981934,6.980000019073486,7.213749885559082,6.90625,7.182499885559082,159735200
2018-10-16,7.209524154663086,7.581250190734863,7.646249771118164,7.168749809265137,7.204999923706055,124466400
2018-10-17,7.233297824859619,7.606249809265137,7.722499847412109,7.368750095367432,7.710000038146973,130120800
2018-10-18,6.731663703918457,7.078750133514404,7.516250133514404,6.976250171661377,7.507500171661377,156348800
2018-10-19,6.704323768615723,7.050000190734863,7.423749923706055,6.973750114440918,7.223750114440918,134836800
2018-10-22,6.805362224578857,7.15625,7.322500228881836,6.996250152587891,7.176249980926514,114926400
2018-10-23,6.730475425720215,7.077499866485596,7.184999942779541,6.528749942779541,6.773749828338623,176781600
2018-10-24,5.815166473388672,6.114999771118164,7.087500095367432,6.085000038146973,7.051249980926514,204842400
2018-10-25,6.411900520324707,6.742499828338623,6.846250057220459,6.303750038146973,6.386250019073486,152073600
2018-10-26,5.913830280303955,6.21875,6.603750228881836,5.934999942779541,6.050000190734863,244761600
2018-10-29,5.597634315490723,5.886250019073486,6.574999809265137,5.480000019073486,6.497499942779541,217961600
2018-10-30,5.813979148864746,6.113749980926514,6.131249904632568,5.696249961853027,5.78000020980835,184865600
2018-10-31,6.206253528594971,6.526249885559082,6.707499980926514,6.40625,6.40625,180157600
2018-11-01,6.4772796630859375,6.81125020980835,6.827499866485596,6.429999828338623,6.583749771118164,126066400
2018-11-02,6.187234401702881,6.506249904632568,6.866250038146973,6.349999904632568,6.743750095367432,174357600
2018-11-05,6.126608848571777,6.442500114440918,6.517499923706055,6.21999979019165,6.510000228881836,102600800
2018-11-06,6.256179332733154,6.578750133514404,6.691249847412109,6.408750057220459,6.426249980926514,111461600
2018-11-07,6.831515312194824,7.183750152587891,7.195000171661377,6.771249771118164,6.81374979019165,138552000
2018-11-08,6.715023040771484,7.06125020980835,7.164999961853027,6.957499980926514,7.098750114440918,117524800
2018-11-09,6.373861789703369,6.702499866485596,6.909999847412109,6.536250114440918,6.864999771118164,136739200
2018-11-12,5.813979148864746,6.113749980926514,6.598750114440918,6.073750019073486,6.5625,154367200
2018-11-13,5.8116021156311035,6.111249923706055,6.4375,6.054999828338623,6.183750152587891,154454400
2018-11-14,5.664201736450195,5.956250190734863,6.352499961853027,5.860000133514404,6.284999847412109,156124000
2018-11-15,5.9673237800598145,6.275000095367432,6.326250076293945,5.776249885559082,5.923749923706055,169816800
2018-11-16,5.901944637298584,6.206250190734863,6.300000190734863,6.014999866485596,6.09499979019165,134324800
2018-11-19,5.336117744445801,5.611249923706055,6.143750190734863,5.550000190734863,6.114999771118164,186492000
2018-11-20,5.040130138397217,5.300000190734863,5.53000020980835,5.087500095367432,5.215000152587891,202991200
2018-11-21,5.1530561447143555,5.418749809265137,5.577499866485596,5.389999866485596,5.503749847412109,115115200
2018-11-23,5.038939952850342,5.298749923706055,5.465000152587891,5.28125,5.284999847412109,56880000
2018-11-26,5.384854793548584,5.662499904632568,5.672500133514404,5.452499866485596,5.522500038146973,119964800
2018-11-27,5.440724849700928,5.721250057220459,5.764999866485596,5.486249923706055,5.577499866485596,120163200
2018-11-28,5.956625461578369,6.263750076293945,6.269999980926514,5.75,5.849999904632568,195064800
2018-11-29,5.901944637298584,6.206250190734863,6.333749771118164,6.059999942779541,6.190000057220459,129044800
2018-11-30,6.02556848526001,6.336249828338623,6.355000019073486,6.141250133514404,6.230000019073486,116635200
2018-12-03,6.334633827209473,6.661250114440918,6.787499904632568,6.53125,6.760000228881836,149343200
2018-12-04,5.638050079345703,5.928750038146973,6.62375020980835,5.883749961853027,6.568749904632568,210096000
2018-12-06,5.720070838928223,6.014999866485596,6.027500152587891,5.478750228881836,5.551249980926514,196156000
2018-12-07,5.160188674926758,5.426249980926514,6.052499771118164,5.375,5.949999809265137,222987200
2018-12-10,5.321853160858154,5.596250057220459,5.670000076293945,5.227499961853027,5.394999980926514,176468800
2018-12-11,5.378911972045898,5.65625,5.875,5.511250019073486,5.866250038146973,172163200
2018-12-12,5.514424800872803,5.798749923706055,6.066249847412109,5.796249866485596,5.902500152587891,169451200
2018-12-13,5.515613079071045,5.800000190734863,5.986249923706055,5.690000057220459,5.912499904632568,164724800
2018-12-14,5.099564552307129,5.362500190734863,5.666250228881836,5.338749885559082,5.611249923706055,156177600
2018-12-17,4.77029275894165,5.016250133514404,5.43625020980835,4.886250019073486,5.308750152587891,200592800
2018-12-18,4.849935531616211,5.099999904632568,5.25124979019165,4.971250057220459,5.135000228881836,157893600
2018-12-19,4.499265670776367,4.731249809265137,5.323750019073486,4.610000133514404,5.088749885559082,307862400
2018-12-20,4.318582057952881,4.541250228881836,4.847499847412109,4.341249942779541,4.683750152587891,320818400
2018-12-21,3.9013454914093018,4.102499961853027,4.676249980926514,4.026249885559082,4.581250190734863,369034400
2018-12-24,3.6124887466430664,3.7987499237060547,4.161250114440918,3.7899999618530273,4.0,175600800
2018-12-26,4.268471717834473,4.482500076293945,4.492499828338623,3.8299999237060547,3.9124999046325684,378235200
2018-12-27,4.3291778564453125,4.546249866485596,4.550000190734863,4.014999866485596,4.324999809265137,341834400
2018-12-28,4.311323642730713,4.527500152587891,4.763750076293945,4.421249866485596,4.625,304842400
2018-12-31,4.408929824829102,4.630000114440918,4.710000038146973,4.506249904632568,4.670000076293945,216966400
2019-01-02,4.472015857696533,4.696249961853027,4.778749942779541,4.341249942779541,4.347499847412109,271665600
2019-01-03,4.038741111755371,4.241250038146973,4.551249980926514,4.203750133514404,4.497499942779541,330510400
2019-01-04,4.555336952209473,4.783750057220459,4.84499979019165,4.396249771118164,4.443749904632568,272964000
2019-01-07,4.700556755065918,4.93625020980835,5.018750190734863,4.766250133514404,4.808750152587891,213106400
2019-01-08,4.8362531661987305,5.078750133514404,5.138750076293945,4.862500190734863,5.086249828338623,211622400
2019-01-09,4.950523376464844,5.198750019073486,5.271249771118164,5.074999809265137,5.139999866485596,178098400
2019-01-10,4.998135089874268,5.24875020980835,5.253749847412109,4.994999885559082,5.079999923706055,175131200
2019-01-11,4.938619613647461,5.18625020980835,5.203750133514404,5.101250171661377,5.15500020980835,120804800
2019-01-14,4.810065269470215,5.051249980926514,5.117499828338623,4.982500076293945,5.053750038146973,111383200
2019-01-15,5.076698303222656,5.331250190734863,5.364999771118164,5.107500076293945,5.117499828338623,145125600
2019-01-16,5.08383846282959,5.338749885559082,5.482500076293945,5.335000038146973,5.371250152587891,135892800
2019-01-17,5.202868938446045,5.463749885559082,5.533750057220459,5.257500171661377,5.287499904632568,142040000
2019-01-18,5.345706939697266,5.613749980926514,5.701250076293945,5.481249809265137,5.590000152587891,166908800
2019-01-22,5.050508499145508,5.303750038146973,5.510000228881836,5.164999961853027,5.50124979019165,181734400
2019-01-23,5.055270195007324,5.308750152587891,5.4375,5.127500057220459,5.368750095367432,166093600
2019-01-24,5.144545078277588,5.402500152587891,5.427499771118164,5.292500019073486,5.352499961853027,128115200
2019-01-25,5.327853202819824,5.59499979019165,5.646249771118164,5.477499961853027,5.53249979019165,139513600
2019-01-28,5.131450176239014,5.388750076293945,5.388750076293945,5.25124979019165,5.37624979019165,140359200
2019-01-29,4.986232280731201,5.236249923706055,5.401249885559082,5.178750038146973,5.398749828338623,122530400
2019-01-30,5.35999059677124,5.628749847412109,5.690000057220459,5.361249923706055,5.412499904632568,175824000
2019-01-31,5.59567403793335,5.87624979019165,5.965000152587891,5.710000038146973,5.727499961853027,160575200
2019-02-01,5.524253845214844,5.801249980926514,5.927499771118164,5.757500171661377,5.792500019073486,141561600
2019-02-04,5.726608753204346,6.013750076293945,6.019999980926514,5.792500019073486,5.808750152587891,110976800
2019-02-05,5.877779006958008,6.172500133514404,6.199999809265137,6.037499904632568,6.046249866485596,128916800
2019-02-06,5.831356525421143,6.12375020980835,6.216249942779541,6.039999961853027,6.184999942779541,145420000
2019-02-07,5.593293190002441,5.87375020980835,6.003749847412109,5.736249923706055,5.958749771118164,209793600
2019-02-08,5.621862411499023,5.903749942779541,5.90625,5.699999809265137,5.713749885559082,144722400
2019-02-11,5.608767509460449,5.889999866485596,6.013750076293945,5.84499979019165,5.971250057220459,121196800
2019-02-12,5.851590633392334,6.144999980926514,6.173749923706055,5.986249923706055,6.016250133514404,128226400
2019-02-13,5.863495826721191,6.15749979019165,6.284999847412109,6.139999866485596,6.232500076293945,127609600
2019-02-14,5.884920597076416,6.179999828338623,6.243750095367432,6.027500152587891,6.087500095367432,153369600
2019-02-15,5.955149173736572,6.253749847412109,6.315000057220459,6.170000076293945,6.31374979019165,142496000
2019-02-19,5.990859031677246,6.291250228881836,6.348750114440918,6.195000171661377,6.195000171661377,103572800
2019-02-20,5.986097812652588,6.286250114440918,6.378749847412109,6.18625020980835,6.306250095367432,171065600
2019-02-21,5.91825008392334,6.215000152587891,6.286250114440918,6.116250038146973,6.233749866485596,128493600
2019-02-22,6.046802520751953,6.349999904632568,6.364999771118164,6.246250152587891,6.257500171661377,119637600
2019-02-25,6.113461017608643,6.420000076293945,6.547500133514404,6.40749979019165,6.50124979019165,124102400
2019-02-26,6.132506370544434,6.440000057220459,6.5,6.340000152587891,6.369999885559082,105356800
2019-02-27,6.113461017608643,6.420000076293945,6.447500228881836,6.223750114440918,6.353750228881836,115844000
2019-02-28,6.075372219085693,6.380000114440918,6.447500228881836,6.324999809265137,6.363749980926514,92063200
2019-03-01,6.196784019470215,6.507500171661377,6.536250114440918,6.377500057220459,6.514999866485596,140156800
2019-03-04,6.19797420501709,6.508749961853027,6.666250228881836,6.293749809265137,6.621250152587891,213088000
2019-03-05,6.213447570800781,6.525000095367432,6.585000038146973,6.427499771118164,6.522500038146973,100348800
2019-03-06,6.106318950653076,6.412499904632568,6.547500133514404,6.382500171661377,6.541250228881836,123468800
2019-03-07,5.883729934692383,6.178750038146973,6.367499828338623,6.103750228881836,6.360000133514404,169306400
2019-03-08,5.850401878356934,6.143750190734863,6.152500152587891,5.945000171661377,5.96750020980835,174936800
2019-03-11,6.215828895568848,6.527500152587891,6.538750171661377,6.216249942779541,6.216249942779541,128468000
2019-03-12,6.317005157470703,6.633749961853027,6.683750152587891,6.53125,6.578750133514404,151606400
2019-03-13,6.453892230987549,6.777500152587891,6.886250019073486,6.707499980926514,6.733749866485596,145129600
2019-03-14,6.425323963165283,6.747499942779541,6.815000057220459,6.737500190734863,6.789999961853027,95443200
2019-03-15,6.5848259925842285,6.914999961853027,6.992499828338623,6.807499885559082,6.826250076293945,138845600
2019-03-18,6.644340991973877,6.977499961853027,7.042500019073486,6.880000114440918,6.921249866485596,148994400
2019-03-19,6.710999011993408,7.047500133514404,7.159999847412109,6.961249828338623,7.067500114440918,164380800
2019-03-20,6.788397312164307,7.12624979019165,7.256249904632568,6.948750019073486,7.043749809265137,183522400
2019-03-21,7.102752208709717,7.456250190734863,7.487500190734863,7.056250095367432,7.059999942779541,151957600
2019-03-22,6.638363838195801,6.96875,7.418749809265137,6.942500114440918,7.358749866485596,267601600
2019-03-25,6.596688747406006,6.925000190734863,6.996250152587891,6.772500038146973,6.882500171661377,210369600
2019-03-26,6.687185287475586,7.019999980926514,7.210000038146973,6.913750171661377,7.086249828338623,175872000
2019-03-27,6.556203365325928,6.882500171661377,7.097499847412109,6.731249809265137,7.048749923706055,176810400
2019-03-28,6.597879886627197,6.926249980926514,7.003749847412109,6.803750038146973,6.933750152587891,128437600
2019-03-29,6.7467217445373535,7.082499980926514,7.102499961853027,6.960000038146973,7.078750133514404,126980000
2019-04-01,7.012257099151611,7.361249923706055,7.387499809265137,7.212500095367432,7.287499904632568,122364800
2019-04-02,7.089654445648193,7.442500114440918,7.465000152587891,7.328750133514404,7.386250019073486,106728800
2019-04-03,7.212300777435303,7.571249961853027,7.711249828338623,7.50124979019165,7.567500114440918,151384000
2019-04-04,7.201584339141846,7.559999942779541,7.659999847412109,7.428750038146973,7.572500228881836,143620800
2019-04-05,7.309939861297607,7.673749923706055,7.6875,7.597499847412109,7.632500171661377,104654400
2019-04-08,7.367096900939941,7.733749866485596,7.74875020980835,7.545000076293945,7.635000228881836,103460000
2019-04-09,7.286126136779785,7.648749828338623,7.728750228881836,7.599999904632568,7.65500020980835,104121600
2019-04-10,7.404008388519287,7.772500038146973,7.777500152587891,7.653749942779541,7.682499885559082,99244000
2019-04-11,7.348043918609619,7.713749885559082,7.803750038146973,7.670000076293945,7.801249980926514,111770400
2019-04-12,7.438539505004883,7.808750152587891,7.824999809265137,7.716249942779541,7.8125,95228000
2019-04-15,7.444493770599365,7.815000057220459,7.840000152587891,7.65749979019165,7.808750152587891,83369600
2019-04-16,7.517129421234131,7.891250133514404,7.943749904632568,7.823750019073486,7.893750190734863,94287200
2019-04-17,7.592145919799805,7.96999979019165,8.069999694824219,7.901249885559082,8.045000076293945,114422400
2019-04-18,7.615960121154785,7.994999885559082,8.013750076293945,7.858749866485596,8.010000228881836,91903200
2019-04-22,7.68026065826416,8.0625,8.073749542236328,7.875,7.893750190734863,75756800
2019-04-23,7.971992015838623,8.368749618530273,8.399999618530273,8.0912504196167,8.126250267028809,104954400
2019-04-24,7.894593238830566,8.287500381469727,8.422499656677246,8.2837495803833,8.387499809265137,95075200
2019-04-25,7.982707500457764,8.380000114440918,8.481249809265137,8.25374984741211,8.4712495803833,119690400
2019-04-26,8.011282920837402,8.40999984741211,8.412500381469727,8.137499809265137,8.351249694824219,110516800
2019-04-29,8.054153442382812,8.454999923706055,8.49625015258789,8.367500305175781,8.407500267028809,83797600
2019-04-30,7.869586944580078,8.261249542236328,8.301250457763672,8.083749771118164,8.25,127595200
2019-05-01,7.7790913581848145,8.166250228881836,8.488750457763672,8.157500267028809,8.414999961853027,125916000
2019-05-02,7.68383264541626,8.06624984741211,8.291250228881836,7.90625,8.168749809265137,141288800
2019-05-03,8.045816421508789,8.446249961853027,8.46875,8.223750114440918,8.267499923706055,108889600
2019-05-06,7.901737213134766,8.295000076293945,8.327500343322754,7.869999885559082,7.913750171661377,161715200
2019-05-07,7.442112922668457,7.8125,8.1274995803833,7.579999923706055,8.026249885559082,237529600
2019-05-08,7.376623153686523,7.743750095367432,7.923749923706055,7.648749828338623,7.733749866485596,161237600
2019-05-09,7.259929656982422,7.621250152587891,7.698750019073486,7.283750057220459,7.494999885559082,220417600
2019-05-10,7.280172348022461,7.642499923706055,7.753749847412109,7.15500020980835,7.53000020980835,227858400
2019-05-13,6.527626037597656,6.852499961853027,7.178750038146973,6.783750057220459,7.059999942779541,234920800
2019-05-14,6.732433319091797,7.067500114440918,7.197500228881836,6.878749847412109,6.952499866485596,140192000
2019-05-15,7.012257099151611,7.361249923706055,7.423749923706055,6.923749923706055,6.932499885559082,176160000
2019-05-16,7.231351375579834,7.591249942779541,7.727499961853027,7.351250171661377,7.375,174026400
2019-05-17,7.006301403045654,7.355000019073486,7.667500019073486,7.333749771118164,7.361249923706055,182510400
2019-05-20,6.65503454208374,6.986249923706055,7.128749847412109,6.90625,7.047500133514404,184368800
2019-05-21,6.85507869720459,7.196249961853027,7.255000114440918,7.091249942779541,7.158750057220459,114487200
2019-05-22,6.765773773193359,7.102499961853027,7.222499847412109,7.070000171661377,7.072500228881836,128912800
2019-05-23,6.446654796600342,6.767499923706055,6.860000133514404,6.638750076293945,6.857500076293945,207680800
2019-05-24,6.437129020690918,6.757500171661377,6.949999809265137,6.735000133514404,6.883749961853027,137225600
2019-05-28,6.368066787719727,6.684999942779541,6.926249980926514,6.678750038146973,6.817500114440918,116903200
2019-05-29,6.208508491516113,6.517499923706055,6.625,6.40749979019165,6.56125020980835,177921600
2019-05-30,6.282334327697754,6.59499979019165,6.647500038146973,6.480000019073486,6.566249847412109,136428000
2019-05-31,5.979887008666992,6.277500152587891,6.426249980926514,6.267499923706055,6.358749866485596,140600800
2019-06-03,5.597659587860107,5.87624979019165,6.275000095367432,5.766250133514404,6.227499961853027,241812800
2019-06-04,6.051330089569092,6.352499961853027,6.360000133514404,5.988749980926514,6.050000190734863,163869600
2019-06-05,6.184693336486816,6.492499828338623,6.539999961853027,6.296249866485596,6.536250114440918,152316800
2019-06-06,6.327581882476807,6.642499923706055,6.693749904632568,6.43874979019165,6.525000095367432,100302400
2019-06-07,6.6883745193481445,7.021249771118164,7.114999771118164,6.727499961853027,6.75,151548000
2019-06-10,6.932476997375488,7.277500152587891,7.477499961853027,7.170000076293945,7.170000076293945,183272000
2019-06-11,6.958672046661377,7.304999828338623,7.546249866485596,7.231249809265137,7.507500171661377,137447200
2019-06-12,6.840789318084717,7.181250095367432,7.287499904632568,7.137499809265137,7.241250038146973,110176000
2019-06-13,6.952719211578369,7.298749923706055,7.353750228881836,7.222499847412109,7.266250133514404,98559200
2019-06-14,6.8622236251831055,7.203750133514404,7.262499809265137,7.12375020980835,7.183750152587891,77144800
2019-06-17,6.9872517585754395,7.335000038146973,7.396249771118164,7.230000019073486,7.24875020980835,75050400
2019-06-18,7.289698600769043,7.652500152587891,7.81125020980835,7.538750171661377,7.59375,141829600
2019-06-19,7.375431537628174,7.742499828338623,7.795000076293945,7.550000190734863,7.691249847412109,136979200
2019-06-20,7.577856540679932,7.954999923706055,8.06624984741211,7.778749942779541,8.061249732971191,119355200
2019-06-21,7.543324947357178,7.918749809265137,8.067500114440918,7.868750095367432,7.913750171661377,104646400
2019-06-24,7.5409440994262695,7.916250228881836,7.986249923706055,7.901249885559082,7.961249828338623,68938400
2019-06-25,7.155145168304443,7.511250019073486,7.909999847412109,7.472499847412109,7.897500038146973,139623200
2019-06-26,7.245640277862549,7.606249809265137,7.797500133514404,7.574999809265137,7.652500152587891,94115200
2019-06-27,7.324228763580322,7.68874979019165,7.74875020980835,7.631249904632568,7.68874979019165,75270400
2019-06-28,7.355188846588135,7.721250057220459,7.773749828338623,7.638750076293945,7.747499942779541,98932800
2019-07-01,7.648111343383789,8.0287504196167,8.193750381469727,7.923749923706055,8.162500381469727,144820800
2019-07-02,7.740988254547119,8.126250267028809,8.126250267028809,7.954999923706055,8.020000457763672,81248800
2019-07-03,7.912452697753906,8.306249618530273,8.306249618530273,8.157500267028809,8.177499771118164,67127200
2019-07-05,7.861253261566162,8.2524995803833,8.298749923706055,8.038749694824219,8.136249542236328,116844800
2019-07-08,7.69573974609375,8.078749656677246,8.100000381469727,7.977499961853027,8.098750114440918,105787200
2019-07-09,7.811240196228027,8.199999809265137,8.227499961853027,7.941249847412109,7.958749771118164,88595200
2019-07-10,8.042244911193848,8.442500114440918,8.511249542236328,8.300000190734863,8.350000381469727,154109600
2019-07-11,8.020812034606934,8.420000076293945,8.537500381469727,8.338749885559082,8.483750343322754,127849600
2019-07-12,8.155364036560059,8.561249732971191,8.563750267028809,8.422499656677246,8.443750381469727,89192800
2019-07-15,8.224425315856934,8.633749961853027,8.648750305175781,8.551250457763672,8.619999885559082,73394400
2019-07-16,8.107734680175781,8.511249542236328,8.635000228881836,8.430000305175781,8.606249809265137,111992000
2019-07-17,7.9874701499938965,8.385000228881836,8.553750038146973,8.380000114440918,8.515000343322754,92508000
2019-07-18,8.022000312805176,8.421250343322754,8.457500457763672,8.178750038146973,8.261249542236328,135568000
2019-07-19,7.827911853790283,8.217499732971191,8.587499618530273,8.196249961853027,8.587499618530273,140779200
2019-07-22,8.01247501373291,8.411250114440918,8.4662504196167,8.27750015258789,8.279999732971191,95506400
2019-07-23,8.16727066040039,8.573749542236328,8.577500343322754,8.380000114440918,8.551250457763672,116049600
2019-07-24,8.341119766235352,8.756250381469727,8.756250381469727,8.475000381469727,8.479999542236328,109244800
2019-07-25,8.102972984313965,8.506250381469727,8.668749809265137,8.454999923706055,8.667499542236328,150075200
2019-07-26,8.343500137329102,8.758749961853027,8.798749923706055,8.65250015258789,8.662500381469727,111478400
2019-07-29,8.266101837158203,8.677499771118164,8.744999885559082,8.508749961853027,8.744999885559082,113275200
2019-07-30,8.155364036560059,8.561249732971191,8.65999984741211,8.457500457763672,8.477499961853027,111504000
2019-07-31,7.811240196228027,8.199999809265137,8.643750190734863,7.962500095367432,8.62874984741211,196340800
2019-08-01,7.701693534851074,8.085000038146973,8.699999809265137,7.954999923706055,8.244999885559082,298384800
2019-08-02,7.3492350578308105,7.715000152587891,7.928750038146973,7.574999809265137,7.900000095367432,246920000
2019-08-05,6.577637195587158,6.90500020980835,7.242499828338623,6.710000038146973,7.242499828338623,302484800
2019-08-06,6.847933292388916,7.18874979019165,7.247499942779541,6.9375,7.090000152587891,213540800
2019-08-07,6.947956562042236,7.293749809265137,7.328750133514404,6.787499904632568,6.951250076293945,307908800
2019-08-08,7.407581806182861,7.776249885559082,7.778749942779541,7.336249828338623,7.40500020980835,219056000
2019-08-09,7.188485145568848,7.546249866485596,7.739999771118164,7.371250152587891,7.65749979019165,221366400
2019-08-12,6.947956562042236,7.293749809265137,7.478750228881836,7.190000057220459,7.409999847412109,213311200
2019-08-13,7.404008388519287,7.772500038146973,7.923749923706055,7.25,7.28000020980835,239259200
2019-08-14,6.7407684326171875,7.076250076293945,7.46750020980835,7.03249979019165,7.393750190734863,304930400
2019-08-15,6.712191581726074,7.046249866485596,7.164999961853027,6.883749961853027,7.112500190734863,208939200
2019-08-16,7.021782398223877,7.371250152587891,7.43625020980835,7.222499847412109,7.222499847412109,164405600
2019-08-19,7.350425720214844,7.716249942779541,7.78000020980835,7.621250152587891,7.683750152587891,120044000
2019-08-20,7.199201583862305,7.557499885559082,7.756249904632568,7.551249980926514,7.676249980926514,125264000
2019-08-21,7.382575511932373,7.75,7.823750019073486,7.671249866485596,7.753749847412109,101481600
2019-08-22,7.311131477355957,7.675000190734863,7.848750114440918,7.491250038146973,7.795000076293945,152629600
2019-08-23,6.6419358253479,6.972499847412109,7.724999904632568,6.885000228881836,7.516250133514404,302350400
2019-08-26,6.911043643951416,7.255000114440918,7.257500171661377,7.057499885559082,7.18625020980835,146585600
2019-08-27,6.8693671226501465,7.211249828338623,7.445000171661377,7.125,7.40625,154579200
2019-08-28,6.938429832458496,7.283750057220459,7.321249961853027,7.03125,7.138750076293945,127824800
2019-08-29,7.2539753913879395,7.614999771118164,7.678750038146973,7.46750020980835,7.552499771118164,141523200
2019-08-30,7.202775001525879,7.56125020980835,7.741250038146973,7.432499885559082,7.739999771118164,136103200
2019-09-03,6.993204593658447,7.341249942779541,7.522500038146973,7.263750076293945,7.411250114440918,128785600
2019-09-04,7.287317752838135,7.650000095367432,7.671249866485596,7.489999771118164,7.547500133514404,100464800
2019-09-05,7.689785957336426,8.072500228881836,8.138750076293945,7.889999866485596,7.902500152587891,126744000
2019-09-06,7.668353080749512,8.050000190734863,8.119999885559082,7.994999885559082,8.106249809265137,115038400
2019-09-09,7.619533061981201,7.99875020980835,8.133749961853027,7.871250152587891,8.12125015258789,112312800
2019-09-10,7.556423664093018,7.932499885559082,7.934999942779541,7.710000038146973,7.867499828338623,136765600
2019-09-11,7.760038375854492,8.146249771118164,8.161250114440918,7.916250228881836,7.96875,111400800
2019-09-12,7.8564910888671875,8.2475004196167,8.4350004196167,8.211250305175781,8.297499656677246,139931200
2019-09-13,7.773138046264648,8.15999984741211,8.267499923706055,8.125,8.212499618530273,107610400
2019-09-16,7.665970802307129,8.047499656677246,8.09749984741211,7.974999904632568,7.99875020980835,97124000
2019-09-17,7.767185211181641,8.1537504196167,8.161250114440918,7.997499942779541,8.045000076293945,90796000
2019-09-18,7.762421131134033,8.148750305175781,8.1587495803833,7.84375,8.107500076293945,142063200
2019-09-19,7.796953201293945,8.1850004196167,8.336250305175781,8.137499809265137,8.19124984741211,132770400
2019-09-20,7.551660537719727,7.927499771118164,8.243749618530273,7.84250020980835,8.220000267028809,123512800
2019-09-23,7.558804512023926,7.934999942779541,8.005000114440918,7.837500095367432,7.909999847412109,89409600
2019-09-24,7.259929656982422,7.621250152587891,8.092499732971191,7.517499923706055,8.043749809265137,203765600
2019-09-25,7.492123126983643,7.864999771118164,7.929999828338623,7.403749942779541,7.59499979019165,152304000
2019-09-26,7.417106628417969,7.786250114440918,7.857500076293945,7.607500076293945,7.841249942779541,136214400
2019-09-27,7.148000240325928,7.503749847412109,7.831250190734863,7.332499980926514,7.818749904632568,188492000
2019-09-30,7.3385186195373535,7.703750133514404,7.739999771118164,7.534999847412109,7.574999809265137,117103200
2019-10-01,7.161099433898926,7.517499923706055,7.918749809265137,7.477499961853027,7.789999961853027,158454400
2019-10-02,6.794351100921631,7.132500171661377,7.366250038146973,7.002500057220459,7.366250038146973,270824000
2019-10-03,7.018209934234619,7.367499828338623,7.371250152587891,6.863749980926514,7.127500057220459,240521600
2019-10-04,7.313512802124023,7.677499771118164,7.710000038146973,7.448750019073486,7.463749885559082,168977600
2019-10-07,7.245640277862549,7.606249809265137,7.791250228881836,7.567500114440918,7.607500076293945,162530400
2019-10-08,6.915806293487549,7.260000228881836,7.559999942779541,7.25,7.454999923706055,235405600
2019-10-09,7.125376224517822,7.480000019073486,7.576250076293945,7.382500171661377,7.449999809265137,152269600
2019-10-10,7.281363487243652,7.643750190734863,7.733749866485596,7.460000038146973,7.481249809265137,176239200
2019-10-11,7.554041862487793,7.929999828338623,8.125,7.892499923706055,7.902500152587891,222509600
2019-10-14,7.562376976013184,7.93874979019165,8.013750076293945,7.882500171661377,7.90625,91493600
2019-10-15,7.849344730377197,8.239999771118164,8.293749809265137,7.996250152587891,8.010000228881836,140721600
2019-10-16,7.790999889373779,8.178750038146973,8.238750457763672,8.098750114440918,8.15250015258789,117193600
2019-10-17,7.844581604003906,8.234999656677246,8.357500076293945,8.142499923706055,8.319999694824219,121839200
2019-10-18,7.619533061981201,7.99875020980835,8.25374984741211,7.87375020980835,8.202500343322754,154444000
2019-10-21,7.820767879486084,8.210000038146973,8.227499961853027,8.053750038146973,8.12874984741211,94176000
2019-10-22,7.63977575302124,8.020000457763672,8.3412504196167,8.010000228881836,8.295000076293945,125023200
2019-10-23,7.6754961013793945,8.057499885559082,8.063750267028809,7.925000190734863,7.963749885559082,96905600
2019-10-24,7.895784854888916,8.288749694824219,8.305000305175781,8.12125015258789,8.233750343322754,122484800
2019-10-25,8.07558536529541,8.477499961853027,8.498749732971191,8.15625,8.161250114440918,129177600
2019-10-28,8.32206916809082,8.736249923706055,8.771249771118164,8.607500076293945,8.607500076293945,111596000
2019-10-29,8.130358695983887,8.53499984741211,8.731249809265137,8.5287504196167,8.693750381469727,107028000
2019-10-30,8.244670867919922,8.654999732971191,8.697500228881836,8.43375015258789,8.579999923706055,118984800
2019-10-31,8.250622749328613,8.661250114440918,8.739999771118164,8.513750076293945,8.7212495803833,123296000
2019-11-01,8.474482536315918,8.896249771118164,8.898750305175781,8.736249923706055,8.776249885559082,115052800
2019-11-04,8.625706672668457,9.055000305175781,9.12125015258789,9.015000343322754,9.076250076293945,99926400
2019-11-05,8.636423110961914,9.06624984741211,9.1225004196167,8.986249923706055,9.0962495803833,103229600
2019-11-06,8.581648826599121,9.008749961853027,9.047499656677246,8.881250381469727,9.043749809265137,115329600
2019-11-07,8.668573379516602,9.100000381469727,9.274999618530273,9.021249771118164,9.151249885559082,125719200
2019-11-08,8.770977020263672,9.207500457763672,9.211250305175781,8.978750228881836,9.046250343322754,81607200
2019-11-11,8.734063148498535,9.168749809265137,9.182499885559082,9.03125,9.071249961853027,76092800
2019-11-12,8.805505752563477,9.243749618530273,9.34000015258789,9.149999618530273,9.1899995803833,128692000
2019-11-13,8.79240894317627,9.229999542236328,9.2787504196167,9.132499694824219,9.1537504196167,111758400
2019-11-14,8.790027618408203,9.227499961853027,9.24625015258789,9.063750267028809,9.148750305175781,106651200
2019-11-15,8.955540657043457,9.401249885559082,9.417499542236328,9.307499885559082,9.388750076293945,90586400
2019-11-18,9.001977920532227,9.449999809265137,9.4975004196167,9.272500038146973,9.388750076293945,96696000
2019-11-19,9.038894653320312,9.488750457763672,9.55875015258789,9.386249542236328,9.55875015258789,112120000
2019-11-20,8.880525588989258,9.322500228881836,9.50374984741211,9.102499961853027,9.418749809265137,150380000
2019-11-21,8.811461448669434,9.25,9.306249618530273,9.168749809265137,9.289999961853027,90659200
2019-11-22,8.835275650024414,9.274999618530273,9.338749885559082,9.12125015258789,9.319999694824219,83668000
2019-11-25,9.141294479370117,9.5962495803833,9.602499961853027,9.387499809265137,9.390000343322754,80078400
2019-11-26,9.196069717407227,9.6537504196167,9.688750267028809,9.574999809265137,9.613750457763672,83690400
2019-11-27,9.381823539733887,9.848750114440918,9.852499961853027,9.6899995803833,9.72249984741211,81556800
2019-11-29,9.256794929504395,9.717499732971191,9.821249961853027,9.699999809265137,9.776249885559082,53796000
2019-12-02,8.959115028381348,9.404999732971191,9.723750114440918,9.25374984741211,9.717499732971191,151815200
2019-12-03,8.757877349853516,9.193750381469727,9.203749656677246,8.888750076293945,9.037500381469727,156052000
2019-12-04,8.88766860961914,9.329999923706055,9.396249771118164,9.292499542236328,9.336250305175781,87659200
2019-12-05,8.934107780456543,9.37874984741211,9.428750038146973,9.24625015258789,9.427499771118164,89080800
2019-12-06,9.210359573364258,9.668749809265137,9.702500343322754,9.567500114440918,9.585000038146973,92941600
2019-12-09,9.097236633300781,9.550000190734863,9.766249656677246,9.539999961853027,9.636249542236328,77928800
2019-12-10,9.076995849609375,9.5287504196167,9.65999984741211,9.460000038146973,9.556249618530273,112048000
2019-12-11,9.2139310836792,9.672499656677246,9.703749656677246,9.545000076293945,9.585000038146973,90596000
2019-12-12,9.424691200256348,9.893750190734863,10.0,9.602499961853027,9.641249656677246,183164000
2019-12-13,9.509232521057129,9.982500076293945,10.09000015258789,9.807499885559082,9.869999885559082,160996000
2019-12-16,9.781911849975586,10.268750190734863,10.321249961853027,10.170000076293945,10.177499771118164,99388000
2019-12-17,9.79500961303711,10.282500267028809,10.348750114440918,10.25,10.321249961853027,84548800
2019-12-18,9.817633628845215,10.306249618530273,10.40999984741211,10.292499542236328,10.331250190734863,71408000
2019-12-19,10.017677307128906,10.516249656677246,10.522500038146973,10.332500457763672,10.332500457763672,83384800
2019-12-20,10.136754035949707,10.641249656677246,10.6899995803833,10.574999809265137,10.6537504196167,99548000
2019-12-23,10.211767196655273,10.720000267028809,10.772500038146973,10.696249961853027,10.7524995803833,72427200
2019-12-24,10.224991798400879,10.729999542236328,10.758749961853027,10.65625,10.743749618530273,39898400
2019-12-26,10.490621566772461,11.008749961853027,11.013750076293945,10.7787504196167,10.7787504196167,64258400
2019-12-27,10.459650039672852,10.976249694824219,11.132499694824219,10.893750190734863,11.126250267028809,99750400
2019-12-30,10.251195907592773,10.757499694824219,10.982500076293945,10.600000381469727,10.9662504196167,112905600
2019-12-31,10.309563636779785,10.818750381469727,10.845000267028809,10.607500076293945,10.662500381469727,84380000
2020-01-02,10.820576667785645,11.354999542236328,11.354999542236328,11.02750015258789,11.088749885559082,131072000
2020-01-03,10.526359558105469,11.046250343322754,11.25,10.904999732971191,10.911250114440918,145180000
2020-01-06,10.726473808288574,11.256250381469727,11.260000228881836,10.743749618530273,10.7837495803833,128095200
2020-01-07,10.713371276855469,11.242500305175781,11.34749984741211,11.145000457763672,11.267499923706055,107699200
2020-01-08,10.959941864013672,11.501250267028809,11.65999984741211,11.19124984741211,11.244999885559082,159164800
2020-01-09,11.236294746398926,11.791250228881836,11.857500076293945,11.59000015258789,11.7787504196167,145423200
2020-01-10,11.144573211669922,11.694999694824219,11.93375015258789,11.641249656677246,11.923749923706055,137604000
2020-01-13,11.534086227416992,12.103750228881836,12.109999656677246,11.788749694824219,11.8412504196167,116558400
2020-01-14,11.399484634399414,11.962499618530273,12.143750190734863,11.90250015258789,12.072500228881836,145737600
2020-01-15,11.406631469726562,11.970000267028809,12.141249656677246,11.852499961853027,11.97249984741211,133003200
2020-01-16,11.7246732711792,12.303750038146973,12.311249732971191,12.06624984741211,12.138750076293945,121100800
2020-01-17,11.899773597717285,12.487500190734863,12.517499923706055,12.282500267028809,12.463749885559082,144402400
2020-01-21,11.893817901611328,12.481249809265137,12.563750267028809,12.369999885559082,12.37874984741211,138882400
2020-01-22,11.974818229675293,12.56624984741211,12.786250114440918,12.522500038146973,12.6537504196167,136148800
2020-01-23,12.085596084594727,12.682499885559082,12.698749542236328,12.37125015258789,12.541250228881836,143588800
2020-01-24,11.772321701049805,12.353750228881836,12.901249885559082,12.188750267028809,12.862500190734863,239374400
2020-01-27,11.044517517089844,11.59000015258789,11.793749809265137,11.272500038146973,11.53125,198626400
2020-01-28,11.557909965515137,12.12874984741211,12.208749771118164,11.7475004196167,11.831250190734863,171862400
2020-01-29,11.599596977233887,12.172499656677246,12.369999885559082,12.022500038146973,12.328749656677246,137877600
2020-01-30,11.730630874633789,12.3100004196167,12.324999809265137,11.831250190734863,11.949999809265137,200249600
2020-01-31,11.154102325439453,11.704999923706055,12.46875,11.59375,12.460000038146973,220384000
2020-02-03,11.666305541992188,12.242500305175781,12.332500457763672,11.866250038146973,11.888750076293945,173688000
2020-02-04,12.4631986618042,13.078749656677246,13.15625,12.6274995803833,12.75,140248800
2020-02-05,12.607328414916992,13.229999542236328,13.572500228881836,12.986249923706055,13.569999694824219,174612000
2020-02-06,12.914649963378906,13.552499771118164,13.567500114440918,13.176250457763672,13.313750267028809,113132800
2020-02-07,12.747885704040527,13.3774995803833,13.601249694824219,13.265000343322754,13.3725004196167,154052000
2020-02-10,13.20767593383789,13.859999656677246,13.863750457763672,13.237500190734863,13.2475004196167,123248800
2020-02-11,13.217206954956055,13.869999885559082,14.233750343322754,13.760000228881836,14.087499618530273,193770400
2020-02-12,13.604336738586426,14.276249885559082,14.293749809265137,14.012499809265137,14.111249923706055,121608000
2020-02-13,13.551923751831055,14.2212495803833,14.387499809265137,13.922499656677246,13.973750114440918,155282400
2020-02-14,13.643647193908691,14.317500114440918,14.373749732971191,14.135000228881836,14.27750015258789,113969600
2020-02-18,13.667469024658203,14.342499732971191,14.428750038146973,14.073749542236328,14.114999771118164,130167200
2020-02-19,14.062936782836914,14.757499694824219,14.850000381469727,14.550000190734863,14.601249694824219,105627200
2020-02-20,13.662702560424805,14.337499618530273,14.7475004196167,13.798749923706055,14.662500381469727,227657600
2020-02-21,12.88129711151123,13.517499923706055,14.197500228881836,13.3412504196167,14.132499694824219,207107200
2020-02-24,11.397100448608398,11.960000038146973,12.447500228881836,11.703749656677246,12.03499984741211,269674400
2020-02-25,10.475136756896973,10.992500305175781,12.363750457763672,10.867500305175781,12.241250038146973,300793600
2020-02-26,10.619269371032715,11.143750190734863,11.7162504196167,10.893750190734863,11.15999984741211,335736000
2020-02-27,9.031440734863281,9.477499961853027,10.801250457763672,9.447500228881836,10.287500381469727,425116000
2020-02-28,9.17199993133545,9.625,9.678750038146973,8.4375,8.551250457763672,494222400
2020-03-02,10.423914909362793,10.938750267028809,10.967499732971191,9.49625015258789,9.9087495803833,363518400
2020-03-03,9.442394256591797,9.9087495803833,11.4375,9.609999656677246,11.046250343322754,548126400
2020-03-04,10.588297843933105,11.111249923706055,11.143750190734863,10.162500381469727,10.442500114440918,315827200
2020-03-05,9.659186363220215,10.136249542236328,10.845000267028809,9.886249542236328,10.279999732971191,386972000
2020-03-06,9.152939796447754,9.604999542236328,9.760000228881836,8.875,9.0912504196167,393519200
2020-03-09,7.293525218963623,7.653749942779541,8.643750190734863,7.625,7.691249847412109,406964800
2020-03-10,8.428709030151367,8.845000267028809,8.866250038146973,7.625,8.4975004196167,456252800
2020-03-11,7.344746112823486,7.707499980926514,8.4037504196167,7.375,8.22249984741211,430928000
2020-03-12,5.331672191619873,5.59499979019165,7.1875,5.550000190734863,6.1875,618225600
2020-03-13,6.770603656768799,7.105000019073486,7.163750171661377,5.632500171661377,6.53000020980835,556290400
2020-03-16,4.437103748321533,4.65625,6.074999809265137,4.62375020980835,5.057499885559082,658290400
2020-03-17,5.160141944885254,5.414999961853027,5.642499923706055,4.46875,4.922500133514404,762020800
2020-03-18,4.682484149932861,4.913750171661377,5.1875,4.091249942779541,4.537499904632568,848999200
2020-03-19,4.7908806800842285,5.027500152587891,5.510000228881836,4.5,4.856249809265137,804808800
2020-03-20,4.229838848114014,4.43874979019165,5.474999904632568,4.387499809265137,5.37375020980835,782255200
2020-03-23,4.242942810058594,4.452499866485596,4.75,4.033750057220459,4.491250038146973,820073600
2020-03-24,5.188730716705322,5.445000171661377,5.46750020980835,5.016250133514404,5.153749942779541,829824000
2020-03-25,5.068422317504883,5.318749904632568,5.980000019073486,5.135000228881836,5.525000095367432,834874400
2020-03-26,5.893902778625488,6.184999942779541,6.25,5.458749771118164,5.478750228881836,649240000
2020-03-27,5.281641483306885,5.542500019073486,6.041250228881836,5.473750114440918,5.703750133514404,557143200
2020-03-30,5.836727142333984,6.125,6.172500133514404,5.625,5.697500228881836,416621600
2020-03-31,5.674727439880371,5.954999923706055,6.441249847412109,5.857500076293945,6.076250076293945,731904000
2020-04-01,4.970747470855713,5.216249942779541,5.715000152587891,5.077499866485596,5.449999809265137,535589600
2020-04-02,5.264965057373047,5.525000095367432,5.542500019073486,5.096250057220459,5.150000095367432,467531200
2020-04-03,5.052936553955078,5.302499771118164,5.622499942779541,5.107500076293945,5.482500076293945,554484000
2020-04-06,6.110694885253906,6.412499904632568,6.523749828338623,5.795000076293945,5.888750076293945,518616800
2020-04-07,6.098783493041992,6.400000095367432,7.036250114440918,6.375,6.987500190734863,658009600
2020-04-08,6.488295078277588,6.808750152587891,6.875,6.409999847412109,6.586249828338623,518180000
2020-04-09,6.512119293212891,6.833749771118164,7.090000152587891,6.658750057220459,6.991250038146973,553297600
2020-04-13,6.73844051361084,7.071249961853027,7.110000133514404,6.633749961853027,6.75,426961600
2020-04-14,7.612759113311768,7.988749980926514,8.050000190734863,7.423749923706055,7.506249904632568,490049600
2020-04-15,7.3602294921875,7.723750114440918,7.923749923706055,7.457499980926514,7.613749980926514,431688000
2020-04-16,7.7545084953308105,8.137499809265137,8.258749961853027,7.743750095367432,7.976250171661377,562920000
2020-04-17,7.94866943359375,8.3412504196167,8.512499809265137,8.00374984741211,8.458749771118164,463564800
2020-04-20,7.691376209259033,8.071249961853027,8.438750267028809,8.057499885559082,8.148750305175781,386998400
2020-04-21,6.84088134765625,7.178750038146973,7.891250133514404,7.038750171661377,7.832499980926514,519489600
2020-04-22,7.445995330810547,7.81374979019165,7.957499980926514,7.538750171661377,7.628749847412109,274185600
2020-04-23,7.397156238555908,7.762499809265137,8.198749542236328,7.715000152587891,7.903749942779541,424868000
2020-04-24,7.7545084953308105,8.137499809265137,8.175000190734863,7.651249885559082,7.817500114440918,317981600
2020-04-27,7.905787467956543,8.296250343322754,8.448749542236328,8.204999923706055,8.397500038146973,304741600
2020-04-28,7.478156566619873,7.847499847412109,8.5287504196167,7.826250076293945,8.52750015258789,386247200
2020-04-29,8.255990982055664,8.663749694824219,8.796250343322754,8.261249542236328,8.381250381469727,346104000
2020-04-30,8.310781478881836,8.7212495803833,8.80875015258789,8.493749618530273,8.801250457763672,380544800
2020-05-01,7.56511116027832,7.93874979019165,8.413749694824219,7.8125,8.164999961853027,346245600
2020-05-04,7.831934452056885,8.21875,8.241250038146973,7.758749961853027,7.817500114440918,200756000
2020-05-05,8.082079887390137,8.481249809265137,8.77750015258789,8.401249885559082,8.4662504196167,288714400
2020-05-06,8.241697311401367,8.648750305175781,8.891249656677246,8.548749923706055,8.692500114440918,311880800
2020-05-07,8.563311576843262,8.986249923706055,9.09375,8.821249961853027,8.978750228881836,289489600
2020-05-08,8.908750534057617,9.348750114440918,9.368749618530273,9.0649995803833,9.193750381469727,262202400
2020-05-11,9.1303071975708,9.581250190734863,9.737500190734863,9.15625,9.18375015258789,269384000
2020-05-12,8.58713436126709,9.011249542236328,9.766249656677246,9.00374984741211,9.68375015258789,339363200
2020-05-13,8.261946678161621,8.670000076293945,9.306249618530273,8.345000267028809,9.073749542236328,491119200
2020-05-14,8.535916328430176,8.957500457763672,8.961250305175781,8.263750076293945,8.505000114440918,402999200
2020-05-15,8.682429313659668,9.111249923706055,9.137499809265137,8.536250114440918,8.588749885559082,357806400
2020-05-18,9.185101509094238,9.638750076293945,9.774999618530273,9.40250015258789,9.5,296474400
2020-05-19,9.114821434020996,9.5649995803833,9.946249961853027,9.550000190734863,9.672499656677246,261430400
2020-05-20,9.648467063903809,10.125,10.188750267028809,9.901249885559082,9.901249885559082,285416000
2020-05-21,9.3518648147583,9.813750267028809,10.239999771118164,9.741250038146973,10.154999732971191,322693600
2020-05-22,9.436439514160156,9.90250015258789,9.936249732971191,9.631250381469727,9.761249542236328,209664800
2020-05-26,9.39712905883789,9.861249923706055,10.414999961853027,9.797499656677246,10.381250381469727,245202400
2020-05-27,9.529350280761719,10.0,10.005000114440918,9.172499656677246,9.763750076293945,347291200
2020-05-28,9.468599319458008,9.936249732971191,10.401249885559082,9.818750381469727,9.824999809265137,303992800
2020-05-29,9.85930347442627,10.3462495803833,10.414999961853027,9.789999961853027,10.005000114440918,358492800
2020-06-01,9.980801582336426,10.473750114440918,10.529999732971191,10.203749656677246,10.257499694824219,209881600
2020-06-02,10.179728507995605,10.682499885559082,10.693750381469727,10.204999923706055,10.529999732971191,250714400
2020-06-03,10.317903518676758,10.827500343322754,10.936249732971191,10.651249885559082,10.768750190734863,215033600
2020-06-04,10.108256340026855,10.607500076293945,10.984999656677246,10.420000076293945,10.7787504196167,266408800
2020-06-05,10.707415580749512,11.236249923706055,11.31624984741211,10.6875,10.737500190734863,281394400
2020-06-08,10.945646286010742,11.486249923706055,11.510000228881836,10.987500190734863,11.198749542236328,218544800
2020-06-09,11.189839363098145,11.742500305175781,11.8725004196167,11.342499732971191,11.361249923706055,213179200
2020-06-10,11.593644142150879,12.166250228881836,12.40250015258789,11.922499656677246,11.994999885559082,302911200
2020-06-11,9.886699676513672,10.375,11.776249885559082,10.352499961853027,11.572500228881836,383332000
2020-06-12,10.101110458374023,10.600000381469727,11.206250190734863,10.053750038146973,11.036250114440918,411876800
2020-06-15,10.457269668579102,10.973750114440918,11.085000038146973,10.007499694824219,10.135000228881836,398184800
2020-06-16,11.00997257232666,11.553750038146973,11.765000343322754,11.038749694824219,11.673749923706055,383217600
2020-06-17,11.117177963256836,11.666250228881836,11.932499885559082,11.550000190734863,11.771249771118164,258858400
2020-06-18,11.202940940856934,11.756250381469727,11.795000076293945,11.505000114440918,11.617500305175781,212785600
2020-06-19,11.187456130981445,11.739999771118164,12.1537504196167,11.494999885559082,12.12125015258789,289950400
2020-06-22,11.585307121276855,12.157500267028809,12.193750381469727,11.688750267028809,11.738750457763672,220133600
2020-06-23,11.887864112854004,12.475000381469727,12.827500343322754,12.332500457763672,12.421250343322754,234898400
2020-06-24,11.187456130981445,11.739999771118164,12.55875015258789,11.481249809265137,12.362500190734863,392821600
2020-06-25,11.484057426452637,12.051250457763672,12.09000015258789,11.342499732971191,11.738750457763672,301703200
2020-06-26,10.658576011657715,11.1850004196167,12.037500381469727,11.112500190734863,12.0024995803833,375940800
2020-06-29,10.999250411987305,11.542499542236328,11.553750038146973,10.78499984741211,11.151249885559082,259609600
2020-06-30,11.631760597229004,12.206250190734863,12.3100004196167,11.516249656677246,11.539999961853027,251388800
2020-07-01,12.047481536865234,12.642499923706055,12.80875015258789,12.154999732971191,12.232500076293945,252137600
2020-07-02,12.303581237792969,12.911250114440918,13.233750343322754,12.842499732971191,13.036250114440918,228152000
2020-07-06,13.20767593383789,13.859999656677246,13.947500228881836,13.411250114440918,13.412500381469727,211984000
2020-07-07,12.948003768920898,13.587499618530273,14.270000457763672,13.529999732971191,13.818750381469727,246099200
2020-07-08,13.445910453796387,14.109999656677246,14.117500305175781,13.561249732971191,13.803750038146973,239931200
2020-07-09,13.781820297241211,14.462499618530273,14.583749771118164,13.732500076293945,14.426250457763672,317596000
2020-07-10,14.073657989501953,14.768750190734863,14.806249618530273,13.986249923706055,14.427499771118164,242789600
2020-07-13,13.204102516174316,13.856249809265137,15.743749618530273,13.711250305175781,15.256250381469727,374584800
2020-07-14,13.484029769897461,14.149999618530273,14.21500015258789,12.923749923706055,13.448749542236328,459751200
2020-07-15,13.550735473632812,14.220000267028809,14.52750015258789,13.673749923706055,14.357500076293945,367544000
2020-07-16,13.260089874267578,13.914999961853027,14.045000076293945,13.373749732971191,13.755000114440918,299972000
2020-07-17,13.322030067443848,13.979999542236328,14.130000114440918,13.625,14.020000457763672,231003200
2020-07-20,14.456022262573242,15.170000076293945,15.2787504196167,13.886249542236328,14.100000381469727,251621600
2020-07-21,13.99384880065918,14.6850004196167,15.458749771118164,14.550000190734863,15.448749542236328,294313600
2020-07-22,14.15584945678711,14.854999542236328,15.016249656677246,14.456250190734863,14.771249771118164,227788800
2020-07-23,13.046868324279785,13.69124984741211,14.904999732971191,13.446249961853027,14.788749694824219,336648800
2020-07-24,12.660929679870605,13.286250114440918,13.520000457763672,12.626250267028809,13.063750267028809,357218400
2020-07-27,13.341087341308594,14.0,14.068750381469727,13.4350004196167,13.573749542236328,267624000
2020-07-28,12.839608192443848,13.473750114440918,13.963749885559082,13.421250343322754,13.885000228881836,238702400
2020-07-29,13.276764869689941,13.932499885559082,14.076250076293945,13.643750190734863,13.711250305175781,194280800
2020-07-30,13.492366790771484,14.1587495803833,14.24625015258789,13.420000076293945,13.612500190734863,302200000
2020-07-31,14.220169067382812,14.922499656677246,14.9375,14.109999656677246,14.914999961853027,359815200
2020-08-03,14.750243186950684,15.478750228881836,15.641249656677246,15.257499694824219,15.28125,217868000
2020-08-04,14.94201946258545,15.680000305175781,15.702500343322754,15.292499542236328,15.414999961853027,211008000
2020-08-05,15.061137199401855,15.805000305175781,15.883749961853027,15.613750457763672,15.768750190734863,162381600
2020-08-06,15.637661933898926,16.40999984741211,16.491249084472656,15.65250015258789,15.763750076293945,192064000
2020-08-07,15.126648902893066,15.873749732971191,16.477500915527344,15.461250305175781,16.327499389648438,296708000
2020-08-10,14.92296028137207,15.65999984741211,15.951250076293945,15.021249771118164,15.9087495803833,254311200
2020-08-11,14.076041221618652,14.771249771118164,15.681249618530273,14.673749923706055,15.444999694824219,310273600
2020-08-12,15.129033088684082,15.876250267028809,16.045000076293945,15.137499809265137,15.137499809265137,221247200
2020-08-13,15.235047340393066,15.987500190734863,16.397499084472656,15.81624984741211,16.010000228881836,234281600
2020-08-14,15.190974235534668,15.94124984741211,16.14875030517578,15.676250457763672,16.082500457763672,199737600
2020-08-17,15.69245719909668,16.467500686645508,16.545000076293945,16.207500457763672,16.233749389648438,126664800
2020-08-18,16.15343475341797,16.951250076293945,17.049999237060547,16.4112491607666,16.678749084472656,149313600
2020-08-19,15.837778091430664,16.6200008392334,17.1512508392334,16.5362491607666,16.948749542236328,205847200
2020-08-20,16.489347457885742,17.303749084472656,17.39875030517578,16.396249771118164,16.46875,152774400
2020-08-21,16.833595275878906,17.665000915527344,17.751249313354492,17.2237491607666,17.332500457763672,164280000
2020-08-24,17.145681381225586,17.99250030517578,18.44499969482422,17.55500030517578,18.2762508392334,251384000
2020-08-25,17.545913696289062,18.412500381469727,18.431249618530273,17.758750915527344,17.853750228881836,172556800
2020-08-26,18.669189453125,19.591249465942383,19.631250381469727,18.635000228881836,18.658750534057617,219663200
2020-08-27,18.50004005432129,19.41374969482422,19.983749389648438,18.947500228881836,19.822500228881836,302602400
2020-08-28,18.785917282104492,19.7137508392334,19.841249465942383,19.393749237060547,19.6612491607666,198145600
2020-08-31,19.22069549560547,20.170000076293945,20.5674991607666,19.727500915527344,19.8174991607666,180398400
2020-09-01,20.218896865844727,21.217500686645508,21.24625015258789,20.368749618530273,20.739999771118164,193147200
2020-09-02,20.789466857910156,21.81624984741211,21.958749771118164,20.583749771118164,21.934999465942383,289369600
2020-09-03,17.597131729125977,18.466249465942383,20.924999237060547,17.852500915527344,20.841249465942383,443024800
2020-09-04,16.8717098236084,17.704999923706055,18.787500381469727,15.482500076293945,18.172500610351562,561480800
2020-09-08,14.486993789672852,15.202500343322754,16.74625015258789,15.132499694824219,15.618749618530273,426824800
2020-09-09,15.731766700744629,16.508750915527344,16.899999618530273,15.708749771118164,16.12874984741211,290352000
2020-09-10,14.821710586547852,15.553750038146973,17.298749923706055,15.217499732971191,17.065000534057617,465936800
2020-09-11,14.497714042663574,15.213749885559082,16.02375030517578,14.601249694824219,15.875,385797600
2020-09-14,15.244576454162598,15.9975004196167,16.35124969482422,15.635000228881836,15.875,269032800
2020-09-15,15.892572402954102,16.677499771118164,16.927499771118164,16.3700008392334,16.666250228881836,300889600
2020-09-16,15.129033088684082,15.876250267028809,16.915000915527344,15.823749542236328,16.81624984741211,306141600
2020-09-17,14.432199478149414,15.145000457763672,15.494999885559082,14.506250381469727,14.651249885559082,446844800
2020-09-18,13.874733924865723,14.5600004196167,15.431249618530273,13.845000267028809,15.357500076293945,463042400
2020-09-21,14.039114952087402,14.732500076293945,14.743749618530273,13.512499809265137,13.9037504196167,375314400
2020-09-22,14.806227684020996,15.537500381469727,15.641249656677246,14.557499885559082,15.149999618530273,315066400
2020-09-23,13.435193061828613,14.098750114440918,15.518750190734863,13.963749885559082,15.481249809265137,405507200
2020-09-24,13.631734848022461,14.305000305175781,14.838749885559082,13.646249771118164,13.711250305175781,375036000
2020-09-25,14.587050437927246,15.307499885559082,15.444999694824219,14.131250381469727,14.383749961853027,324478400
2020-09-28,15.451838493347168,16.21500015258789,16.25,15.696249961853027,16.1612491607666,273331200
2020-09-29,15.289841651916504,16.045000076293945,16.354999542236328,15.94124984741211,16.184999465942383,221805600
2020-09-30,15.592394828796387,16.362499237060547,16.940000534057617,16.03125,16.073749542236328,338768000
2020-10-01,16.322580337524414,17.12874984741211,17.258750915527344,16.72249984741211,17.071250915527344,278676000
2020-10-02,14.976563453674316,15.7162504196167,16.703750610351562,15.541250228881836,16.014999389648438,399553600
2020-10-05,15.921162605285645,16.707500457763672,16.762500762939453,16.03125,16.05875015258789,210790400
2020-10-06,15.065902709960938,15.8100004196167,16.889999389648438,15.643750190734863,16.548749923706055,345648800
2020-10-07,15.858031272888184,16.641250610351562,16.763750076293945,16.172500610351562,16.271249771118164,225088800
2020-10-08,16.09149742126465,16.886249542236328,17.076250076293945,16.6924991607666,17.056249618530273,197893600
2020-10-09,16.807390213012695,17.637500762939453,17.673749923706055,17.1200008392334,17.1924991607666,195271200
2020-10-12,18.374967575073242,19.282499313354492,19.841249465942383,18.357500076293945,18.549999237060547,294116800
2020-10-13,18.377349853515625,19.28499984741211,19.791250228881836,19.018749237060547,19.649999618530273,283861600
2020-10-14,17.92351531982422,18.80875015258789,19.649999618530273,18.456249237060547,19.457500457763672,296589600
2020-10-15,17.553056716918945,18.420000076293945,18.548749923706055,17.74250030517578,17.877500534057617,249076800
2020-10-16,17.28386116027832,18.137500762939453,19.033750534057617,18.0625,18.758750915527344,228096800
2020-10-19,16.425024032592773,17.236249923706055,18.688749313354492,17.045000076293945,18.5049991607666,277555200
2020-10-20,16.531038284301758,17.34749984741211,17.924999237060547,17.073749542236328,17.372499465942383,274710400
2020-10-21,16.488155364990234,17.302499771118164,17.876249313354492,17.21500015258789,17.386249542236328,242572800
2020-10-22,16.49650001525879,17.311250686645508,17.625,16.68375015258789,17.462499618530273,239163200
2020-10-23,16.592981338500977,17.412500381469727,17.428749084472656,16.861249923706055,17.426250457763672,191088000
2020-10-26,15.836584091186523,16.618749618530273,17.497499465942383,15.936249732971191,16.971250534057617,317113600
2020-10-27,16.210615158081055,17.011249542236328,17.149999618530273,16.565000534057617,16.783750534057617,223860000
2020-10-28,14.308318138122559,15.015000343322754,16.280000686645508,14.975000381469727,16.177499771118164,369440000
2020-10-29,15.036121368408203,15.7787504196167,16.3075008392334,15.154999732971191,15.242500305175781,276374400
2020-10-30,13.990273475646973,14.681249618530273,15.5912504196167,14.193750381469727,15.443750381469727,461622400
2020-11-02,13.995040893554688,14.686249732971191,15.261249542236328,14.201250076293945,14.973750114440918,302272000
2020-11-03,14.699019432067871,15.425000190734863,15.801250457763672,14.824999809265137,14.9975004196167,269938400
2020-11-04,16.685890197753906,17.510000228881836,17.829999923706055,16.665000915527344,16.948749542236328,338375200
2020-11-05,17.97354507446289,18.861249923706055,19.068750381469727,18.448749542236328,18.707500457763672,300264800
2020-11-06,18.034292221069336,18.924999237060547,19.071250915527344,18.00749969482422,18.733749389648438,270302400
2020-11-09,16.933656692504883,17.770000457763672,19.797500610351562,17.684999465942383,19.459999084472656,331731200
2020-11-10,16.020023345947266,16.811250686645508,17.40625,16.293750762939453,17.142499923706055,337333600
2020-11-11,17.096845626831055,17.94124984741211,18.02375030517578,17.184999465942383,17.258750915527344,253661600
2020-11-12,16.846696853637695,17.678749084472656,18.364999771118164,17.46500015258789,18.106250762939453,286687200
2020-11-13,17.288623809814453,18.142499923706055,18.260000228881836,17.582500457763672,17.97249984741211,209495200
2020-11-16,17.686471939086914,18.559999465942383,18.626249313354492,17.967500686645508,18.09375,213748800
2020-11-17,17.52328109741211,18.388750076293945,18.670000076293945,18.266250610351562,18.600000381469727,182704000
2020-11-18,17.117090225219727,17.962499618530273,18.59375,17.962499618530273,18.282499313354492,154341600
2020-11-19,17.541149139404297,18.407499313354492,18.46125030517578,17.7450008392334,17.863750457763672,159341600
2020-11-20,17.184993743896484,18.033750534057617,18.533750534057617,18.014999389648438,18.381250381469727,129993600
2020-11-23,17.18856430053711,18.037500381469727,18.467500686645508,17.594999313354492,18.227500915527344,179060800
2020-11-24,17.8913516998291,18.774999618530273,18.87874984741211,17.883750915527344,18.227500915527344,156015200
2020-11-25,18.22845458984375,19.12874984741211,19.251249313354492,18.806249618530273,18.96500015258789,128677600
2020-11-27,18.726362228393555,19.6512508392334,19.883750915527344,19.44124984741211,19.5049991607666,92927200
2020-11-30,18.822847366333008,19.752500534057617,19.84749984741211,18.822500228881836,19.71500015258789,184622400
2020-12-01,19.562562942504883,20.528749465942383,20.868749618530273,20.012500762939453,20.2237491607666,169989600
2020-12-02,19.64118003845215,20.611249923706055,20.68000030517578,19.897499084472656,20.2762508392334,146129600
2020-12-03,19.720989227294922,20.69499969482422,21.02375030517578,20.543750762939453,20.6612491607666,157461600
2020-12-04,19.962797164916992,20.948749542236328,20.979999542236328,20.563749313354492,20.700000762939453,127088000
2020-12-07,20.301084518432617,21.303749084472656,21.377500534057617,20.950000762939453,20.987499237060547,124028000
2020-12-08,20.486906051635742,21.498750686645508,21.584999084472656,20.826250076293945,21.206249237060547,133925600
2020-12-09,19.11467933654785,20.05875015258789,21.532499313354492,19.827499389648438,21.479999542236328,244878400
2020-12-10,19.349348068237305,20.30500030517578,20.533750534057617,19.407499313354492,19.6299991607666,173346400
2020-12-11,19.21354866027832,20.162500381469727,20.19124984741211,19.487499237060547,19.956249237060547,169819200
2020-12-14,19.62331199645996,20.592500686645508,21.006250381469727,20.396249771118164,20.403749465942383,146684800
2020-12-15,20.233190536499023,21.232500076293945,21.251249313354492,20.614999771118164,21.072500228881836,157417600
2020-12-16,20.572673797607422,21.5887508392334,21.78125,21.122499465942383,21.346250534057617,137590400
2020-12-17,20.994346618652344,22.03125,22.084999084472656,21.698749542236328,21.956249237060547,139275200
2020-12-18,20.765640258789062,21.791250228881836,22.238750457763672,21.31624984741211,22.19499969482422,168756000
2020-12-21,20.688217163085938,21.709999084472656,21.827499389648438,20.584999084472656,21.196250915527344,203596800
2020-12-22,20.851409912109375,21.881250381469727,22.0887508392334,21.272499084472656,21.912500381469727,160330400
2020-12-23,20.536935806274414,21.551250457763672,21.969999313354492,21.522499084472656,21.8799991607666,119434400
2020-12-24,20.80375862121582,21.831249237060547,21.93000030517578,21.59000015258789,21.613750457763672,77065600
2020-12-28,21.427932739257812,22.486249923706055,22.594999313354492,22.00374984741211,22.395000457763672,117052800
2020-12-29,21.491069793701172,22.552499771118164,22.924999237060547,22.35124969482422,22.793750762939453,121142400
2020-12-30,21.487491607666016,22.548749923706055,22.875,22.408750534057617,22.806249618530273,104807200
2020-12-31,21.655447006225586,22.725000381469727,22.809999465942383,22.291250228881836,22.533750534057617,106708000
2021-01-04,20.708467483520508,21.731250762939453,23.048749923706055,20.853750228881836,23.010000228881836,197472000
2021-01-05,21.22781753540039,22.2762508392334,22.31999969482422,21.53499984741211,21.53499984741211,118712800
2021-01-06,20.34992790222168,21.354999542236328,22.292499542236328,21.02750015258789,21.237499237060547,210730400
2021-01-07,21.81982421875,22.897499084472656,23.081249237060547,21.918750762939453,21.921249389648438,123695200
2021-01-08,22.665555953979492,23.78499984741211,23.860000610351562,22.924999237060547,23.41374969482422,152815200
2021-01-11,21.66378402709961,22.733749389648438,23.36750030517578,22.60124969482422,23.10124969482422,140325600
2021-01-12,21.569683074951172,22.635000228881836,23.001249313354492,22.049999237060547,22.764999389648438,146031200
2021-01-13,21.98897361755371,23.075000762939453,23.27375030517578,22.5625,22.696250915527344,108750400
2021-01-14,21.654251098632812,22.7237491607666,23.417499542236328,22.6200008392334,23.1875,118236000
2021-01-15,21.127756118774414,22.171249389648438,22.891250610351562,21.885000228881836,22.676250457763672,141692000
2021-01-19,22.043766021728516,23.13249969482422,23.258750915527344,22.450000762939453,22.681249618530273,120967200
2021-01-20,23.580373764038086,24.7450008392334,24.971250534057617,23.88249969482422,23.9637508392334,121736000
2021-01-21,24.16642951965332,25.360000610351562,25.53499984741211,24.75,25.0625,92168400
2021-01-22,23.947250366210938,25.1299991607666,25.3799991607666,24.969999313354492,25.102500915527344,81878800
2021-01-25,24.611927032470703,25.827499389648438,26.267499923706055,24.200000762939453,25.940000534057617,153170400
2021-01-26,24.638132095336914,25.854999542236328,26.145000457763672,25.545000076293945,25.93000030517578,90968800
2021-01-27,22.65126609802246,23.770000457763672,25.325000762939453,23.25,25.315000534057617,188900800
2021-01-28,22.98478889465332,24.1200008392334,25.25,23.837499618530273,23.97249984741211,90021600
2021-01-29,21.55300521850586,22.61750030517578,23.979999542236328,22.1875,23.725000381469727,184278400
2021-02-01,23.13726043701172,24.280000686645508,24.50749969482422,22.934999465942383,23.387500762939453,105659600
2021-02-02,24.256956100463867,25.454999923706055,25.739999771118164,24.940000534057617,24.97249984741211,92746400
2021-02-03,23.978229522705078,25.162500381469727,26.0575008392334,25.162500381469727,25.982500076293945,95172000
2021-02-04,24.82633399963379,26.052499771118164,26.075000762939453,25.1875,25.510000228881836,72808800
2021-02-05,25.08601188659668,26.325000762939453,26.572500228881836,25.892499923706055,26.299999237060547,86615200
2021-02-08,25.576772689819336,26.84000015258789,26.887500762939453,26.337499618530273,26.739999771118164,76994800
2021-02-09,25.564863204956055,26.827499389648438,27.142499923706055,26.6200008392334,26.6200008392334,65768800
2021-02-10,25.383806228637695,26.637500762939453,27.299999237060547,25.864999771118164,27.19499969482422,123548000
2021-02-11,25.793567657470703,27.0674991607666,27.184999465942383,26.489999771118164,27.040000915527344,98860000
2021-02-12,26.231914520263672,27.52750015258789,27.575000762939453,26.610000610351562,26.895000457763672,77471600
2021-02-16,26.01274299621582,27.297500610351562,27.96500015258789,27.020000457763672,27.739999771118164,88663600
2021-02-17,25.65062141418457,26.917499542236328,26.985000610351562,26.002500534057617,26.5575008392334,105986800
2021-02-18,25.30518913269043,26.55500030517578,26.739999771118164,25.56999969482422,26.014999389648438,110202000
2021-02-19,24.971660614013672,26.204999923706055,26.920000076293945,25.96500015258789,26.90999984741211,93377200
2021-02-22,23.037199020385742,24.174999237060547,25.450000762939453,24.125,25.135000228881836,132734800
2021-02-23,22.832317352294922,23.959999084472656,24.34000015258789,21.604999542236328,22.94499969482422,199274800
2021-02-24,23.38264274597168,24.537500381469727,24.61750030517578,22.725000381469727,23.309999465942383,123042000
2021-02-25,20.940746307373047,21.975000381469727,24.517499923706055,21.612499237060547,23.905000686645508,237792000
2021-02-26,21.25521469116211,22.30500030517578,23.290000915527344,21.5625,22.59749984741211,209318400
2021-03-01,23.108675003051758,24.25,24.327499389648438,23.047500610351562,23.34000015258789,133707200
2021-03-02,22.000885009765625,23.087499618530273,24.422500610351562,23.024999618530273,24.385000228881836,151693200
2021-03-03,20.092632293701172,21.084999084472656,23.049999237060547,21.0625,22.842500686645508,231542400
2021-03-04,19.099197387695312,20.042499542236328,21.65999984741211,19.219999313354492,20.99250030517578,432037200
2021-03-05,19.95446014404297,20.940000534057617,21.11750030517578,18.75749969482422,20.572500228881836,336656400
2021-03-08,18.24870491027832,19.149999618530273,21.212499618530273,19.0674991607666,20.81999969482422,235731600
2021-03-09,20.39756965637207,21.405000686645508,21.787500381469727,20.482500076293945,20.61750030517578,173429200
2021-03-10,20.22365951538086,21.22249984741211,22.375,21.077499389648438,22.315000534057617,203371200
2021-03-11,21.62685775756836,22.69499969482422,23.065000534057617,22.03499984741211,22.2549991607666,158935600
2021-03-12,21.08844757080078,22.1299991607666,22.167499542236328,21.267499923706055,21.792499542236328,166590000
2021-03-15,21.762653350830078,22.837499618530273,22.877500534057617,21.844999313354492,22.202499389648438,126701600
2021-03-16,22.119998931884766,23.212499618530273,23.997499465942383,22.899999618530273,23.334999084472656,168770400
2021-03-17,22.39873695373535,23.5049991607666,23.9325008392334,22.15250015258789,22.530000686645508,196370800
2021-03-18,20.342777252197266,21.34749984741211,22.625,21.237499237060547,22.40250015258789,228253600
2021-03-19,20.602453231811523,21.6200008392334,21.887500762939453,20.850000381469727,21.3125,193286400
2021-03-22,21.700708389282227,22.772499084472656,23.217500686645508,22.072500228881836,22.072500228881836,141101200
2021-03-23,21.41720962524414,22.475000381469727,23.3075008392334,22.292499542236328,23.012500762939453,187780800
2021-03-24,20.33563232421875,21.34000015258789,22.780000686645508,21.3125,22.772499084472656,190483600
2021-03-25,20.226049423217773,21.225000381469727,21.545000076293945,20.412500381469727,20.954999923706055,239874400
2021-03-26,21.119421005249023,22.162500381469727,22.24250030517578,20.88249969482422,21.18000030517578,215060400
2021-03-29,21.107505798339844,22.149999618530273,22.385000228881836,21.43000030517578,22.059999465942383,190589200
2021-03-30,20.80733299255371,21.834999084472656,21.947500228881836,21.239999771118164,21.737499237060547,148349600
2021-03-31,21.741212844848633,22.815000534057617,23.149999618530273,22.127500534057617,22.197500228881836,161968800
2021-04-01,22.846614837646484,23.975000381469727,24.00749969482422,23.604999542236328,23.65999984741211,145087200
2021-04-05,24.218843460083008,25.415000915527344,25.594999313354492,24.49250030517578,24.552499771118164,130539600
2021-04-06,24.161663055419922,25.354999542236328,25.81999969482422,25.177499771118164,25.34000015258789,120606800
2021-04-07,24.34033966064453,25.542499542236328,25.7450008392334,25.024999618530273,25.25749969482422,98987200
2021-04-08,25.100305557250977,26.34000015258789,26.385000228881836,26.024999618530273,26.229999542236328,113619200
2021-04-09,25.555330276489258,26.8174991607666,26.864999771118164,25.829999923706055,26.0049991607666,129438400
2021-04-12,25.45527458190918,26.712499618530273,26.809999465942383,26.2450008392334,26.575000762939453,109632000
2021-04-13,26.327211380004883,27.627500534057617,27.75,27.030000686645508,27.094999313354492,115022000
2021-04-14,25.402860641479492,26.657499313354492,27.732500076293945,26.440000534057617,27.697500228881836,161227600
2021-04-15,26.52494239807129,27.834999084472656,27.9424991607666,27.309999465942383,27.342500686645508,120798000
2021-04-16,26.636913299560547,27.952499389648438,27.997499465942383,27.475000381469727,27.977500915527344,117488000
2021-04-19,25.91029930114746,27.190000534057617,27.842500686645508,26.6875,27.537500381469727,159168000
2021-04-20,25.343303680419922,26.594999313354492,27.329999923706055,26.09749984741211,27.012500762939453,158283600
2021-04-21,25.984155654907227,27.267499923706055,27.3075008392334,26.0049991607666,26.25,111057200
2021-04-22,25.038366317749023,26.274999618530273,27.407499313354492,25.985000610351562,27.167499542236328,174848400
2021-04-23,25.98177146911621,27.264999389648438,27.579999923706055,26.43000030517578,26.43000030517578,107686000
2021-04-26,26.496356964111328,27.80500030517578,27.86750030517578,27.137500762939453,27.327499389648438,99976800
2021-04-27,26.148536682128906,27.440000534057617,27.917499542236328,27.1924991607666,27.86750030517578,119312800
2021-04-28,25.879331588745117,27.157499313354492,27.600000381469727,26.99250030517578,27.34749984741211,118950000
2021-04-29,26.139005661010742,27.43000030517578,28.0575008392334,26.645000457763672,27.96500015258789,148124400
2021-04-30,25.648244857788086,26.915000915527344,27.450000762939453,26.672500610351562,26.822500228881836,118440400
2021-05-03,25.22895050048828,26.475000381469727,27.372499465942383,26.357500076293945,27.190000534057617,134222000
2021-05-04,23.899606704711914,25.079999923706055,25.922500610351562,24.112499237060547,25.862499237060547,211234000
2021-05-05,23.620874404907227,24.787500381469727,25.712499618530273,24.600000381469727,25.510000228881836,136429200
2021-05-06,24.137842178344727,25.329999923706055,25.3700008392334,24.197500228881836,24.717500686645508,169663200
2021-05-07,24.728662490844727,25.950000762939453,26.520000457763672,25.6924991607666,25.99250030517578,158706800
2021-05-10,22.870437622070312,24.0,25.665000915527344,23.940000534057617,25.622499465942383,184214800
2021-05-11,22.756080627441406,23.8799991607666,24.059999465942383,22.5,22.647499084472656,228806800
2021-05-12,21.024126052856445,22.0625,23.287500381469727,21.829999923706055,22.7549991607666,236158000
2021-05-13,21.467241287231445,22.52750015258789,23.167499542236328,22.017499923706055,22.649999618530273,208602000
2021-05-14,22.863290786743164,23.99250030517578,24.22249984741211,23.104999542236328,23.219999313354492,144263200
2021-05-17,22.477352142333984,23.587499618530273,23.790000915527344,22.9325008392334,23.627500534057617,138542400
2021-05-18,22.00564956665039,23.092500686645508,24.06999969482422,23.047500610351562,23.802499771118164,131684000
2021-05-19,22.08664321899414,23.177499771118164,23.247499465942383,21.832500457763672,21.912500381469727,191889600
2021-05-20,23.363582611083984,24.517499923706055,24.71500015258789,23.457500457763672,23.517499923706055,139226400
2021-05-21,22.977642059326172,24.112499237060547,24.982500076293945,24.02750015258789,24.885000228881836,128133200
2021-05-24,24.128313064575195,25.31999969482422,25.584999084472656,24.55500030517578,24.637500762939453,92181600
2021-05-25,24.245044708251953,25.4424991607666,25.860000610351562,25.157499313354492,25.6875,106728800
2021-05-26,24.49043083190918,25.700000762939453,25.809999465942383,25.43000030517578,25.59000015258789,78034800
2021-05-27,24.204545974731445,25.399999618530273,25.790000915527344,25.360000610351562,25.592500686645508,83216800
2021-05-28,24.44039535522461,25.647499084472656,26.024999618530273,25.575000762939453,25.69499969482422,81857200
2021-06-01,24.202165603637695,25.397499084472656,26.075000762939453,25.072500228881836,25.962499618530273,103863600
2021-06-02,24.32843017578125,25.530000686645508,25.74250030517578,25.13249969482422,25.487499237060547,83178800
2021-06-03,23.563701629638672,24.727500915527344,25.167499542236328,24.344999313354492,24.872499465942383,121032000
2021-06-04,24.77154541015625,25.9950008392334,26.09749984741211,25.13249969482422,25.157499313354492,91175200
2021-06-07,24.990720748901367,26.225000381469727,26.24250030517578,25.702499389648438,25.857500076293945,62193200
2021-06-08,25.019302368164062,26.2549991607666,26.854999542236328,25.857500076293945,26.645000457763672,92944400
2021-06-09,25.04789161682129,26.28499984741211,26.780000686645508,26.232500076293945,26.59000015258789,77803600
2021-06-10,25.815011978149414,27.09000015258789,27.125,26.25,26.357500076293945,117206800
2021-06-11,26.019887924194336,27.30500030517578,27.309999465942383,26.940000534057617,27.104999542236328,68338800
2021-06-14,26.748884201049805,28.06999969482422,28.092500686645508,27.125,27.40999984741211,90823200
2021-06-15,26.253355026245117,27.549999237060547,28.084999084472656,27.364999771118164,28.0049991607666,90108000
2021-06-16,25.97223663330078,27.2549991607666,27.917499542236328,26.3799991607666,27.655000686645508,157778000
2021-06-17,26.941852569580078,28.272499084472656,28.520000457763672,26.982500076293945,26.989999771118164,144323600
2021-06-18,26.298622131347656,27.59749984741211,28.145000457763672,27.420000076293945,27.852500915527344,142894400
2021-06-21,26.779855728149414,28.102500915527344,28.200000762939453,27.09749984741211,27.657499313354492,107708400
2021-06-22,27.527902603149414,28.887500762939453,29.012500762939453,27.99250030517578,28.077499389648438,103578800
2021-06-23,27.57555389404297,28.9375,29.239999771118164,28.732500076293945,28.892499923706055,93996800
2021-06-24,28.08299446105957,29.469999313354492,29.872499465942383,29.297500610351562,29.434999465942383,93672400
2021-06-25,27.99484634399414,29.377500534057617,29.6875,29.212499618530273,29.622499465942383,86993200
2021-06-28,28.985897064208984,30.417499542236328,30.469999313354492,29.684999465942383,29.6924991607666,88787600
2021-06-29,29.312280654907227,30.760000228881836,30.770000457763672,30.167499542236328,30.389999389648438,74560000
2021-06-30,29.18362808227539,30.625,30.825000762939453,30.462499618530273,30.72249984741211,80546800
2021-07-01,29.19792938232422,30.639999389648438,30.78499984741211,30.162500381469727,30.520000457763672,83834800
2021-07-02,30.18897819519043,31.68000030517578,31.787500381469727,31.094999313354492,31.15999984741211,93502000
2021-07-06,30.593978881835938,32.10499954223633,32.189998626708984,31.125,31.862499237060547,109599600
2021-07-07,30.789331436157227,32.310001373291016,32.80500030517578,31.774999618530273,32.724998474121094,115275600
2021-07-08,30.25568389892578,31.75,31.96500015258789,30.559999465942383,30.922500610351562,152524400
2021-07-09,30.767881393432617,32.287498474121094,32.45000076293945,31.407499313354492,31.56999969482422,92875600
2021-07-12,31.15382194519043,32.692501068115234,32.8224983215332,32.26499938964844,32.70000076293945,87126000
2021-07-13,31.137147903442383,32.67499923706055,33.51750183105469,32.45249938964844,32.595001220703125,119450000
2021-07-14,31.30629539489746,32.852500915527344,33.52000045776367,32.63750076293945,33.34000015258789,136042800
2021-07-15,30.65829849243164,32.17250061035156,32.89500045776367,31.614999771118164,32.852500915527344,137192800
2021-07-16,29.905479431152344,31.38249969482422,32.6775016784668,31.292499542236328,32.415000915527344,127402800
2021-07-19,29.18839454650879,30.6299991607666,30.75,29.917499542236328,30.452499389648438,202286400
2021-07-20,30.150861740112305,31.639999389648438,32.07500076293945,30.387500762939453,30.860000610351562,121544800
2021-07-21,30.83935546875,32.36249923706055,32.397499084472656,31.5,31.577499389648438,81763200
2021-07-22,31.48735237121582,33.04249954223633,33.04999923706055,32.459999084472656,32.462501525878906,94957600
2021-07-23,32.533199310302734,34.13999938964844,34.27750015258789,33.0724983215332,33.42499923706055,103898400
2021-07-26,32.66899490356445,34.282501220703125,34.39250183105469,33.7599983215332,34.005001068115234,85977600
2021-07-27,31.601709365844727,33.162498474121094,34.20750045776367,31.957500457763672,34.20750045776367,178782000
2021-07-28,31.94715118408203,33.525001525878906,33.96500015258789,32.817501068115234,33.46500015258789,143940400
2021-07-29,32.10437774658203,33.689998626708984,34.029998779296875,33.36750030517578,33.369998931884766,88638400
2021-07-30,31.623149871826172,33.185001373291016,33.337501525878906,32.567501068115234,32.587501525878906,113118800
2021-08-02,31.613616943359375,33.17499923706055,33.79750061035156,33.005001068115234,33.6349983215332,109120000
2021-08-03,32.16393280029297,33.752498626708984,33.79999923706055,32.462501525878906,33.36000061035156,126835600
2021-08-04,32.323543548583984,33.91999816894531,34.189998626708984,33.45000076293945,33.772499084472656,96856800
2021-08-05,32.93104934692383,34.557498931884766,34.619998931884766,33.95000076293945,34.13999938964844,77340400
2021-08-06,32.50222396850586,34.10749816894531,34.48249816894531,33.790000915527344,34.1974983215332,86306000
2021-08-09,32.6761360168457,34.290000915527344,34.44499969482422,33.91999816894531,34.227500915527344,68421600
2021-08-10,32.18775939941406,33.77750015258789,34.52750015258789,33.43000030517578,34.442501068115234,106162400
2021-08-11,32.01384735107422,33.595001220703125,34.26250076293945,33.209999084472656,34.125,93188000
2021-08-12,32.34737777709961,33.94499969482422,34.04999923706055,33.060001373291016,33.45249938964844,79490800
2021-08-13,32.6713752746582,34.28499984741211,34.40250015258789,33.907501220703125,34.04499816894531,73289600
2021-08-16,32.728553771972656,34.345001220703125,34.35749816894531,32.875,33.98500061035156,122458400
2021-08-17,31.868526458740234,33.442501068115234,33.837501525878906,32.74250030517578,33.5525016784668,166395200
2021-08-18,30.941797256469727,32.470001220703125,33.68000030517578,32.377498626708984,33.275001525878906,130084800
2021-08-19,31.382532119750977,32.932498931884766,33.400001525878906,31.862499237060547,31.934999465942383,163247600
2021-08-20,32.352142333984375,33.95000076293945,34.067501068115234,33.14500045776367,33.23749923706055,125082400
2021-08-23,33.793453216552734,35.462501525878906,35.67499923706055,34.25,34.25749969482422,96532400
2021-08-24,34.12697982788086,35.8125,35.98500061035156,35.51750183105469,35.65250015258789,72686800
2021-08-25,34.16510009765625,35.852500915527344,36.099998474121094,35.657501220703125,35.872501373291016,76127200
2021-08-26,33.58618927001953,35.244998931884766,35.877498626708984,35.11000061035156,35.66749954223633,107004800
2021-08-27,34.56772232055664,36.275001525878906,36.400001525878906,35.28499984741211,35.42250061035156,92320000
2021-08-30,35.7136116027832,37.477500915527344,37.630001068115234,36.48749923706055,36.5,91270400
2021-08-31,35.61356735229492,37.372501373291016,37.57500076293945,36.92250061035156,37.55500030517578,91796000
2021-09-01,35.80891418457031,37.57749938964844,38.20500183105469,37.51750183105469,37.70750045776367,95568000
2021-09-02,35.75888442993164,37.525001525878906,38.084999084472656,37.150001525878906,37.98749923706055,95038400
2021-09-03,36.08049392700195,37.86249923706055,37.98500061035156,37.165000915527344,37.17499923706055,93201200
2021-09-07,36.228206634521484,38.01750183105469,38.220001220703125,37.540000915527344,37.88750076293945,90370800
2021-09-08,35.85655212402344,37.627498626708984,37.962501525878906,36.9275016784668,37.95249938964844,126846000
2021-09-09,35.472999572753906,37.224998474121094,38.025001525878906,37.147499084472656,37.682498931884766,110573600
2021-09-10,34.67491912841797,36.38750076293945,37.962501525878906,36.27750015258789,37.75,138435600
2021-09-13,34.59629821777344,36.30500030517578,37.19499969482422,35.689998626708984,37.0724983215332,155549200
2021-09-14,34.29851531982422,35.99250030517578,36.96500015258789,35.70500183105469,36.73749923706055,119258400
2021-09-15,35.058475494384766,36.790000915527344,36.88999938964844,35.439998626708984,36.122501373291016,111785200
2021-09-16,35.127567291259766,36.86249923706055,37.032501220703125,35.810001373291016,36.38750076293945,105230800
2021-09-17,33.88637161254883,35.560001373291016,36.73249816894531,35.2400016784668,36.724998474121094,154650400
2021-09-20,31.801820755004883,33.372501373291016,34.3650016784668,32.0,33.85499954223633,243827200
2021-09-21,31.84232521057129,33.415000915527344,34.1875,33.147499084472656,33.845001220703125,143401200
2021-09-22,32.7738151550293,34.39250183105469,34.807498931884766,33.40250015258789,33.71500015258789,175338800
2021-09-23,33.68385696411133,35.34749984741211,35.64250183105469,34.54249954223633,34.727500915527344,138739200
2021-09-24,33.779151916503906,35.4474983215332,35.5625,34.57500076293945,34.68000030517578,109550400
2021-09-27,32.96440124511719,34.592498779296875,34.849998474121094,33.849998474121094,34.5525016784668,156710800
2021-09-28,30.215185165405273,31.707500457763672,33.47249984741211,31.517499923706055,33.28499984741211,297646000
2021-09-29,30.01506805419922,31.497499465942383,32.5724983215332,31.325000762939453,31.989999771118164,195061200
2021-09-30,29.676773071289062,31.142499923706055,32.3849983215332,31.020000457763672,31.94499969482422,234624000
2021-10-01,30.217565536499023,31.709999084472656,32.002498626708984,30.209999084472656,31.3125,208708000
2021-10-04,28.359344482421875,29.760000228881836,31.372499465942383,29.11750030517578,31.274999618530273,257236000
2021-10-05,29.45045280456543,30.905000686645508,31.5,29.93000030517578,29.99250030517578,162612800
2021-10-06,30.0317440032959,31.514999389648438,31.579999923706055,29.815000534057617,30.065000534057617,234990800
2021-10-07,30.8441162109375,32.36750030517578,33.084999084472656,32.182498931884766,32.33000183105469,150815200
2021-10-08,30.370040893554688,31.8700008392334,32.72999954223633,31.74250030517578,32.66749954223633,157132000
2021-10-11,29.69583511352539,31.162500381469727,32.42250061035156,31.135000228881836,31.46500015258789,136215200
2021-10-12,29.39327621459961,30.844999313354492,31.655000686645508,30.65250015258789,31.542499542236328,174403600
2021-10-13,30.08177375793457,31.5674991607666,31.737499237060547,30.899999618530273,31.44499969482422,140921200
2021-10-14,31.742259979248047,33.310001373291016,33.36249923706055,32.349998474121094,32.52750015258789,121750000
2021-10-15,32.33069610595703,33.9275016784668,33.962501525878906,33.35499954223633,33.650001525878906,102858000
2021-10-18,33.300315856933594,34.94499969482422,35.005001068115234,33.39500045776367,33.5625,100876400
2021-10-19,34.03168869018555,35.712501525878906,35.75749969482422,35.06999969482422,35.2599983215332,106450800
2021-10-20,33.92448043823242,35.599998474121094,36.05500030517578,35.16999816894531,35.872501373291016,118709600
2021-10-21,34.531982421875,36.23749923706055,36.3025016784668,35.282501220703125,35.36000061035156,92100400
2021-10-22,33.65766525268555,35.31999969482422,36.165000915527344,34.84000015258789,35.86750030517578,140248400
2021-10-25,34.66777038574219,36.380001068115234,36.682498931884766,35.18000030517578,35.747501373291016,118951600
2021-10-26,34.99176788330078,36.720001220703125,37.79999923706055,36.412498474121094,37.08000183105469,167975600
2021-10-27,35.26811599731445,37.0099983215332,37.93000030517578,36.814998626708984,36.88999938964844,145068000
2021-10-28,36.425941467285156,38.224998474121094,38.3125,37.349998474121094,37.57749938964844,130737600
2021-10-29,36.96434020996094,38.790000915527344,38.849998474121094,37.19499969482422,37.29750061035156,134514400
2021-11-01,37.3288459777832,39.17250061035156,39.23249816894531,38.29499816894531,38.95000076293945,130045600
2021-11-02,37.826751708984375,39.69499969482422,39.842498779296875,38.9900016784668,39.00749969482422,120171200
2021-11-03,39.027462005615234,40.95500183105469,41.08000183105469,39.51750183105469,39.834999084472656,145210400
2021-11-04,40.483055114746094,42.48249816894531,42.837501525878906,41.182498931884766,41.35749816894531,160879600
2021-11-05,40.63314437866211,42.63999938964844,43.415000915527344,42.182498931884766,43.1150016784668,170505600
2021-11-08,40.46638107299805,42.46500015258789,42.974998474121094,42.26499938964844,42.625,112919600
2021-11-09,39.632564544677734,41.59000015258789,42.9474983215332,41.14250183105469,42.8125,176237600
2021-11-10,37.89583206176758,39.76750183105469,41.599998474121094,39.125,40.68000030517578,193953600
2021-11-11,38.20316696166992,40.09000015258789,40.747501373291016,39.974998474121094,40.6875,115438000
2021-11-12,39.415771484375,41.36249923706055,41.51750183105469,39.9375,40.45249938964844,127640800
2021-11-15,39.40385818481445,41.349998474121094,41.82749938964844,40.522499084472656,41.727500915527344,139458400
2021-11-16,40.21862030029297,42.20500183105469,42.352500915527344,41.01499938964844,41.0724983215332,103181600
2021-11-17,40.26626968383789,42.255001068115234,42.92250061035156,41.9474983215332,42.3025016784668,115936000
2021-11-18,41.49793243408203,43.54750061035156,43.724998474121094,42.192501068115234,42.91999816894531,173683200
2021-11-19,42.20071792602539,44.28499984741211,44.717498779296875,43.83000183105469,44.10749816894531,129214400
2021-11-22,40.73797607421875,42.75,45.84000015258789,42.71500015258789,44.8224983215332,179044800
2021-11-23,40.18288040161133,42.16749954223633,43.04249954223633,40.6974983215332,42.36249923706055,226025600
2021-11-24,40.55451965332031,42.557498931884766,42.63999938964844,40.58250045776367,41.32749938964844,198241600
2021-11-26,38.31751251220703,40.209999084472656,42.15999984741211,39.68000030517578,41.69499969482422,177682400
2021-11-29,40.69746398925781,42.70750045776367,43.040000915527344,41.33250045776367,41.54999923706055,158932000
2021-11-30,38.94883346557617,40.872501373291016,43.1974983215332,40.1775016784668,42.41999816894531,302586000
2021-12-01,36.950050354003906,38.775001525878906,42.904998779296875,38.61750030517578,42.21500015258789,302551200
2021-12-02,37.645694732666016,39.505001068115234,40.130001068115234,37.912498474121094,38.35499954223633,396432800
2021-12-03,35.75411605834961,37.52000045776367,40.31999969482422,36.23249816894531,40.0,480573600
2021-12-06,36.5903205871582,38.397499084472656,38.81999969482422,36.38249969482422,37.647499084472656,304828000
2021-12-07,39.889854431152344,41.86000061035156,42.06999969482422,40.435001373291016,40.442501068115234,270578400
2021-12-08,40.444942474365234,42.442501068115234,42.5,41.36750030517578,41.97249984741211,205243600
2021-12-09,38.69869613647461,40.61000061035156,42.627498626708984,40.5,42.037498474121094,212802000
2021-12-10,39.89700698852539,41.86750030517578,41.95750045776367,40.44499969482422,41.442501068115234,203075200
2021-12-13,38.18171691894531,40.067501068115234,41.97249984741211,39.94499969482422,41.86750030517578,179145200
2021-12-14,37.04534912109375,38.875,39.38999938964844,37.45750045776367,38.529998779296875,230933600
2021-12-15,39.496768951416016,41.4474983215332,41.567501068115234,37.50749969482422,38.7400016784668,269061200
2021-12-16,36.483116149902344,38.28499984741211,41.904998779296875,37.73749923706055,41.752498626708984,296220000
2021-12-17,35.92564392089844,37.70000076293945,38.9474983215332,36.75,37.20750045776367,300020800
2021-12-20,34.85121154785156,36.5724983215332,36.8125,35.625,36.255001068115234,241866000
2021-12-21,37.1811408996582,39.01750183105469,39.11249923706055,36.4275016784668,37.540000915527344,219124800
2021-12-22,38.50810623168945,40.40999984741211,40.5,38.70500183105469,38.89500045776367,177222800
2021-12-23,39.422916412353516,41.369998931884766,41.8224983215332,40.49250030517578,40.54249954223633,131308400
2021-12-27,41.307342529296875,43.34749984741211,43.38249969482422,41.75,41.772499084472656,125963200
2021-12-28,40.82135009765625,42.837501525878906,43.744998931884766,42.50749969482422,43.689998626708984,144825200
2021-12-29,40.75703430175781,42.77000045776367,43.247501373291016,41.98749923706055,42.82749938964844,115494800
2021-12-30,40.3758544921875,42.369998931884766,43.415000915527344,42.192501068115234,42.692501068115234,113271600
2021-12-31,39.62541961669922,41.58250045776367,42.599998474121094,41.4275016784668,42.157501220703125,120497200
2022-01-03,40.768943786621094,42.782501220703125,42.86000061035156,41.279998779296875,41.95750045776367,153010400
2022-01-04,39.1846809387207,41.119998931884766,42.97249984741211,40.09749984741211,42.95750045776367,213296400
2022-01-05,35.580204010009766,37.337501525878906,40.93000030517578,37.25,40.595001220703125,266490400
2022-01-06,35.48253631591797,37.23500061035156,38.20249938964844,36.10499954223633,36.75749969482422,308453200
2022-01-07,34.32233810424805,36.01750183105469,37.73500061035156,35.5,37.224998474121094,285426800
2022-01-10,34.44860076904297,36.150001525878906,36.23500061035156,33.025001525878906,34.587501525878906,358434800
2022-01-11,35.96376037597656,37.7400016784668,37.75749969482422,35.2599983215332,35.85749816894531,308653600
2022-01-12,36.3735237121582,38.16999816894531,38.98249816894531,37.470001220703125,38.49250030517578,276742400
2022-01-13,33.73389434814453,35.400001525878906,38.775001525878906,35.0099983215332,38.564998626708984,173531800
2022-01-14,34.243709564208984,35.935001373291016,36.03499984741211,34.5,34.54499816894531,178451600
2022-01-18,31.77560806274414,33.345001220703125,34.86000061035156,33.029998779296875,34.244998931884766,155320000
2022-01-19,30.670209884643555,32.185001373291016,34.35499954223633,32.08000183105469,33.68000030517578,183284400
2022-01-20,29.483808517456055,30.940000534057617,34.09000015258789,30.75,33.0099983215332,172197000
2022-01-21,27.00140953063965,28.334999084472656,31.014999389648438,28.25,30.309999465942383,342054600
2022-01-24,27.392118453979492,28.7450008392334,28.875,24.084999084472656,26.924999237060547,510169200
2022-01-25,25.37189292907715,26.625,28.155000686645508,25.875,27.075000762939453,347498000
2022-01-26,25.32424545288086,26.575000762939453,29.424999237060547,25.684999465942383,28.4950008392334,415676200
2022-01-27,24.56666374206543,25.780000686645508,28.1200008392334,25.520000457763672,27.700000762939453,323528200
2022-01-28,26.85847282409668,28.184999465942383,28.229999542236328,25.049999237060547,26.200000762939453,334032400
2022-01-31,29.459980010986328,30.915000915527344,31.030000686645508,28.110000610351562,28.524999618530273,227502200
2022-02-01,30.022212982177734,31.5049991607666,31.674999237060547,29.864999771118164,31.209999084472656,203691600
2022-02-02,30.73215103149414,32.25,32.685001373291016,31.174999237060547,32.61000061035156,201630400
2022-02-03,27.034765243530273,28.3700008392334,30.53499984741211,28.059999465942383,29.65999984741211,211150000
2022-02-04,27.968637466430664,29.350000381469727,30.204999923706055,27.94499969482422,28.434999465942383,193068800
2022-02-07,27.334938049316406,28.684999465942383,30.135000228881836,28.360000610351562,29.53499984741211,153912200
2022-02-08,28.264047622680664,29.65999984741211,29.915000915527344,28.114999771118164,28.399999618530273,158593200
2022-02-09,30.01744842529297,31.5,31.540000915527344,30.3799991607666,30.780000686645508,151075400
2022-02-10,28.025815963745117,29.40999984741211,31.454999923706055,28.899999618530273,29.655000686645508,254286600
2022-02-11,25.386186599731445,26.639999389648438,29.774999618530273,26.280000686645508,29.389999389648438,268511200
2022-02-14,25.457656860351562,26.71500015258789,27.485000610351562,25.850000381469727,26.450000762939453,190125000
2022-02-15,27.301584243774414,28.649999618530273,28.719999313354492,27.674999237060547,27.915000915527344,163444600
2022-02-16,27.29682159423828,28.645000457763672,28.899999618530273,27.350000381469727,28.135000228881836,186181000
2022-02-17,24.876365661621094,26.104999542236328,28.024999618530273,25.985000610351562,27.81999969482422,157671200
2022-02-18,24.033018112182617,25.219999313354492,26.395000457763672,24.655000686645508,26.295000076293945,226165400
2022-02-22,23.28972625732422,24.440000534057617,25.75,23.604999542236328,24.520000457763672,262876200
2022-02-23,21.507741928100586,22.56999969482422,25.315000534057617,22.485000610351562,25.1200008392334,260920400
2022-02-24,23.613727569580078,24.780000686645508,24.924999237060547,20.30500030517578,20.3799991607666,389734800
2022-02-25,24.73342514038086,25.954999923706055,26.0049991607666,24.125,25.0,238372200
2022-02-28,24.9954833984375,26.229999542236328,26.594999313354492,24.959999084472656,25.229999542236328,243401000
2022-03-01,23.84243392944336,25.020000457763672,26.485000610351562,24.424999237060547,25.959999084472656,248145000
2022-03-02,24.981185913085938,26.21500015258789,26.524999618530273,24.709999084472656,25.334999084472656,219495800
2022-03-03,23.937725067138672,25.1200008392334,26.889999389648438,24.684999465942383,26.875,223888600
2022-03-04,22.913318634033203,24.045000076293945,24.899999618530273,23.5,24.584999084472656,231391000
2022-03-07,20.354690551757812,21.360000610351562,24.270000457763672,21.315000534057617,24.024999618530273,249752600
2022-03-08,20.073570251464844,21.065000534057617,23.0,20.385000228881836,21.19499969482422,355936000
2022-03-09,22.222444534301758,23.31999969482422,23.600000381469727,22.174999237060547,22.700000762939453,219074200
2022-03-10,21.507741928100586,22.56999969482422,22.809999465942383,21.594999313354492,22.450000762939453,225574800
2022-03-11,20.173629760742188,21.170000076293945,23.235000610351562,21.045000076293945,23.170000076293945,197814800
2022-03-14,18.99199676513672,19.93000030517578,21.565000534057617,19.780000686645508,20.905000686645508,246265200
2022-03-15,20.750154495239258,21.774999618530273,21.94499969482422,20.1200008392334,20.434999465942383,211407200
2022-03-16,23.0800838470459,24.219999313354492,24.239999771118164,21.844999313354492,22.579999923706055,326175000
2022-03-17,23.851961135864258,25.030000686645508,25.094999313354492,23.520000457763672,23.795000076293945,192061600
2022-03-18,25.33377456665039,26.584999084472656,26.704999923706055,24.46500015258789,24.729999542236328,201569600
2022-03-21,25.152721405029297,26.395000457763672,26.96500015258789,25.385000228881836,26.43000030517578,221094600
2022-03-22,26.639293670654297,27.954999923706055,28.170000076293945,26.434999465942383,26.53499984741211,186689200
2022-03-23,25.514829635620117,26.774999618530273,28.135000228881836,26.75,27.280000686645508,205499400
2022-03-24,27.168174743652344,28.510000228881836,28.545000076293945,26.704999923706055,27.21500015258789,171150600
2022-03-25,27.125295639038086,28.46500015258789,28.780000686645508,27.424999237060547,28.520000457763672,198789400
2022-03-28,28.359344482421875,29.760000228881836,29.80500030517578,28.165000915527344,28.459999084472656,183407400
2022-03-29,29.812564849853516,31.28499984741211,31.479999542236328,30.06999969482422,30.760000228881836,204013400
2022-03-30,28.91680908203125,30.344999313354492,31.270000457763672,29.899999618530273,30.84000015258789,167818800
2022-03-31,27.720874786376953,29.09000015258789,30.415000915527344,28.950000762939453,30.31999969482422,168098800
2022-04-01,27.601764678955078,28.96500015258789,29.40999984741211,28.200000762939453,29.21500015258789,176162600
2022-04-04,29.32657241821289,30.774999618530273,30.774999618530273,29.114999771118164,29.190000534057617,137515000
2022-04-05,27.38735008239746,28.739999771118164,30.579999923706055,28.43000030517578,30.40999984741211,172097600
2022-04-06,25.586305618286133,26.850000381469727,27.684999465942383,26.200000762939453,27.40999984741211,296859800
2022-04-07,25.753067016601562,27.024999618530273,27.545000076293945,25.790000915527344,26.614999771118164,229654000
2022-04-08,24.700075149536133,25.920000076293945,26.795000076293945,25.75,26.610000610351562,204182400
2022-04-11,22.946674346923828,24.079999923706055,25.135000228881836,23.975000381469727,24.915000915527344,185914600
2022-04-12,22.65126609802246,23.770000457763672,25.489999771118164,23.44499969482422,25.079999923706055,247928200
2022-04-13,24.009193420410156,25.19499969482422,25.420000076293945,23.665000915527344,23.829999923706055,190084600
2022-04-14,22.393972396850586,23.5,25.325000762939453,23.415000915527344,25.209999084472656,167843600
2022-04-18,22.455909729003906,23.565000534057617,24.0049991607666,22.90999984741211,23.235000610351562,175525400
2022-04-19,23.899606704711914,25.079999923706055,25.209999084472656,23.155000686645508,23.364999771118164,172372600
2022-04-20,22.822790145874023,23.950000762939453,25.3700008392334,23.719999313354492,25.28499984741211,215629400
2022-04-21,21.48392105102539,22.545000076293945,25.385000228881836,22.295000076293945,24.81999969482422,268626400
2022-04-22,19.778162002563477,20.7549991607666,22.78499984741211,20.639999389648438,22.524999618530273,248824800
2022-04-25,20.511920928955078,21.524999618530273,21.579999923706055,20.155000686645508,20.405000686645508,332878800
2022-04-26,18.205820083618164,19.104999542236328,21.145000457763672,19.049999237060547,21.110000610351562,332263200
2022-04-27,18.124820709228516,19.020000457763672,20.110000610351562,18.684999465942383,19.084999084472656,316698600
2022-04-28,20.040224075317383,21.030000686645508,21.364999771118164,19.139999389648438,19.915000915527344,344698400
2022-04-29,17.405353546142578,18.264999389648438,20.885000228881836,18.100000381469727,20.19499969482422,320116800
2022-05-02,18.22488021850586,19.125,19.139999389648438,17.565000534057617,18.125,311905600
2022-05-03,18.26776123046875,19.170000076293945,19.584999084472656,18.649999618530273,19.094999313354492,285565600
2022-05-04,20.078336715698242,21.06999969482422,21.225000381469727,18.264999389648438,19.2450008392334,438806800
2022-05-05,17.08612060546875,17.93000030517578,20.2549991607666,17.260000228881836,20.25,455552600
2022-05-06,16.490543365478516,17.30500030517578,18.264999389648438,16.549999237060547,17.545000076293945,466794400
2022-05-09,14.541788101196289,15.260000228881836,16.709999084472656,15.005000114440918,16.280000686645508,420419800
2022-05-10,15.042076110839844,15.78499984741211,16.540000915527344,15.140000343322754,16.360000610351562,463579600
2022-05-11,13.703202247619629,14.380000114440918,16.299999237060547,14.234999656677246,15.425000190734863,529531800
2022-05-12,13.593616485595703,14.265000343322754,14.944999694824219,13.345000267028809,13.71500015258789,590993000
2022-05-13,15.070667266845703,15.8149995803833,16.0,14.6899995803833,14.925000190734863,395948000
2022-05-16,14.603729248046875,15.324999809265137,15.890000343322754,15.09000015258789,15.5649995803833,318388000
2022-05-17,15.704367637634277,16.479999542236328,16.540000915527344,15.619999885559082,16.21500015258789,307981400
2022-05-18,13.412557601928711,14.074999809265137,15.845000267028809,13.845000267028809,15.729999542236328,328105200
2022-05-19,13.140973091125488,13.789999961853027,14.510000228881836,13.520000457763672,13.770000457763672,392015600
2022-05-20,13.02662181854248,13.670000076293945,14.420000076293945,12.46500015258789,14.324999809265137,458111200
2022-05-23,13.669849395751953,14.345000267028809,14.414999961853027,13.479999542236328,13.824999809265137,341040600
2022-05-24,12.816973686218262,13.449999809265137,13.680000305175781,12.71500015258789,13.574999809265137,366488600
2022-05-25,13.331557273864746,13.989999771118164,14.300000190734863,13.194999694824219,13.220000267028809,361283800
2022-05-26,14.446493148803711,15.15999984741211,15.390000343322754,13.84000015258789,13.880000114440918,337131600
2022-05-27,15.861603736877441,16.645000457763672,16.670000076293945,15.635000228881836,15.649999618530273,315035800
2022-05-31,15.7472505569458,16.524999618530273,17.0,15.864999771118164,16.649999618530273,369158600
2022-06-01,15.380369186401367,16.139999389648438,17.21500015258789,15.774999618530273,16.854999542236328,398894200
2022-06-02,16.628713607788086,17.450000762939453,17.489999771118164,15.725000381469727,15.960000038146973,336861400
2022-06-03,15.313664436340332,16.06999969482422,16.815000534057617,15.880000114440918,16.56999969482422,324723800
2022-06-06,15.504251480102539,16.270000457763672,17.065000534057617,16.0,16.809999465942383,300958600
2022-06-07,15.880664825439453,16.665000915527344,16.799999237060547,15.524999618530273,15.710000038146973,274886600
2022-06-08,15.55666446685791,16.325000762939453,16.969999313354492,16.165000915527344,16.540000915527344,225706000
2022-06-09,14.289258003234863,14.994999885559082,16.530000686645508,14.96500015258789,16.03499984741211,275959400
2022-06-10,12.764564514160156,13.395000457763672,14.3100004196167,13.335000038146973,14.130000114440918,343352200
2022-06-13,10.996869087219238,11.539999961853027,12.489999771118164,11.40999984741211,12.135000228881836,426731400
2022-06-14,11.068339347839355,11.614999771118164,11.9350004196167,11.260000228881836,11.819999694824219,393201000
2022-06-15,11.864039421081543,12.449999809265137,12.960000038146973,11.670000076293945,12.029999732971191,549823000
2022-06-16,10.415578842163086,10.930000305175781,11.5600004196167,10.65999984741211,11.494999885559082,424284400
2022-06-17,10.801515579223633,11.335000038146973,11.640000343322754,10.824999809265137,11.03499984741211,441181000
2022-06-21,11.616275787353516,12.1899995803833,12.489999771118164,11.890000343322754,11.90999984741211,318408200
2022-06-22,11.573395729064941,12.145000457763672,12.725000381469727,11.774999618530273,11.854999542236328,388973600
2022-06-23,12.068921089172363,12.664999961853027,12.78499984741211,12.085000038146973,12.470000267028809,365372800
2022-06-24,13.331557273864746,13.989999771118164,14.020000457763672,13.024999618530273,13.055000305175781,303635000
2022-06-27,13.017090797424316,13.65999984741211,14.25,13.5,14.175000190734863,338262000
2022-06-28,11.830687522888184,12.414999961853027,14.104999542236328,12.380000114440918,13.729999542236328,373741600
2022-06-29,11.854509353637695,12.4399995803833,12.645000457763672,12.050000190734863,12.390000343322754,380182200
2022-06-30,11.435218811035156,12.0,12.444999694824219,11.375,12.029999732971191,512407800
2022-07-01,11.62104320526123,12.194999694824219,12.25,11.550000190734863,11.800000190734863,417200800
2022-07-05,12.221389770507812,12.824999809265137,12.84000015258789,11.5,11.704999923706055,441108000
2022-07-06,12.454858779907227,13.069999694824219,13.359999656677246,12.640000343322754,12.885000228881836,412245800
2022-07-07,13.226736068725586,13.880000114440918,14.0,13.1850004196167,13.1899995803833,275732600
2022-07-08,13.288676261901855,13.944999694824219,14.154999732971191,13.354999542236328,13.494999885559082,319458400
2022-07-11,12.440566062927246,13.055000305175781,13.635000228881836,12.930000305175781,13.600000381469727,258448200
2022-07-12,12.078450202941895,12.675000190734863,13.489999771118164,12.454999923706055,13.220000267028809,319233000
2022-07-13,12.002217292785645,12.595000267028809,12.914999961853027,11.845000267028809,11.920000076293945,361151000
2022-07-14,12.12609577178955,12.725000381469727,12.84000015258789,11.8100004196167,12.234999656677246,351647000
2022-07-15,12.764564514160156,13.395000457763672,13.425000190734863,12.904999732971191,13.135000228881836,308760400
2022-07-18,12.46915340423584,13.085000038146973,14.0,12.90999984741211,13.805000305175781,319900400
2022-07-19,13.560262680053711,14.229999542236328,14.3100004196167,13.345000267028809,13.574999809265137,298643400
2022-07-20,14.241609573364258,14.944999694824219,15.125,14.220000267028809,14.329999923706055,377126200
2022-07-21,14.84672737121582,15.579999923706055,15.59000015258789,14.609999656677246,15.005000114440918,319381800
2022-07-22,14.070084571838379,14.765000343322754,15.765000343322754,14.475000381469727,15.4399995803833,298800800
2022-07-25,13.860437393188477,14.545000076293945,14.835000038146973,14.204999923706055,14.765000343322754,220897600
2022-07-26,13.021856307983398,13.664999961853027,14.28499984741211,13.524999618530273,14.244999885559082,231755600
2022-07-27,14.64660930633545,15.369999885559082,15.625,14.21500015258789,14.300000190734863,341919000
2022-07-28,15.065902709960938,15.8100004196167,15.90999984741211,14.760000228881836,15.34000015258789,324071800
2022-07-29,15.894953727722168,16.68000030517578,16.825000762939453,15.835000038146973,16.065000534057617,292146400
2022-08-01,15.871129989624023,16.655000686645508,17.209999084472656,16.219999313354492,16.389999389648438,285283000
2022-08-02,15.723424911499023,16.5,17.174999237060547,16.104999542236328,16.270000457763672,325375000
2022-08-03,16.98129653930664,17.81999969482422,17.975000381469727,16.655000686645508,16.774999618530273,294213800
2022-08-04,17.224300384521484,18.075000762939453,18.135000228881836,17.479999542236328,17.844999313354492,253567200
2022-08-05,16.814537048339844,17.645000457763672,17.989999771118164,17.075000762939453,17.21500015258789,283898600
2022-08-08,16.64301109313965,17.46500015258789,18.415000915527344,17.219999313354492,17.799999237060547,267787800
2022-08-09,16.071247100830078,16.864999771118164,17.184999465942383,16.594999313354492,17.139999389648438,218406000
2022-08-10,17.39106559753418,18.25,18.31999969482422,17.655000686645508,18.06999969482422,271554400
2022-08-11,17.129005432128906,17.975000381469727,19.010000228881836,17.834999084472656,18.665000915527344,273361000
2022-08-12,18.096237182617188,18.989999771118164,19.024999618530273,18.1200008392334,18.299999237060547,211187000
2022-08-15,18.52981948852539,19.44499969482422,19.540000915527344,18.81999969482422,18.825000762939453,196308400
2022-08-16,18.410703659057617,19.31999969482422,19.690000534057617,18.764999389648438,19.280000686645508,220755800
2022-08-17,17.772235870361328,18.649999618530273,19.165000915527344,18.274999618530273,18.7549991607666,262838400
2022-08-18,17.8913516998291,18.774999618530273,18.979999542236328,18.344999313354492,18.6299991607666,192140800
2022-08-19,16.843122482299805,17.674999237060547,18.350000381469727,17.53499984741211,18.239999771118164,224256600
2022-08-22,15.518545150756836,16.28499984741211,16.985000610351562,16.1299991607666,16.94499969482422,224975400
2022-08-23,15.466132164001465,16.229999542236328,16.674999237060547,16.100000381469727,16.21500015258789,219509800
2022-08-24,15.585248947143555,16.354999542236328,16.649999618530273,16.049999237060547,16.149999618530273,187005600
2022-08-25,16.40477180480957,17.21500015258789,17.219999313354492,16.469999313354492,16.639999389648438,222052600
2022-08-26,14.408376693725586,15.119999885559082,17.3700008392334,15.100000381469727,17.174999237060547,366276600
2022-08-29,13.965259552001953,14.654999732971191,15.0600004196167,14.479999542236328,14.675000190734863,248441000
2022-08-30,13.498323440551758,14.164999961853027,14.975000381469727,13.779999732971191,14.895000457763672,327014800
2022-08-31,13.250561714172363,13.904999732971191,14.699999809265137,13.885000228881836,14.579999923706055,341030600
2022-09-01,13.264853477478027,13.920000076293945,13.96500015258789,13.010000228881836,13.539999961853027,397320400
2022-09-02,12.712151527404785,13.34000015258789,14.520000457763672,13.085000038146973,14.319999694824219,454463000
2022-09-06,12.421506881713867,13.03499984741211,13.510000228881836,12.729999542236328,13.380000114440918,361083400
2022-09-07,13.155266761779785,13.805000305175781,13.949999809265137,13.055000305175781,13.09000015258789,331569600
2022-09-08,13.369677543640137,14.029999732971191,14.210000038146973,13.319999694824219,13.515000343322754,410799800
2022-09-09,14.217789649963379,14.920000076293945,15.010000228881836,14.329999923706055,14.34000015258789,298735800
2022-09-12,14.737138748168945,15.46500015258789,15.515000343322754,15.095000267028809,15.149999618530273,273141200
2022-09-13,12.311918258666992,12.920000076293945,14.305000305175781,12.779999732971191,14.119999885559082,391296600
2022-09-14,12.588269233703613,13.210000038146973,13.335000038146973,12.819999694824219,13.0649995803833,309291800
2022-09-15,11.954569816589355,12.545000076293945,13.274999618530273,12.324999809265137,12.9399995803833,393730600
2022-09-16,11.721100807189941,12.300000190734863,12.364999771118164,11.835000038146973,12.104999542236328,392143600
2022-09-19,12.002217292785645,12.595000267028809,12.614999771118164,11.960000038146973,11.970000267028809,302692600
2022-09-20,11.716334342956543,12.295000076293945,12.595000267028809,11.989999771118164,12.265000343322754,322118600
2022-09-21,11.073104858398438,11.619999885559082,12.960000038146973,11.614999771118164,12.404999732971191,591115200
2022-09-22,10.663344383239746,11.1899995803833,11.555000305175781,11.03499984741211,11.425000190734863,431084000
2022-09-23,10.153522491455078,10.654999732971191,10.930000305175781,10.225000381469727,10.899999618530273,561304000
2022-09-26,10.01534652709961,10.510000228881836,11.104999542236328,10.414999961853027,10.579999923706055,490607800
2022-09-27,10.024874687194824,10.520000457763672,11.175000190734863,10.25,10.90999984741211,543921200
2022-09-28,10.610929489135742,11.135000228881836,11.295000076293945,10.34000015258789,10.515000343322754,512039000
2022-09-29,9.715170860290527,10.194999694824219,10.694999694824219,9.8100004196167,10.654999732971191,540195600
2022-09-30,9.205351829528809,9.65999984741211,10.545000076293945,9.640000343322754,10.079999923706055,513197600
2022-10-03,9.843816757202148,10.329999923706055,10.505000114440918,9.680000305175781,9.850000381469727,447222600
2022-10-04,10.758636474609375,11.289999961853027,11.385000228881836,10.944999694824219,10.949999809265137,463323600
2022-10-05,10.758636474609375,11.289999961853027,11.5,10.505000114440918,10.835000038146973,458399000
2022-10-06,10.487049102783203,11.005000114440918,11.529999732971191,10.960000038146973,11.149999618530273,475087200
2022-10-07,9.291115760803223,9.75,10.454999923706055,9.579999923706055,10.4399995803833,501945200
2022-10-10,9.000468254089355,9.444999694824219,9.805000305175781,9.149999618530273,9.760000228881836,412999600
2022-10-11,8.643117904663086,9.069999694824219,9.569999694824219,8.869999885559082,9.260000228881836,529747000
2022-10-12,8.62406063079834,9.050000190734863,9.319999694824219,8.96500015258789,9.114999771118164,401483800
2022-10-13,9.200587272644043,9.654999732971191,9.8100004196167,8.15999984741211,8.260000228881836,829507200
2022-10-14,8.371533393859863,8.78499984741211,9.989999771118164,8.729999542236328,9.925000190734863,670132600
2022-10-17,9.195821762084961,9.649999618530273,9.75,9.399999618530273,9.404999732971191,460050800
2022-10-18,9.424528121948242,9.890000343322754,10.5,9.585000038146973,10.4350004196167,692553800
2022-10-19,9.310175895690918,9.770000457763672,10.119999885559082,9.505000114440918,9.704999923706055,519702200
2022-10-20,9.152939796447754,9.604999542236328,10.234999656677246,9.479999542236328,9.664999961853027,529703000
2022-10-21,9.800935745239258,10.28499984741211,10.345000267028809,9.364999771118164,9.489999771118164,627458000
2022-10-24,10.1344633102417,10.635000228881836,10.734999656677246,9.899999618530273,10.3149995803833,549244000
2022-10-25,10.744340896606445,11.274999618530273,11.319999694824219,10.734999656677246,10.739999771118164,476799600
2022-10-26,10.034403800964355,10.529999732971191,11.25,10.46500015258789,10.59000015258789,558931800
2022-10-27,9.481700897216797,9.949999809265137,10.5600004196167,9.885000228881836,10.395000457763672,513258800
2022-10-28,10.33934497833252,10.850000381469727,10.904999732971191,9.854999542236328,9.875,510777200
2022-10-31,9.981993675231934,10.475000381469727,10.6850004196167,10.244999885559082,10.59000015258789,419122200
2022-11-01,9.672289848327637,10.149999618530273,10.9350004196167,10.104999542236328,10.869999885559082,430464800
2022-11-02,8.671709060668945,9.100000381469727,10.489999771118164,9.09000015258789,10.140000343322754,662952600
2022-11-03,8.171416282653809,8.574999809265137,8.975000381469727,8.520000457763672,8.824999809265137,424463600
2022-11-04,8.552591323852539,8.975000381469727,9.175000190734863,8.425000190734863,9.0649995803833,764740400
2022-11-07,8.824177742004395,9.260000228881836,9.319999694824219,8.854999542236328,9.079999923706055,401886800
2022-11-08,9.014764785766602,9.460000038146973,9.8100004196167,9.045000076293945,9.425000190734863,592112600
2022-11-09,8.38582706451416,8.800000190734863,9.350000381469727,8.765000343322754,9.265000343322754,431138200
2022-11-10,10.220227241516113,10.725000381469727,10.770000457763672,9.850000381469727,10.074999809265137,656884800
2022-11-11,10.801515579223633,11.335000038146973,11.414999961853027,10.5600004196167,10.71500015258789,614268400
2022-11-14,10.515636444091797,11.03499984741211,11.479999542236328,10.90999984741211,11.085000038146973,428451800
2022-11-15,10.939692497253418,11.479999542236328,11.975000381469727,11.09000015258789,11.824999809265137,636531400
2022-11-16,10.496578216552734,11.015000343322754,11.289999961853027,10.90999984741211,11.25,383358800
2022-11-17,10.415578842163086,10.930000305175781,11.104999542236328,10.454999923706055,10.475000381469727,426924400
2022-11-18,10.406048774719238,10.920000076293945,11.289999961853027,10.640000343322754,11.279999732971191,389577000
2022-11-21,10.091581344604492,10.59000015258789,10.899999618530273,10.484999656677246,10.760000228881836,288222600
2022-11-22,10.515636444091797,11.03499984741211,11.050000190734863,10.414999961853027,10.664999961853027,292477200
2022-11-23,10.830106735229492,11.364999771118164,11.4350004196167,11.005000114440918,11.024999618530273,357567000
2022-11-25,10.60616683959961,11.130000114440918,11.25,11.074999809265137,11.170000076293945,134753000
2022-11-28,10.139227867126465,10.640000343322754,11.135000228881836,10.529999732971191,10.899999618530273,262765200
2022-11-29,9.896228790283203,10.385000228881836,10.710000038146973,10.234999656677246,10.65999984741211,275805400
2022-11-30,11.225574493408203,11.779999732971191,11.824999809265137,10.324999809265137,10.425000190734863,545469800
2022-12-01,11.287514686584473,11.845000267028809,12.085000038146973,11.505000114440918,11.850000381469727,411007200
2022-12-02,11.154102325439453,11.704999923706055,11.8149995803833,11.194999694824219,11.225000381469727,363310000
2022-12-05,10.591872215270996,11.114999771118164,11.600000381469727,10.930000305175781,11.4399995803833,301980000
2022-12-06,9.920053482055664,10.40999984741211,11.104999542236328,10.25,11.09000015258789,339801000
2022-12-07,9.800935745239258,10.28499984741211,10.515000343322754,10.09000015258789,10.279999732971191,347335800
2022-12-08,10.14875602722168,10.649999618530273,10.75,10.194999694824219,10.4350004196167,377840200
2022-12-09,9.953404426574707,10.444999694824219,10.845000267028809,10.385000228881836,10.524999618530273,354007800
2022-12-12,10.315522193908691,10.824999809265137,10.829999923706055,10.335000038146973,10.454999923706055,225655000
2022-12-13,10.639518737792969,11.164999961853027,12.114999771118164,10.859999656677246,12.09000015258789,695385600
2022-12-14,10.38698959350586,10.899999618530273,11.494999885559082,10.539999961853027,11.104999542236328,578911000
2022-12-15,9.357821464538574,9.819999694824219,10.515000343322754,9.675000190734863,10.430000305175781,428053200
2022-12-16,9.081467628479004,9.529999732971191,9.904999732971191,9.354999542236328,9.739999771118164,351284200
2022-12-19,8.705060958862305,9.135000228881836,9.5649995803833,8.989999771118164,9.550000190734863,310533000
2022-12-20,8.666942596435547,9.095000267028809,9.279999732971191,8.835000038146973,9.0,345762400
2022-12-21,9.043353080749512,9.489999771118164,9.625,9.114999771118164,9.204999923706055,326374600
2022-12-22,8.400612831115723,8.770000457763672,9.125,8.289999961853027,9.114999771118164,460900400
2022-12-23,8.424561500549316,8.795000076293945,8.859999656677246,8.414999961853027,8.604999542236328,330134600
2022-12-27,8.065356254577637,8.420000076293945,8.739999771118164,8.359999656677246,8.729999542236328,263200600
2022-12-28,7.739675998687744,8.079999923706055,8.600000381469727,8.050000190734863,8.375,364869200
2022-12-29,8.28566837310791,8.649999618530273,8.75,8.265000343322754,8.335000038146973,306109800
2022-12-30,8.28566837310791,8.649999618530273,8.649999618530273,8.25,8.380000114440918,301941200
2023-01-03,8.098882675170898,8.454999923706055,9.020000457763672,8.234999656677246,8.869999885559082,359851800
2023-01-04,8.223406791687012,8.585000038146973,8.744999885559082,8.270000457763672,8.664999961853027,435272800
2023-01-05,7.8354644775390625,8.180000305175781,8.425000190734863,8.140000343322754,8.404999732971191,362504000
2023-01-06,8.448509216308594,8.819999694824219,8.949999809265137,8.050000190734863,8.324999809265137,466895200
2023-01-09,8.625716209411621,9.005000114440918,9.479999542236328,8.944999694824219,9.039999961853027,372042800
2023-01-10,8.855605125427246,9.244999885559082,9.244999885559082,8.850000381469727,8.90999984741211,328723000
2023-01-11,9.296231269836426,9.704999923706055,9.71500015258789,9.260000228881836,9.34000015258789,302550000
2023-01-12,9.439913749694824,9.854999542236328,9.960000038146973,9.295000076293945,9.760000228881836,561852600
2023-01-13,9.626703262329102,10.050000190734863,10.085000038146973,9.550000190734863,9.585000038146973,319566000
2023-01-17,9.679384231567383,10.104999542236328,10.255000114440918,9.904999732971191,10.029999732971191,279515800
2023-01-18,9.320178985595703,9.729999542236328,10.454999923706055,9.694999694824219,10.289999961853027,373300200
2023-01-19,9.028026580810547,9.425000190734863,9.654999732971191,9.289999961853027,9.53499984741211,332741400
2023-01-20,9.765594482421875,10.194999694824219,10.225000381469727,9.479999542236328,9.59000015258789,322650400
2023-01-23,10.40737247467041,10.864999771118164,11.0,10.1899995803833,10.274999618530273,388084200
2023-01-24,10.345111846923828,10.800000190734863,10.9350004196167,10.619999885559082,10.680000305175781,290013000
2023-01-25,10.26848030090332,10.720000267028809,10.795000076293945,9.989999771118164,10.279999732971191,436167200
2023-01-26,10.8623685836792,11.34000015258789,11.359999656677246,10.800000190734863,11.109999656677246,406837800
2023-01-27,11.17367935180664,11.664999961853027,11.90999984741211,11.164999961853027,11.180000305175781,376822200
2023-01-30,10.503162384033203,10.96500015258789,11.449999809265137,10.925000190734863,11.274999618530273,347816000
2023-01-31,10.97252368927002,11.454999923706055,11.460000038146973,10.949999809265137,10.970000267028809,316513800
2023-02-01,11.681355476379395,12.194999694824219,12.475000381469727,11.180000305175781,11.430000305175781,543277600
2023-02-02,12.888283729553223,13.454999923706055,13.725000381469727,12.875,12.979999542236328,535770200
2023-02-03,12.222558975219727,12.760000228881836,13.569999694824219,12.555000305175781,12.604999542236328,534808400
2023-02-06,11.911247253417969,12.4350004196167,12.725000381469727,12.260000228881836,12.425000190734863,323632400
2023-02-07,12.64881420135498,13.204999923706055,13.345000267028809,12.270000457763672,12.414999961853027,519789200
2023-02-08,11.968718528747559,12.494999885559082,13.149999618530273,12.404999732971191,13.024999618530273,362514400
2023-02-09,11.647830963134766,12.15999984741211,13.045000076293945,11.96500015258789,13.024999618530273,395196800
2023-02-10,11.408360481262207,11.90999984741211,12.130000114440918,11.609999656677246,11.880000114440918,367863400
2023-02-13,11.949562072753906,12.475000381469727,12.550000190734863,11.925000190734863,12.069999694824219,279739800
2023-02-14,12.208189964294434,12.744999885559082,12.869999885559082,12.024999618530273,12.270000457763672,511474400
2023-02-15,12.481186866760254,13.029999732971191,13.050000190734863,12.425000190734863,12.510000228881836,275527400
2023-02-16,11.76756477355957,12.28499984741211,12.9350004196167,12.265000343322754,12.414999961853027,388993000
2023-02-17,11.513728141784668,12.020000457763672,12.114999771118164,11.649999618530273,12.015000343322754,389804800
2023-02-21,10.704318046569824,11.175000190734863,11.725000381469727,11.145000457763672,11.550000190734863,300937600
2023-02-22,10.713896751403809,11.1850004196167,11.425000190734863,10.989999771118164,11.225000381469727,334677400
2023-02-23,10.982101440429688,11.46500015258789,11.614999771118164,10.975000381469727,11.595000267028809,359540000
2023-02-24,10.426531791687012,10.885000228881836,11.015000343322754,10.675000190734863,10.875,345563600
2023-02-27,10.651633262634277,11.119999885559082,11.399999618530273,11.050000190734863,11.239999771118164,277508800
2023-02-28,10.598949432373047,11.0649995803833,11.359999656677246,11.0,11.039999961853027,254631600
2023-03-01,10.340323448181152,10.795000076293945,11.104999542236328,10.6850004196167,11.029999732971191,308773800
2023-03-02,10.589372634887695,11.055000305175781,11.149999618530273,10.475000381469727,10.505000114440918,315874600
2023-03-03,11.235940933227539,11.729999542236328,11.765000343322754,11.1899995803833,11.25,303353200
2023-03-06,11.283836364746094,11.779999732971191,12.239999771118164,11.75,11.880000114440918,303699800
2023-03-07,10.8623685836792,11.34000015258789,11.890000343322754,11.260000228881836,11.779999732971191,352663000
2023-03-08,11.01084041595459,11.494999885559082,11.569999694824219,11.164999961853027,11.375,290985600
2023-03-09,10.431323051452637,10.890000343322754,11.854999542236328,10.795000076293945,11.555000305175781,393667400
2023-03-10,10.000275611877441,10.4399995803833,11.079999923706055,10.3100004196167,10.90999984741211,629715200
2023-03-13,10.215798377990723,10.664999961853027,11.074999809265137,10.0649995803833,10.234999656677246,659081400
2023-03-14,10.910262107849121,11.390000343322754,11.454999923706055,10.960000038146973,11.0600004196167,434325800
2023-03-15,11.068313598632812,11.555000305175781,11.609999656677246,10.914999961853027,11.085000038146973,549118800
2023-03-16,11.944772720336914,12.470000267028809,12.515000343322754,11.359999656677246,11.4399995803833,456714200
2023-03-17,11.76756477355957,12.28499984741211,12.755000114440918,12.050000190734863,12.46500015258789,403540600
2023-03-20,11.892091751098633,12.414999961853027,12.460000038146973,11.944999694824219,12.21500015258789,328356000
2023-03-21,12.394974708557129,12.9399995803833,13.0,12.46500015258789,12.654999732971191,270290200
2023-03-22,11.88915729522705,12.34000015258789,13.479999542236328,12.324999809265137,12.854999542236328,475836200
2023-03-23,12.313084602355957,12.779999732971191,13.305000305175781,12.4399995803833,12.800000190734863,392994400
2023-03-24,12.438333511352539,12.90999984741211,12.920000076293945,12.420000076293945,12.720000267028809,338830200
2023-03-27,12.183014869689941,12.645000457763672,13.130000114440918,12.529999732971191,12.994999885559082,273591200
2023-03-28,11.980688095092773,12.4350004196167,12.569999694824219,12.145000457763672,12.569999694824219,236041400
2023-03-29,12.635843276977539,13.114999771118164,13.1850004196167,12.78499984741211,12.880000114440918,238730600
2023-03-30,12.977871894836426,13.470000267028809,13.545000076293945,13.244999885559082,13.40999984741211,260300000
2023-03-31,13.61375904083252,14.130000114440918,14.15999984741211,13.454999923706055,13.5,254044200
2023-04-03,13.517414093017578,14.029999732971191,14.0600004196167,13.664999961853027,13.84000015258789,250232600
2023-04-04,13.382526397705078,13.890000343322754,14.21500015258789,13.710000038146973,14.079999923706055,232180800
2023-04-05,12.95378589630127,13.444999694824219,13.760000228881836,13.204999923706055,13.734999656677246,258274000
2023-04-06,13.213922500610352,13.71500015258789,13.779999732971191,13.055000305175781,13.229999542236328,241920600
2023-04-10,13.185017585754395,13.6850004196167,13.6899995803833,13.085000038146973,13.319999694824219,237057600
2023-04-11,12.929698944091797,13.420000076293945,13.6850004196167,13.350000381469727,13.680000305175781,208521600
2023-04-12,12.587668418884277,13.0649995803833,13.744999885559082,13.0,13.670000076293945,348038600
2023-04-13,13.310267448425293,13.8149995803833,13.869999885559082,13.244999885559082,13.265000343322754,247523000
2023-04-14,13.233192443847656,13.734999656677246,13.96500015258789,13.350000381469727,13.604999542236328,285332200
2023-04-17,13.24764347076416,13.75,13.8100004196167,13.404999732971191,13.675000190734863,228617800
2023-04-18,13.257277488708496,13.760000228881836,14.09000015258789,13.600000381469727,14.03499984741211,212829800
2023-04-19,13.228373527526855,13.729999542236328,13.869999885559082,13.420000076293945,13.4350004196167,191850600
2023-04-20,12.920064926147461,13.40999984741211,13.789999961853027,13.234999656677246,13.335000038146973,273695200
2023-04-21,12.94415283203125,13.4350004196167,13.545000076293945,13.125,13.350000381469727,228888000
2023-04-24,12.867073059082031,13.354999542236328,13.585000038146973,13.069999694824219,13.404999732971191,215290800
2023-04-25,12.13965892791748,12.600000381469727,13.225000381469727,12.585000038146973,13.140000343322754,276576000
2023-04-26,12.341986656188965,12.8100004196167,13.194999694824219,12.755000114440918,13.010000228881836,249724600
2023-04-27,13.339173316955566,13.845000267028809,13.914999961853027,13.194999694824219,13.279999732971191,255631200
2023-04-28,13.608941078186035,14.125,14.140000343322754,13.664999961853027,13.819999694824219,261072200
2023-05-01,13.570403099060059,14.085000038146973,14.265000343322754,13.9350004196167,14.069999694824219,178002600
2023-05-02,13.209104537963867,13.710000038146973,14.109999656677246,13.479999542236328,14.069999694824219,249312000
2023-05-03,12.948968887329102,13.4399995803833,14.100000381469727,13.414999961853027,13.75,340267600
2023-05-04,12.804448127746582,13.289999961853027,13.539999961853027,13.140000343322754,13.390000343322754,242621600
2023-05-05,13.589672088623047,14.104999542236328,14.229999542236328,13.515000343322754,13.5600004196167,195603200
2023-05-08,13.700472831726074,14.220000267028809,14.270000457763672,13.90999984741211,14.050000190734863,151477000
2023-05-09,13.435518264770508,13.944999694824219,14.109999656677246,13.904999732971191,13.994999885559082,129681400
2023-05-10,13.8690767288208,14.395000457763672,14.510000228881836,13.9350004196167,14.260000228881836,303102000
2023-05-11,13.98469352722168,14.515000343322754,14.595000267028809,14.244999885559082,14.454999923706055,194683000
2023-05-12,13.840173721313477,14.364999771118164,14.649999618530273,14.085000038146973,14.59000015258789,210763400
2023-05-15,14.052136421203613,14.585000038146973,14.625,14.21500015258789,14.425000190734863,172935200
2023-05-16,14.105125427246094,14.640000343322754,14.869999885559082,14.479999542236328,14.489999771118164,159327000
2023-05-17,14.610946655273438,15.164999961853027,15.239999771118164,14.614999771118164,14.774999618530273,202209200
2023-05-18,15.396170616149902,15.979999542236328,16.020000457763672,15.199999809265137,15.199999809265137,271867600
2023-05-19,15.29018783569336,15.869999885559082,16.1200008392334,15.725000381469727,16.014999389648438,198058400
2023-05-22,15.449161529541016,16.03499984741211,16.18000030517578,15.835000038146973,15.84000015258789,166624800
2023-05-23,14.851813316345215,15.414999961853027,15.949999809265137,15.364999771118164,15.779999732971191,212630000
2023-05-24,14.610946655273438,15.164999961853027,15.350000381469727,14.885000228881836,15.135000228881836,235945000
2023-05-25,15.665937423706055,16.260000228881836,16.434999465942383,15.84000015258789,16.18000030517578,261747000
2023-05-26,16.851003646850586,17.489999771118164,17.625,16.395000457763672,16.405000686645508,252784400
2023-05-30,17.087051391601562,17.735000610351562,18.334999084472656,17.520000457763672,18.155000686645508,270612800
2023-05-31,16.740203857421875,17.375,17.795000076293945,17.200000762939453,17.485000610351562,210289000
2023-06-01,17.347185134887695,18.0049991607666,18.21500015258789,17.204999923706055,17.3700008392334,216759200
2023-06-02,17.73739242553711,18.40999984741211,18.594999313354492,18.0049991607666,18.280000686645508,216505600
2023-06-05,17.775930404663086,18.450000762939453,18.850000381469727,18.280000686645508,18.3799991607666,206261800
2023-06-06,17.75666046142578,18.43000030517578,18.579999923706055,18.1299991607666,18.344999313354492,159509000
2023-06-07,16.851003646850586,17.489999771118164,18.780000686645508,17.385000228881836,18.469999313354492,228485400
2023-06-08,17.4290828704834,18.09000015258789,18.190000534057617,17.475000381469727,17.510000228881836,188153800
2023-06-09,17.641040802001953,18.309999465942383,18.809999465942383,18.100000381469727,18.34000015258789,207944000
2023-06-12,18.54188346862793,19.2450008392334,19.2549991607666,18.420000076293945,18.575000762939453,154857400
2023-06-13,18.956174850463867,19.674999237060547,19.815000534057617,19.15999984741211,19.684999465942383,266534200
2023-06-14,19.36082649230957,20.094999313354492,20.149999618530273,19.209999084472656,19.674999237060547,305313000
2023-06-15,20.040069580078125,20.799999237060547,21.045000076293945,19.7549991607666,19.8700008392334,255874000
2023-06-16,19.654682159423828,20.399999618530273,21.219999313354492,20.325000762939453,21.204999923706055,224810400
2023-06-20,19.558338165283203,20.299999237060547,20.540000915527344,19.799999237060547,20.145000457763672,168249800
2023-06-21,18.77449607849121,19.424999237060547,20.110000610351562,19.25,20.040000915527344,199266600
2023-06-22,19.397891998291016,20.06999969482422,20.094999313354492,19.1200008392334,19.184999465942383,210199200
2023-06-23,18.82282066345215,19.475000381469727,19.854999542236328,19.190000534057617,19.415000915527344,225152400
2023-06-26,18.078611373901367,18.704999923706055,19.834999084472656,18.670000076293945,19.3799991607666,216900000
2023-06-27,18.97262954711914,19.6299991607666,19.75,18.799999237060547,18.924999237060547,195354000
2023-06-28,19.088613510131836,19.75,20.06999969482422,19.315000534057617,19.334999084472656,217352600
2023-06-29,18.95813751220703,19.614999771118164,19.780000686645508,19.334999084472656,19.68000030517578,198266400
2023-06-30,19.813495635986328,20.5,20.674999237060547,20.145000457763672,20.200000762939453,184308800
2023-07-03,19.948810577392578,20.639999389648438,20.7450008392334,20.420000076293945,20.600000381469727,79868000
2023-07-05,19.934314727783203,20.625,20.920000076293945,20.354999542236328,20.360000610351562,139007400
2023-07-06,19.465553283691406,20.139999389648438,20.209999084472656,19.645000457763672,19.985000610351562,170473400
2023-07-07,19.267419815063477,19.934999465942383,20.6299991607666,19.889999389648438,20.094999313354492,168624800
2023-07-10,19.281917572021484,19.950000762939453,20.05500030517578,19.46500015258789,19.8799991607666,172013600
2023-07-11,19.557371139526367,20.235000610351562,20.309999465942383,19.649999618530273,20.010000228881836,162478600
2023-07-12,20.282257080078125,20.985000610351562,21.219999313354492,20.575000762939453,20.915000915527344,230335400
2023-07-13,21.29226303100586,22.030000686645508,22.18000030517578,21.415000915527344,21.510000228881836,164773200
2023-07-14,21.272932052612305,22.010000228881836,22.68000030517578,21.860000610351562,22.110000610351562,186056400
2023-07-17,21.862506866455078,22.6200008392334,22.78499984741211,22.05500030517578,22.139999389648438,145525200
2023-07-18,22.384418487548828,23.15999984741211,23.420000076293945,22.155000686645508,22.510000228881836,196113200
2023-07-19,22.384418487548828,23.15999984741211,23.56999969482422,22.90999984741211,23.364999771118164,200573800
2023-07-20,20.8138370513916,21.53499984741211,22.850000381469727,21.344999313354492,22.579999923706055,233862800
2023-07-21,20.630203247070312,21.344999313354492,22.09000015258789,21.2549991607666,21.940000534057617,205108600
2023-07-24,20.712352752685547,21.43000030517578,21.655000686645508,21.100000381469727,21.489999771118164,126429200
2023-07-25,21.127954483032227,21.860000610351562,22.139999389648438,21.540000915527344,21.540000915527344,138199200
2023-07-26,20.910490036010742,21.635000228881836,21.924999237060547,21.219999313354492,21.65999984741211,205764600
2023-07-27,20.731685638427734,21.450000762939453,22.844999313354492,21.225000381469727,22.55500030517578,261103200
2023-07-28,21.85283660888672,22.610000610351562,22.795000076293945,22.065000534057617,22.149999618530273,204487600
2023-07-31,21.896333694458008,22.655000686645508,22.854999542236328,22.40999984741211,22.665000915527344,159009200
2023-08-01,21.72719383239746,22.479999542236328,22.614999771118164,22.104999542236328,22.395000457763672,153056600
2023-08-02,20.306419372558594,21.010000228881836,21.850000381469727,20.764999389648438,21.844999313354492,258044000
2023-08-03,20.16144371032715,20.860000610351562,21.229999542236328,20.524999618530273,20.55500030517578,201340200
2023-08-04,19.881153106689453,20.56999969482422,21.584999084472656,20.485000610351562,21.19499969482422,247452800
2023-08-07,20.374073028564453,21.079999923706055,21.100000381469727,20.469999313354492,20.864999771118164,149792200
2023-08-08,19.85215950012207,20.540000915527344,20.645000457763672,20.0,20.645000457763672,188780000
2023-08-09,19.190095901489258,19.854999542236328,20.604999542236328,19.725000381469727,20.579999923706055,199430600
2023-08-10,19.277084350585938,19.94499969482422,20.875,19.684999465942383,20.329999923706055,260554200
2023-08-11,18.890480041503906,19.545000076293945,19.834999084472656,19.299999237060547,19.514999389648438,201573800
2023-08-14,19.51871109008789,20.19499969482422,20.219999313354492,19.299999237060547,19.415000915527344,142553600
2023-08-15,18.919479370117188,19.575000762939453,20.170000076293945,19.440000534057617,20.03499984741211,162553600
2023-08-16,18.291240692138672,18.924999237060547,19.709999084472656,18.90999984741211,19.459999084472656,190222000
2023-08-17,17.672672271728516,18.28499984741211,19.18000030517578,18.21500015258789,19.125,210232800
2023-08-18,17.59052276611328,18.200000762939453,18.405000686645508,17.684999465942383,17.764999389648438,247002000
2023-08-21,18.44105339050293,19.079999923706055,19.190000534057617,18.354999542236328,18.434999465942383,191487200
2023-08-22,18.35890007019043,18.9950008392334,19.489999771118164,18.885000228881836,19.485000610351562,180368000
2023-08-23,19.223922729492188,19.889999389648438,20.059999465942383,19.139999389648438,19.174999237060547,175454000
2023-08-24,17.957794189453125,18.579999923706055,20.454999923706055,18.549999237060547,20.440000534057617,232397200
2023-08-25,18.383058547973633,19.020000457763672,19.280000686645508,18.174999237060547,18.71500015258789,278289400
2023-08-28,18.7938289642334,19.44499969482422,19.584999084472656,19.040000915527344,19.475000381469727,182641000
2023-08-29,19.99230194091797,20.684999465942383,20.760000228881836,19.344999313354492,19.399999618530273,187495600
2023-08-30,20.32575035095215,21.030000686645508,21.139999389648438,20.540000915527344,20.71500015258789,185958200
2023-08-31,20.509389877319336,21.219999313354492,21.489999771118164,21.010000228881836,21.020000457763672,162242800
2023-09-01,20.436899185180664,21.145000457763672,21.68000030517578,20.875,21.604999542236328,165058400
2023-09-05,20.490055084228516,21.200000762939453,21.40999984741211,20.829999923706055,20.985000610351562,123778600
2023-09-06,19.948810577392578,20.639999389648438,21.1200008392334,20.290000915527344,21.06999969482422,148058200
2023-09-07,19.513877868652344,20.190000534057617,20.299999237060547,19.690000534057617,19.8700008392334,168623000
2023-09-08,19.571868896484375,20.25,20.6200008392334,20.084999084472656,20.155000686645508,149541600
2023-09-11,20.2387638092041,20.940000534057617,21.045000076293945,20.420000076293945,20.7450008392334,141712800
2023-09-12,19.591201782226562,20.270000457763672,20.905000686645508,20.200000762939453,20.670000076293945,155524200
2023-09-13,19.784502029418945,20.469999313354492,20.7450008392334,20.094999313354492,20.290000915527344,170849400
2023-09-14,20.248430252075195,20.950000762939453,21.1200008392334,20.399999618530273,20.75,152379800
2023-09-15,19.209430694580078,19.875,20.795000076293945,19.71500015258789,20.725000381469727,179839600
2023-09-18,19.25292205810547,19.920000076293945,20.110000610351562,19.665000915527344,19.71500015258789,124798200
2023-09-19,19.136934280395508,19.799999237060547,19.915000915527344,19.299999237060547,19.704999923706055,148741400
2023-09-20,18.307174682617188,18.875,19.950000762939453,18.850000381469727,19.885000228881836,196038400
2023-09-21,17.26451301574707,17.799999237060547,18.389999389648438,17.78499984741211,18.274999618530273,216821200
2023-09-22,17.27906608581543,17.815000534057617,18.389999389648438,17.760000228881836,18.065000534057617,188181200
2023-09-25,17.506994247436523,18.049999237060547,18.06999969482422,17.5049991607666,17.655000686645508,162538400
2023-09-26,16.726211547851562,17.2450008392334,17.739999771118164,17.084999084472656,17.655000686645508,210679400
2023-09-27,16.828052520751953,17.350000381469727,17.635000228881836,16.815000534057617,17.405000686645508,256871600
2023-09-28,17.23541831970215,17.770000457763672,18.084999084472656,17.065000534057617,17.19499969482422,268145800
2023-09-29,17.274213790893555,17.809999465942383,18.5,17.614999771118164,18.290000915527344,286858200
2023-10-02,17.68642807006836,18.235000610351562,18.450000762939453,17.739999771118164,17.834999084472656,236463200
2023-10-03,16.75046157836914,17.270000457763672,18.19499969482422,17.020000457763672,17.854999542236328,266539000
2023-10-04,17.429399490356445,17.969999313354492,18.094999313354492,17.31999969482422,17.389999389648438,252759200
2023-10-05,17.2451171875,17.780000686645508,18.0,17.25,17.94499969482422,218006200
2023-10-06,18.113189697265625,18.674999237060547,18.844999313354492,17.204999923706055,17.325000762939453,294897400
2023-10-09,18.379919052124023,18.950000762939453,19.045000076293945,18.06999969482422,18.30500030517578,210966000
2023-10-10,18.68059539794922,19.260000228881836,19.684999465942383,18.924999237060547,19.0049991607666,216109600
2023-10-11,19.07826042175293,19.670000076293945,19.704999923706055,19.200000762939453,19.469999313354492,191710800
2023-10-12,18.855182647705078,19.440000534057617,20.024999618530273,19.059999465942383,19.735000610351562,236509200
2023-10-13,18.142288208007812,18.704999923706055,19.639999389648438,18.485000610351562,19.545000076293945,259511000
2023-10-16,18.753337860107422,19.334999084472656,19.5,18.885000228881836,18.90999984741211,173152200
2023-10-17,18.573902130126953,19.149999618530273,19.40999984741211,18.424999237060547,18.760000228881836,210387000
2023-10-18,17.788270950317383,18.34000015258789,19.09000015258789,18.165000915527344,18.735000610351562,263165200
2023-10-19,17.313013076782227,17.850000381469727,18.7549991607666,17.719999313354492,18.575000762939453,370050400
2023-10-20,16.5322265625,17.045000076293945,17.850000381469727,17.010000228881836,17.760000228881836,277722800
2023-10-23,16.67771339416504,17.19499969482422,17.704999923706055,16.530000686645508,16.834999084472656,263599000
2023-10-24,17.14812660217285,17.68000030517578,17.795000076293945,17.200000762939453,17.450000762939453,245074600
2023-10-25,15.892084121704102,16.385000228881836,17.34000015258789,16.290000915527344,17.315000534057617,328363200
2023-10-26,14.965813636779785,15.430000305175781,16.31999969482422,15.234999656677246,16.190000534057617,374047400
2023-10-27,15.179194450378418,15.649999618530273,16.114999771118164,15.475000381469727,15.789999961853027,294702200
2023-10-30,15.6690034866333,16.155000686645508,16.344999313354492,15.789999961853027,15.975000381469727,264305600
2023-10-31,15.896934509277344,16.389999389648438,16.44499969482422,15.800000190734863,16.15999984741211,222923600
2023-11-01,16.71651268005371,17.235000610351562,17.315000534057617,16.485000610351562,16.5,332635600
2023-11-02,17.603986740112305,18.149999618530273,18.190000534057617,17.700000762939453,17.8799991607666,234134000
2023-11-03,18.224735260009766,18.790000915527344,18.989999771118164,18.315000534057617,18.350000381469727,228661200
2023-11-06,18.433263778686523,19.0049991607666,19.104999542236328,18.65999984741211,18.905000686645508,183599600
2023-11-07,18.952173233032227,19.540000915527344,19.684999465942383,18.985000610351562,19.174999237060547,204502200
2023-11-08,18.986120223999023,19.575000762939453,19.71500015258789,19.21500015258789,19.600000381469727,187960200
2023-11-09,18.535106658935547,19.110000610351562,19.854999542236328,19.030000686645508,19.670000076293945,258365200
2023-11-10,19.77174949645996,20.385000228881836,20.415000915527344,19.290000915527344,19.375,248927600
2023-11-13,19.592315673828125,20.200000762939453,20.364999771118164,19.875,20.125,180430400
2023-11-14,20.824108123779297,21.469999313354492,21.639999389648438,21.145000457763672,21.235000610351562,233552400
2023-11-15,20.882307052612305,21.530000686645508,21.889999389648438,21.299999237060547,21.809999465942383,218432600
2023-11-16,20.916255950927734,21.565000534057617,21.604999542236328,21.165000915527344,21.3799991607666,178045000
2023-11-17,20.93079948425293,21.579999923706055,21.75,21.28499984741211,21.440000534057617,157517000
2023-11-20,21.67763900756836,22.350000381469727,22.475000381469727,21.56999969482422,21.575000762939453,165655600
2023-11-21,21.284818649291992,21.94499969482422,22.079999923706055,21.645000457763672,22.045000076293945,148275200
2023-11-22,21.532148361206055,22.200000762939453,22.709999084472656,22.024999618530273,22.28499984741211,171446400
2023-11-24,21.425458908081055,22.09000015258789,22.225000381469727,21.924999237060547,22.125,63975400
2023-11-27,21.362409591674805,22.024999618530273,22.3700008392334,21.885000228881836,22.0049991607666,121856400
2023-11-28,21.532148361206055,22.200000762939453,22.299999237060547,21.834999084472656,21.899999618530273,158349000
2023-11-29,21.45455551147461,22.1200008392334,22.864999771118164,22.065000534057617,22.6200008392334,177523200
2023-11-30,21.27511978149414,21.934999465942383,22.229999542236328,21.420000076293945,22.149999618530273,186394600
2023-12-01,21.45455551147461,22.1200008392334,22.219999313354492,21.459999084472656,21.7450008392334,172937600
2023-12-04,20.843507766723633,21.489999771118164,21.53499984741211,20.864999771118164,21.454999923706055,181143600
2023-12-05,20.993844985961914,21.645000457763672,21.850000381469727,21.1299991607666,21.155000686645508,167540400
2023-12-06,20.62042999267578,21.260000228881836,22.15999984741211,21.204999923706055,22.139999389648438,163000600
2023-12-07,21.483652114868164,22.149999618530273,22.270000457763672,21.55500030517578,21.739999771118164,162755400
2023-12-08,21.74068260192871,22.415000915527344,22.5,21.795000076293945,21.825000762939453,181789000
2023-12-11,22.29353141784668,22.985000610351562,23.040000915527344,22.299999237060547,22.334999084472656,151540000
2023-12-12,22.83184051513672,23.540000915527344,23.549999237060547,22.78499984741211,22.989999771118164,142899400
2023-12-13,23.636869430541992,24.3700008392334,24.53499984741211,23.549999237060547,23.690000534057617,230081400
2023-12-14,23.598072052001953,24.329999923706055,24.864999771118164,23.774999618530273,24.625,202697800
2023-12-15,23.87934684753418,24.6200008392334,24.895000457763672,24.350000381469727,24.469999313354492,156731000
2023-12-18,24.378856658935547,25.135000228881836,25.299999237060547,24.684999465942383,24.7450008392334,116436000
2023-12-19,24.742572784423828,25.510000228881836,25.530000686645508,25.18000030517578,25.209999084472656,120349600
2023-12-20,23.64321517944336,24.270000457763672,25.635000228881836,24.229999542236328,25.239999771118164,176165000
2023-12-21,24.427427291870117,25.075000762939453,25.135000228881836,24.469999313354492,24.94499969482422,149089400
2023-12-22,24.524843215942383,25.174999237060547,25.469999313354492,24.81999969482422,25.299999237060547,132420000
2023-12-26,24.97296714782715,25.635000228881836,25.7549991607666,25.309999465942383,25.31999969482422,87371200
2023-12-27,25.10447883605957,25.770000457763672,25.829999923706055,25.510000228881836,25.674999237060547,111495600
2023-12-28,25.04115867614746,25.704999923706055,26.0049991607666,25.635000228881836,25.959999084472656,85768200
2023-12-29,24.69532585144043,25.350000381469727,25.760000228881836,25.0,25.690000534057617,134245400
2024-01-02,23.443511962890625,24.065000534057617,24.71500015258789,23.635000228881836,24.674999237060547,176270600
2024-01-03,22.693395614624023,23.295000076293945,23.770000457763672,23.21500015258789,23.584999084472656,167812200
2024-01-04,22.3134708404541,22.905000686645508,23.485000610351562,22.864999771118164,22.934999465942383,143735400
2024-01-05,22.39627456665039,22.989999771118164,23.459999084472656,22.735000610351562,22.93000030517578,170481600
2024-01-08,23.745506286621094,24.375,24.450000762939453,23.165000915527344,23.19499969482422,135374200
2024-01-09,23.9013729095459,24.53499984741211,24.704999923706055,23.80500030517578,23.829999923706055,148431600
2024-01-10,24.37384796142578,25.020000457763672,25.204999923706055,24.420000076293945,24.584999084472656,147621000
2024-01-11,24.490745544433594,25.139999389648438,25.485000610351562,24.200000762939453,25.225000381469727,190228400
2024-01-12,24.519973754882812,25.170000076293945,25.489999771118164,24.920000076293945,25.334999084472656,128214000
2024-01-16,24.505361557006836,25.155000686645508,25.454999923706055,24.665000915527344,24.940000534057617,145874000
2024-01-17,24.081594467163086,24.719999313354492,24.795000076293945,23.934999465942383,24.53499984741211,166554600
2024-01-18,25.114219665527344,25.780000686645508,25.860000610351562,25.05500030517578,25.295000076293945,182140800
2024-01-19,26.56574058532715,27.270000457763672,27.309999465942383,26.049999237060547,26.15999984741211,186359400
2024-01-22,26.67289924621582,27.3799991607666,27.959999084472656,27.2549991607666,27.704999923706055,149656600
2024-01-23,26.989501953125,27.704999923706055,27.739999771118164,27.139999389648438,27.5049991607666,112172000
2024-01-24,27.432758331298828,28.15999984741211,28.950000762939453,28.059999465942383,28.475000381469727,179718600
2024-01-25,27.51068878173828,28.239999771118164,28.764999389648438,27.760000228881836,28.6299991607666,151395200
2024-01-26,27.00411605834961,27.719999313354492,28.19499969482422,27.59000015258789,27.84000015258789,128382600
2024-01-29,27.798070907592773,28.53499984741211,28.600000381469727,27.670000076293945,27.80500030517578,115977200
2024-01-30,27.2427921295166,27.96500015258789,28.459999084472656,27.799999237060547,28.344999313354492,119554400
2024-01-31,25.64027214050293,26.31999969482422,27.489999771118164,26.290000915527344,27.094999313354492,203451600
2024-02-01,26.54625701904297,27.25,27.31999969482422,26.454999923706055,26.645000457763672,162261400
2024-02-02,27.88087272644043,28.6200008392334,28.84000015258789,27.395000457763672,27.59000015258789,198505000
2024-02-05,27.739620208740234,28.475000381469727,28.709999084472656,27.78499984741211,28.594999313354492,139947800
2024-02-06,27.578880310058594,28.309999465942383,28.81999969482422,27.81999969482422,28.690000534057617,140124200
2024-02-07,28.402061462402344,29.155000686645508,29.329999923706055,28.584999084472656,28.844999313354492,131823400
2024-02-08,28.51896095275879,29.274999618530273,29.44499969482422,29.010000228881836,29.155000686645508,98922200
2024-02-09,29.356752395629883,30.135000228881836,30.30500030517578,29.354999542236328,29.514999389648438,110222000
2024-02-12,29.01091766357422,29.780000686645508,30.56999969482422,29.639999389648438,30.104999542236328,116255000
2024-02-13,27.63733673095703,28.3700008392334,28.934999465942383,27.719999313354492,28.1200008392334,188933000
2024-02-14,28.51409339904785,29.270000457763672,29.375,28.43000030517578,28.899999618530273,156151400
2024-02-15,28.75275993347168,29.514999389648438,29.604999542236328,28.864999771118164,29.405000686645508,130057200
2024-02-16,27.963680267333984,28.704999923706055,29.604999542236328,28.55500030517578,29.579999923706055,151933000
2024-02-20,27.315853118896484,28.040000915527344,28.59000015258789,27.274999618530273,28.290000915527344,163321000
2024-02-21,26.97489356994629,27.690000534057617,27.709999084472656,26.90999984741211,27.485000610351562,152898600
2024-02-22,29.308040618896484,30.084999084472656,30.299999237060547,29.2450008392334,29.389999389648438,179279200
2024-02-23,29.040143966674805,29.809999465942383,30.610000610351562,29.610000610351562,30.415000915527344,140390800
2024-02-26,29.001174926757812,29.770000457763672,30.184999465942383,29.71500015258789,29.969999313354492,109875400
2024-02-27,29.181398391723633,29.954999923706055,30.045000076293945,29.434999465942383,29.979999542236328,109399800
2024-02-28,28.70892333984375,29.469999313354492,29.764999389648438,29.274999618530273,29.514999389648438,123503400
2024-02-29,29.40058708190918,30.18000030517578,30.424999237060547,29.389999389648438,30.040000915527344,136959800
2024-03-01,30.74981689453125,31.565000534057617,31.7549991607666,30.364999771118164,30.375,140959600
2024-03-04,30.384506225585938,31.190000534057617,31.639999389648438,31.155000686645508,31.545000076293945,120418600
2024-03-05,28.75762939453125,29.520000457763672,30.549999237060547,29.010000228881836,30.549999237060547,193207000
2024-03-06,29.288562774658203,30.065000534057617,30.71500015258789,29.674999237060547,30.3700008392334,181677400
2024-03-07,30.59395408630371,31.405000686645508,31.65999984741211,30.454999923706055,30.774999618530273,142370800
2024-03-08,29.25446128845215,30.030000686645508,32.064998626708984,29.885000228881836,31.459999084472656,296451200
2024-03-11,28.913501739501953,29.68000030517578,29.940000534057617,29.280000686645508,29.704999923706055,146770000
2024-03-12,30.140960693359375,30.940000534057617,31.020000457763672,29.479999542236328,30.145000457763672,170560000
2024-03-13,29.439552307128906,30.219999313354492,30.729999542236328,29.985000610351562,30.719999313354492,143779800
2024-03-14,29.20088005065918,29.975000381469727,30.549999237060547,29.395000457763672,30.434999465942383,162480400
2024-03-15,28.1341609954834,28.8799991607666,29.459999084472656,28.645000457763672,29.344999313354492,140883800
2024-03-18,28.928115844726562,29.69499969482422,30.399999618530273,29.645000457763672,29.940000534057617,129193800
2024-03-19,29.12782096862793,29.899999618530273,29.989999771118164,28.84000015258789,29.270000457763672,118810000
2024-03-20,30.161724090576172,30.850000381469727,30.915000915527344,29.68000030517578,30.03499984741211,156556000
2024-03-21,30.55280113220215,31.25,31.975000381469727,31.209999084472656,31.875,126541800
2024-03-22,30.61635398864746,31.315000534057617,31.584999084472656,30.950000762939453,31.135000228881836,91574800
2024-03-25,30.303489685058594,30.9950008392334,31.315000534057617,30.530000686645508,30.739999771118164,86669400
2024-03-26,30.019962310791016,30.704999923706055,31.5049991607666,30.639999389648438,31.30500030517578,93986000
2024-03-27,30.283937454223633,30.975000381469727,31.315000534057617,30.354999542236328,31.28499984741211,111388600
2024-03-28,30.093286514282227,30.780000686645508,31.114999771118164,30.700000762939453,30.94499969482422,87023400
2024-04-01,30.279048919677734,30.969999313354492,31.4950008392334,30.559999465942383,30.959999084472656,112290600
2024-04-02,29.46756362915039,30.139999389648438,30.209999084472656,29.5,29.934999465942383,109672800
2024-04-03,29.66310691833496,30.34000015258789,30.729999542236328,29.690000534057617,29.700000762939453,111683800
2024-04-04,28.2650089263916,28.90999984741211,31.30500030517578,28.8700008392334,31.174999237060547,167520400
2024-04-05,29.262250900268555,29.93000030517578,30.46500015258789,29.030000686645508,29.200000762939453,154897200
2024-04-08,29.28180503845215,29.950000762939453,30.329999923706055,29.655000686645508,30.104999542236328,89725400
2024-04-09,29.58488655090332,30.260000228881836,30.469999313354492,29.290000915527344,30.405000686645508,119965000
2024-04-10,28.80762481689453,29.46500015258789,29.639999389648438,29.030000686645508,29.18000030517578,202080600
2024-04-11,30.161724090576172,30.850000381469727,31.030000686645508,29.34000015258789,29.80500030517578,146931200
2024-04-12,28.70496940612793,29.360000610351562,30.174999237060547,29.059999465942383,29.940000534057617,172589800
2024-04-15,27.262876510620117,27.885000228881836,30.114999771118164,27.719999313354492,30.100000381469727,203656200
2024-04-16,27.267765045166016,27.889999389648438,28.405000686645508,27.6200008392334,27.844999313354492,163766200
2024-04-17,26.2558536529541,26.854999542236328,28.274999618530273,26.674999237060547,28.270000457763672,171026400
2024-04-18,25.786563873291016,26.375,27.280000686645508,26.2549991607666,26.94499969482422,172781600
2024-04-19,24.18804168701172,24.739999771118164,26.235000610351562,24.424999237060547,26.139999389648438,250807600
2024-04-22,24.891979217529297,25.459999084472656,25.885000228881836,24.584999084472656,25.190000534057617,142604800
2024-04-23,26.00165557861328,26.594999313354492,26.809999465942383,25.7450008392334,25.809999465942383,151835000
2024-04-24,26.2558536529541,26.854999542236328,27.454999923706055,26.415000915527344,27.15999984741211,144316800
2024-04-25,25.83544921875,26.424999237060547,26.594999313354492,25.239999771118164,25.450000762939453,172827200
2024-04-26,27.023340225219727,27.639999389648438,27.934999465942383,26.885000228881836,27.014999389648438,135994600
2024-04-29,27.345977783203125,27.969999313354492,28.165000915527344,27.440000534057617,28.040000915527344,102355000
2024-04-30,25.78167724609375,26.3700008392334,27.924999237060547,26.364999771118164,27.649999618530273,125248600
2024-05-01,25.224390029907227,25.799999237060547,27.399999618530273,25.635000228881836,26.075000762939453,208076800
2024-05-02,26.158084869384766,26.7549991607666,26.924999237060547,25.600000381469727,26.459999084472656,124829800
2024-05-03,27.717498779296875,28.350000381469727,28.55500030517578,27.864999771118164,28.165000915527344,150878000
2024-05-06,28.626754760742188,29.280000686645508,29.299999237060547,28.559999465942383,28.709999084472656,82530800
2024-05-07,28.626754760742188,29.280000686645508,29.614999771118164,29.139999389648438,29.360000610351562,93320400
2024-05-08,28.572980880737305,29.225000381469727,29.510000228881836,28.725000381469727,28.75,78027200
2024-05-09,28.72941017150879,29.385000228881836,29.5,28.875,29.25,81439200
2024-05-10,28.924949645996094,29.584999084472656,30.03499984741211,29.270000457763672,29.68000030517578,92669600
2024-05-13,29.1156005859375,29.780000686645508,29.985000610351562,29.489999771118164,29.959999084472656,67722000
2024-05-14,29.658212661743164,30.334999084472656,30.450000762939453,29.639999389648438,29.68000030517578,92952800
2024-05-15,31.0269775390625,31.735000610351562,31.809999465942383,30.530000686645508,30.844999313354492,130481400
2024-05-16,30.836332321166992,31.540000915527344,32.099998474121094,31.4950008392334,31.68000030517578,87715200
2024-05-17,30.76789093017578,31.469999313354492,31.68000030517578,31.010000228881836,31.545000076293945,70099600
2024-05-20,31.40338706970215,32.119998931884766,32.26499938964844,31.475000381469727,31.510000228881836,74539000
2024-05-21,31.564708709716797,32.28499984741211,32.334999084472656,31.674999237060547,31.719999313354492,62314000
2024-05-22,31.54515266418457,32.26499938964844,32.5,31.709999084472656,32.345001220703125,80039400
2024-05-23,31.07586669921875,31.78499984741211,33.255001068115234,31.399999618530273,33.25,130877800
2024-05-24,31.94601058959961,32.67499923706055,32.94499969482422,31.969999313354492,32.125,82558000
2024-05-28,32.2930908203125,33.029998779296875,33.04999923706055,32.400001525878906,32.93000030517578,83186400
2024-05-29,31.618484497070312,32.34000015258789,32.720001220703125,32.099998474121094,32.119998931884766,79282200
2024-05-30,30.6016845703125,31.299999237060547,32.150001525878906,30.9950008392334,32.125,84703600
2024-05-31,30.567466735839844,31.264999389648438,31.44499969482422,29.479999542236328,31.299999237060547,143746400
2024-06-03,30.86566162109375,31.56999969482422,32.07500076293945,30.479999542236328,31.864999771118164,111435000
2024-06-04,31.095420837402344,31.80500030517578,32.064998626708984,31.135000228881836,31.5,88491800
2024-06-05,32.97257614135742,33.724998474121094,33.7400016784668,32.32500076293945,32.560001373291016,104871400
2024-06-06,32.933475494384766,33.685001373291016,33.939998626708984,33.42499923706055,33.869998931884766,73031200
2024-06-07,32.8112678527832,33.560001373291016,34.165000915527344,33.310001373291016,33.560001373291016,89943400
2024-06-10,33.1583366394043,33.915000915527344,34.029998779296875,33.2400016784668,33.29499816894531,72041800
2024-06-11,33.84272766113281,34.6150016784668,34.65999984741211,33.33000183105469,33.65999984741211,71386800
2024-06-12,35.17727279663086,35.97999954223633,36.5099983215332,35.36000061035156,35.505001068115234,124402600
2024-06-13,35.739444732666016,36.55500030517578,36.94499969482422,36.03499984741211,36.78499984741211,87285000
2024-06-14,36.25761795043945,37.084999084472656,37.10499954223633,36.3650016784668,36.474998474121094,71555000
2024-06-17,37.57261657714844,38.43000030517578,38.86000061035156,36.834999084472656,37.13999938964844,93354600
2024-06-18,37.592166900634766,38.45000076293945,38.6150016784668,38.029998779296875,38.415000915527344,66433200
2024-06-20,36.70735549926758,37.54499816894531,38.83000183105469,37.11000061035156,38.72999954223633,105455000
2024-06-21,36.37005615234375,37.20000076293945,37.76499938964844,36.86000061035156,37.45000076293945,77341800
2024-06-24,35.13816452026367,35.939998626708984,37.314998626708984,35.900001525878906,36.90999984741211,93754600
2024-06-25,36.311397552490234,37.13999938964844,37.21500015258789,36.185001373291016,36.39500045776367,77675000
2024-06-26,36.53860092163086,37.22999954223633,37.349998474121094,36.70500183105469,36.79999923706055,72549600
2024-06-27,36.8035774230957,37.5,37.849998474121094,36.959999084472656,37.15999984741211,74115400
2024-06-28,36.22453689575195,36.90999984741211,38.76499938964844,36.724998474121094,37.64500045776367,107803000
2024-07-01,36.81829833984375,37.51499938964844,37.64500045776367,36.209999084472656,37.08000183105469,86557400
2024-07-02,37.94694900512695,38.665000915527344,38.689998626708984,37.119998931884766,37.14500045776367,74950200
2024-07-03,38.879302978515625,39.6150016784668,39.654998779296875,38.474998474121094,38.474998474121094,56150400
2024-07-05,40.05701446533203,40.814998626708984,40.92499923706055,39.71500015258789,39.78499984741211,79624600
2024-07-08,40.32200241088867,41.084999084472656,41.23500061035156,40.63999938964844,40.904998779296875,73365600
2024-07-09,40.41033172607422,41.17499923706055,41.744998931884766,40.810001373291016,41.459999084472656,72033600
2024-07-10,41.67637252807617,42.46500015258789,42.599998474121094,41.334999084472656,41.65999984741211,77554800
2024-07-11,38.93818283081055,39.67499923706055,42.529998779296875,39.349998474121094,42.48500061035156,149329000
2024-07-12,39.57120895385742,40.31999969482422,41.470001220703125,39.650001525878906,39.755001068115234,101019800
2024-07-15,39.865638732910156,40.619998931884766,41.810001373291016,40.1150016784668,40.73500061035156,109900400
2024-07-16,39.89508056640625,40.650001525878906,41.17499923706055,39.869998931884766,40.970001220703125,83637600
2024-07-17,36.386470794677734,37.07500076293945,38.78499984741211,37.04499816894531,38.665000915527344,142840000
2024-07-18,35.84177780151367,36.52000045776367,37.959999084472656,35.775001525878906,37.904998779296875,131678400
2024-07-19,34.87016677856445,35.529998779296875,36.98500061035156,35.220001220703125,36.400001525878906,118249600
2024-07-22,36.39138412475586,37.08000183105469,37.314998626708984,36.060001373291016,36.82500076293945,112808600
2024-07-23,35.998802185058594,36.68000030517578,37.564998626708984,36.56999969482422,36.8650016784668,87127000
2024-07-24,32.11725616455078,32.724998474121094,35.189998626708984,32.525001525878906,35.1150016784668,159575200
2024-07-25,31.047500610351562,31.635000228881836,33.66999816894531,31.065000534057617,32.779998779296875,188128000
2024-07-26,31.935693740844727,32.540000915527344,33.16999816894531,31.889999389648438,32.5,137407000
2024-07-29,32.122161865234375,32.72999954223633,33.595001220703125,32.2599983215332,33.1349983215332,115640800
2024-07-30,30.811960220336914,31.395000457763672,33.29499816894531,30.670000076293945,33.13999938964844,143063600
2024-07-31,33.50597381591797,34.13999938964844,34.5,33.189998626708984,33.4900016784668,173408400
2024-08-01,31.091665267944336,31.68000030517578,35.11000061035156,30.850000381469727,34.290000915527344,210693200
2024-08-02,28.824565887451172,29.3700008392334,30.360000610351562,28.5,29.825000762939453,209844000
2024-08-05,26.312105178833008,26.809999465942383,28.094999313354492,24.399999618530273,24.665000915527344,287924400
2024-08-06,26.969661712646484,27.479999542236328,28.875,26.56999969482422,27.065000534057617,192909400
2024-08-07,26.101097106933594,26.594999313354492,29.2549991607666,26.5,28.78499984741211,182751600
2024-08-08,28.490877151489258,29.030000686645508,29.174999237060547,27.0049991607666,27.725000381469727,152879200
2024-08-09,28.8785400390625,29.424999237060547,29.764999389648438,28.5,28.719999313354492,125592400
2024-08-12,29.074827194213867,29.625,30.200000762939453,29.05500030517578,29.614999771118164,108972600
2024-08-13,31.189807891845703,31.780000686645508,31.854999542236328,30.450000762939453,30.479999542236328,108962800
2024-08-14,31.243785858154297,31.834999084472656,32.31999969482422,30.934999465942383,31.9950008392334,124710600
2024-08-15,33.594303131103516,34.22999954223633,34.314998626708984,32.994998931884766,33.064998626708984,106424800
2024-08-16,33.68263244628906,34.31999969482422,34.630001068115234,33.595001220703125,33.810001373291016,89675200
2024-08-19,34.987937927246094,35.650001525878906,35.67499923706055,33.94499969482422,34.34000015258789,91599800
2024-08-20,34.77201843261719,35.43000030517578,36.029998779296875,35.04499816894531,35.45000076293945,97859000
2024-08-21,35.248016357421875,35.915000915527344,36.33000183105469,35.209999084472656,35.59000015258789,103000800
2024-08-22,33.555049896240234,34.189998626708984,36.58000183105469,33.959999084472656,36.43000030517578,127496400
2024-08-23,34.610084533691406,35.26499938964844,35.86000061035156,34.25,35.099998474121094,128753200
2024-08-26,33.594303131103516,34.22999954223633,35.334999084472656,33.76499938964844,35.1349983215332,84981400
2024-08-27,33.87892532348633,34.52000045776367,34.75,33.42499923706055,33.8650016784668,71532600
2024-08-28,32.73064422607422,33.349998474121094,34.560001373291016,32.58000183105469,34.400001525878906,118625800
2024-08-29,32.55889892578125,33.17499923706055,34.71500015258789,32.89500045776367,33.724998474121094,120033600
2024-08-30,33.667911529541016,34.30500030517578,34.435001373291016,33.09000015258789,34.060001373291016,92946800
2024-09-03,30.596040725708008,31.174999237060547,33.65999984741211,30.645000457763672,33.630001068115234,147572600
2024-09-04,30.335968017578125,30.90999984741211,31.684999465942383,30.325000762939453,30.520000457763672,96798400
2024-09-05,30.434106826782227,31.010000228881836,31.860000610351562,30.360000610351562,30.56999969482422,110171600
2024-09-06,27.96581268310547,28.4950008392334,30.985000610351562,28.360000610351562,30.80500030517578,169904600
2024-09-09,29.006128311157227,29.55500030517578,29.7450008392334,28.670000076293945,29.28499984741211,110835000
2024-09-10,29.786365509033203,30.350000381469727,30.459999084472656,29.100000381469727,29.889999389648438,91582400
2024-09-11,31.685426712036133,32.28499984741211,32.474998474121094,28.885000228881836,30.59000015258789,163475200
2024-09-12,32.62269592285156,33.2400016784668,33.44499969482422,31.94499969482422,32.314998626708984,109802600
2024-09-13,33.04961013793945,33.67499923706055,33.935001373291016,33.025001525878906,33.07500076293945,87966600
2024-09-16,32.60797119140625,33.224998474121094,33.35499954223633,32.51499938964844,33.209999084472656,82331000
2024-09-17,32.62759780883789,33.244998931884766,34.130001068115234,32.73500061035156,33.849998474121094,103114400
2024-09-18,32.200679779052734,32.810001373291016,34.380001068115234,32.69499969482422,33.5099983215332,166396200
2024-09-19,34.634620666503906,35.290000915527344,35.900001525878906,34.70500183105469,35.150001525878906,114801400
2024-09-20,34.41380310058594,35.064998626708984,35.34000015258789,34.154998779296875,35.07500076293945,96759600
2024-09-23,34.668975830078125,35.32500076293945,35.57500076293945,35.02000045776367,35.310001373291016,69837000
2024-09-24,35.159690856933594,35.82500076293945,36.04499816894531,34.689998626708984,35.63999938964844,81259600
2024-09-25,35.28276062011719,35.834999084472656,36.244998931884766,35.529998779296875,35.56999969482422,64724800
2024-09-26,36.03105545043945,36.595001220703125,37.53499984741211,35.790000915527344,37.459999084472656,107003200
2024-09-27,35.4107551574707,35.96500015258789,36.83000183105469,35.69499969482422,36.810001373291016,82930600
2024-09-30,35.68644332885742,36.244998931884766,36.310001373291016,35.09000015258789,35.72999954223633,85862800
2024-10-01,34.17509841918945,34.709999084472656,36.21500015258789,33.849998474121094,36.13999938964844,134760200
2024-10-02,34.3031005859375,34.84000015258789,35.27000045776367,33.935001373291016,34.505001068115234,79119400
2024-10-03,34.224327087402344,34.7599983215332,35.404998779296875,34.19499969482422,34.3650016784668,97749400
2024-10-04,35.430450439453125,35.98500061035156,36.08000183105469,34.88999938964844,36.0,110700400
2024-10-07,34.26370620727539,34.79999923706055,35.790000915527344,34.529998779296875,35.525001525878906,82403400
2024-10-08,35.75044631958008,36.310001373291016,36.4900016784668,35.154998779296875,35.33000183105469,77914000
2024-10-09,36.61195755004883,37.185001373291016,37.314998626708984,36.029998779296875,36.2599983215332,78696200
2024-10-10,36.48396301269531,37.05500030517578,37.474998474121094,36.36000061035156,36.65999984741211,86060600
2024-10-11,36.57749557495117,37.150001525878906,37.400001525878906,36.45000076293945,36.584999084472656,70735200
2024-10-14,37.512855529785156,38.099998474121094,38.40999984741211,37.60499954223633,37.720001220703125,67691200
2024-10-15,36.01628112792969,36.58000183105469,38.32500076293945,36.06999969482422,38.17499923706055,106307600
2024-10-16,35.996585845947266,36.560001373291016,36.744998931884766,35.834999084472656,36.619998931884766,70784200
2024-10-17,36.10489273071289,36.66999816894531,37.79999923706055,36.625,37.790000915527344,97697800
2024-10-18,36.744876861572266,37.31999969482422,37.57500076293945,37.064998626708984,37.22999954223633,64151600
2024-10-21,36.946720123291016,37.525001525878906,37.709999084472656,36.59000015258789,37.029998779296875,74995800
2024-10-22,37.055015563964844,37.6349983215332,37.974998474121094,36.72999954223633,36.904998779296875,76308000
2024-10-23,35.34183883666992,35.89500045776367,37.23500061035156,35.13999938964844,37.084999084472656,118172200
2024-10-24,36.18366241455078,36.75,36.900001525878906,36.119998931884766,36.709999084472656,78612800
2024-10-25,36.79410171508789,37.369998931884766,38.5,37.19499969482422,37.349998474121094,114826000
2024-10-28,36.82856369018555,37.404998779296875,38.095001220703125,37.33000183105469,38.095001220703125,69162200
2024-10-29,37.84761428833008,38.439998626708984,38.72999954223633,37.03499984741211,37.46500015258789,78545200
2024-10-30,37.00579071044922,37.584999084472656,38.4900016784668,37.470001220703125,38.275001525878906,80473200
2024-10-31,34.18986892700195,34.724998474121094,36.665000915527344,34.71500015258789,36.654998779296875,138905200
2024-11-01,34.91846466064453,35.46500015258789,36.18000030517578,34.98500061035156,35.040000915527344,96678800
2024-11-04,34.59354782104492,35.1349983215332,35.880001068115234,34.755001068115234,35.31999969482422,82214400
2024-11-05,35.90797805786133,36.470001220703125,36.619998931884766,35.459999084472656,35.474998474121094,79352600
2024-11-06,38.822357177734375,39.43000030517578,39.61000061035156,38.095001220703125,38.33000183105469,118794200
2024-11-07,40.6389274597168,41.275001525878906,41.46500015258789,40.04999923706055,40.08000183105469,99545200
2024-11-08,40.737388610839844,41.375,41.55500030517578,40.95500183105469,41.11000061035156,70060000
2024-11-11,40.66353988647461,41.29999923706055,41.71500015258789,40.59000015258789,41.665000915527344,70806000
2024-11-12,40.44200897216797,41.07500076293945,41.48500061035156,40.32500076293945,41.27000045776367,68286000
2024-11-13,40.2647819519043,40.89500045776367,41.54499816894531,40.34000015258789,40.93000030517578,74989000
2024-11-14,39.41311264038086,40.029998779296875,41.01499938964844,39.810001373291016,40.79499816894531,77651400
2024-11-15,36.562721252441406,37.1349983215332,38.724998474121094,36.64500045776367,38.6349983215332,120601600
2024-11-18,37.301170349121094,37.8849983215332,38.369998931884766,37.154998779296875,37.46500015258789,77551200
2024-11-19,38.049461364746094,38.64500045776367,38.775001525878906,37.209999084472656,37.275001525878906,80088200
2024-11-20,38.00514602661133,38.599998474121094,38.64500045776367,37.05500030517578,38.57500076293945,101260600
2024-11-21,38.37929153442383,38.97999954223633,39.439998626708984,37.279998779296875,39.275001525878906,109865600
2024-11-22,38.52206039428711,39.125,39.30500030517578,38.439998626708984,38.81999969482422,79934800
2024-11-25,38.69928741455078,39.30500030517578,40.435001373291016,38.77000045776367,40.08000183105469,91515800
2024-11-26,39.29988098144531,39.915000915527344,40.125,39.44499969482422,39.64500045776367,69747200
2024-11-27,38.34975814819336,38.95000076293945,39.654998779296875,38.165000915527344,39.64500045776367,78463600
2024-11-29,39.32941818237305,39.94499969482422,40.084999084472656,38.92499923706055,39.064998626708984,40865800
2024-12-02,40.60446548461914,41.2400016784668,41.474998474121094,40.14500045776367,40.2400016784668,73638200
2024-12-03,40.96384048461914,41.60499954223633,41.665000915527344,40.76499938964844,40.900001525878906,84810800
2024-12-04,42.46041488647461,43.125,43.185001373291016,42.255001068115234,42.435001373291016,69992600
2024-12-05,42.11088943481445,42.77000045776367,43.31999969482422,42.66999816894531,43.125,54020400
2024-12-06,43.193939208984375,43.869998931884766,43.935001373291016,42.86000061035156,42.88999938964844,62740600
2024-12-09,42.184730529785156,42.845001220703125,43.83000183105469,42.540000915527344,43.625,69577600
2024-12-10,41.726898193359375,42.380001068115234,43.560001373291016,42.025001525878906,43.125,71541600
2024-12-11,43.95699691772461,44.64500045776367,44.810001373291016,43.34000015258789,43.439998626708984,74897800
2024-12-12,43.08563232421875,43.7599983215332,44.3849983215332,43.63999938964844,44.064998626708984,66348400
2024-12-13,44.01114273071289,44.70000076293945,45.3849983215332,43.92499923706055,44.709999084472656,79663600
2024-12-16,45.926170349121094,46.64500045776367,46.89500045776367,45.334999084472656,45.36000061035156,69967600
2024-12-17,45.3108024597168,46.02000045776367,46.45500183105469,45.584999084472656,46.165000915527344,69168200
2024-12-18,40.412471771240234,41.04499816894531,46.28499984741211,40.64500045776367,45.82500076293945,134849200
2024-12-19,39.84141540527344,40.46500015258789,42.26499938964844,40.375,42.1349983215332,113317600
2024-12-20,40.87522888183594,41.51499938964844,42.93000030517578,39.25,39.529998779296875,145241000
2024-12-23,42.013736724853516,42.529998779296875,42.619998931884766,40.915000915527344,41.724998474121094,83645800
2024-12-24,43.6832275390625,44.220001220703125,44.2400016784668,42.81999969482422,42.974998474121094,48139600
2024-12-26,43.58938217163086,44.125,44.540000915527344,43.29499816894531,43.810001373291016,59062000
2024-12-27,41.8161735534668,42.33000183105469,43.29499816894531,41.13999938964844,43.185001373291016,102139000
2024-12-30,40.13680648803711,40.630001068115234,41.529998779296875,39.70500183105469,40.599998474121094,102844000
2024-12-31,39.0847282409668,39.564998626708984,41.08000183105469,39.34000015258789,40.900001525878906,105177600
2025-01-02,38.83776092529297,39.314998626708984,40.80500030517578,38.26499938964844,40.27000045776367,141370600
2025-01-03,40.69988250732422,41.20000076293945,41.45500183105469,39.810001373291016,39.994998931884766,92431600
2025-01-06,42.08782958984375,42.60499954223633,43.42499923706055,42.01499938964844,42.48500061035156,92050000
2025-01-07,39.8206901550293,40.310001373291016,42.94499969482422,39.85499954223633,42.86000061035156,111021000
2025-01-08,39.85032272338867,40.34000015258789,40.70500183105469,39.220001220703125,40.279998779296875,96021200
2025-01-10,37.948692321777344,38.415000915527344,39.40999984741211,37.6150016784668,39.400001525878906,145651600
2025-01-13,37.55354309082031,38.01499938964844,38.099998474121094,36.66999816894531,37.025001525878906,113382000
2025-01-14,37.42018127441406,37.880001068115234,39.029998779296875,37.095001220703125,38.7400016784668,125271000
2025-01-15,39.94910430908203,40.439998626708984,40.73500061035156,39.29999923706055,39.654998779296875,106919200
2025-01-16,39.13412094116211,39.6150016784668,41.025001525878906,39.599998474121094,41.005001068115234,93055400
2025-01-17,41.065399169921875,41.56999969482422,41.970001220703125,40.91999816894531,41.845001220703125,87352200
2025-01-21,41.74700927734375,42.2599983215332,42.57500076293945,41.165000915527344,42.224998474121094,83451800
2025-01-22,43.36710739135742,43.900001525878906,44.45500183105469,43.35499954223633,43.41999816894531,86265400
2025-01-23,43.63383102416992,44.16999816894531,44.189998626708984,43.1349983215332,43.27000045776367,60481000
2025-01-24,42.848487854003906,43.375,44.415000915527344,43.005001068115234,44.21500015258789,72479200
2025-01-27,39.08966827392578,39.56999969482422,40.51499938964844,38.59000015258789,38.790000915527344,161821600
2025-01-28,40.8233642578125,41.32500076293945,41.584999084472656,39.0,39.790000915527344,101033400
2025-01-29,40.57146072387695,41.06999969482422,41.4900016784668,40.130001068115234,41.45500183105469,118481200
2025-01-30,41.0802116394043,41.584999084472656,42.29499816894531,40.43000030517578,41.73500061035156,115171000
2025-01-31,40.85793685913086,41.36000061035156,43.54499816894531,41.09000015258789,42.459999084472656,118146600
2025-02-03,39.870079040527344,40.36000061035156,40.994998931884766,38.66999816894531,39.26499938964844,153257000
2025-02-04,41.317298889160156,41.82500076293945,41.970001220703125,40.3650016784668,40.45500183105469,84634600
2025-02-05,41.855682373046875,42.369998931884766,42.40999984741211,40.880001068115234,41.17499923706055,79694800
2025-02-06,42.48297119140625,43.005001068115234,43.064998626708984,42.095001220703125,42.47999954223633,76431000
2025-02-07,40.862876892089844,41.3650016784668,43.595001220703125,41.17499923706055,43.130001068115234,110870400
2025-02-10,42.30021667480469,42.81999969482422,43.099998474121094,42.25,42.3650016784668,65594200
2025-02-11,41.998924255371094,42.51499938964844,42.994998931884766,42.005001068115234,42.03499984741211,62602800
2025-02-12,42.082889556884766,42.599998474121094,42.80500030517578,41.04999923706055,41.13999938964844,96986600
2025-02-13,43.856101989746094,44.39500045776367,44.47999954223633,42.790000915527344,42.9900016784668,92920200
2025-02-14,44.36979293823242,44.915000915527344,45.09000015258789,44.29999923706055,44.404998779296875,76057400
2025-02-18,44.646392822265625,45.19499969482422,45.375,44.375,45.314998626708984,68825200
2025-02-19,44.651329040527344,45.20000076293945,45.560001373291016,44.459999084472656,45.0,68515800
2025-02-20,44.10800552368164,44.650001525878906,45.1150016784668,43.44499969482422,45.025001525878906,80266000
2025-02-21,41.3469352722168,41.85499954223633,44.89500045776367,41.73500061035156,44.8849983215332,118627200
2025-02-24,39.860198974609375,40.349998474121094,42.525001525878906,40.25,42.25,106467400
2025-02-25,38.33890151977539,38.810001373291016,40.189998626708984,37.88999938964844,40.165000915527344,151194400
2025-02-26,38.58586120605469,39.060001373291016,40.224998474121094,38.345001220703125,39.290000915527344,126351400
2025-02-27,35.38519287109375,35.81999969482422,40.084999084472656,35.7400016784668,39.86000061035156,206751000
2025-02-28,37.00528335571289,37.459999084472656,37.584999084472656,35.040000915527344,35.72999954223633,186358000
2025-03-03,34.61465835571289,35.040000915527344,38.525001525878906,34.220001220703125,38.185001373291016,183891600
2025-03-04,34.23433303833008,34.654998779296875,36.3849983215332,33.005001068115234,34.380001068115234,261673800
2025-03-05,35.56794738769531,36.005001068115234,36.345001220703125,33.744998931884766,34.775001525878906,201266600
2025-03-06,32.619178771972656,33.02000045776367,35.25,32.584999084472656,34.19499969482422,245645400
2025-03-07,33.29587173461914,33.70500183105469,34.005001068115234,31.44499969482422,32.779998779296875,270354600
2025-03-10,29.5419921875,29.905000686645508,32.095001220703125,28.940000534057617,32.0,312271600
2025-03-11,29.19624137878418,29.55500030517578,30.924999237060547,28.684999465942383,29.700000762939453,278978600
2025-03-12,30.193979263305664,30.565000534057617,31.329999923706055,29.579999923706055,30.969999313354492,283837200
2025-03-13,28.54425048828125,28.895000457763672,30.424999237060547,28.520000457763672,30.399999618530273,242454600
2025-03-14,30.569364547729492,30.94499969482422,31.114999771118164,29.75,29.854999542236328,198217000
2025-03-17,31.16208267211914,31.545000076293945,32.13999938964844,30.575000762939453,30.940000534057617,180300800
2025-03-18,29.591384887695312,29.954999923706055,30.889999389648438,29.5049991607666,30.885000228881836,175652400
2025-03-19,30.74224281311035,31.1200008392334,31.954999923706055,29.969999313354492,30.34000015258789,185186400
2025-03-20,30.426124572753906,30.799999237060547,31.815000534057617,30.184999465942383,30.329999923706055,176818200
2025-03-21,30.712604522705078,31.09000015258789,31.209999084472656,29.53499984741211,29.764999389648438,160982000
2025-03-24,32.66363525390625,33.064998626708984,33.26499938964844,32.40999984741211,32.529998779296875,126823000
2025-03-25,33.24646759033203,33.654998779296875,33.685001373291016,33.04499816894531,33.2400016784668,111139400
2025-03-26,31.397682189941406,31.690000534057617,33.494998931884766,31.3799991607666,33.31999969482422,157006400
2025-03-27,30.86266326904297,31.149999618530273,32.1150016784668,30.875,31.299999237060547,144736000
2025-03-28,28.40553855895996,28.670000076293945,30.905000686645508,28.485000610351562,30.770000457763672,207264200
2025-03-31,28.385725021362305,28.649999618530273,28.815000534057617,26.520000457763672,27.360000610351562,213709000
2025-04-01,29.039634704589844,29.309999465942383,29.4950008392334,27.809999465942383,28.34000015258789,194196400
2025-04-02,29.688594818115234,29.96500015258789,30.600000381469727,28.045000076293945,28.094999313354492,246174800
2025-04-03,24.918010711669922,25.149999618530273,26.915000915527344,25.05500030517578,26.21500015258789,280231400
2025-04-04,20.35548973083496,20.545000076293945,23.389999389648438,20.514999389648438,22.9950008392334,516053400
2025-04-07,20.43474769592285,20.625,23.415000915527344,17.5,18.375,791455200
2025-04-08,19.27058982849121,19.450000762939453,23.405000686645508,18.549999237060547,22.69499969482422,502295400
2025-04-09,26.062353134155273,26.30500030517578,26.704999923706055,19.364999771118164,19.3799991607666,713864000
2025-04-10,22.857192993164062,23.06999969482422,24.670000076293945,20.78499984741211,24.34000015258789,563385400
2025-04-11,24.065942764282227,24.290000915527344,24.53499984741211,22.309999465942383,22.834999084472656,358585800
2025-04-14,24.571237564086914,24.799999237060547,26.024999618530273,24.03499984741211,25.950000762939453,294861400
2025-04-15,24.665363311767578,24.895000457763672,25.604999542236328,24.594999313354492,24.979999542236328,209340200
2025-04-16,22.43611717224121,22.645000457763672,24.0049991607666,21.579999923706055,23.415000915527344,269148800
2025-04-17,22.371715545654297,22.579999923706055,23.145000457763672,22.174999237060547,23.045000076293945,202191600
2025-04-21,20.736936569213867,20.93000030517578,21.81999969482422,20.1200008392334,21.684999465942383,229539400
2025-04-22,22.322175979614258,22.530000686645508,22.989999771118164,21.549999237060547,21.729999542236328,260222800
2025-04-23,23.803386688232422,24.024999618530273,25.415000915527344,23.815000534057617,24.6200008392334,303995400
2025-04-24,25.82952308654785,26.06999969482422,26.139999389648438,24.270000457763672,24.3700008392334,240615400
2025-04-25,26.68159294128418,26.93000030517578,27.03499984741211,25.739999771118164,26.020000457763672,226103200
2025-04-28,26.661775588989258,26.90999984741211,27.31999969482422,25.81999969482422,27.010000228881836,191356800
2025-04-29,27.18193244934082,27.434999465942383,27.584999084472656,26.415000915527344,26.520000457763672,169808000
2025-04-30,27.186885833740234,27.440000534057617,27.709999084472656,25.15999984741211,25.979999542236328,268446600
2025-05-01,28.1231689453125,28.385000228881836,29.44499969482422,28.315000534057617,28.780000686645508,205481600
2025-05-02,29.440898895263672,29.71500015258789,30.094999313354492,29.014999389648438,29.31999969482422,195097800
2025-05-05,28.93065071105957,29.200000762939453,29.75,28.850000381469727,28.950000762939453,138579000
2025-05-06,28.108306884765625,28.3700008392334,29.020000457763672,27.78499984741211,28.030000686645508,165885800
2025-05-07,28.43526268005371,28.700000762939453,29.1299991607666,27.545000076293945,28.479999542236328,207867200
2025-05-08,29.282377243041992,29.55500030517578,30.354999542236328,28.829999923706055,29.600000381469727,197621600
2025-05-09,29.213022232055664,29.485000610351562,30.135000228881836,29.165000915527344,29.899999618530273,146818800
2025-05-12,32.750091552734375,33.05500030517578,33.08000183105469,31.924999237060547,32.92499923706055,202490000
2025-05-13,34.25111770629883,34.56999969482422,34.93000030517578,33.18000030517578,33.334999084472656,170595400
2025-05-14,34.855491638183594,35.18000030517578,35.30500030517578,34.60499954223633,34.80500030517578,161184800
2025-05-15,34.964473724365234,35.290000915527344,35.845001220703125,34.46500015258789,34.7400016784668,161694800
2025-05-16,35.39546585083008,35.724998474121094,35.7599983215332,34.82500076293945,35.55500030517578,127627200
2025-05-19,35.48958969116211,35.81999969482422,35.93000030517578,34.21500015258789,34.23500061035156,143794200
2025-05-20,35.11804962158203,35.44499969482422,35.584999084472656,34.70000076293945,35.290000915527344,134069400
2025-05-21,33.65665054321289,33.970001220703125,35.994998931884766,33.59000015258789,34.619998931884766,219255200
2025-05-22,33.830039978027344,34.14500045776367,34.875,33.810001373291016,34.08000183105469,173542000
2025-05-23,32.8541259765625,33.15999984741211,33.66999816894531,32.43000030517578,32.54499816894531,214220800
2025-05-27,35.14281463623047,35.470001220703125,35.57500076293945,34.19499969482422,34.494998931884766,130539600
2025-05-28,34.69200897216797,35.01499938964844,35.970001220703125,34.88999938964844,35.66999816894531,132542600
2025-05-29,34.86044692993164,35.185001373291016,36.529998779296875,34.665000915527344,36.5,193248800
2025-05-30,34.677146911621094,35.0,35.29999923706055,33.52000045776367,35.064998626708984,187118200
2025-06-02,35.474727630615234,35.80500030517578,35.86000061035156,34.345001220703125,34.599998474121094,137925400
2025-06-03,36.30202102661133,36.63999938964844,36.939998626708984,35.70000076293945,35.880001068115234,128728400
2025-06-04,36.59429931640625,36.935001373291016,37.15999984741211,36.35499954223633,36.790000915527344,128889000
2025-06-05,35.74223709106445,36.07500076293945,37.82500076293945,35.650001525878906,37.224998474121094,198008800
2025-06-06,36.76273727416992,37.10499954223633,37.505001068115234,36.77000045776367,37.1349983215332,131215400
2025-06-09,36.926212310791016,37.27000045776367,37.619998931884766,36.91999816894531,37.154998779296875,100363800
2025-06-10,37.63957214355469,37.9900016784668,38.14500045776367,36.880001068115234,37.35499954223633,122693000
2025-06-11,37.25316619873047,37.599998474121094,38.540000915527344,37.11000061035156,38.29499816894531,181652000
2025-06-12,37.49591064453125,37.845001220703125,38.064998626708984,37.2599983215332,37.29999923706055,126110000
2025-06-13,36.07909393310547,36.415000915527344,37.44499969482422,36.1349983215332,36.54999923706055,210666200
2025-06-16,37.55040740966797,37.900001525878906,38.125,37.11000061035156,37.11000061035156,116668600
2025-06-17,36.44072723388672,36.779998779296875,37.689998626708984,36.540000915527344,37.34000015258789,135418200
2025-06-18,36.39118957519531,36.72999954223633,37.47999954223633,36.41999816894531,36.959999084472656,142661400
2025-06-20,35.89085006713867,36.224998474121094,37.665000915527344,35.86000061035156,37.380001068115234,163355000
2025-06-23,37.00547790527344,37.349998474121094,37.46500015258789,35.709999084472656,36.3650016784668,167572800
2025-06-24,38.689796447753906,39.04999923706055,39.255001068115234,38.33000183105469,38.45500183105469,113191600
2025-06-25,38.98686599731445,39.2400016784668,39.709999084472656,38.86000061035156,39.439998626708984,101438200
2025-06-26,40.054927825927734,40.314998626708984,40.42499923706055,39.310001373291016,39.709999084472656,100144200
2025-06-27,40.447383880615234,40.709999084472656,41.125,39.92499923706055,40.51499938964844,146023600
2025-06-30,41.23228073120117,41.5,41.744998931884766,40.915000915527344,41.400001525878906,113721400
2025-07-01,40.18408966064453,40.44499969482422,41.27000045776367,39.904998779296875,41.060001373291016,140390000
2025-07-02,40.98389434814453,41.25,41.29499816894531,40.21500015258789,40.22999954223633,100285000
2025-07-03,42.13144302368164,42.404998779296875,42.64500045776367,41.744998931884766,41.744998931884766,83484600
2025-07-07,41.19253921508789,41.459999084472656,41.98500061035156,40.900001525878906,41.79999923706055,139674800
2025-07-08,41.2471809387207,41.51499938964844,41.88999938964844,41.23500061035156,41.7400016784668,115515400
2025-07-09,42.10164260864258,42.375,42.69499969482422,41.67499923706055,41.98500061035156,117976200
2025-07-10,41.90789794921875,42.18000030517578,42.61000061035156,41.56999969482422,42.51499938964844,110317800
2025-07-11,41.589962005615234,41.86000061035156,42.224998474121094,41.375,41.65999984741211,106937600
2025-07-14,42.03208923339844,42.30500030517578,42.470001220703125,41.275001525878906,41.814998626708984,97311400
2025-07-15,42.14138412475586,42.415000915527344,43.334999084472656,42.400001525878906,43.21500015258789,123257600
2025-07-16,42.2606086730957,42.53499984741211,42.67499923706055,41.220001220703125,42.529998779296875,166357600
2025-07-17,43.244224548339844,43.525001525878906,43.65999984741211,42.5,42.685001373291016,97330800
2025-07-18,43.095191955566406,43.375,43.869998931884766,43.095001220703125,43.81999969482422,98496200
2025-07-21,43.75093460083008,44.03499984741211,44.4900016784668,43.560001373291016,43.57500076293945,87720400
2025-07-22,43.07034683227539,43.349998474121094,44.08000183105469,42.73500061035156,44.064998626708984,108345200
2025-07-23,43.63666915893555,43.91999816894531,43.939998626708984,42.95000076293945,43.59000015258789,118025200
2025-07-24,43.924800872802734,44.209999084472656,44.47999954223633,43.79999923706055,44.224998474121094,90378200
2025-07-25,44.17318344116211,44.459999084472656,44.790000915527344,43.9900016784668,44.154998779296875,79003200
2025-07-28,44.605384826660156,44.89500045776367,45.095001220703125,44.59000015258789,44.79499816894531,95592000
2025-07-29,44.40169906616211,44.689998626708984,45.814998626708984,44.4900016784668,45.494998931884766,116251200
2025-07-30,44.555702209472656,44.845001220703125,45.439998626708984,44.130001068115234,44.869998931884766,145527600
2025-07-31,43.82048034667969,44.10499954223633,46.375,43.83000183105469,46.35499954223633,178874600
2025-08-01,41.19253921508789,41.459999084472656,42.65999984741211,40.93000030517578,42.625,219781200
2025-08-04,43.447898864746094,43.72999954223633,43.78499984741211,42.58000183105469,42.61000061035156,108586000
2025-08-05,42.543766021728516,42.81999969482422,44.30500030517578,42.709999084472656,44.025001525878906,152088400
2025-08-06,44.13344192504883,44.41999816894531,44.53499984741211,42.904998779296875,43.01499938964844,128995200
2025-08-07,44.580543518066406,44.869998931884766,45.834999084472656,43.90999984741211,45.44499969482422,169239200
2025-08-08,45.782737731933594,46.08000183105469,46.13999938964844,45.04999923706055,45.119998931884766,104522600
2025-08-11,45.38035202026367,45.67499923706055,46.619998931884766,45.36000061035156,46.1150016784668,94617000
2025-08-12,47.05448532104492,47.36000061035156,47.44499969482422,45.564998626708984,46.209999084472656,119469600
2025-08-13,47.12403106689453,47.43000030517578,48.15999984741211,47.09000015258789,48.025001525878906,96058600
2025-08-14,46.994869232177734,47.29999923706055,47.79499816894531,46.81999969482422,46.91999816894531,106385800
2025-08-15,46.32918930053711,46.630001068115234,47.255001068115234,46.209999084472656,47.23500061035156,96167400
2025-08-18,46.26957702636719,46.56999969482422,46.72999954223633,46.1150016784668,46.400001525878906,73371400
2025-08-19,44.381832122802734,44.66999816894531,46.43000030517578,44.40999984741211,46.3849983215332,111118600
2025-08-20,43.57209396362305,43.85499954223633,44.44499969482422,42.189998626708984,44.415000915527344,164404200
2025-08-21,42.966026306152344,43.244998931884766,43.974998474121094,42.69499969482422,43.474998474121094,119920000
2025-08-22,44.89847946166992,45.189998626708984,45.65999984741211,43.185001373291016,43.5099983215332,132726400
2025-08-25,44.50602722167969,44.79499816894531,45.4900016784668,44.51499938964844,44.810001373291016,80452600
2025-08-26,45.022674560546875,45.314998626708984,45.3849983215332,44.41999816894531,44.654998779296875,84374600
2025-08-27,45.226348876953125,45.52000045776367,45.720001220703125,44.77000045776367,45.06999969482422,90055200
2025-08-28,46.05099105834961,46.349998474121094,46.55500030517578,45.255001068115234,45.63999938964844,90658000
2025-08-29,44.39176940917969,44.68000030517578,45.79499816894531,44.244998931884766,45.709999084472656,121887000
2025-09-02,43.25912094116211,43.540000915527344,43.619998931884766,42.125,42.55500030517578,166668000
2025-09-03,44.267574310302734,44.55500030517578,44.939998626708984,43.79499816894531,44.3650016784668,119929800
2025-09-04,45.46480178833008,45.7599983215332,45.83000183105469,44.310001373291016,44.70000076293945,101759600
2025-09-05,45.61383819580078,45.90999984741211,47.119998931884766,44.845001220703125,46.970001220703125,172625800
2025-09-08,46.26460647583008,46.564998626708984,47.04999923706055,46.31999969482422,46.45500183105469,101696800
2025-09-09,46.64215850830078,46.94499969482422,47.05500030517578,46.119998931884766,46.75,94620800
2025-09-10,46.69183349609375,46.994998931884766,47.72999954223633,46.470001220703125,47.724998474121094,120818800
2025-09-11,47.47673416137695,47.78499984741211,47.9900016784668,47.20500183105469,47.595001220703125,91247200
2025-09-12,48.06790542602539,48.380001068115234,48.685001373291016,47.76499938964844,47.97999954223633,92235200
2025-09-15,49.2949333190918,49.6150016784668,49.6349983215332,48.78499984741211,48.81999969482422,78114400
2025-09-16,49.160804748535156,49.47999954223633,49.904998779296875,49.30500030517578,49.834999084472656,77137200
2025-09-17,48.847835540771484,49.165000915527344,49.599998474121094,47.755001068115234,49.44499969482422,147697200
2025-09-18,50.16429138183594,50.4900016784668,51.185001373291016,49.89500045776367,50.380001068115234,123401600
2025-09-19,51.1578369140625,51.4900016784668,51.64500045776367,50.57500076293945,50.939998626708984,84365400
2025-09-22,52.0222282409668,52.36000061035156,52.540000915527344,51.209999084472656,51.209999084472656,81054600
2025-09-23,50.97403335571289,51.30500030517578,52.45000076293945,50.9900016784668,52.39500045776367,99930600
2025-09-24,50.426063537597656,50.70500183105469,51.68000030517578,49.994998931884766,51.60499954223633,101055600
2025-09-25,49.74980163574219,50.025001525878906,50.435001373291016,48.75,49.70000076293945,122820600
2025-09-26,50.346500396728516,50.625,50.689998626708984,49.369998931884766,50.20000076293945,124097400
2025-09-29,51.01778793334961,51.29999923706055,52.13999938964844,50.970001220703125,51.39500045776367,92393200
2025-09-30,51.415584564208984,51.70000076293945,51.78499984741211,50.61000061035156,51.20500183105469,92323800
2025-10-01,52.14156723022461,52.43000030517578,52.56999969482422,50.650001525878906,50.8650016784668,93996400
2025-10-02,52.77804946899414,53.06999969482422,53.41999816894531,52.33000183105469,53.404998779296875,89158600
2025-10-03,52.06201171875,52.349998474121094,53.435001373291016,51.880001068115234,53.220001220703125,103096400
2025-10-06,53.22557830810547,53.52000045776367,53.939998626708984,53.064998626708984,53.70000076293945,82476800
2025-10-07,52.365333557128906,52.654998779296875,54.029998779296875,52.2599983215332,53.849998474121094,100185800
2025-10-08,54.1405143737793,54.439998626708984,54.525001525878906,52.83000183105469,52.86000061035156,86931000
2025-10-09,53.92669677734375,54.224998474121094,54.47999954223633,53.380001068115234,54.439998626708984,87956200
2025-10-10,48.26799774169922,48.53499984741211,54.83000183105469,48.415000915527344,54.3650016784668,238009400
2025-10-13,51.3310546875,51.6150016784668,51.84000015258789,50.42499923706055,51.029998779296875,114511200
2025-10-14,50.28683090209961,50.564998626708984,51.76499938964844,48.53499984741211,49.8650016784668,147230000
2025-10-15,51.31613540649414,51.599998474121094,52.755001068115234,50.02000045776367,52.06999969482422,127069400
2025-10-16,50.744300842285156,51.025001525878906,53.165000915527344,49.875,52.34000015258789,159344000
2025-10-17,51.70896530151367,51.994998931884766,52.3849983215332,50.060001373291016,50.459999084472656,142274000
2025-10-20,53.64823913574219,53.94499969482422,54.2599983215332,52.775001525878906,52.80500030517578,79928800
2025-10-21,53.58856964111328,53.8849983215332,54.2400016784668,53.334999084472656,53.95000076293945,79811400
2025-10-22,52.012290954589844,52.29999923706055,53.869998931884766,50.790000915527344,53.724998474121094,134380800
2025-10-23,53.31508255004883,53.61000061035156,53.814998626708984,52.040000915527344,52.1349983215332,91245000
2025-10-24,54.97589111328125,55.279998779296875,55.630001068115234,54.76499938964844,54.994998931884766,84387600
2025-10-27,57.89474868774414,58.21500015258789,58.345001220703125,57.1349983215332,57.2599983215332,77489400
2025-10-28,59.217430114746094,59.54499816894531,60.040000915527344,58.529998779296875,58.82500076293945,92239400
2025-10-29,59.97325134277344,60.30500030517578,60.685001373291016,58.77000045776367,60.28499984741211,133060800
2025-10-30,57.22842788696289,57.54499816894531,59.66999816894531,57.51499938964844,59.29499816894531,127234200
2025-10-31,58.03894805908203,58.36000061035156,59.744998931884766,57.689998626708984,59.744998931884766,122666800
2025-11-03,58.83454513549805,59.15999984741211,60.209999084472656,58.540000915527344,60.0,83598000
2025-11-04,55.234466552734375,55.540000915527344,57.70500183105469,55.31999969482422,56.68000030517578,124762800
2025-11-05,56.30851745605469,56.619998931884766,57.5,54.970001220703125,55.34000015258789,109730000
2025-11-06,53.15098571777344,53.44499969482422,56.25,53.060001373291016,56.185001373291016,156461400
2025-11-07,52.59904098510742,52.88999938964844,52.91999816894531,49.97999954223633,52.5099983215332,183589400
2025-11-10,56.044979095458984,56.35499954223633,56.625,54.70500183105469,55.21500015258789,119878800
2025-11-11,55.58253479003906,55.88999938964844,56.209999084472656,54.79999923706055,55.6349983215332,102665600
2025-11-12,55.468170166015625,55.775001525878906,56.77000045776367,54.8650016784668,56.76499938964844,125708400
2025-11-13,52.0421257019043,52.33000183105469,54.939998626708984,51.70000076293945,54.78499984741211,201264400
2025-11-14,52.0818977355957,52.369998931884766,53.54499816894531,49.3849983215332,49.9900016784668,222397600
2025-11-17,50.744300842285156,51.025001525878906,53.314998626708984,50.05500030517578,51.70500183105469,186327000
2025-11-18,48.90945053100586,49.18000030517578,50.66999816894531,47.900001525878906,49.98500061035156,267348000
2025-11-19,49.74980163574219,50.025001525878906,51.57500076293945,48.71500015258789,49.32500076293945,184263600
2025-11-20,46.19447326660156,46.45000076293945,53.540000915527344,46.22999954223633,52.95000076293945,178246300
2025-11-21,47.21879959106445,47.47999954223633,49.099998474121094,45.2400016784668,46.849998474121094,179618600
2025-11-24,50.79900360107422,51.08000183105469,51.45000076293945,48.66999816894531,48.70000076293945,93894200
2025-11-25,51.723880767822266,52.0099983215332,52.36000061035156,49.08000183105469,50.63999938964844,101851900
2025-11-26,53.07640075683594,53.369998931884766,53.86000061035156,52.369998931884766,52.90999984741211,75598100
2025-11-28,54.23996353149414,54.540000915527344,54.61000061035156,53.630001068115234,53.81999969482422,34381600
2025-12-01,53.752655029296875,54.04999923706055,54.650001525878906,52.81999969482422,53.11000061035156,66359600
2025-12-02,54.995784759521484,55.29999923706055,55.7599983215332,54.13999938964844,54.630001068115234,79504400
2025-12-03,55.38364028930664,55.689998626708984,55.880001068115234,54.22999954223633,54.65999984741211,69844900
2025-12-04,55.204627990722656,55.5099983215332,56.04999923706055,54.61000061035156,56.040000915527344,63958000
2025-12-05,55.84111022949219,56.150001525878906,57.08000183105469,55.68000030517578,55.86000061035156,73206000
2025-12-08,55.4930305480957,55.79999923706055,57.040000915527344,55.119998931884766,56.56999969482422,69700000
2025-12-09,55.701873779296875,56.0099983215332,56.220001220703125,55.09000015258789,55.45000076293945,48736000
2025-12-10,56.338356018066406,56.650001525878906,57.09000015258789,54.88999938964844,55.650001525878906,100261100
2025-12-11,55.801326751708984,56.11000061035156,56.15999984741211,53.97999954223633,55.630001068115234,99683900
2025-12-12,52.52942657470703,52.81999969482422,55.52000045776367,52.22999954223633,55.11000061035156,138448500
2025-12-15,51.733829498291016,52.02000045776367,54.060001373291016,51.720001220703125,54.060001373291016,98696300
2025-12-16,52.0421257019043,52.33000183105469,52.77000045776367,51.099998474121094,51.43000030517578,105953700
2025-12-17,49.128238677978516,49.400001525878906,52.79999923706055,49.369998931884766,52.650001525878906,125606200
2025-12-18,51.22663116455078,51.5099983215332,52.459999084472656,50.97999954223633,51.66999816894531,109222100
2025-12-19,53.22557830810547,53.52000045776367,53.63999938964844,52.189998626708984,52.20000076293945,72957800
2025-12-22,53.951560974121094,54.25,54.88999938964844,53.880001068115234,54.810001373291016,64783100
2025-12-23,54.707374572753906,55.0099983215332,55.06999969482422,53.86000061035156,53.970001220703125,48197100
2025-12-24,55.14166259765625,55.36000061035156,55.45000076293945,54.779998779296875,54.869998931884766,25855000
2025-12-26,55.09185791015625,55.310001373291016,55.75,55.11000061035156,55.52000045776367,37244200
2025-12-29,54.27509307861328,54.4900016784668,54.9900016784668,53.91999816894531,54.290000915527344,50635300
2025-12-30,53.886627197265625,54.099998474121094,54.81999969482422,54.040000915527344,54.20000076293945,38976800
2025-12-31,52.5120735168457,52.720001220703125,54.20000076293945,52.63999938964844,54.130001068115234,57199400
2026-01-02,52.143531799316406,52.349998474121094,54.880001068115234,51.61000061035156,54.16999816894531,107226600
2026-01-05,53.38859939575195,53.599998474121094,54.33000183105469,53.290000915527344,53.95000076293945,77968000
2026-01-06,54.79303741455078,55.0099983215332,55.16999816894531,53.7400016784668,53.91999816894531,68915800
2026-01-07,54.95240783691406,55.16999816894531,56.189998626708984,54.77000045776367,54.88999938964844,65588300
2026-01-08,53.97627258300781,54.189998626708984,54.97999954223633,53.5,54.869998931884766,83760300
2026-01-09,55.540077209472656,55.7599983215332,56.099998474121094,53.790000915527344,54.38999938964844,78706300
2026-01-12,55.6695671081543,55.88999938964844,56.34000015258789,54.58000183105469,54.599998474121094,59673900
2026-01-13,55.380714416503906,55.599998474121094,56.5,54.959999084472656,55.90999984741211,88611000
2026-01-14,53.617698669433594,53.83000183105469,54.880001068115234,52.5,54.54999923706055,117421500
2026-01-15,54.16552734375,54.380001068115234,55.83000183105469,54.130001068115234,55.650001525878906,90483000
2026-01-16,53.92646789550781,54.13999938964844,55.459999084472656,53.58000183105469,55.31999969482422,75855900
2026-01-20,50.5299186706543,50.72999954223633,52.560001373291016,50.47999954223633,51.38999938964844,129209100
2026-01-21,52.52203369140625,52.72999954223633,53.79999923706055,50.66999816894531,51.06999969482422,150230100
2026-01-22,53.68741989135742,53.900001525878906,54.33000183105469,53.150001525878906,54.31999969482422,90992300
2026-01-23,54.16552734375,54.380001068115234,55.06999969482422,53.31999969482422,53.59000015258789,78066100
2026-01-26,54.86276626586914,55.08000183105469,55.630001068115234,54.209999084472656,54.470001220703125,58084300
2026-01-27,56.31700897216797,56.540000915527344,56.79999923706055,55.560001373291016,55.97999954223633,51981200
2026-01-28,56.834957122802734,57.060001373291016,58.0099983215332,56.72999954223633,57.70000076293945,76172100
2026-01-29,55.81897735595703,56.040000915527344,57.209999084472656,53.060001373291016,56.95000076293945,122642300
2026-01-30,53.787025451660156,54.0,55.709999084472656,53.31999969482422,55.02000045776367,110170700
2026-02-02,54.88268280029297,55.099998474121094,55.709999084472656,53.150001525878906,53.15999984741211,74665800
2026-02-03,52.31285858154297,52.52000045776367,55.7599983215332,51.08000183105469,55.63999938964844,129992200
2026-02-04,49.56374740600586,49.7599983215332,52.150001525878906,48.43000030517578,52.13999938964844,142536200
2026-02-05,47.45210647583008,47.63999938964844,49.529998779296875,47.060001373291016,48.38999938964844,158712900
2026-02-06,50.39047622680664,50.59000015258789,51.0099983215332,48.0,48.34000015258789,117934600
2026-02-09,51.53593826293945,51.7400016784668,52.27000045776367,49.439998626708984,50.060001373291016,71272700
2026-02-10,50.81877517700195,51.02000045776367,52.400001525878906,50.88999938964844,51.970001220703125,70660900
2026-02-11,51.19728088378906,51.400001525878906,52.5,50.040000915527344,52.209999084472656,92393800
2026-02-12,48.06966018676758,48.2599983215332,52.06999969482422,47.9900016784668,51.79999923706055,131150000
2026-02-13,48.27883529663086,48.470001220703125,49.59000015258789,47.18000030517578,48.150001525878906,123216600
2026-02-17,48.159305572509766,48.349998474121094,48.97999954223633,46.41999816894531,47.63999938964844,117089700
2026-02-18,49.19520568847656,49.38999938964844,50.36000061035156,48.20000076293945,48.529998779296875,81370800
2026-02-19,48.63741683959961,48.83000183105469,49.400001525878906,48.15999984741211,48.66999816894531,83447500
2026-02-20,49.86256408691406,50.060001373291016,50.45000076293945,47.7599983215332,47.959999084472656,118813800
2026-02-23,48.049739837646484,48.2400016784668,49.880001068115234,47.65999984741211,49.529998779296875,91951800
2026-02-24,49.58366775512695,49.779998779296875,50.040000915527344,47.81999969482422,48.45000076293945,71023300
2026-02-25,51.66542434692383,51.869998931884766,51.959999084472656,50.529998779296875,50.54999923706055,54217200
2026-02-26,49.85260009765625,50.04999923706055,51.63999938964844,48.709999084472656,51.630001068115234,105583800
2026-02-27,49.3246955871582,49.52000045776367,49.77000045776367,48.2599983215332,48.45000076293945,93802200
2026-03-02,49.50398635864258,49.70000076293945,50.150001525878906,47.22999954223633,47.459999084472656,108545900
2026-03-03,47.91029357910156,48.099998474121094,48.66999816894531,45.720001220703125,46.810001373291016,163365500
2026-03-04,50.061771392822266,50.2599983215332,50.790000915527344,48.52000045776367,48.689998626708984,99738400
2026-03-05,49.60358810424805,49.79999923706055,50.7599983215332,48.16999816894531,49.439998626708984,129713200
2026-03-06,47.352500915527344,47.540000915527344,49.04999923706055,47.18000030517578,47.65999984741211,141012200
2026-03-09,49.19520568847656,49.38999938964844,49.77000045776367,45.5,46.189998626708984,159005500
2026-03-10,49.20516586303711,49.400001525878906,50.7400016784668,48.83000183105469,49.40999984741211,115057200
2026-03-11,49.15536117553711,49.349998474121094,50.52000045776367,48.72999954223633,49.68000030517578,91104300
2026-03-12,46.64530563354492,46.83000183105469,48.4900016784668,46.75,48.150001525878906,130823900
2026-03-13,45.74885177612305,45.93000030517578,48.25,45.66999816894531,47.349998474121094,141952500
2026-03-16,47.2728157043457,47.459999084472656,48.27000045776367,47.18000030517578,47.369998931884766,81421500
2026-03-17,47.97005844116211,48.15999984741211,48.7599983215332,47.810001373291016,48.119998931884766,74570100
2026-03-18,45.91817855834961,46.099998474121094,48.11000061035156,46.04999923706055,47.720001220703125,105059300
2026-03-19,45.509796142578125,45.689998626708984,46.31999969482422,44.29999923706055,44.869998931884766,138384900
2026-03-20,42.91009521484375,43.08000183105469,45.209999084472656,42.29999923706055,45.18000030517578,137952500
2026-03-23,44.39421463012695,44.56999969482422,46.150001525878906,44.130001068115234,45.11000061035156,139354300
2026-03-24,43.447959899902344,43.619998931884766,44.54999923706055,43.189998626708984,43.84000015258789,105505200
2026-03-25,44.288028717041016,44.38999938964844,45.220001220703125,43.95000076293945,44.70000076293945,79294400
2026-03-26,41.13528823852539,41.22999954223633,43.68000030517578,41.150001525878906,43.22999954223633,117558900
2026-03-27,38.690914154052734,38.779998779296875,40.59000015258789,38.560001373291016,40.560001373291016,124795700
2026-03-30,37.80295944213867,37.88999938964844,39.90999984741211,37.31999969482422,39.75,111446500
2026-03-31,41.58425521850586,41.68000030517578,42.0,39.06999969482422,39.09000015258789,149516200
2026-04-01,43.13069152832031,43.22999954223633,43.97999954223633,42.40999984741211,42.630001068115234,116135500
2026-04-02,43.230464935302734,43.33000183105469,43.54999923706055,40.439998626708984,40.880001068115234,111377300
2026-04-06,43.998695373535156,44.099998474121094,44.59000015258789,43.27000045776367,43.599998474121094,69245100
2026-04-07,44.048580169677734,44.150001525878906,44.209999084472656,41.84000015258789,43.45000076293945,131796200
2026-04-08,47.88973617553711,48.0,48.91999816894531,47.150001525878906,48.63999938964844,102015100
2026-04-09,48.847530364990234,48.959999084472656,49.09000015258789,47.310001373291016,48.02000045776367,78953600
2026-04-10,49.057044982910156,49.16999816894531,49.810001373291016,48.81999969482422,49.36000061035156,65481600
2026-04-13,50.54362487792969,50.65999984741211,50.7400016784668,48.459999084472656,48.779998779296875,67169100
2026-04-14,53.28730773925781,53.40999984741211,53.43000030517578,51.380001068115234,51.38999938964844,72362300
2026-04-15,55.52216339111328,55.650001525878906,55.7400016784668,53.33000183105469,53.56999969482422,83244000
2026-04-16,56.30037307739258,56.43000030517578,56.91999816894531,55.099998474121094,56.130001068115234,86398100
2026-04-17,58.45541000366211,58.59000015258789,58.939998626708984,57.369998931884766,57.779998779296875,103604000
2026-04-20,57.94658279418945,58.08000183105469,58.58000183105469,56.90999984741211,58.400001525878906,67652800
2026-04-21,57.26814270019531,57.400001525878906,58.970001220703125,56.81999969482422,58.47999954223633,91775200
2026-04-22,60.071685791015625,60.209999084472656,60.29999923706055,58.4900016784668,58.93000030517578,73399800
2026-04-23,59.083961486816406,59.220001220703125,60.72999954223633,57.59000015258789,59.79999923706055,92856900
2026-04-24,62.416290283203125,62.560001373291016,62.7400016784668,60.560001373291016,61.08000183105469,80250700
2026-04-27,62.4961051940918,62.63999938964844,62.70000076293945,61.63999938964844,62.40999984741211,56615000
2026-04-28,60.60047149658203,60.7400016784668,61.33000183105469,59.68000030517578,60.720001220703125,80631600
2026-04-29,61.717899322509766,61.86000061035156,61.869998931884766,60.45000076293945,61.0,77081400
2026-04-30,63.394039154052734,63.540000915527344,63.79999923706055,60.70000076293945,62.88999938964844,81042700
2026-05-01,65.1500015258789,65.30000305175781,65.83999633789062,63.810001373291016,63.88999938964844,67762900
2026-05-04,64.76089477539062,64.91000366210938,66.05000305175781,63.779998779296875,65.44000244140625,60813800
2026-05-05,67.23519134521484,67.38999938964844,67.7699966430664,66.25,66.37000274658203,54098800
2026-05-06,71.40559387207031,71.56999969482422,71.66000366210938,68.87999725341797,69.26000213623047,70169000
2026-05-07,71.17611694335938,71.33999633789062,73.30000305175781,70.37999725341797,71.87000274658203,93509100
2026-05-08,76.10477447509766,76.27999877929688,76.30999755859375,72.69999694824219,72.81999969482422,68713700
2026-05-11,76.78321075439453,76.95999908447266,77.36000061035156,75.55000305175781,76.0,60475000
2026-05-12,74.78780364990234,74.95999908447266,75.93000030517578,71.55000305175781,75.30000305175781,90651600
2026-05-13,77.06256866455078,77.23999786376953,77.94000244140625,74.19000244140625,75.80999755859375,64416400
2026-05-14,78.76863861083984,78.94999694824219,79.68000030517578,77.16000366210938,77.29000091552734,58472800
2026-05-15,75.16693115234375,75.33999633789062,77.37000274658203,74.2300033569336,75.7300033569336,81260600
2026-05-18,74.14927673339844,74.31999969482422,76.2699966430664,72.0999984741211,76.12999725341797,87710100
2026-05-19,72.76246643066406,72.93000030517578,74.5,70.95999908447266,72.41000366210938,85973700
2026-05-20,76.33424377441406,76.51000213623047,76.52999877929688,73.62000274658203,74.08999633789062,70647500
2026-05-21,76.77323150634766,76.94999694824219,77.79000091552734,74.47000122070312,75.18000030517578,74958100
2026-05-22,77.66118621826172,77.83999633789062,79.33000183105469,77.33000183105469,78.04000091552734,58330500
2026-05-26,81.7617416381836,81.94999694824219,82.2699966430664,79.9800033569336,80.58999633789062,62579600
2026-05-27,81.48239135742188,81.66999816894531,82.91000366210938,80.33000183105469,82.87000274658203,66221000
2026-05-28,83.4877700805664,83.68000030517578,84.05000305175781,80.66000366210938,81.73999786376953,55265900
2026-05-29,84.36575317382812,84.55999755859375,85.69999694824219,83.52999877929688,84.41000366210938,67644100
2026-06-01,85.84235382080078,86.04000091552734,87.05999755859375,83.75,84.1500015258789,57216000
2026-06-02,87.01964569091797,87.22000122070312,87.31999969482422,84.83000183105469,85.94000244140625,48355000
2026-06-03,86.36115264892578,86.55999755859375,88.08999633789062,85.41000366210938,87.68000030517578,62154500
2026-06-04,85.02423858642578,85.22000122070312,86.25,82.4800033569336,83.47000122070312,59614600
2026-06-05,72.88219451904297,73.05000305175781,82.08000183105469,72.68000030517578,81.56999969482422,118961300
2026-06-08,76.09479522705078,76.2699966430664,78.47000122070312,75.37999725341797,76.86000061035156,77319000
2026-06-09,73.55065155029297,73.72000122070312,79.33999633789062,66.79000091552734,78.4800033569336,132485700
2026-06-10,69.11087036132812,69.2699966430664,74.69999694824219,69.0,71.68000030517578,91465200
2026-06-11,75.83539581298828,76.01000213623047,76.5999984741211,69.58999633789062,70.88999938964844,116288800
2026-06-12,77.3419189453125,77.5199966430664,78.36000061035156,74.29000091552734,76.33999633789062,94070700
2026-06-15,84.39567565917969,84.58999633789062,85.02999877929688,82.63999938964844,82.87999725341797,59758000
2026-06-16,79.74639129638672,79.93000030517578,84.83000183105469,79.86000061035156,84.19000244140625,67086700
2026-06-17,77.36187744140625,77.54000091552734,81.80999755859375,76.94000244140625,81.66999816894531,78089600
2026-06-18,82.67963409423828,82.87000274658203,83.5999984741211,80.62999725341797,82.0999984741211,61063000
2026-06-22,82.39030456542969,82.58000183105469,85.11000061035156,81.38999938964844,83.94999694824219,61888900
2026-06-23,74.26900482177734,74.44000244140625,77.73999786376953,73.91000366210938,75.12000274658203,82341800
2026-06-24,73.30000305175781,73.30000305175781,76.18000030517578,71.3499984741211,74.79000091552734,72009700
2026-06-25,74.94999694824219,74.94999694824219,78.23999786376953,71.5999984741211,77.95999908447266,105261200
2026-06-26,71.83000183105469,71.83000183105469,74.69000244140625,70.72000122070312,72.08999633789062,70427700
2026-06-29,77.19000244140625,77.19000244140625,77.37999725341797,71.44999694824219,74.12000274658203,79128400
2026-06-30,81.0,81.0,81.54000091552734,77.1500015258789,77.23999786376953,58466200
2026-07-01,77.45999908447266,77.45999908447266,79.63999938964844,77.2300033569336,78.72000122070312,63348200
2026-07-02,73.3499984741211,73.3499984741211,79.13999938964844,71.72000122070312,77.44999694824219,87308500
2026-07-06,76.41999816894531,76.41999816894531,77.44999694824219,75.11000061035156,75.54000091552734,54545100
2026-07-07,72.2300033569336,72.2300033569336,74.38999938964844,70.76000213623047,73.69999694824219,70992900
2026-07-08,72.72000122070312,72.72000122070312,73.0199966430664,69.56999969482422,70.80000305175781,70748500
2026-07-09,76.33999633789062,76.33999633789062,76.69000244140625,73.88999938964844,74.8499984741211,51726600
2026-07-10,77.02999877929688,77.02999877929688,77.31999969482422,74.33000183105469,75.52999877929688,46034400
2026-07-13,72.63999938964844,72.63999938964844,74.8499984741211,72.08999633789062,74.54000091552734,63317500
2026-07-14,75.0199966430664,75.0199966430664,75.8499984741211,73.41000366210938,75.19999694824219,58097300
2026-07-15,74.44000244140625,74.44000244140625,76.47000122070312,72.05999755859375,76.29000091552734,68547800
2026-07-16,70.73999786376953,70.73999786376953,73.12000274658203,69.69000244140625,72.61000061035156,66953300
2026-07-17,67.52999877929688,67.52999877929688,69.55999755859375,64.91000366210938,66.37999725341797,75465200
2026-07-20,67.6500015258789,67.6500015258789,70.51000213623047,67.5,69.47000122070312,50076700
2026-07-21,71.37000274658203,71.37000274658203,71.72000122070312,69.61000061035156,70.70999908447266,37772500
2026-07-22,70.27999877929688,70.27999877929688,71.58999633789062,69.7699966430664,69.7699966430664,36062100
2026-07-23,66.30000305175781,66.30000305175781,68.2699966430664,65.0199966430664,67.11000061035156,80277500
2026-07-24,64.0,64.0,66.4000015258789,63.4900016784668,65.77999877929688,69267700
2026-07-27,63.400001525878906,63.400001525878906,66.2300033569336,61.63999938964844,66.05999755859375,70531600
2026-07-28,61.560001373291016,61.560001373291016,62.61000061035156,59.400001525878906,61.77000045776367,73235900
2026-07-29,57.75,57.75,62.7400016784668,57.59000015258789,61.5099983215332,103582900
2026-07-30,63.29999923706055,63.29999923706055,63.84000015258789,60.7400016784668,61.130001068115234,75877800
2026-07-31,64.62000274658203,64.62000274658203,66.7699966430664,62.38999938964844,65.73999786376953,86709900
2026-08-03,67.95999908447266,67.95999908447266,68.41000366210938,63.9900016784668,64.70999908447266,62223600
2026-08-04,74.81999969482422,74.81999969482422,75.41000366210938,70.13999938964844,70.30999755859375,73728500
2026-08-05,72.83999633789062,72.83999633789062,76.33000183105469,72.73999786376953,75.61000061035156,70885800
2026-08-06,72.02999877929688,72.02999877929688,73.44999694824219,70.16000366210938,70.8499984741211,60302000
